
data/raw/shear_30Mpa_4e13_1.43e12.csv
  600 problem(s) in 6222 rows:
    row 78: trace(L^p) = -3.712 s^-1 (relative 2.49e-02); incompressibility implies Lp_zz = 82.02, file has 78.31
    row 101: trace(L^p) = -7.728 s^-1 (relative 4.43e-02); incompressibility implies Lp_zz = 110.3, file has 102.6
    row 135: trace(L^p) = -18.41 s^-1 (relative 1.20e-01); incompressibility implies Lp_zz = 112.7, file has 94.29
    row 148: trace(L^p) = -1.869 s^-1 (relative 1.21e-02); incompressibility implies Lp_zz = 116.2, file has 114.3
    row 150: trace(L^p) = 17.89 s^-1 (relative 1.09e-01); incompressibility implies Lp_zz = 103.7, file has 121.5
    row 160: trace(L^p) = 15.17 s^-1 (relative 7.66e-02); incompressibility implies Lp_zz = 54.29, file has 69.46
    row 161: trace(L^p) = 37.6 s^-1 (relative 1.74e-01); incompressibility implies Lp_zz = 70.54, file has 108.1
    row 228: trace(L^p) = -26.58 s^-1 (relative 1.86e-01); incompressibility implies Lp_zz = 63.29, file has 36.72
    row 243: trace(L^p) = 2.845 s^-1 (relative 1.49e-02); incompressibility implies Lp_zz = 63.18, file has 66.03
    row 276: trace(L^p) = 2.264 s^-1 (relative 1.08e-02); incompressibility implies Lp_zz = 52.21, file has 54.48
    row 400: trace(L^p) = -18.67 s^-1 (relative 9.83e-02); incompressibility implies Lp_zz = 45.12, file has 26.45
    row 414: trace(L^p) = 4.459 s^-1 (relative 2.45e-02); incompressibility implies Lp_zz = 17.13, file has 21.59
    row 417: trace(L^p) = 21.26 s^-1 (relative 1.34e-01); incompressibility implies Lp_zz = 13.41, file has 34.67
    row 451: trace(L^p) = -22.4 s^-1 (relative 1.20e-01); incompressibility implies Lp_zz = 61.62, file has 39.22
    row 473: trace(L^p) = -29.27 s^-1 (relative 1.74e-01); incompressibility implies Lp_zz = 51.79, file has 22.51
    row 482: trace(L^p) = -3.65 s^-1 (relative 1.74e-02); incompressibility implies Lp_zz = 15.58, file has 11.93
    row 500: trace(L^p) = -49.93 s^-1 (relative 2.14e-01); incompressibility implies Lp_zz = 35.86, file has -14.07
    row 511: trace(L^p) = -17.98 s^-1 (relative 9.01e-02); incompressibility implies Lp_zz = 30.47, file has 12.48
    row 558: trace(L^p) = 9.2 s^-1 (relative 4.66e-02); incompressibility implies Lp_zz = -0.06025, file has 9.14
    row 611: trace(L^p) = 34.68 s^-1 (relative 1.95e-01); incompressibility implies Lp_zz = 6.613, file has 41.29
    row 612: trace(L^p) = -19.27 s^-1 (relative 1.17e-01); incompressibility implies Lp_zz = 30.35, file has 11.08
    row 655: trace(L^p) = 8.464 s^-1 (relative 4.31e-02); incompressibility implies Lp_zz = -22.98, file has -14.52
    row 701: trace(L^p) = 43.17 s^-1 (relative 2.69e-01); incompressibility implies Lp_zz = -18.55, file has 24.62
    row 708: trace(L^p) = 24.48 s^-1 (relative 1.32e-01); incompressibility implies Lp_zz = -41.39, file has -16.91
    row 770: trace(L^p) = 19.51 s^-1 (relative 1.07e-01); incompressibility implies Lp_zz = -36.26, file has -16.75
    row 821: trace(L^p) = -10.66 s^-1 (relative 5.04e-02); incompressibility implies Lp_zz = 12.41, file has 1.76
    row 826: trace(L^p) = -19.36 s^-1 (relative 9.58e-02); incompressibility implies Lp_zz = 21.7, file has 2.343
    row 911: trace(L^p) = 3.609 s^-1 (relative 2.06e-02); incompressibility implies Lp_zz = -13.16, file has -9.548
    row 1018: trace(L^p) = -17.89 s^-1 (relative 8.63e-02); incompressibility implies Lp_zz = -22.54, file has -40.43
    row 1066: trace(L^p) = 3.981 s^-1 (relative 1.90e-02); incompressibility implies Lp_zz = -50.37, file has -46.39
    row 1088: trace(L^p) = 9.309 s^-1 (relative 4.50e-02); incompressibility implies Lp_zz = -45.57, file has -36.26
    row 1284: trace(L^p) = -20.74 s^-1 (relative 1.00e-01); incompressibility implies Lp_zz = -13.56, file has -34.31
    row 1419: trace(L^p) = 14.03 s^-1 (relative 7.38e-02); incompressibility implies Lp_zz = -75.96, file has -61.93
    row 1426: trace(L^p) = -41.03 s^-1 (relative 1.99e-01); incompressibility implies Lp_zz = -42.83, file has -83.86
    row 1494: trace(L^p) = 18.03 s^-1 (relative 9.81e-02); incompressibility implies Lp_zz = -69.19, file has -51.15
    row 1526: trace(L^p) = -11.55 s^-1 (relative 6.56e-02); incompressibility implies Lp_zz = -51.4, file has -62.95
    row 1583: trace(L^p) = 35.19 s^-1 (relative 2.13e-01); incompressibility implies Lp_zz = -57.76, file has -22.57
    row 1686: trace(L^p) = -33.27 s^-1 (relative 1.79e-01); incompressibility implies Lp_zz = 6.619, file has -26.65
    row 1724: trace(L^p) = -9.658 s^-1 (relative 4.99e-02); incompressibility implies Lp_zz = -8.546, file has -18.2
    row 1897: trace(L^p) = 25.35 s^-1 (relative 1.23e-01); incompressibility implies Lp_zz = -62.54, file has -37.2
    ... and 560 more

data/raw/shear_30Mpa_4e13_2.055e12.csv
  255 problem(s) in 8917 rows:
    row 100: trace(L^p) = -12.63 s^-1 (relative 5.37e-02); incompressibility implies Lp_zz = -24.45, file has -37.08
    row 117: trace(L^p) = -17.46 s^-1 (relative 6.13e-02); incompressibility implies Lp_zz = -36.95, file has -54.41
    row 118: trace(L^p) = -6.845 s^-1 (relative 2.52e-02); incompressibility implies Lp_zz = -61.65, file has -68.49
    row 120: trace(L^p) = 13.21 s^-1 (relative 4.64e-02); incompressibility implies Lp_zz = -17.01, file has -3.802
    row 132: trace(L^p) = 5.389 s^-1 (relative 1.76e-02); incompressibility implies Lp_zz = -22.5, file has -17.11
    row 147: trace(L^p) = 44.72 s^-1 (relative 1.36e-01); incompressibility implies Lp_zz = -36.51, file has 8.213
    row 148: trace(L^p) = -19.26 s^-1 (relative 5.20e-02); incompressibility implies Lp_zz = -5.541, file has -24.8
    row 161: trace(L^p) = -30.51 s^-1 (relative 8.73e-02); incompressibility implies Lp_zz = 46.47, file has 15.96
    row 169: trace(L^p) = 26.93 s^-1 (relative 7.35e-02); incompressibility implies Lp_zz = -11.15, file has 15.77
    row 199: trace(L^p) = -3.836 s^-1 (relative 1.22e-02); incompressibility implies Lp_zz = 79.65, file has 75.82
    row 259: trace(L^p) = -3.732 s^-1 (relative 1.46e-02); incompressibility implies Lp_zz = 69.2, file has 65.47
    row 276: trace(L^p) = -6.237 s^-1 (relative 2.58e-02); incompressibility implies Lp_zz = 78.45, file has 72.21
    row 305: trace(L^p) = -35.07 s^-1 (relative 1.69e-01); incompressibility implies Lp_zz = 120.7, file has 85.58
    row 393: trace(L^p) = 20.39 s^-1 (relative 1.05e-01); incompressibility implies Lp_zz = 16.18, file has 36.57
    row 401: trace(L^p) = 26.2 s^-1 (relative 1.36e-01); incompressibility implies Lp_zz = 41.04, file has 67.24
    row 440: trace(L^p) = 2.685 s^-1 (relative 1.28e-02); incompressibility implies Lp_zz = 68.83, file has 71.52
    row 518: trace(L^p) = -34 s^-1 (relative 1.50e-01); incompressibility implies Lp_zz = 61.56, file has 27.56
    row 551: trace(L^p) = -9.571 s^-1 (relative 4.76e-02); incompressibility implies Lp_zz = 65.14, file has 55.57
    row 582: trace(L^p) = 26.6 s^-1 (relative 1.30e-01); incompressibility implies Lp_zz = 50.79, file has 77.39
    row 614: trace(L^p) = -25.73 s^-1 (relative 1.49e-01); incompressibility implies Lp_zz = 77.43, file has 51.7
    row 622: trace(L^p) = 5.644 s^-1 (relative 3.30e-02); incompressibility implies Lp_zz = 51.87, file has 57.52
    row 623: trace(L^p) = 2.467 s^-1 (relative 1.44e-02); incompressibility implies Lp_zz = 51.42, file has 53.89
    row 673: trace(L^p) = -19.09 s^-1 (relative 9.67e-02); incompressibility implies Lp_zz = 70.97, file has 51.89
    row 701: trace(L^p) = 45.69 s^-1 (relative 1.94e-01); incompressibility implies Lp_zz = 40.78, file has 86.48
    row 834: trace(L^p) = -52.81 s^-1 (relative 2.24e-01); incompressibility implies Lp_zz = 109.9, file has 57.05
    row 960: trace(L^p) = 2.196 s^-1 (relative 1.23e-02); incompressibility implies Lp_zz = 18.24, file has 20.43
    row 1196: trace(L^p) = 60.85 s^-1 (relative 4.49e-01); incompressibility implies Lp_zz = 51.38, file has 112.2
    row 1278: trace(L^p) = 2.496 s^-1 (relative 1.19e-02); incompressibility implies Lp_zz = -32.41, file has -29.91
    row 1637: trace(L^p) = 79.09 s^-1 (relative 3.47e-01); incompressibility implies Lp_zz = -47.12, file has 31.97
    row 1639: trace(L^p) = 18.56 s^-1 (relative 1.14e-01); incompressibility implies Lp_zz = 17.6, file has 36.15
    row 1697: trace(L^p) = 144.9 s^-1 (relative 1.21e+00); incompressibility implies Lp_zz = -99.25, file has 45.65
    row 1757: trace(L^p) = 244.1 s^-1 (relative 1.09e+00); incompressibility implies Lp_zz = -158.9, file has 85.2
    row 1781: trace(L^p) = 66.44 s^-1 (relative 4.69e-01); incompressibility implies Lp_zz = -45.69, file has 20.76
    row 1805: trace(L^p) = -150.8 s^-1 (relative 1.09e+00); incompressibility implies Lp_zz = 107.5, file has -43.23
    row 1835: trace(L^p) = 26.68 s^-1 (relative 1.20e-01); incompressibility implies Lp_zz = -0.6101, file has 26.07
    row 2000: trace(L^p) = 2.229 s^-1 (relative 1.26e-02); incompressibility implies Lp_zz = 5.437, file has 7.666
    row 2091: trace(L^p) = 2.188 s^-1 (relative 1.15e-02); incompressibility implies Lp_zz = 35.73, file has 37.92
    row 2171: trace(L^p) = -16.3 s^-1 (relative 1.05e-01); incompressibility implies Lp_zz = 55.42, file has 39.12
    row 2200: trace(L^p) = 84.17 s^-1 (relative 5.64e-01); incompressibility implies Lp_zz = 26.46, file has 110.6
    row 2269: trace(L^p) = -4.815 s^-1 (relative 3.06e-02); incompressibility implies Lp_zz = 3.645, file has -1.169
    ... and 215 more

data/raw/shear_30Mpa_4e13_9.5668e11.csv
  72 problem(s) in 5187 rows:
    row 94: trace(L^p) = 21.5 s^-1 (relative 1.43e-01); incompressibility implies Lp_zz = -46.18, file has -24.69
    row 253: trace(L^p) = -9.564 s^-1 (relative 5.29e-02); incompressibility implies Lp_zz = 2.843, file has -6.722
    row 254: trace(L^p) = -2.473 s^-1 (relative 1.41e-02); incompressibility implies Lp_zz = -10.47, file has -12.95
    row 428: trace(L^p) = 45.84 s^-1 (relative 2.45e-01); incompressibility implies Lp_zz = -14.39, file has 31.46
    row 436: trace(L^p) = 2.72 s^-1 (relative 1.48e-02); incompressibility implies Lp_zz = -7.636, file has -4.916
    row 554: trace(L^p) = 2.713 s^-1 (relative 1.38e-02); incompressibility implies Lp_zz = 0.9382, file has 3.652
    row 605: trace(L^p) = -40.26 s^-1 (relative 2.38e-01); incompressibility implies Lp_zz = 31.57, file has -8.685
    row 783: trace(L^p) = 38.08 s^-1 (relative 2.34e-01); incompressibility implies Lp_zz = -24.59, file has 13.49
    row 850: trace(L^p) = -2.638 s^-1 (relative 1.48e-02); incompressibility implies Lp_zz = 20.82, file has 18.19
    row 885: trace(L^p) = 2.407 s^-1 (relative 1.28e-02); incompressibility implies Lp_zz = 27.03, file has 29.44
    row 965: trace(L^p) = -5.228 s^-1 (relative 2.77e-02); incompressibility implies Lp_zz = 44.09, file has 38.86
    row 991: trace(L^p) = 20.2 s^-1 (relative 1.16e-01); incompressibility implies Lp_zz = 14.01, file has 34.22
    row 1149: trace(L^p) = 45.8 s^-1 (relative 2.23e-01); incompressibility implies Lp_zz = -0.04891, file has 45.75
    row 1206: trace(L^p) = 3.902 s^-1 (relative 1.93e-02); incompressibility implies Lp_zz = 56.72, file has 60.62
    row 1225: trace(L^p) = -20.33 s^-1 (relative 9.38e-02); incompressibility implies Lp_zz = 68.67, file has 48.33
    row 1287: trace(L^p) = 12.29 s^-1 (relative 5.96e-02); incompressibility implies Lp_zz = 27.57, file has 39.85
    row 1538: trace(L^p) = -2.569 s^-1 (relative 1.05e-02); incompressibility implies Lp_zz = 117.8, file has 115.3
    row 1682: trace(L^p) = -20.69 s^-1 (relative 8.65e-02); incompressibility implies Lp_zz = 90.94, file has 70.25
    row 1817: trace(L^p) = -33.61 s^-1 (relative 1.05e-01); incompressibility implies Lp_zz = 142.1, file has 108.5
    row 1839: trace(L^p) = -6.102 s^-1 (relative 2.11e-02); incompressibility implies Lp_zz = 104.8, file has 98.68
    row 1923: trace(L^p) = 4.565 s^-1 (relative 1.59e-02); incompressibility implies Lp_zz = 75.5, file has 80.06
    row 2112: trace(L^p) = 18.02 s^-1 (relative 7.12e-02); incompressibility implies Lp_zz = 62.34, file has 80.37
    row 2154: trace(L^p) = 9.311 s^-1 (relative 4.05e-02); incompressibility implies Lp_zz = 54.47, file has 63.78
    row 2160: trace(L^p) = -11.87 s^-1 (relative 5.53e-02); incompressibility implies Lp_zz = 67.27, file has 55.4
    row 2162: trace(L^p) = -2.767 s^-1 (relative 1.23e-02); incompressibility implies Lp_zz = 40.04, file has 37.27
    row 2217: trace(L^p) = -5.505 s^-1 (relative 2.04e-02); incompressibility implies Lp_zz = 28.48, file has 22.98
    row 2232: trace(L^p) = 13.63 s^-1 (relative 4.90e-02); incompressibility implies Lp_zz = 29.48, file has 43.1
    row 2266: trace(L^p) = 8.337 s^-1 (relative 2.96e-02); incompressibility implies Lp_zz = 35.65, file has 43.98
    row 2363: trace(L^p) = -25.81 s^-1 (relative 8.54e-02); incompressibility implies Lp_zz = 58.18, file has 32.37
    row 2370: trace(L^p) = 6.16 s^-1 (relative 2.14e-02); incompressibility implies Lp_zz = 48.24, file has 54.4
    row 2372: trace(L^p) = 10.81 s^-1 (relative 3.61e-02); incompressibility implies Lp_zz = 41.06, file has 51.87
    row 2436: trace(L^p) = 7.792 s^-1 (relative 2.53e-02); incompressibility implies Lp_zz = 90.92, file has 98.72
    row 2451: trace(L^p) = 14.48 s^-1 (relative 4.92e-02); incompressibility implies Lp_zz = 94.52, file has 109
    row 2482: trace(L^p) = 28.6 s^-1 (relative 8.62e-02); incompressibility implies Lp_zz = 126.2, file has 154.8
    row 2515: trace(L^p) = 22.62 s^-1 (relative 7.79e-02); incompressibility implies Lp_zz = 113.7, file has 136.3
    row 2543: trace(L^p) = 20.58 s^-1 (relative 6.78e-02); incompressibility implies Lp_zz = 103.8, file has 124.4
    row 2618: trace(L^p) = 4.8 s^-1 (relative 1.55e-02); incompressibility implies Lp_zz = 106, file has 110.8
    row 2676: trace(L^p) = 22.3 s^-1 (relative 5.87e-02); incompressibility implies Lp_zz = 128, file has 150.3
    row 2696: trace(L^p) = 6.801 s^-1 (relative 1.61e-02); incompressibility implies Lp_zz = 121.9, file has 128.7
    row 2813: trace(L^p) = 22.88 s^-1 (relative 5.43e-02); incompressibility implies Lp_zz = 130.1, file has 152.9
    ... and 32 more

data/raw/shear_30Mpa_6e13_1.43e12.csv
  85 problem(s) in 3592 rows:
    row 54: trace(L^p) = -17.72 s^-1 (relative 9.10e-02); incompressibility implies Lp_zz = 78.35, file has 60.63
    row 80: trace(L^p) = -2.786 s^-1 (relative 1.31e-02); incompressibility implies Lp_zz = 52.23, file has 49.44
    row 108: trace(L^p) = -2.256 s^-1 (relative 1.18e-02); incompressibility implies Lp_zz = 36.55, file has 34.3
    row 122: trace(L^p) = -36.88 s^-1 (relative 1.91e-01); incompressibility implies Lp_zz = 115, file has 78.17
    row 136: trace(L^p) = -19.74 s^-1 (relative 9.67e-02); incompressibility implies Lp_zz = 59.58, file has 39.83
    row 148: trace(L^p) = 31.03 s^-1 (relative 1.32e-01); incompressibility implies Lp_zz = -6.012, file has 25.02
    row 150: trace(L^p) = -4.795 s^-1 (relative 2.05e-02); incompressibility implies Lp_zz = 47.57, file has 42.77
    row 154: trace(L^p) = 23.96 s^-1 (relative 9.39e-02); incompressibility implies Lp_zz = -0.3976, file has 23.56
    row 164: trace(L^p) = 36.97 s^-1 (relative 1.42e-01); incompressibility implies Lp_zz = 11.49, file has 48.46
    row 204: trace(L^p) = 3.136 s^-1 (relative 1.31e-02); incompressibility implies Lp_zz = 86.46, file has 89.6
    row 247: trace(L^p) = 22.46 s^-1 (relative 9.09e-02); incompressibility implies Lp_zz = -16.08, file has 6.379
    row 250: trace(L^p) = 22.37 s^-1 (relative 8.84e-02); incompressibility implies Lp_zz = -20.8, file has 1.573
    row 300: trace(L^p) = 3.123 s^-1 (relative 1.20e-02); incompressibility implies Lp_zz = 9.369, file has 12.49
    row 342: trace(L^p) = -29.64 s^-1 (relative 1.11e-01); incompressibility implies Lp_zz = 33.94, file has 4.299
    row 408: trace(L^p) = 25.61 s^-1 (relative 9.12e-02); incompressibility implies Lp_zz = -1.33, file has 24.28
    row 413: trace(L^p) = -63.28 s^-1 (relative 2.22e-01); incompressibility implies Lp_zz = 26.92, file has -36.36
    row 543: trace(L^p) = 6.244 s^-1 (relative 1.93e-02); incompressibility implies Lp_zz = -9.215, file has -2.97
    row 563: trace(L^p) = -30.72 s^-1 (relative 8.40e-02); incompressibility implies Lp_zz = -58.24, file has -88.96
    row 577: trace(L^p) = -5.658 s^-1 (relative 1.73e-02); incompressibility implies Lp_zz = -82.75, file has -88.41
    row 600: trace(L^p) = 18.87 s^-1 (relative 5.57e-02); incompressibility implies Lp_zz = -68.65, file has -49.78
    row 764: trace(L^p) = -21.57 s^-1 (relative 7.36e-02); incompressibility implies Lp_zz = -40.06, file has -61.63
    row 819: trace(L^p) = 17.65 s^-1 (relative 6.25e-02); incompressibility implies Lp_zz = -66.42, file has -48.77
    row 834: trace(L^p) = -26.66 s^-1 (relative 9.98e-02); incompressibility implies Lp_zz = -48.2, file has -74.86
    row 917: trace(L^p) = -8.973 s^-1 (relative 2.87e-02); incompressibility implies Lp_zz = -66.52, file has -75.5
    row 988: trace(L^p) = -6.267 s^-1 (relative 2.04e-02); incompressibility implies Lp_zz = -70.6, file has -76.87
    row 1010: trace(L^p) = -12.75 s^-1 (relative 4.08e-02); incompressibility implies Lp_zz = -55.59, file has -68.34
    row 1057: trace(L^p) = 10.92 s^-1 (relative 3.46e-02); incompressibility implies Lp_zz = -43.17, file has -32.24
    row 1098: trace(L^p) = 18.81 s^-1 (relative 6.03e-02); incompressibility implies Lp_zz = -41.83, file has -23.02
    row 1101: trace(L^p) = 12.22 s^-1 (relative 4.15e-02); incompressibility implies Lp_zz = -25.25, file has -13.03
    row 1119: trace(L^p) = -6.361 s^-1 (relative 2.19e-02); incompressibility implies Lp_zz = -21.16, file has -27.52
    row 1120: trace(L^p) = -4.675 s^-1 (relative 1.64e-02); incompressibility implies Lp_zz = -22.96, file has -27.63
    row 1154: trace(L^p) = 49.38 s^-1 (relative 1.66e-01); incompressibility implies Lp_zz = -80.14, file has -30.75
    row 1167: trace(L^p) = 4.297 s^-1 (relative 1.38e-02); incompressibility implies Lp_zz = -102.3, file has -98.02
    row 1231: trace(L^p) = 5.376 s^-1 (relative 1.70e-02); incompressibility implies Lp_zz = -70.51, file has -65.13
    row 1242: trace(L^p) = 3.463 s^-1 (relative 1.01e-02); incompressibility implies Lp_zz = -67.14, file has -63.68
    row 1293: trace(L^p) = 4.531 s^-1 (relative 1.30e-02); incompressibility implies Lp_zz = -116.8, file has -112.3
    row 1317: trace(L^p) = -24.87 s^-1 (relative 7.08e-02); incompressibility implies Lp_zz = -117.9, file has -142.7
    row 1369: trace(L^p) = -5.429 s^-1 (relative 1.41e-02); incompressibility implies Lp_zz = -118.2, file has -123.7
    row 1378: trace(L^p) = -10.71 s^-1 (relative 2.74e-02); incompressibility implies Lp_zz = -133.7, file has -144.4
    row 1404: trace(L^p) = 4.425 s^-1 (relative 1.28e-02); incompressibility implies Lp_zz = -112.6, file has -108.2
    ... and 45 more

data/raw/shear_30Mpa_6e13_2.055e12.csv
  165 problem(s) in 6993 rows:
    row 50: trace(L^p) = -10 s^-1 (relative 3.22e-02); incompressibility implies Lp_zz = -91.36, file has -101.4
    row 96: trace(L^p) = -11.98 s^-1 (relative 5.27e-02); incompressibility implies Lp_zz = -33.51, file has -45.49
    row 104: trace(L^p) = -15 s^-1 (relative 5.17e-02); incompressibility implies Lp_zz = -151.1, file has -166.1
    row 110: trace(L^p) = -15.64 s^-1 (relative 5.31e-02); incompressibility implies Lp_zz = -60.31, file has -75.95
    row 112: trace(L^p) = 11.06 s^-1 (relative 3.27e-02); incompressibility implies Lp_zz = -66.24, file has -55.18
    row 128: trace(L^p) = 4.852 s^-1 (relative 1.37e-02); incompressibility implies Lp_zz = -42.77, file has -37.92
    row 130: trace(L^p) = 6.11 s^-1 (relative 1.73e-02); incompressibility implies Lp_zz = -16.02, file has -9.909
    row 145: trace(L^p) = -13.13 s^-1 (relative 3.45e-02); incompressibility implies Lp_zz = 21.22, file has 8.092
    row 160: trace(L^p) = 31.18 s^-1 (relative 8.44e-02); incompressibility implies Lp_zz = -55.72, file has -24.54
    row 182: trace(L^p) = 5.484 s^-1 (relative 1.54e-02); incompressibility implies Lp_zz = 31.4, file has 36.89
    row 191: trace(L^p) = 8.093 s^-1 (relative 2.55e-02); incompressibility implies Lp_zz = 46.29, file has 54.38
    row 196: trace(L^p) = 4.576 s^-1 (relative 1.49e-02); incompressibility implies Lp_zz = 57.56, file has 62.14
    row 229: trace(L^p) = -8.622 s^-1 (relative 3.15e-02); incompressibility implies Lp_zz = 29.34, file has 20.72
    row 294: trace(L^p) = 13.06 s^-1 (relative 4.30e-02); incompressibility implies Lp_zz = 55.22, file has 68.28
    row 338: trace(L^p) = 3.637 s^-1 (relative 1.06e-02); incompressibility implies Lp_zz = 67.66, file has 71.3
    row 470: trace(L^p) = 3.543 s^-1 (relative 1.13e-02); incompressibility implies Lp_zz = 43.17, file has 46.72
    row 486: trace(L^p) = -35.03 s^-1 (relative 1.20e-01); incompressibility implies Lp_zz = 102, file has 66.97
    row 539: trace(L^p) = -4.743 s^-1 (relative 1.49e-02); incompressibility implies Lp_zz = 77.09, file has 72.35
    row 563: trace(L^p) = -14.24 s^-1 (relative 4.19e-02); incompressibility implies Lp_zz = 91.42, file has 77.18
    row 599: trace(L^p) = 4.996 s^-1 (relative 1.60e-02); incompressibility implies Lp_zz = 14.38, file has 19.37
    row 606: trace(L^p) = 6.031 s^-1 (relative 2.05e-02); incompressibility implies Lp_zz = -27.91, file has -21.88
    row 618: trace(L^p) = -9.794 s^-1 (relative 2.98e-02); incompressibility implies Lp_zz = 37.8, file has 28
    row 633: trace(L^p) = 3.461 s^-1 (relative 1.13e-02); incompressibility implies Lp_zz = -13.05, file has -9.593
    row 826: trace(L^p) = 5.152 s^-1 (relative 2.04e-02); incompressibility implies Lp_zz = -0.9166, file has 4.236
    row 929: trace(L^p) = -2.887 s^-1 (relative 1.07e-02); incompressibility implies Lp_zz = 27.97, file has 25.08
    row 952: trace(L^p) = 3.494 s^-1 (relative 1.50e-02); incompressibility implies Lp_zz = 11.35, file has 14.84
    row 978: trace(L^p) = -17.11 s^-1 (relative 7.32e-02); incompressibility implies Lp_zz = 52.83, file has 35.72
    row 1058: trace(L^p) = 33.94 s^-1 (relative 1.34e-01); incompressibility implies Lp_zz = 76.01, file has 110
    row 1130: trace(L^p) = 8.246 s^-1 (relative 2.95e-02); incompressibility implies Lp_zz = 45.89, file has 54.13
    row 1197: trace(L^p) = 3.85 s^-1 (relative 1.44e-02); incompressibility implies Lp_zz = 57.45, file has 61.3
    row 1203: trace(L^p) = -10.56 s^-1 (relative 3.87e-02); incompressibility implies Lp_zz = 65.09, file has 54.53
    row 1221: trace(L^p) = 23.94 s^-1 (relative 8.84e-02); incompressibility implies Lp_zz = 47.18, file has 71.12
    row 1268: trace(L^p) = 14.85 s^-1 (relative 5.60e-02); incompressibility implies Lp_zz = 44.01, file has 58.86
    row 1290: trace(L^p) = 3.339 s^-1 (relative 1.18e-02); incompressibility implies Lp_zz = 44.49, file has 47.83
    row 1338: trace(L^p) = -8.827 s^-1 (relative 3.06e-02); incompressibility implies Lp_zz = 90.34, file has 81.51
    row 1350: trace(L^p) = -10.33 s^-1 (relative 3.72e-02); incompressibility implies Lp_zz = 54.88, file has 44.54
    row 1360: trace(L^p) = 4.984 s^-1 (relative 1.90e-02); incompressibility implies Lp_zz = 19.62, file has 24.61
    row 1371: trace(L^p) = -4.541 s^-1 (relative 1.71e-02); incompressibility implies Lp_zz = 62.66, file has 58.12
    row 1403: trace(L^p) = -12.63 s^-1 (relative 4.40e-02); incompressibility implies Lp_zz = 48.71, file has 36.08
    row 1428: trace(L^p) = -4.837 s^-1 (relative 1.70e-02); incompressibility implies Lp_zz = 21.42, file has 16.58
    ... and 125 more

data/raw/shear_30Mpa_6e13_9.5668e11.csv
  81 problem(s) in 5053 rows:
    row 94: trace(L^p) = 21.09 s^-1 (relative 1.23e-01); incompressibility implies Lp_zz = -34.74, file has -13.64
    row 135: trace(L^p) = -33.33 s^-1 (relative 2.36e-01); incompressibility implies Lp_zz = 21.07, file has -12.25
    row 188: trace(L^p) = -13.64 s^-1 (relative 7.53e-02); incompressibility implies Lp_zz = -7.172, file has -20.81
    row 286: trace(L^p) = -15.1 s^-1 (relative 5.76e-02); incompressibility implies Lp_zz = 22.4, file has 7.294
    row 488: trace(L^p) = 10.61 s^-1 (relative 3.81e-02); incompressibility implies Lp_zz = 21.23, file has 31.84
    row 687: trace(L^p) = 3.305 s^-1 (relative 1.28e-02); incompressibility implies Lp_zz = 39.97, file has 43.28
    row 744: trace(L^p) = 4.988 s^-1 (relative 1.93e-02); incompressibility implies Lp_zz = 34.39, file has 39.38
    row 767: trace(L^p) = 28.69 s^-1 (relative 1.05e-01); incompressibility implies Lp_zz = 10.23, file has 38.92
    row 786: trace(L^p) = -29.77 s^-1 (relative 1.03e-01); incompressibility implies Lp_zz = 76.32, file has 46.55
    row 818: trace(L^p) = 45.58 s^-1 (relative 1.65e-01); incompressibility implies Lp_zz = 28.34, file has 73.92
    row 852: trace(L^p) = 13.26 s^-1 (relative 5.00e-02); incompressibility implies Lp_zz = 55.65, file has 68.91
    row 860: trace(L^p) = 23.92 s^-1 (relative 8.32e-02); incompressibility implies Lp_zz = 36.37, file has 60.28
    row 950: trace(L^p) = 12.48 s^-1 (relative 3.84e-02); incompressibility implies Lp_zz = 91.89, file has 104.4
    row 1017: trace(L^p) = -12.62 s^-1 (relative 3.92e-02); incompressibility implies Lp_zz = 88.97, file has 76.35
    row 1074: trace(L^p) = 33.13 s^-1 (relative 1.06e-01); incompressibility implies Lp_zz = 47.76, file has 80.9
    row 1118: trace(L^p) = 4.854 s^-1 (relative 1.35e-02); incompressibility implies Lp_zz = 78.64, file has 83.49
    row 1136: trace(L^p) = -34.47 s^-1 (relative 9.57e-02); incompressibility implies Lp_zz = 66.09, file has 31.62
    row 1140: trace(L^p) = -8.685 s^-1 (relative 2.52e-02); incompressibility implies Lp_zz = 30.27, file has 21.59
    row 1149: trace(L^p) = -5.107 s^-1 (relative 1.44e-02); incompressibility implies Lp_zz = 25.39, file has 20.28
    row 1182: trace(L^p) = 34.27 s^-1 (relative 8.69e-02); incompressibility implies Lp_zz = -2.815, file has 31.45
    row 1234: trace(L^p) = 11.06 s^-1 (relative 3.06e-02); incompressibility implies Lp_zz = 14.33, file has 25.39
    row 1275: trace(L^p) = -12.3 s^-1 (relative 3.03e-02); incompressibility implies Lp_zz = 20.33, file has 8.028
    row 1339: trace(L^p) = 25.44 s^-1 (relative 5.97e-02); incompressibility implies Lp_zz = 68.03, file has 93.47
    row 1369: trace(L^p) = -29.28 s^-1 (relative 6.90e-02); incompressibility implies Lp_zz = 110.9, file has 81.59
    row 1387: trace(L^p) = 36.26 s^-1 (relative 9.76e-02); incompressibility implies Lp_zz = 64.79, file has 101.1
    row 1420: trace(L^p) = -16.67 s^-1 (relative 4.36e-02); incompressibility implies Lp_zz = 74.31, file has 57.64
    row 1487: trace(L^p) = 9.117 s^-1 (relative 2.83e-02); incompressibility implies Lp_zz = 54.87, file has 63.98
    row 1598: trace(L^p) = -9.173 s^-1 (relative 2.68e-02); incompressibility implies Lp_zz = 209.5, file has 200.3
    row 1672: trace(L^p) = -32.73 s^-1 (relative 9.36e-02); incompressibility implies Lp_zz = 181.6, file has 148.8
    row 1801: trace(L^p) = 24.16 s^-1 (relative 5.21e-02); incompressibility implies Lp_zz = 121.9, file has 146
    row 1832: trace(L^p) = -7.865 s^-1 (relative 1.72e-02); incompressibility implies Lp_zz = 162.3, file has 154.4
    row 1847: trace(L^p) = -11.05 s^-1 (relative 2.29e-02); incompressibility implies Lp_zz = 180.2, file has 169.2
    row 1863: trace(L^p) = -21.18 s^-1 (relative 4.20e-02); incompressibility implies Lp_zz = 183.5, file has 162.3
    row 1896: trace(L^p) = -24.58 s^-1 (relative 4.99e-02); incompressibility implies Lp_zz = 180.8, file has 156.2
    row 1944: trace(L^p) = 26.2 s^-1 (relative 4.14e-02); incompressibility implies Lp_zz = 158.5, file has 184.7
    row 2002: trace(L^p) = -8.218 s^-1 (relative 1.19e-02); incompressibility implies Lp_zz = 199.7, file has 191.5
    row 2004: trace(L^p) = 36.75 s^-1 (relative 5.36e-02); incompressibility implies Lp_zz = 189.6, file has 226.4
    row 2005: trace(L^p) = -17.59 s^-1 (relative 2.58e-02); incompressibility implies Lp_zz = 239.6, file has 222
    row 2092: trace(L^p) = 27.73 s^-1 (relative 3.55e-02); incompressibility implies Lp_zz = 308.8, file has 336.5
    row 2189: trace(L^p) = 33.32 s^-1 (relative 4.22e-02); incompressibility implies Lp_zz = 381.3, file has 414.6
    ... and 41 more

data/raw/shear_30Mpa_8e13_1.43e12.csv
  53 problem(s) in 3261 rows:
    row 156: trace(L^p) = 23.97 s^-1 (relative 7.93e-02); incompressibility implies Lp_zz = 33.51, file has 57.47
    row 163: trace(L^p) = 38.59 s^-1 (relative 1.19e-01); incompressibility implies Lp_zz = 19.19, file has 57.77
    row 178: trace(L^p) = 21.39 s^-1 (relative 6.78e-02); incompressibility implies Lp_zz = 37.14, file has 58.53
    row 271: trace(L^p) = -10.61 s^-1 (relative 3.15e-02); incompressibility implies Lp_zz = -43.6, file has -54.21
    row 371: trace(L^p) = 14.42 s^-1 (relative 3.96e-02); incompressibility implies Lp_zz = -18.31, file has -3.891
    row 466: trace(L^p) = 23.79 s^-1 (relative 6.08e-02); incompressibility implies Lp_zz = -56.51, file has -32.72
    row 476: trace(L^p) = 6.196 s^-1 (relative 1.46e-02); incompressibility implies Lp_zz = -63.99, file has -57.8
    row 477: trace(L^p) = -31.79 s^-1 (relative 7.78e-02); incompressibility implies Lp_zz = -13.65, file has -45.44
    row 492: trace(L^p) = -38.04 s^-1 (relative 9.99e-02); incompressibility implies Lp_zz = -16.17, file has -54.21
    row 549: trace(L^p) = 10.68 s^-1 (relative 2.73e-02); incompressibility implies Lp_zz = -73.26, file has -62.58
    row 551: trace(L^p) = 4.423 s^-1 (relative 1.12e-02); incompressibility implies Lp_zz = -55.18, file has -50.76
    row 592: trace(L^p) = -36.57 s^-1 (relative 8.42e-02); incompressibility implies Lp_zz = -55.68, file has -92.25
    row 672: trace(L^p) = -25.03 s^-1 (relative 6.47e-02); incompressibility implies Lp_zz = -100.7, file has -125.7
    row 754: trace(L^p) = -17.6 s^-1 (relative 4.76e-02); incompressibility implies Lp_zz = -73.73, file has -91.33
    row 1078: trace(L^p) = -16.36 s^-1 (relative 4.27e-02); incompressibility implies Lp_zz = -24.31, file has -40.67
    row 1226: trace(L^p) = -10.12 s^-1 (relative 2.29e-02); incompressibility implies Lp_zz = -131.6, file has -141.7
    row 1243: trace(L^p) = 9.038 s^-1 (relative 2.08e-02); incompressibility implies Lp_zz = -105.7, file has -96.65
    row 1272: trace(L^p) = 10.88 s^-1 (relative 2.15e-02); incompressibility implies Lp_zz = -129.1, file has -118.2
    row 1305: trace(L^p) = 25.56 s^-1 (relative 4.51e-02); incompressibility implies Lp_zz = -161.4, file has -135.9
    row 1335: trace(L^p) = 33.28 s^-1 (relative 5.68e-02); incompressibility implies Lp_zz = -255.3, file has -222
    row 1354: trace(L^p) = -35.95 s^-1 (relative 6.28e-02); incompressibility implies Lp_zz = -191.9, file has -227.9
    row 1406: trace(L^p) = 64 s^-1 (relative 1.25e-01); incompressibility implies Lp_zz = -165.8, file has -101.8
    row 1411: trace(L^p) = -7.83 s^-1 (relative 1.46e-02); incompressibility implies Lp_zz = -183.2, file has -191
    row 1412: trace(L^p) = -12.24 s^-1 (relative 2.37e-02); incompressibility implies Lp_zz = -175.8, file has -188
    row 1464: trace(L^p) = 21.65 s^-1 (relative 4.05e-02); incompressibility implies Lp_zz = -130.2, file has -108.6
    row 1466: trace(L^p) = -5.585 s^-1 (relative 1.17e-02); incompressibility implies Lp_zz = -122.4, file has -127.9
    row 1484: trace(L^p) = 6.616 s^-1 (relative 1.41e-02); incompressibility implies Lp_zz = -145.8, file has -139.1
    row 1492: trace(L^p) = -26.95 s^-1 (relative 5.77e-02); incompressibility implies Lp_zz = -91.43, file has -118.4
    row 1508: trace(L^p) = 8.423 s^-1 (relative 1.71e-02); incompressibility implies Lp_zz = -134.2, file has -125.7
    row 1734: trace(L^p) = 6.218 s^-1 (relative 1.10e-02); incompressibility implies Lp_zz = -173.4, file has -167.2
    row 1803: trace(L^p) = 50.18 s^-1 (relative 8.83e-02); incompressibility implies Lp_zz = -163.5, file has -113.3
    row 1842: trace(L^p) = -6.621 s^-1 (relative 1.04e-02); incompressibility implies Lp_zz = -197.2, file has -203.8
    row 1921: trace(L^p) = -62.64 s^-1 (relative 9.84e-02); incompressibility implies Lp_zz = 6.742, file has -55.9
    row 1989: trace(L^p) = -56.57 s^-1 (relative 9.39e-02); incompressibility implies Lp_zz = -102.7, file has -159.3
    row 2206: trace(L^p) = 42.33 s^-1 (relative 5.86e-02); incompressibility implies Lp_zz = -239.8, file has -197.5
    row 2258: trace(L^p) = 13.49 s^-1 (relative 1.81e-02); incompressibility implies Lp_zz = -323.9, file has -310.4
    row 2429: trace(L^p) = -32.19 s^-1 (relative 3.70e-02); incompressibility implies Lp_zz = -476.5, file has -508.7
    row 2435: trace(L^p) = 18.7 s^-1 (relative 1.94e-02); incompressibility implies Lp_zz = -527.1, file has -508.4
    row 2458: trace(L^p) = -53.58 s^-1 (relative 5.72e-02); incompressibility implies Lp_zz = -477.3, file has -530.8
    row 2470: trace(L^p) = 26.4 s^-1 (relative 2.82e-02); incompressibility implies Lp_zz = -516.4, file has -490
    ... and 13 more

data/raw/shear_30Mpa_8e13_2.055e12.csv
  107 problem(s) in 3274 rows:
    row 150: trace(L^p) = -25.1 s^-1 (relative 7.37e-02); incompressibility implies Lp_zz = -47.3, file has -72.4
    row 180: trace(L^p) = 6.022 s^-1 (relative 1.50e-02); incompressibility implies Lp_zz = -39.41, file has -33.39
    row 207: trace(L^p) = -82.35 s^-1 (relative 1.56e-01); incompressibility implies Lp_zz = 13.04, file has -69.31
    row 219: trace(L^p) = 42.39 s^-1 (relative 9.44e-02); incompressibility implies Lp_zz = 1.177, file has 43.56
    row 224: trace(L^p) = -26.74 s^-1 (relative 5.20e-02); incompressibility implies Lp_zz = 56.56, file has 29.82
    row 235: trace(L^p) = 31.53 s^-1 (relative 6.29e-02); incompressibility implies Lp_zz = 69.19, file has 100.7
    row 237: trace(L^p) = -7.882 s^-1 (relative 1.56e-02); incompressibility implies Lp_zz = 69.76, file has 61.88
    row 262: trace(L^p) = 11.76 s^-1 (relative 2.66e-02); incompressibility implies Lp_zz = 45.68, file has 57.44
    row 340: trace(L^p) = -9.439 s^-1 (relative 2.36e-02); incompressibility implies Lp_zz = 54.34, file has 44.91
    row 342: trace(L^p) = 6.52 s^-1 (relative 1.63e-02); incompressibility implies Lp_zz = 106.5, file has 113
    row 353: trace(L^p) = -5.054 s^-1 (relative 1.21e-02); incompressibility implies Lp_zz = 76.19, file has 71.14
    row 356: trace(L^p) = 6.977 s^-1 (relative 1.72e-02); incompressibility implies Lp_zz = 68.71, file has 75.69
    row 358: trace(L^p) = -4.887 s^-1 (relative 1.15e-02); incompressibility implies Lp_zz = 97.91, file has 93.02
    row 360: trace(L^p) = 6.705 s^-1 (relative 1.63e-02); incompressibility implies Lp_zz = 86.88, file has 93.59
    row 368: trace(L^p) = -4.532 s^-1 (relative 1.11e-02); incompressibility implies Lp_zz = 72.66, file has 68.13
    row 372: trace(L^p) = 42.74 s^-1 (relative 1.04e-01); incompressibility implies Lp_zz = 84.58, file has 127.3
    row 378: trace(L^p) = 8.298 s^-1 (relative 1.75e-02); incompressibility implies Lp_zz = -15.09, file has -6.794
    row 379: trace(L^p) = -55.28 s^-1 (relative 1.16e-01); incompressibility implies Lp_zz = 179.8, file has 124.5
    row 385: trace(L^p) = -6.705 s^-1 (relative 1.56e-02); incompressibility implies Lp_zz = 85.96, file has 79.26
    row 391: trace(L^p) = -7.457 s^-1 (relative 1.67e-02); incompressibility implies Lp_zz = 105.4, file has 97.9
    row 443: trace(L^p) = -35.36 s^-1 (relative 9.84e-02); incompressibility implies Lp_zz = 136.5, file has 101.1
    row 455: trace(L^p) = 35.36 s^-1 (relative 9.26e-02); incompressibility implies Lp_zz = 145.3, file has 180.7
    row 506: trace(L^p) = 8.874 s^-1 (relative 2.07e-02); incompressibility implies Lp_zz = 110.4, file has 119.3
    row 580: trace(L^p) = -33.27 s^-1 (relative 8.45e-02); incompressibility implies Lp_zz = 88.32, file has 55.06
    row 588: trace(L^p) = -12.25 s^-1 (relative 3.05e-02); incompressibility implies Lp_zz = 73.59, file has 61.34
    row 594: trace(L^p) = -23.56 s^-1 (relative 5.98e-02); incompressibility implies Lp_zz = 83.21, file has 59.65
    row 634: trace(L^p) = 21.53 s^-1 (relative 5.90e-02); incompressibility implies Lp_zz = 7.266, file has 28.79
    row 707: trace(L^p) = 21.35 s^-1 (relative 6.37e-02); incompressibility implies Lp_zz = -29.9, file has -8.55
    row 728: trace(L^p) = 6.872 s^-1 (relative 2.11e-02); incompressibility implies Lp_zz = 10.62, file has 17.5
    row 773: trace(L^p) = -14.22 s^-1 (relative 3.93e-02); incompressibility implies Lp_zz = 34.18, file has 19.96
    row 792: trace(L^p) = -17.33 s^-1 (relative 5.10e-02); incompressibility implies Lp_zz = 62.59, file has 45.26
    row 868: trace(L^p) = -55.56 s^-1 (relative 1.58e-01); incompressibility implies Lp_zz = -36.96, file has -92.52
    row 870: trace(L^p) = 422.4 s^-1 (relative 1.47e+00); incompressibility implies Lp_zz = -198.8, file has 223.6
    row 952: trace(L^p) = 9.518 s^-1 (relative 2.69e-02); incompressibility implies Lp_zz = 75.26, file has 84.78
    row 984: trace(L^p) = 53.44 s^-1 (relative 1.22e-01); incompressibility implies Lp_zz = 52.35, file has 105.8
    row 1011: trace(L^p) = -9.353 s^-1 (relative 2.28e-02); incompressibility implies Lp_zz = 102.5, file has 93.15
    row 1020: trace(L^p) = 29.07 s^-1 (relative 6.95e-02); incompressibility implies Lp_zz = 114.3, file has 143.3
    row 1129: trace(L^p) = 6.791 s^-1 (relative 1.56e-02); incompressibility implies Lp_zz = 3.053, file has 9.844
    row 1131: trace(L^p) = 4.707 s^-1 (relative 1.08e-02); incompressibility implies Lp_zz = 31.35, file has 36.06
    row 1151: trace(L^p) = -6.658 s^-1 (relative 1.68e-02); incompressibility implies Lp_zz = 9.317, file has 2.66
    ... and 67 more

data/raw/shear_30Mpa_8e13_9.5668e11.csv
  49 problem(s) in 2524 rows:
    row 93: trace(L^p) = 22.89 s^-1 (relative 1.32e-01); incompressibility implies Lp_zz = -14.32, file has 8.57
    row 216: trace(L^p) = -7.379 s^-1 (relative 2.74e-02); incompressibility implies Lp_zz = 32, file has 24.62
    row 256: trace(L^p) = -10.76 s^-1 (relative 3.72e-02); incompressibility implies Lp_zz = 23.91, file has 13.15
    row 474: trace(L^p) = 24.06 s^-1 (relative 7.06e-02); incompressibility implies Lp_zz = 77.47, file has 101.5
    row 498: trace(L^p) = -21.58 s^-1 (relative 6.11e-02); incompressibility implies Lp_zz = 118, file has 96.39
    row 499: trace(L^p) = 44.3 s^-1 (relative 1.30e-01); incompressibility implies Lp_zz = 85.25, file has 129.5
    row 576: trace(L^p) = -3.854 s^-1 (relative 1.17e-02); incompressibility implies Lp_zz = 68.21, file has 64.35
    row 580: trace(L^p) = -7.762 s^-1 (relative 2.28e-02); incompressibility implies Lp_zz = 44.91, file has 37.14
    row 668: trace(L^p) = 23.75 s^-1 (relative 6.79e-02); incompressibility implies Lp_zz = 42.07, file has 65.82
    row 710: trace(L^p) = 25.75 s^-1 (relative 7.13e-02); incompressibility implies Lp_zz = 56.63, file has 82.38
    row 821: trace(L^p) = 5.278 s^-1 (relative 1.29e-02); incompressibility implies Lp_zz = 104.7, file has 110
    row 860: trace(L^p) = -19.75 s^-1 (relative 4.41e-02); incompressibility implies Lp_zz = 112.9, file has 93.1
    row 897: trace(L^p) = -34.07 s^-1 (relative 7.66e-02); incompressibility implies Lp_zz = 173.3, file has 139.2
    row 975: trace(L^p) = 8.042 s^-1 (relative 1.60e-02); incompressibility implies Lp_zz = 112, file has 120
    row 1000: trace(L^p) = 28.82 s^-1 (relative 5.74e-02); incompressibility implies Lp_zz = 150.7, file has 179.5
    row 1025: trace(L^p) = -17.41 s^-1 (relative 3.56e-02); incompressibility implies Lp_zz = 128.3, file has 110.9
    row 1060: trace(L^p) = -15.48 s^-1 (relative 3.30e-02); incompressibility implies Lp_zz = 160.3, file has 144.9
    row 1083: trace(L^p) = -7.084 s^-1 (relative 1.47e-02); incompressibility implies Lp_zz = 141.1, file has 134.1
    row 1094: trace(L^p) = 39.86 s^-1 (relative 8.80e-02); incompressibility implies Lp_zz = 103.1, file has 143
    row 1128: trace(L^p) = -15.83 s^-1 (relative 3.10e-02); incompressibility implies Lp_zz = 178.7, file has 162.9
    row 1220: trace(L^p) = -11.87 s^-1 (relative 2.28e-02); incompressibility implies Lp_zz = 149.6, file has 137.7
    row 1334: trace(L^p) = -9.169 s^-1 (relative 1.56e-02); incompressibility implies Lp_zz = 221.1, file has 211.9
    row 1359: trace(L^p) = 10.35 s^-1 (relative 1.76e-02); incompressibility implies Lp_zz = 144.4, file has 154.7
    row 1392: trace(L^p) = 6.73 s^-1 (relative 1.00e-02); incompressibility implies Lp_zz = 199.5, file has 206.2
    row 1402: trace(L^p) = -8.739 s^-1 (relative 1.29e-02); incompressibility implies Lp_zz = 205.3, file has 196.5
    row 1407: trace(L^p) = 10.78 s^-1 (relative 1.58e-02); incompressibility implies Lp_zz = 174.2, file has 185
    row 1412: trace(L^p) = 8.716 s^-1 (relative 1.26e-02); incompressibility implies Lp_zz = 231.6, file has 240.3
    row 1506: trace(L^p) = 15.5 s^-1 (relative 2.06e-02); incompressibility implies Lp_zz = 300.1, file has 315.6
    row 1516: trace(L^p) = 21.67 s^-1 (relative 2.82e-02); incompressibility implies Lp_zz = 291.7, file has 313.4
    row 1591: trace(L^p) = 30.05 s^-1 (relative 3.60e-02); incompressibility implies Lp_zz = 325, file has 355.1
    row 1637: trace(L^p) = -24.54 s^-1 (relative 2.62e-02); incompressibility implies Lp_zz = 448.6, file has 424.1
    row 1639: trace(L^p) = -18.21 s^-1 (relative 1.94e-02); incompressibility implies Lp_zz = 457.8, file has 439.6
    row 1710: trace(L^p) = 17.68 s^-1 (relative 1.86e-02); incompressibility implies Lp_zz = 545.4, file has 563.1
    row 1780: trace(L^p) = -28.86 s^-1 (relative 2.57e-02); incompressibility implies Lp_zz = 628, file has 599.1
    row 1823: trace(L^p) = 36.51 s^-1 (relative 3.06e-02); incompressibility implies Lp_zz = 599.3, file has 635.8
    row 1831: trace(L^p) = 14.76 s^-1 (relative 1.17e-02); incompressibility implies Lp_zz = 643.3, file has 658.1
    row 1849: trace(L^p) = 20.46 s^-1 (relative 1.70e-02); incompressibility implies Lp_zz = 556.3, file has 576.8
    row 1857: trace(L^p) = -31.2 s^-1 (relative 2.47e-02); incompressibility implies Lp_zz = 616.6, file has 585.4
    row 1944: trace(L^p) = -20.41 s^-1 (relative 1.52e-02); incompressibility implies Lp_zz = 591.3, file has 570.9
    row 1961: trace(L^p) = -33.9 s^-1 (relative 2.47e-02); incompressibility implies Lp_zz = 637.7, file has 603.8
    ... and 9 more

data/raw/shear_40Mpa_4e13_1.43e12.csv
  151 problem(s) in 8962 rows:
    row 77: trace(L^p) = -3.934 s^-1 (relative 2.44e-02); incompressibility implies Lp_zz = 62.93, file has 58.99
    row 116: trace(L^p) = -8.247 s^-1 (relative 7.15e-02); incompressibility implies Lp_zz = 108.3, file has 100
    row 134: trace(L^p) = -18.65 s^-1 (relative 1.68e-01); incompressibility implies Lp_zz = 94.11, file has 75.47
    row 151: trace(L^p) = 6.515 s^-1 (relative 4.38e-02); incompressibility implies Lp_zz = 67.71, file has 74.22
    row 154: trace(L^p) = -3.959 s^-1 (relative 2.37e-02); incompressibility implies Lp_zz = 70.59, file has 66.64
    row 162: trace(L^p) = -3.33 s^-1 (relative 1.95e-02); incompressibility implies Lp_zz = 76.99, file has 73.66
    row 193: trace(L^p) = 1.67 s^-1 (relative 1.14e-02); incompressibility implies Lp_zz = 67.85, file has 69.52
    row 202: trace(L^p) = -40.77 s^-1 (relative 2.73e-01); incompressibility implies Lp_zz = 108.9, file has 68.09
    row 236: trace(L^p) = -21.03 s^-1 (relative 1.26e-01); incompressibility implies Lp_zz = 66.9, file has 45.87
    row 256: trace(L^p) = 14.69 s^-1 (relative 8.07e-02); incompressibility implies Lp_zz = 32.38, file has 47.07
    row 329: trace(L^p) = -7.62 s^-1 (relative 4.00e-02); incompressibility implies Lp_zz = 45.99, file has 38.37
    row 398: trace(L^p) = -29.77 s^-1 (relative 1.72e-01); incompressibility implies Lp_zz = 30.01, file has 0.2434
    row 414: trace(L^p) = 23.29 s^-1 (relative 1.10e-01); incompressibility implies Lp_zz = 9.225, file has 32.52
    row 456: trace(L^p) = 21.13 s^-1 (relative 1.24e-01); incompressibility implies Lp_zz = -3.214, file has 17.91
    row 500: trace(L^p) = -2.288 s^-1 (relative 1.35e-02); incompressibility implies Lp_zz = 5.161, file has 2.873
    row 510: trace(L^p) = -14.03 s^-1 (relative 7.38e-02); incompressibility implies Lp_zz = 4.905, file has -9.123
    row 681: trace(L^p) = -6.202 s^-1 (relative 3.43e-02); incompressibility implies Lp_zz = 8.701, file has 2.498
    row 785: trace(L^p) = -31.87 s^-1 (relative 1.65e-01); incompressibility implies Lp_zz = 34.43, file has 2.566
    row 802: trace(L^p) = 6.948 s^-1 (relative 4.21e-02); incompressibility implies Lp_zz = -9.163, file has -2.215
    row 832: trace(L^p) = -11.46 s^-1 (relative 5.95e-02); incompressibility implies Lp_zz = 22.31, file has 10.85
    row 946: trace(L^p) = 3.352 s^-1 (relative 1.70e-02); incompressibility implies Lp_zz = -35.81, file has -32.46
    row 1067: trace(L^p) = 12.61 s^-1 (relative 5.64e-02); incompressibility implies Lp_zz = 25.06, file has 37.67
    row 1072: trace(L^p) = 20.83 s^-1 (relative 1.02e-01); incompressibility implies Lp_zz = 25.86, file has 46.69
    row 1109: trace(L^p) = 2.437 s^-1 (relative 1.14e-02); incompressibility implies Lp_zz = -35.48, file has -33.04
    row 1119: trace(L^p) = 2.893 s^-1 (relative 1.47e-02); incompressibility implies Lp_zz = -53.4, file has -50.5
    row 1216: trace(L^p) = 19.14 s^-1 (relative 8.58e-02); incompressibility implies Lp_zz = -46.43, file has -27.3
    row 1314: trace(L^p) = 2.385 s^-1 (relative 1.16e-02); incompressibility implies Lp_zz = -13.37, file has -10.98
    row 1315: trace(L^p) = 2.395 s^-1 (relative 1.15e-02); incompressibility implies Lp_zz = -20.83, file has -18.43
    row 1440: trace(L^p) = 2.959 s^-1 (relative 1.49e-02); incompressibility implies Lp_zz = -11.94, file has -8.979
    row 1499: trace(L^p) = 9.396 s^-1 (relative 4.18e-02); incompressibility implies Lp_zz = -46.99, file has -37.59
    row 1551: trace(L^p) = -5.077 s^-1 (relative 2.14e-02); incompressibility implies Lp_zz = -27.76, file has -32.83
    row 1632: trace(L^p) = -13.31 s^-1 (relative 6.37e-02); incompressibility implies Lp_zz = -50, file has -63.32
    row 1678: trace(L^p) = -15.51 s^-1 (relative 8.17e-02); incompressibility implies Lp_zz = -19.92, file has -35.43
    row 1707: trace(L^p) = 5.464 s^-1 (relative 2.94e-02); incompressibility implies Lp_zz = -8.355, file has -2.892
    row 1735: trace(L^p) = -2.776 s^-1 (relative 1.13e-02); incompressibility implies Lp_zz = -55.12, file has -57.9
    row 1828: trace(L^p) = 49.23 s^-1 (relative 2.73e-01); incompressibility implies Lp_zz = -22.39, file has 26.84
    row 1858: trace(L^p) = -54.12 s^-1 (relative 2.79e-01); incompressibility implies Lp_zz = 20.24, file has -33.88
    row 1885: trace(L^p) = 2.413 s^-1 (relative 1.05e-02); incompressibility implies Lp_zz = -32.77, file has -30.36
    row 1921: trace(L^p) = -2.619 s^-1 (relative 1.33e-02); incompressibility implies Lp_zz = -34.07, file has -36.69
    row 2015: trace(L^p) = -10.95 s^-1 (relative 4.61e-02); incompressibility implies Lp_zz = -38.3, file has -49.24
    ... and 111 more

data/raw/shear_40Mpa_4e13_2.055e12.csv
  395 problem(s) in 12691 rows:
    row 50: trace(L^p) = -7.605 s^-1 (relative 2.38e-02); incompressibility implies Lp_zz = -129.8, file has -137.4
    row 117: trace(L^p) = -9.635 s^-1 (relative 4.21e-02); incompressibility implies Lp_zz = -34.3, file has -43.94
    row 119: trace(L^p) = -7.49 s^-1 (relative 3.06e-02); incompressibility implies Lp_zz = -36.43, file has -43.92
    row 125: trace(L^p) = 14.16 s^-1 (relative 5.33e-02); incompressibility implies Lp_zz = -47.94, file has -33.78
    row 135: trace(L^p) = 6.208 s^-1 (relative 2.34e-02); incompressibility implies Lp_zz = -37.17, file has -30.96
    row 142: trace(L^p) = 6.285 s^-1 (relative 1.96e-02); incompressibility implies Lp_zz = -26.63, file has -20.34
    row 157: trace(L^p) = -8.238 s^-1 (relative 2.47e-02); incompressibility implies Lp_zz = -49.09, file has -57.33
    row 165: trace(L^p) = 39.38 s^-1 (relative 1.16e-01); incompressibility implies Lp_zz = -56.57, file has -17.19
    row 172: trace(L^p) = -25.21 s^-1 (relative 7.25e-02); incompressibility implies Lp_zz = 62.9, file has 37.69
    row 202: trace(L^p) = 3.091 s^-1 (relative 1.14e-02); incompressibility implies Lp_zz = 19.16, file has 22.25
    row 281: trace(L^p) = 31.13 s^-1 (relative 1.71e-01); incompressibility implies Lp_zz = 66.01, file has 97.15
    row 331: trace(L^p) = -16.91 s^-1 (relative 8.80e-02); incompressibility implies Lp_zz = 81.72, file has 64.81
    row 341: trace(L^p) = 2.664 s^-1 (relative 1.33e-02); incompressibility implies Lp_zz = 60.53, file has 63.2
    row 390: trace(L^p) = -3.123 s^-1 (relative 1.67e-02); incompressibility implies Lp_zz = 39.81, file has 36.69
    row 413: trace(L^p) = -35.65 s^-1 (relative 2.06e-01); incompressibility implies Lp_zz = 118.3, file has 82.61
    row 463: trace(L^p) = 14.99 s^-1 (relative 7.07e-02); incompressibility implies Lp_zz = 66.52, file has 81.51
    row 498: trace(L^p) = 22.84 s^-1 (relative 1.11e-01); incompressibility implies Lp_zz = 21.3, file has 44.15
    row 537: trace(L^p) = -6.355 s^-1 (relative 3.12e-02); incompressibility implies Lp_zz = 81.23, file has 74.87
    row 678: trace(L^p) = -2.598 s^-1 (relative 1.50e-02); incompressibility implies Lp_zz = 29.11, file has 26.51
    row 745: trace(L^p) = -144.6 s^-1 (relative 5.74e-01); incompressibility implies Lp_zz = 166.4, file has 21.86
    row 778: trace(L^p) = -4.489 s^-1 (relative 2.60e-02); incompressibility implies Lp_zz = 44.2, file has 39.71
    row 788: trace(L^p) = -17.11 s^-1 (relative 9.95e-02); incompressibility implies Lp_zz = 48.27, file has 31.17
    row 1044: trace(L^p) = -87.83 s^-1 (relative 4.76e-01); incompressibility implies Lp_zz = 31.3, file has -56.53
    row 1143: trace(L^p) = 54.94 s^-1 (relative 3.27e-01); incompressibility implies Lp_zz = -55.66, file has -0.7152
    row 1327: trace(L^p) = 2.885 s^-1 (relative 1.68e-02); incompressibility implies Lp_zz = -16.45, file has -13.57
    row 1456: trace(L^p) = 41.26 s^-1 (relative 2.13e-01); incompressibility implies Lp_zz = -68.14, file has -26.89
    row 1473: trace(L^p) = -4.386 s^-1 (relative 2.78e-02); incompressibility implies Lp_zz = -3.386, file has -7.773
    row 1498: trace(L^p) = -4.596 s^-1 (relative 2.49e-02); incompressibility implies Lp_zz = -16.08, file has -20.68
    row 1555: trace(L^p) = -2.654 s^-1 (relative 1.86e-02); incompressibility implies Lp_zz = -6.329, file has -8.982
    row 1633: trace(L^p) = 2.29 s^-1 (relative 1.54e-02); incompressibility implies Lp_zz = 58.69, file has 60.98
    row 1748: trace(L^p) = 2.124 s^-1 (relative 1.44e-02); incompressibility implies Lp_zz = 90.2, file has 92.32
    row 1784: trace(L^p) = 38.47 s^-1 (relative 2.42e-01); incompressibility implies Lp_zz = 96.53, file has 135
    row 1913: trace(L^p) = -3.832 s^-1 (relative 1.97e-02); incompressibility implies Lp_zz = 97.86, file has 94.03
    row 2040: trace(L^p) = -2.395 s^-1 (relative 1.18e-02); incompressibility implies Lp_zz = 83.82, file has 81.42
    row 2061: trace(L^p) = -3.424 s^-1 (relative 1.80e-02); incompressibility implies Lp_zz = 56.99, file has 53.57
    row 2078: trace(L^p) = 39.72 s^-1 (relative 2.00e-01); incompressibility implies Lp_zz = 42.72, file has 82.44
    row 2088: trace(L^p) = 23.54 s^-1 (relative 1.14e-01); incompressibility implies Lp_zz = 80.95, file has 104.5
    row 2163: trace(L^p) = -25.17 s^-1 (relative 1.33e-01); incompressibility implies Lp_zz = 67.51, file has 42.34
    row 2237: trace(L^p) = -32.45 s^-1 (relative 1.61e-01); incompressibility implies Lp_zz = 72.68, file has 40.23
    row 2379: trace(L^p) = -29.58 s^-1 (relative 1.55e-01); incompressibility implies Lp_zz = 104.5, file has 74.93
    ... and 355 more

data/raw/shear_40Mpa_4e13_9.5668e11.csv
  130 problem(s) in 7799 rows:
    row 93: trace(L^p) = 21.27 s^-1 (relative 1.35e-01); incompressibility implies Lp_zz = -55.38, file has -34.11
    row 202: trace(L^p) = 31.53 s^-1 (relative 2.70e-01); incompressibility implies Lp_zz = -0.1071, file has 31.42
    row 250: trace(L^p) = -9.701 s^-1 (relative 6.16e-02); incompressibility implies Lp_zz = 29.16, file has 19.46
    row 429: trace(L^p) = 42.05 s^-1 (relative 2.00e-01); incompressibility implies Lp_zz = 36.75, file has 78.8
    row 561: trace(L^p) = 4.975 s^-1 (relative 2.61e-02); incompressibility implies Lp_zz = 16.89, file has 21.86
    row 792: trace(L^p) = 2.057 s^-1 (relative 1.16e-02); incompressibility implies Lp_zz = 35.3, file has 37.36
    row 859: trace(L^p) = -24.53 s^-1 (relative 1.14e-01); incompressibility implies Lp_zz = 20.9, file has -3.629
    row 898: trace(L^p) = 2.399 s^-1 (relative 1.26e-02); incompressibility implies Lp_zz = 48.75, file has 51.15
    row 915: trace(L^p) = 39.03 s^-1 (relative 2.24e-01); incompressibility implies Lp_zz = -6.474, file has 32.55
    row 930: trace(L^p) = 2.375 s^-1 (relative 1.30e-02); incompressibility implies Lp_zz = 20.74, file has 23.12
    row 999: trace(L^p) = -3.704 s^-1 (relative 1.82e-02); incompressibility implies Lp_zz = 15.61, file has 11.91
    row 1007: trace(L^p) = 41.44 s^-1 (relative 2.10e-01); incompressibility implies Lp_zz = 4.202, file has 45.65
    row 1238: trace(L^p) = 3.909 s^-1 (relative 1.64e-02); incompressibility implies Lp_zz = 42.43, file has 46.34
    row 1258: trace(L^p) = -20.49 s^-1 (relative 8.03e-02); incompressibility implies Lp_zz = 61.84, file has 41.35
    row 1296: trace(L^p) = 8.281 s^-1 (relative 3.63e-02); incompressibility implies Lp_zz = 38.01, file has 46.3
    row 1298: trace(L^p) = 8.925 s^-1 (relative 4.11e-02); incompressibility implies Lp_zz = 52.72, file has 61.64
    row 1420: trace(L^p) = 10.93 s^-1 (relative 4.58e-02); incompressibility implies Lp_zz = 75.55, file has 86.48
    row 1487: trace(L^p) = -31.38 s^-1 (relative 1.11e-01); incompressibility implies Lp_zz = 101.3, file has 69.89
    row 1498: trace(L^p) = 19.34 s^-1 (relative 7.21e-02); incompressibility implies Lp_zz = 60.38, file has 79.73
    row 1517: trace(L^p) = -3.664 s^-1 (relative 1.33e-02); incompressibility implies Lp_zz = 97.88, file has 94.22
    row 1668: trace(L^p) = -7.588 s^-1 (relative 2.88e-02); incompressibility implies Lp_zz = 76.88, file has 69.29
    row 1717: trace(L^p) = 41.18 s^-1 (relative 1.44e-01); incompressibility implies Lp_zz = -9.768, file has 31.41
    row 1802: trace(L^p) = 3.895 s^-1 (relative 1.40e-02); incompressibility implies Lp_zz = 46.95, file has 50.84
    row 1862: trace(L^p) = 13.56 s^-1 (relative 6.00e-02); incompressibility implies Lp_zz = 19.09, file has 32.65
    row 1934: trace(L^p) = 7.051 s^-1 (relative 2.92e-02); incompressibility implies Lp_zz = 27.56, file has 34.61
    row 2035: trace(L^p) = -26.66 s^-1 (relative 1.14e-01); incompressibility implies Lp_zz = 15.02, file has -11.64
    row 2060: trace(L^p) = 9.601 s^-1 (relative 3.84e-02); incompressibility implies Lp_zz = -25.24, file has -15.64
    row 2147: trace(L^p) = 17 s^-1 (relative 7.95e-02); incompressibility implies Lp_zz = 36.09, file has 53.09
    row 2244: trace(L^p) = -38.35 s^-1 (relative 1.62e-01); incompressibility implies Lp_zz = 151.9, file has 113.6
    row 2405: trace(L^p) = 30.72 s^-1 (relative 1.06e-01); incompressibility implies Lp_zz = 110.9, file has 141.6
    row 2445: trace(L^p) = 34.52 s^-1 (relative 1.42e-01); incompressibility implies Lp_zz = 78.67, file has 113.2
    row 2471: trace(L^p) = 8.494 s^-1 (relative 3.37e-02); incompressibility implies Lp_zz = 122.7, file has 131.2
    row 2575: trace(L^p) = -32.34 s^-1 (relative 1.19e-01); incompressibility implies Lp_zz = 131.1, file has 98.79
    row 2615: trace(L^p) = 19.88 s^-1 (relative 6.56e-02); incompressibility implies Lp_zz = 121.7, file has 141.6
    row 2637: trace(L^p) = 27.84 s^-1 (relative 8.81e-02); incompressibility implies Lp_zz = 109.9, file has 137.7
    row 2687: trace(L^p) = -4.81 s^-1 (relative 1.33e-02); incompressibility implies Lp_zz = 113.2, file has 108.4
    row 3059: trace(L^p) = -20.3 s^-1 (relative 4.12e-02); incompressibility implies Lp_zz = 286.5, file has 266.2
    row 3093: trace(L^p) = 18.55 s^-1 (relative 3.52e-02); incompressibility implies Lp_zz = 190, file has 208.5
    row 3162: trace(L^p) = -16.38 s^-1 (relative 3.11e-02); incompressibility implies Lp_zz = 215.6, file has 199.2
    row 3166: trace(L^p) = 16.9 s^-1 (relative 3.26e-02); incompressibility implies Lp_zz = 147.7, file has 164.6
    ... and 90 more

data/raw/shear_40Mpa_6e13_1.43e12.csv
  119 problem(s) in 5529 rows:
    row 105: trace(L^p) = -2.708 s^-1 (relative 1.25e-02); incompressibility implies Lp_zz = 35.48, file has 32.77
    row 134: trace(L^p) = -3.906 s^-1 (relative 1.88e-02); incompressibility implies Lp_zz = 66.87, file has 62.96
    row 135: trace(L^p) = -19.36 s^-1 (relative 9.12e-02); incompressibility implies Lp_zz = 65.27, file has 45.91
    row 143: trace(L^p) = 33.73 s^-1 (relative 1.66e-01); incompressibility implies Lp_zz = 26.15, file has 59.88
    row 147: trace(L^p) = 2.864 s^-1 (relative 1.33e-02); incompressibility implies Lp_zz = 50.06, file has 52.92
    row 160: trace(L^p) = 2.849 s^-1 (relative 1.19e-02); incompressibility implies Lp_zz = 65.45, file has 68.3
    row 163: trace(L^p) = 36.9 s^-1 (relative 1.59e-01); incompressibility implies Lp_zz = 11.47, file has 48.37
    row 297: trace(L^p) = 2.791 s^-1 (relative 1.05e-02); incompressibility implies Lp_zz = -39.62, file has -36.83
    row 431: trace(L^p) = 21.39 s^-1 (relative 7.62e-02); incompressibility implies Lp_zz = -43.84, file has -22.46
    row 439: trace(L^p) = -44.02 s^-1 (relative 1.63e-01); incompressibility implies Lp_zz = -7.86, file has -51.88
    row 513: trace(L^p) = -32.79 s^-1 (relative 1.11e-01); incompressibility implies Lp_zz = 7.323, file has -25.46
    row 575: trace(L^p) = -3.327 s^-1 (relative 1.06e-02); incompressibility implies Lp_zz = -45.93, file has -49.26
    row 599: trace(L^p) = -26.66 s^-1 (relative 8.01e-02); incompressibility implies Lp_zz = -48.02, file has -74.69
    row 607: trace(L^p) = 4.062 s^-1 (relative 1.39e-02); incompressibility implies Lp_zz = -81.18, file has -77.12
    row 616: trace(L^p) = 18.64 s^-1 (relative 6.12e-02); incompressibility implies Lp_zz = -82.71, file has -64.07
    row 743: trace(L^p) = 33.38 s^-1 (relative 1.10e-01); incompressibility implies Lp_zz = -47.78, file has -14.4
    row 758: trace(L^p) = 21.26 s^-1 (relative 7.09e-02); incompressibility implies Lp_zz = -37.46, file has -16.19
    row 905: trace(L^p) = -7.776 s^-1 (relative 2.95e-02); incompressibility implies Lp_zz = -49.78, file has -57.55
    row 912: trace(L^p) = -8.676 s^-1 (relative 3.28e-02); incompressibility implies Lp_zz = -68.19, file has -76.87
    row 940: trace(L^p) = 41 s^-1 (relative 1.64e-01); incompressibility implies Lp_zz = -31.84, file has 9.153
    row 947: trace(L^p) = 31.69 s^-1 (relative 1.06e-01); incompressibility implies Lp_zz = -88.84, file has -57.15
    row 1001: trace(L^p) = 5.42 s^-1 (relative 1.84e-02); incompressibility implies Lp_zz = 14.2, file has 19.62
    row 1063: trace(L^p) = -2.919 s^-1 (relative 1.02e-02); incompressibility implies Lp_zz = -38.83, file has -41.75
    row 1103: trace(L^p) = -3.017 s^-1 (relative 1.07e-02); incompressibility implies Lp_zz = -55.7, file has -58.71
    row 1104: trace(L^p) = -3.102 s^-1 (relative 1.04e-02); incompressibility implies Lp_zz = -74.18, file has -77.28
    row 1121: trace(L^p) = -27.12 s^-1 (relative 8.77e-02); incompressibility implies Lp_zz = -62.93, file has -90.04
    row 1152: trace(L^p) = 15.75 s^-1 (relative 4.99e-02); incompressibility implies Lp_zz = -82.72, file has -66.96
    row 1156: trace(L^p) = 5.125 s^-1 (relative 1.65e-02); incompressibility implies Lp_zz = -50.4, file has -45.27
    row 1228: trace(L^p) = 22.34 s^-1 (relative 7.67e-02); incompressibility implies Lp_zz = -130.1, file has -107.7
    row 1252: trace(L^p) = 3.19 s^-1 (relative 1.11e-02); incompressibility implies Lp_zz = -94.83, file has -91.64
    row 1270: trace(L^p) = -4.327 s^-1 (relative 1.53e-02); incompressibility implies Lp_zz = -72.12, file has -76.44
    row 1274: trace(L^p) = 32.3 s^-1 (relative 1.06e-01); incompressibility implies Lp_zz = -68.2, file has -35.91
    row 1288: trace(L^p) = -39.1 s^-1 (relative 1.43e-01); incompressibility implies Lp_zz = -60.92, file has -100
    row 1296: trace(L^p) = -5.377 s^-1 (relative 1.79e-02); incompressibility implies Lp_zz = -59.99, file has -65.37
    row 1314: trace(L^p) = 14.26 s^-1 (relative 4.92e-02); incompressibility implies Lp_zz = -65.93, file has -51.67
    row 1315: trace(L^p) = -10.34 s^-1 (relative 3.42e-02); incompressibility implies Lp_zz = -48.76, file has -59.09
    row 1323: trace(L^p) = -3.874 s^-1 (relative 1.27e-02); incompressibility implies Lp_zz = -39.99, file has -43.87
    row 1441: trace(L^p) = -21.16 s^-1 (relative 7.17e-02); incompressibility implies Lp_zz = -49.26, file has -70.42
    row 1461: trace(L^p) = 3.945 s^-1 (relative 1.32e-02); incompressibility implies Lp_zz = -57.13, file has -53.18
    row 1488: trace(L^p) = 38.82 s^-1 (relative 1.16e-01); incompressibility implies Lp_zz = -64.58, file has -25.77
    ... and 79 more

data/raw/shear_40Mpa_6e13_2.055e12.csv
  244 problem(s) in 8194 rows:
    row 104: trace(L^p) = -10.68 s^-1 (relative 4.14e-02); incompressibility implies Lp_zz = -32.15, file has -42.83
    row 108: trace(L^p) = -17.52 s^-1 (relative 6.77e-02); incompressibility implies Lp_zz = -52.82, file has -70.34
    row 109: trace(L^p) = -6.335 s^-1 (relative 2.32e-02); incompressibility implies Lp_zz = -65.41, file has -71.74
    row 111: trace(L^p) = 13.33 s^-1 (relative 4.52e-02); incompressibility implies Lp_zz = -66.76, file has -53.43
    row 135: trace(L^p) = 6.112 s^-1 (relative 1.54e-02); incompressibility implies Lp_zz = -38.79, file has -32.68
    row 146: trace(L^p) = -31.14 s^-1 (relative 7.21e-02); incompressibility implies Lp_zz = -48.15, file has -79.29
    row 155: trace(L^p) = 16.86 s^-1 (relative 4.23e-02); incompressibility implies Lp_zz = -47.65, file has -30.78
    row 192: trace(L^p) = 20.8 s^-1 (relative 5.53e-02); incompressibility implies Lp_zz = -7.581, file has 13.22
    row 202: trace(L^p) = -3.699 s^-1 (relative 1.15e-02); incompressibility implies Lp_zz = 32.5, file has 28.81
    row 203: trace(L^p) = -4.629 s^-1 (relative 1.34e-02); incompressibility implies Lp_zz = 5.467, file has 0.8381
    row 216: trace(L^p) = 28.33 s^-1 (relative 9.04e-02); incompressibility implies Lp_zz = 16.37, file has 44.7
    row 264: trace(L^p) = -3.691 s^-1 (relative 1.16e-02); incompressibility implies Lp_zz = 141.8, file has 138.1
    row 313: trace(L^p) = -3.747 s^-1 (relative 1.44e-02); incompressibility implies Lp_zz = 263.5, file has 259.8
    row 351: trace(L^p) = 210 s^-1 (relative 5.52e-01); incompressibility implies Lp_zz = 51.11, file has 261.1
    row 421: trace(L^p) = 15.31 s^-1 (relative 4.39e-02); incompressibility implies Lp_zz = 111.9, file has 127.3
    row 427: trace(L^p) = 144.2 s^-1 (relative 3.56e-01); incompressibility implies Lp_zz = 1.533, file has 145.7
    row 431: trace(L^p) = -14.63 s^-1 (relative 4.31e-02); incompressibility implies Lp_zz = 109.4, file has 94.74
    row 438: trace(L^p) = 41.22 s^-1 (relative 1.18e-01); incompressibility implies Lp_zz = 156.2, file has 197.4
    row 462: trace(L^p) = -34.1 s^-1 (relative 9.47e-02); incompressibility implies Lp_zz = 179, file has 144.9
    row 935: trace(L^p) = 5.56 s^-1 (relative 1.75e-02); incompressibility implies Lp_zz = 66.83, file has 72.39
    row 959: trace(L^p) = 24.46 s^-1 (relative 7.35e-02); incompressibility implies Lp_zz = 67.23, file has 91.69
    row 988: trace(L^p) = -24.38 s^-1 (relative 7.47e-02); incompressibility implies Lp_zz = 99.79, file has 75.41
    row 994: trace(L^p) = -23.35 s^-1 (relative 6.79e-02); incompressibility implies Lp_zz = 79.05, file has 55.7
    row 1002: trace(L^p) = 22.75 s^-1 (relative 6.99e-02); incompressibility implies Lp_zz = 33.16, file has 55.91
    row 1175: trace(L^p) = -12.57 s^-1 (relative 3.71e-02); incompressibility implies Lp_zz = 173.2, file has 160.6
    row 1455: trace(L^p) = 29.6 s^-1 (relative 9.52e-02); incompressibility implies Lp_zz = 143.5, file has 173.1
    row 2046: trace(L^p) = 16.52 s^-1 (relative 7.26e-02); incompressibility implies Lp_zz = 22.16, file has 38.68
    row 2102: trace(L^p) = 2.056 s^-1 (relative 1.15e-02); incompressibility implies Lp_zz = 102.5, file has 104.6
    row 2105: trace(L^p) = 3.273 s^-1 (relative 1.26e-02); incompressibility implies Lp_zz = 29.74, file has 33.01
    row 2139: trace(L^p) = -45.05 s^-1 (relative 1.89e-01); incompressibility implies Lp_zz = 49.91, file has 4.861
    row 2144: trace(L^p) = 4.431 s^-1 (relative 1.61e-02); incompressibility implies Lp_zz = 64.15, file has 68.58
    row 2160: trace(L^p) = 6.203 s^-1 (relative 2.14e-02); incompressibility implies Lp_zz = 58.45, file has 64.66
    row 2192: trace(L^p) = 14.18 s^-1 (relative 5.33e-02); incompressibility implies Lp_zz = 75.23, file has 89.42
    row 2210: trace(L^p) = 2.102 s^-1 (relative 1.06e-02); incompressibility implies Lp_zz = -37.02, file has -34.92
    row 2233: trace(L^p) = -64.51 s^-1 (relative 2.25e-01); incompressibility implies Lp_zz = 104.1, file has 39.61
    row 2347: trace(L^p) = -72.94 s^-1 (relative 2.76e-01); incompressibility implies Lp_zz = 127.1, file has 54.15
    row 2413: trace(L^p) = 3.957 s^-1 (relative 1.36e-02); incompressibility implies Lp_zz = 17.92, file has 21.88
    row 2414: trace(L^p) = 2.86 s^-1 (relative 1.03e-02); incompressibility implies Lp_zz = 96.86, file has 99.73
    row 2450: trace(L^p) = 4.415 s^-1 (relative 1.53e-02); incompressibility implies Lp_zz = 80.14, file has 84.55
    row 2533: trace(L^p) = 173.3 s^-1 (relative 4.65e-01); incompressibility implies Lp_zz = -124.4, file has 48.97
    ... and 204 more

data/raw/shear_40Mpa_6e13_9.5668e11.csv
  55 problem(s) in 4855 rows:
    row 93: trace(L^p) = 23.46 s^-1 (relative 1.56e-01); incompressibility implies Lp_zz = -29.8, file has -6.339
    row 258: trace(L^p) = -2.948 s^-1 (relative 1.21e-02); incompressibility implies Lp_zz = 25.72, file has 22.77
    row 263: trace(L^p) = -12.8 s^-1 (relative 4.83e-02); incompressibility implies Lp_zz = 37.68, file has 24.88
    row 537: trace(L^p) = 3.456 s^-1 (relative 1.21e-02); incompressibility implies Lp_zz = 34.32, file has 37.77
    row 586: trace(L^p) = 7.344 s^-1 (relative 3.00e-02); incompressibility implies Lp_zz = 42.83, file has 50.17
    row 641: trace(L^p) = -2.848 s^-1 (relative 1.06e-02); incompressibility implies Lp_zz = 31.37, file has 28.52
    row 691: trace(L^p) = 10.24 s^-1 (relative 3.80e-02); incompressibility implies Lp_zz = -4.71, file has 5.528
    row 695: trace(L^p) = -10.35 s^-1 (relative 3.65e-02); incompressibility implies Lp_zz = 31.81, file has 21.46
    row 724: trace(L^p) = -3.95 s^-1 (relative 1.41e-02); incompressibility implies Lp_zz = 24.97, file has 21.02
    row 766: trace(L^p) = -27.28 s^-1 (relative 8.84e-02); incompressibility implies Lp_zz = 81.12, file has 53.85
    row 933: trace(L^p) = 33.17 s^-1 (relative 9.24e-02); incompressibility implies Lp_zz = 89.91, file has 123.1
    row 1014: trace(L^p) = -28.04 s^-1 (relative 7.12e-02); incompressibility implies Lp_zz = 59.59, file has 31.55
    row 1021: trace(L^p) = 4.665 s^-1 (relative 1.13e-02); incompressibility implies Lp_zz = 48.53, file has 53.19
    row 1069: trace(L^p) = 32.52 s^-1 (relative 7.35e-02); incompressibility implies Lp_zz = 16.72, file has 49.24
    row 1137: trace(L^p) = -10.2 s^-1 (relative 2.25e-02); incompressibility implies Lp_zz = 55.49, file has 45.29
    row 1160: trace(L^p) = -26.52 s^-1 (relative 5.77e-02); incompressibility implies Lp_zz = 112.7, file has 86.22
    row 1188: trace(L^p) = -41.35 s^-1 (relative 1.01e-01); incompressibility implies Lp_zz = 175.2, file has 133.9
    row 1422: trace(L^p) = 36.63 s^-1 (relative 9.02e-02); incompressibility implies Lp_zz = 122.3, file has 158.9
    row 1469: trace(L^p) = -33.93 s^-1 (relative 7.59e-02); incompressibility implies Lp_zz = 142.1, file has 108.2
    row 1471: trace(L^p) = 5.578 s^-1 (relative 1.19e-02); incompressibility implies Lp_zz = 144.6, file has 150.2
    row 1670: trace(L^p) = 28.87 s^-1 (relative 6.69e-02); incompressibility implies Lp_zz = 132.5, file has 161.4
    row 1673: trace(L^p) = 33.93 s^-1 (relative 7.39e-02); incompressibility implies Lp_zz = 109.7, file has 143.6
    row 1677: trace(L^p) = 24.41 s^-1 (relative 5.57e-02); incompressibility implies Lp_zz = 140.2, file has 164.6
    row 1683: trace(L^p) = 35.38 s^-1 (relative 7.68e-02); incompressibility implies Lp_zz = 135.4, file has 170.7
    row 1769: trace(L^p) = 7.961 s^-1 (relative 1.74e-02); incompressibility implies Lp_zz = 196.2, file has 204.2
    row 1787: trace(L^p) = 35.21 s^-1 (relative 8.02e-02); incompressibility implies Lp_zz = 210.9, file has 246.1
    row 1869: trace(L^p) = 4.524 s^-1 (relative 1.06e-02); incompressibility implies Lp_zz = 145, file has 149.5
    row 1985: trace(L^p) = -23.07 s^-1 (relative 4.27e-02); incompressibility implies Lp_zz = 219.9, file has 196.9
    row 2044: trace(L^p) = 37.38 s^-1 (relative 6.41e-02); incompressibility implies Lp_zz = 274.3, file has 311.7
    row 2060: trace(L^p) = 35.97 s^-1 (relative 6.36e-02); incompressibility implies Lp_zz = 207.9, file has 243.9
    row 2150: trace(L^p) = -9.408 s^-1 (relative 1.63e-02); incompressibility implies Lp_zz = 267.5, file has 258.1
    row 2177: trace(L^p) = 19.93 s^-1 (relative 3.40e-02); incompressibility implies Lp_zz = 259.8, file has 279.7
    row 2393: trace(L^p) = -14.42 s^-1 (relative 1.99e-02); incompressibility implies Lp_zz = 269.1, file has 254.6
    row 2416: trace(L^p) = -38.6 s^-1 (relative 5.07e-02); incompressibility implies Lp_zz = 267, file has 228.4
    row 2454: trace(L^p) = -16.92 s^-1 (relative 2.23e-02); incompressibility implies Lp_zz = 331.9, file has 315
    row 2461: trace(L^p) = -16.19 s^-1 (relative 2.11e-02); incompressibility implies Lp_zz = 348.4, file has 332.2
    row 2490: trace(L^p) = 16.74 s^-1 (relative 1.96e-02); incompressibility implies Lp_zz = 332.6, file has 349.4
    row 2499: trace(L^p) = 31.52 s^-1 (relative 3.47e-02); incompressibility implies Lp_zz = 358.1, file has 389.7
    row 2671: trace(L^p) = -44.8 s^-1 (relative 3.21e-02); incompressibility implies Lp_zz = 291.5, file has 246.7
    row 2698: trace(L^p) = 21.16 s^-1 (relative 1.56e-02); incompressibility implies Lp_zz = 309.4, file has 330.6
    ... and 15 more

data/raw/shear_40Mpa_8e13_1.43e12.csv
  81 problem(s) in 4634 rows:
    row 135: trace(L^p) = -21.15 s^-1 (relative 6.88e-02); incompressibility implies Lp_zz = 41.42, file has 20.27
    row 157: trace(L^p) = 18.06 s^-1 (relative 5.55e-02); incompressibility implies Lp_zz = 24.04, file has 42.1
    row 163: trace(L^p) = 38.07 s^-1 (relative 1.07e-01); incompressibility implies Lp_zz = 55.32, file has 93.38
    row 319: trace(L^p) = 8.225 s^-1 (relative 2.33e-02); incompressibility implies Lp_zz = -23.47, file has -15.25
    row 341: trace(L^p) = 44.44 s^-1 (relative 1.25e-01); incompressibility implies Lp_zz = -29.42, file has 15.02
    row 397: trace(L^p) = -13.25 s^-1 (relative 3.52e-02); incompressibility implies Lp_zz = -62.18, file has -75.43
    row 418: trace(L^p) = -33.21 s^-1 (relative 9.43e-02); incompressibility implies Lp_zz = -49.03, file has -82.23
    row 436: trace(L^p) = 5.835 s^-1 (relative 1.69e-02); incompressibility implies Lp_zz = -74.77, file has -68.93
    row 442: trace(L^p) = 30.01 s^-1 (relative 8.08e-02); incompressibility implies Lp_zz = -111.2, file has -81.22
    row 460: trace(L^p) = -4.046 s^-1 (relative 1.03e-02); incompressibility implies Lp_zz = -39.34, file has -43.39
    row 717: trace(L^p) = -12.95 s^-1 (relative 3.51e-02); incompressibility implies Lp_zz = -9.013, file has -21.96
    row 903: trace(L^p) = -30.59 s^-1 (relative 7.28e-02); incompressibility implies Lp_zz = 84.13, file has 53.54
    row 912: trace(L^p) = -17.57 s^-1 (relative 4.22e-02); incompressibility implies Lp_zz = 44.12, file has 26.55
    row 962: trace(L^p) = 31.89 s^-1 (relative 7.24e-02); incompressibility implies Lp_zz = 17.92, file has 49.81
    row 989: trace(L^p) = -26.19 s^-1 (relative 5.51e-02); incompressibility implies Lp_zz = 20.29, file has -5.905
    row 993: trace(L^p) = 6.775 s^-1 (relative 1.45e-02); incompressibility implies Lp_zz = -9.122, file has -2.346
    row 1077: trace(L^p) = -8.74 s^-1 (relative 1.80e-02); incompressibility implies Lp_zz = 13.3, file has 4.556
    row 1115: trace(L^p) = -19.02 s^-1 (relative 3.57e-02); incompressibility implies Lp_zz = -3.594, file has -22.61
    row 1117: trace(L^p) = -8.805 s^-1 (relative 1.61e-02); incompressibility implies Lp_zz = -37.35, file has -46.16
    row 1182: trace(L^p) = 45.71 s^-1 (relative 9.20e-02); incompressibility implies Lp_zz = -151.9, file has -106.2
    row 1217: trace(L^p) = -74.2 s^-1 (relative 1.33e-01); incompressibility implies Lp_zz = -86.65, file has -160.8
    row 1248: trace(L^p) = -9.552 s^-1 (relative 1.78e-02); incompressibility implies Lp_zz = -154.3, file has -163.9
    row 1293: trace(L^p) = 20.83 s^-1 (relative 4.05e-02); incompressibility implies Lp_zz = -195.2, file has -174.3
    row 1305: trace(L^p) = -13.33 s^-1 (relative 2.37e-02); incompressibility implies Lp_zz = -138.5, file has -151.8
    row 1335: trace(L^p) = 7.558 s^-1 (relative 1.44e-02); incompressibility implies Lp_zz = -185, file has -177.4
    row 1377: trace(L^p) = 42.91 s^-1 (relative 7.90e-02); incompressibility implies Lp_zz = -168.5, file has -125.6
    row 1397: trace(L^p) = -35.27 s^-1 (relative 6.71e-02); incompressibility implies Lp_zz = -61.37, file has -96.64
    row 1429: trace(L^p) = -6.5 s^-1 (relative 1.20e-02); incompressibility implies Lp_zz = -148.6, file has -155.1
    row 1512: trace(L^p) = -35.35 s^-1 (relative 6.72e-02); incompressibility implies Lp_zz = -138.3, file has -173.6
    row 1565: trace(L^p) = 18.42 s^-1 (relative 3.32e-02); incompressibility implies Lp_zz = -192.4, file has -174
    row 1572: trace(L^p) = 16.08 s^-1 (relative 3.12e-02); incompressibility implies Lp_zz = -192.4, file has -176.4
    row 1621: trace(L^p) = 28.07 s^-1 (relative 4.55e-02); incompressibility implies Lp_zz = -226.5, file has -198.5
    row 1714: trace(L^p) = -38.61 s^-1 (relative 5.60e-02); incompressibility implies Lp_zz = -52.23, file has -90.84
    row 1730: trace(L^p) = 23.9 s^-1 (relative 3.34e-02); incompressibility implies Lp_zz = -118.6, file has -94.75
    row 1737: trace(L^p) = 12.07 s^-1 (relative 1.67e-02); incompressibility implies Lp_zz = -137.2, file has -125.1
    row 1754: trace(L^p) = 57.64 s^-1 (relative 8.00e-02); incompressibility implies Lp_zz = -124.5, file has -66.87
    row 1807: trace(L^p) = 8.562 s^-1 (relative 1.18e-02); incompressibility implies Lp_zz = -194.4, file has -185.9
    row 1971: trace(L^p) = 13.29 s^-1 (relative 1.51e-02); incompressibility implies Lp_zz = -347.4, file has -334.1
    row 2031: trace(L^p) = -12.45 s^-1 (relative 1.20e-02); incompressibility implies Lp_zz = -393.5, file has -406
    row 2052: trace(L^p) = -12.08 s^-1 (relative 1.14e-02); incompressibility implies Lp_zz = -414.6, file has -426.6
    ... and 41 more

data/raw/shear_40Mpa_8e13_2.055e12.csv
  100 problem(s) in 5638 rows:
    row 110: trace(L^p) = -12.35 s^-1 (relative 3.24e-02); incompressibility implies Lp_zz = -8.216, file has -20.57
    row 118: trace(L^p) = -7.543 s^-1 (relative 2.04e-02); incompressibility implies Lp_zz = -42.16, file has -49.7
    row 131: trace(L^p) = -36.34 s^-1 (relative 8.29e-02); incompressibility implies Lp_zz = 29.55, file has -6.795
    row 141: trace(L^p) = 5.857 s^-1 (relative 1.23e-02); incompressibility implies Lp_zz = -10.77, file has -4.911
    row 147: trace(L^p) = 43.66 s^-1 (relative 9.33e-02); incompressibility implies Lp_zz = -11.44, file has 32.22
    row 155: trace(L^p) = -18.78 s^-1 (relative 3.63e-02); incompressibility implies Lp_zz = -1.092, file has -19.87
    row 162: trace(L^p) = 34.94 s^-1 (relative 6.98e-02); incompressibility implies Lp_zz = -49.63, file has -14.69
    row 183: trace(L^p) = -5.099 s^-1 (relative 1.07e-02); incompressibility implies Lp_zz = -3.865, file has -8.964
    row 243: trace(L^p) = -5.098 s^-1 (relative 1.27e-02); incompressibility implies Lp_zz = 70.36, file has 65.26
    row 316: trace(L^p) = -37.07 s^-1 (relative 9.84e-02); incompressibility implies Lp_zz = 174.9, file has 137.8
    row 319: trace(L^p) = -44.33 s^-1 (relative 1.15e-01); incompressibility implies Lp_zz = 134.2, file has 89.89
    row 331: trace(L^p) = 28.62 s^-1 (relative 8.56e-02); incompressibility implies Lp_zz = -8.725, file has 19.89
    row 333: trace(L^p) = 16.01 s^-1 (relative 4.73e-02); incompressibility implies Lp_zz = 61.92, file has 77.93
    row 472: trace(L^p) = -15.91 s^-1 (relative 3.41e-02); incompressibility implies Lp_zz = 100.8, file has 84.88
    row 476: trace(L^p) = -25.71 s^-1 (relative 5.86e-02); incompressibility implies Lp_zz = 117, file has 91.28
    row 491: trace(L^p) = -10.41 s^-1 (relative 2.24e-02); incompressibility implies Lp_zz = 31.84, file has 21.44
    row 515: trace(L^p) = 4.899 s^-1 (relative 1.07e-02); incompressibility implies Lp_zz = 51.35, file has 56.25
    row 532: trace(L^p) = 22.38 s^-1 (relative 4.73e-02); incompressibility implies Lp_zz = 5.247, file has 27.62
    row 576: trace(L^p) = 9.711 s^-1 (relative 2.40e-02); incompressibility implies Lp_zz = 23.97, file has 33.68
    row 638: trace(L^p) = 13.25 s^-1 (relative 3.05e-02); incompressibility implies Lp_zz = -4.656, file has 8.593
    row 1079: trace(L^p) = -237.8 s^-1 (relative 5.17e-01); incompressibility implies Lp_zz = 180.7, file has -57.06
    row 1118: trace(L^p) = -75.79 s^-1 (relative 1.83e-01); incompressibility implies Lp_zz = 135.4, file has 59.58
    row 1209: trace(L^p) = 5.705 s^-1 (relative 1.28e-02); incompressibility implies Lp_zz = 26.17, file has 31.88
    row 1578: trace(L^p) = 40.77 s^-1 (relative 1.12e-01); incompressibility implies Lp_zz = -2.716, file has 38.05
    row 1626: trace(L^p) = -349.7 s^-1 (relative 6.42e-01); incompressibility implies Lp_zz = 431.7, file has 81.97
    row 1686: trace(L^p) = 157.2 s^-1 (relative 4.57e-01); incompressibility implies Lp_zz = -25.51, file has 131.7
    row 1758: trace(L^p) = -3.611 s^-1 (relative 1.06e-02); incompressibility implies Lp_zz = 36.04, file has 32.43
    row 1911: trace(L^p) = -217.5 s^-1 (relative 8.62e-01); incompressibility implies Lp_zz = 271.2, file has 53.68
    row 1942: trace(L^p) = 10.6 s^-1 (relative 2.89e-02); incompressibility implies Lp_zz = 36.26, file has 46.86
    row 1946: trace(L^p) = 55.3 s^-1 (relative 1.38e-01); incompressibility implies Lp_zz = -22.52, file has 32.77
    row 2133: trace(L^p) = 10.14 s^-1 (relative 2.61e-02); incompressibility implies Lp_zz = -70.55, file has -60.41
    row 2352: trace(L^p) = 56.3 s^-1 (relative 1.53e-01); incompressibility implies Lp_zz = -5.274, file has 51.02
    row 2375: trace(L^p) = 401.4 s^-1 (relative 1.12e+00); incompressibility implies Lp_zz = -285.8, file has 115.6
    row 2451: trace(L^p) = 21.22 s^-1 (relative 5.94e-02); incompressibility implies Lp_zz = -4.545, file has 16.67
    row 2483: trace(L^p) = -11.04 s^-1 (relative 3.13e-02); incompressibility implies Lp_zz = 74.84, file has 63.8
    row 2647: trace(L^p) = -4.349 s^-1 (relative 1.16e-02); incompressibility implies Lp_zz = -14.67, file has -19.01
    row 2830: trace(L^p) = 189.7 s^-1 (relative 5.51e-01); incompressibility implies Lp_zz = 1.571, file has 191.3
    row 2917: trace(L^p) = 28.46 s^-1 (relative 7.78e-02); incompressibility implies Lp_zz = -49.27, file has -20.82
    row 2994: trace(L^p) = 29.64 s^-1 (relative 8.12e-02); incompressibility implies Lp_zz = 8.243, file has 37.88
    row 3023: trace(L^p) = 20.52 s^-1 (relative 5.33e-02); incompressibility implies Lp_zz = -14.83, file has 5.686
    ... and 60 more

data/raw/shear_40Mpa_8e13_9.5668e11.csv
  60 problem(s) in 3748 rows:
    row 94: trace(L^p) = 22.11 s^-1 (relative 1.29e-01); incompressibility implies Lp_zz = -48.75, file has -26.64
    row 133: trace(L^p) = -30.92 s^-1 (relative 1.58e-01); incompressibility implies Lp_zz = 20.88, file has -10.05
    row 225: trace(L^p) = 29.5 s^-1 (relative 1.19e-01); incompressibility implies Lp_zz = -8.208, file has 21.29
    row 241: trace(L^p) = -3.876 s^-1 (relative 1.47e-02); incompressibility implies Lp_zz = 11.67, file has 7.796
    row 248: trace(L^p) = -6.766 s^-1 (relative 2.42e-02); incompressibility implies Lp_zz = 24.91, file has 18.14
    row 524: trace(L^p) = 21.09 s^-1 (relative 6.24e-02); incompressibility implies Lp_zz = 48.72, file has 69.81
    row 574: trace(L^p) = 40.89 s^-1 (relative 1.24e-01); incompressibility implies Lp_zz = 46.97, file has 87.86
    row 660: trace(L^p) = -18.1 s^-1 (relative 5.32e-02); incompressibility implies Lp_zz = 73.17, file has 55.08
    row 697: trace(L^p) = 22.93 s^-1 (relative 6.55e-02); incompressibility implies Lp_zz = 54.17, file has 77.09
    row 783: trace(L^p) = -12.57 s^-1 (relative 3.10e-02); incompressibility implies Lp_zz = 188, file has 175.4
    row 902: trace(L^p) = 7.974 s^-1 (relative 1.52e-02); incompressibility implies Lp_zz = 133.7, file has 141.7
    row 914: trace(L^p) = -28.59 s^-1 (relative 5.50e-02); incompressibility implies Lp_zz = 147, file has 118.4
    row 936: trace(L^p) = -25.88 s^-1 (relative 5.02e-02); incompressibility implies Lp_zz = 145.3, file has 119.5
    row 1009: trace(L^p) = -32.51 s^-1 (relative 6.62e-02); incompressibility implies Lp_zz = 154.8, file has 122.3
    row 1025: trace(L^p) = 40.42 s^-1 (relative 9.14e-02); incompressibility implies Lp_zz = 86.12, file has 126.5
    row 1042: trace(L^p) = -10.62 s^-1 (relative 2.20e-02); incompressibility implies Lp_zz = 93.14, file has 82.52
    row 1076: trace(L^p) = 28.5 s^-1 (relative 5.67e-02); incompressibility implies Lp_zz = 35.51, file has 64.01
    row 1078: trace(L^p) = 27.79 s^-1 (relative 5.74e-02); incompressibility implies Lp_zz = 57.27, file has 85.06
    row 1080: trace(L^p) = 10.84 s^-1 (relative 2.28e-02); incompressibility implies Lp_zz = 52.59, file has 63.43
    row 1149: trace(L^p) = -22.36 s^-1 (relative 4.18e-02); incompressibility implies Lp_zz = 172.5, file has 150.2
    row 1182: trace(L^p) = 40.85 s^-1 (relative 7.71e-02); incompressibility implies Lp_zz = 123.8, file has 164.7
    row 1212: trace(L^p) = 10.27 s^-1 (relative 1.91e-02); incompressibility implies Lp_zz = 188.5, file has 198.8
    row 1220: trace(L^p) = -51.41 s^-1 (relative 9.38e-02); incompressibility implies Lp_zz = 215.8, file has 164.4
    row 1432: trace(L^p) = 36.01 s^-1 (relative 5.73e-02); incompressibility implies Lp_zz = 254.6, file has 290.6
    row 1447: trace(L^p) = 113.4 s^-1 (relative 1.71e-01); incompressibility implies Lp_zz = 244.6, file has 358
    row 1459: trace(L^p) = -56.06 s^-1 (relative 7.79e-02); incompressibility implies Lp_zz = 381.7, file has 325.6
    row 1468: trace(L^p) = 8.312 s^-1 (relative 1.22e-02); incompressibility implies Lp_zz = 310.9, file has 319.2
    row 1540: trace(L^p) = -10.76 s^-1 (relative 1.53e-02); incompressibility implies Lp_zz = 400.9, file has 390.1
    row 1604: trace(L^p) = 23.96 s^-1 (relative 2.88e-02); incompressibility implies Lp_zz = 443.7, file has 467.6
    row 1634: trace(L^p) = 40.16 s^-1 (relative 4.71e-02); incompressibility implies Lp_zz = 480.9, file has 521
    row 1676: trace(L^p) = 9.916 s^-1 (relative 1.02e-02); incompressibility implies Lp_zz = 557.2, file has 567.2
    row 1693: trace(L^p) = -36.89 s^-1 (relative 3.70e-02); incompressibility implies Lp_zz = 608.3, file has 571.4
    row 1694: trace(L^p) = 23.57 s^-1 (relative 2.44e-02); incompressibility implies Lp_zz = 567.5, file has 591.1
    row 1723: trace(L^p) = -29.91 s^-1 (relative 3.06e-02); incompressibility implies Lp_zz = 540.1, file has 510.2
    row 1737: trace(L^p) = 27.86 s^-1 (relative 2.83e-02); incompressibility implies Lp_zz = 525.5, file has 553.4
    row 1754: trace(L^p) = 14.44 s^-1 (relative 1.40e-02); incompressibility implies Lp_zz = 519.1, file has 533.5
    row 1771: trace(L^p) = -18.28 s^-1 (relative 1.75e-02); incompressibility implies Lp_zz = 465.5, file has 447.3
    row 1836: trace(L^p) = 10.85 s^-1 (relative 1.03e-02); incompressibility implies Lp_zz = 440.8, file has 451.6
    row 1879: trace(L^p) = -28.58 s^-1 (relative 2.29e-02); incompressibility implies Lp_zz = 487.6, file has 459
    row 1913: trace(L^p) = -18.43 s^-1 (relative 1.37e-02); incompressibility implies Lp_zz = 548.8, file has 530.4
    ... and 20 more

data/raw/shear_50Mpa_4e13_1.43e12.csv
  243 problem(s) in 13389 rows:
    row 57: trace(L^p) = -15.83 s^-1 (relative 8.60e-02); incompressibility implies Lp_zz = 101.2, file has 85.41
    row 135: trace(L^p) = -18.36 s^-1 (relative 1.11e-01); incompressibility implies Lp_zz = 110.9, file has 92.52
    row 160: trace(L^p) = 33.66 s^-1 (relative 1.64e-01); incompressibility implies Lp_zz = 91.9, file has 125.6
    row 165: trace(L^p) = 4.68 s^-1 (relative 2.40e-02); incompressibility implies Lp_zz = 104.8, file has 109.5
    row 227: trace(L^p) = -14.27 s^-1 (relative 8.24e-02); incompressibility implies Lp_zz = 101.8, file has 87.48
    row 237: trace(L^p) = 2.351 s^-1 (relative 1.37e-02); incompressibility implies Lp_zz = 124.3, file has 126.6
    row 255: trace(L^p) = -2.537 s^-1 (relative 1.48e-02); incompressibility implies Lp_zz = 104.6, file has 102.1
    row 270: trace(L^p) = 8.27 s^-1 (relative 4.48e-02); incompressibility implies Lp_zz = 52.06, file has 60.33
    row 282: trace(L^p) = 2.766 s^-1 (relative 1.48e-02); incompressibility implies Lp_zz = 62.21, file has 64.98
    row 400: trace(L^p) = -13.69 s^-1 (relative 7.53e-02); incompressibility implies Lp_zz = 26.52, file has 12.83
    row 401: trace(L^p) = 30.51 s^-1 (relative 1.60e-01); incompressibility implies Lp_zz = 24.24, file has 54.75
    row 412: trace(L^p) = 23.27 s^-1 (relative 1.21e-01); incompressibility implies Lp_zz = -13.71, file has 9.564
    row 426: trace(L^p) = -30.06 s^-1 (relative 1.58e-01); incompressibility implies Lp_zz = 11.44, file has -18.63
    row 449: trace(L^p) = -20.16 s^-1 (relative 1.08e-01); incompressibility implies Lp_zz = -26.6, file has -46.76
    row 529: trace(L^p) = -56.27 s^-1 (relative 2.75e-01); incompressibility implies Lp_zz = 24.62, file has -31.65
    row 537: trace(L^p) = -11.56 s^-1 (relative 5.62e-02); incompressibility implies Lp_zz = -16.19, file has -27.76
    row 542: trace(L^p) = -2.587 s^-1 (relative 1.35e-02); incompressibility implies Lp_zz = -32.21, file has -34.79
    row 573: trace(L^p) = -25.08 s^-1 (relative 1.19e-01); incompressibility implies Lp_zz = 9.389, file has -15.69
    row 660: trace(L^p) = 19.73 s^-1 (relative 9.19e-02); incompressibility implies Lp_zz = 23.4, file has 43.13
    row 666: trace(L^p) = 26.6 s^-1 (relative 1.25e-01); incompressibility implies Lp_zz = -5.316, file has 21.28
    row 699: trace(L^p) = -14.01 s^-1 (relative 6.73e-02); incompressibility implies Lp_zz = 22.76, file has 8.745
    row 719: trace(L^p) = -4.55 s^-1 (relative 2.36e-02); incompressibility implies Lp_zz = 15.29, file has 10.74
    row 752: trace(L^p) = 47.86 s^-1 (relative 2.73e-01); incompressibility implies Lp_zz = -5.748, file has 42.11
    row 842: trace(L^p) = 6.437 s^-1 (relative 3.50e-02); incompressibility implies Lp_zz = -4.972, file has 1.465
    row 948: trace(L^p) = 41.3 s^-1 (relative 2.12e-01); incompressibility implies Lp_zz = -45.05, file has -3.757
    row 1009: trace(L^p) = 8.907 s^-1 (relative 4.69e-02); incompressibility implies Lp_zz = -18.69, file has -9.78
    row 1231: trace(L^p) = -21.99 s^-1 (relative 1.27e-01); incompressibility implies Lp_zz = -4.397, file has -26.38
    row 1256: trace(L^p) = -2.797 s^-1 (relative 1.39e-02); incompressibility implies Lp_zz = -63.62, file has -66.42
    row 1444: trace(L^p) = -3.571 s^-1 (relative 1.48e-02); incompressibility implies Lp_zz = -72.37, file has -75.94
    row 1476: trace(L^p) = 3.244 s^-1 (relative 1.79e-02); incompressibility implies Lp_zz = -44.82, file has -41.57
    row 1632: trace(L^p) = -22.52 s^-1 (relative 1.17e-01); incompressibility implies Lp_zz = -120.7, file has -143.2
    row 1636: trace(L^p) = 18.6 s^-1 (relative 7.02e-02); incompressibility implies Lp_zz = -202.4, file has -183.8
    row 2039: trace(L^p) = 7.199 s^-1 (relative 2.88e-02); incompressibility implies Lp_zz = -108.1, file has -100.9
    row 2171: trace(L^p) = 2.699 s^-1 (relative 1.35e-02); incompressibility implies Lp_zz = -47.26, file has -44.56
    row 2193: trace(L^p) = -84.34 s^-1 (relative 4.41e-01); incompressibility implies Lp_zz = -6.841, file has -91.18
    row 2209: trace(L^p) = -2.392 s^-1 (relative 1.20e-02); incompressibility implies Lp_zz = -50.7, file has -53.09
    row 2361: trace(L^p) = -4.542 s^-1 (relative 2.19e-02); incompressibility implies Lp_zz = -51.74, file has -56.28
    row 2481: trace(L^p) = 10.41 s^-1 (relative 5.58e-02); incompressibility implies Lp_zz = -61.62, file has -51.21
    row 2496: trace(L^p) = -5.631 s^-1 (relative 2.39e-02); incompressibility implies Lp_zz = -69.3, file has -74.93
    row 2646: trace(L^p) = 79.13 s^-1 (relative 3.35e-01); incompressibility implies Lp_zz = -92.66, file has -13.54
    ... and 203 more

data/raw/shear_50Mpa_4e13_2.055e12.csv
  1459 problem(s) in 16149 rows:
    row 102: trace(L^p) = -11.28 s^-1 (relative 4.75e-02); incompressibility implies Lp_zz = -48.29, file has -59.57
    row 110: trace(L^p) = -5.861 s^-1 (relative 2.28e-02); incompressibility implies Lp_zz = -88.89, file has -94.75
    row 111: trace(L^p) = -3.59 s^-1 (relative 1.47e-02); incompressibility implies Lp_zz = -41.09, file has -44.68
    row 113: trace(L^p) = 15.51 s^-1 (relative 6.30e-02); incompressibility implies Lp_zz = -70.94, file has -55.43
    row 135: trace(L^p) = 7.681 s^-1 (relative 2.81e-02); incompressibility implies Lp_zz = -55.31, file has -47.63
    row 142: trace(L^p) = 6.027 s^-1 (relative 2.12e-02); incompressibility implies Lp_zz = -53.27, file has -47.25
    row 150: trace(L^p) = -18.1 s^-1 (relative 5.63e-02); incompressibility implies Lp_zz = -41.7, file has -59.81
    row 222: trace(L^p) = 21.12 s^-1 (relative 8.94e-02); incompressibility implies Lp_zz = 19.64, file has 40.76
    row 310: trace(L^p) = 27.93 s^-1 (relative 1.26e-01); incompressibility implies Lp_zz = 33.71, file has 61.64
    row 333: trace(L^p) = -35.63 s^-1 (relative 1.87e-01); incompressibility implies Lp_zz = 37.64, file has 2.02
    row 437: trace(L^p) = 11.01 s^-1 (relative 5.60e-02); incompressibility implies Lp_zz = 14.62, file has 25.63
    row 462: trace(L^p) = -130.4 s^-1 (relative 5.37e-01); incompressibility implies Lp_zz = 111, file has -19.42
    row 477: trace(L^p) = -5.14 s^-1 (relative 3.11e-02); incompressibility implies Lp_zz = 22.04, file has 16.9
    row 478: trace(L^p) = 6.044 s^-1 (relative 2.64e-02); incompressibility implies Lp_zz = 50.15, file has 56.2
    row 480: trace(L^p) = 3.162 s^-1 (relative 1.50e-02); incompressibility implies Lp_zz = 25.29, file has 28.45
    row 527: trace(L^p) = 3.723 s^-1 (relative 1.72e-02); incompressibility implies Lp_zz = 28.35, file has 32.07
    row 568: trace(L^p) = 15.01 s^-1 (relative 7.64e-02); incompressibility implies Lp_zz = 34.27, file has 49.28
    row 968: trace(L^p) = 5.17 s^-1 (relative 2.61e-02); incompressibility implies Lp_zz = -53.73, file has -48.56
    row 1051: trace(L^p) = -4.122 s^-1 (relative 2.02e-02); incompressibility implies Lp_zz = 7.8, file has 3.678
    row 1067: trace(L^p) = -2.077 s^-1 (relative 1.09e-02); incompressibility implies Lp_zz = 1.609, file has -0.4682
    row 1075: trace(L^p) = -2.692 s^-1 (relative 1.74e-02); incompressibility implies Lp_zz = 123, file has 120.3
    row 1091: trace(L^p) = -2.074 s^-1 (relative 1.15e-02); incompressibility implies Lp_zz = 1.509, file has -0.5644
    row 1181: trace(L^p) = -20.93 s^-1 (relative 1.06e-01); incompressibility implies Lp_zz = 68.04, file has 47.11
    row 1198: trace(L^p) = -2.173 s^-1 (relative 1.28e-02); incompressibility implies Lp_zz = 45.58, file has 43.4
    row 1199: trace(L^p) = 2.644 s^-1 (relative 1.33e-02); incompressibility implies Lp_zz = -3.652, file has -1.008
    row 1310: trace(L^p) = -11.53 s^-1 (relative 5.28e-02); incompressibility implies Lp_zz = 22.35, file has 10.82
    row 1355: trace(L^p) = -6.702 s^-1 (relative 2.62e-02); incompressibility implies Lp_zz = 32.08, file has 25.38
    row 1405: trace(L^p) = -24.44 s^-1 (relative 9.52e-02); incompressibility implies Lp_zz = 35.57, file has 11.13
    row 1414: trace(L^p) = 5.314 s^-1 (relative 2.26e-02); incompressibility implies Lp_zz = 29.53, file has 34.85
    row 1613: trace(L^p) = -12.44 s^-1 (relative 6.25e-02); incompressibility implies Lp_zz = 73.43, file has 60.99
    row 1623: trace(L^p) = 23.73 s^-1 (relative 1.21e-01); incompressibility implies Lp_zz = 41.36, file has 65.09
    row 1627: trace(L^p) = -11.46 s^-1 (relative 5.78e-02); incompressibility implies Lp_zz = 74, file has 62.54
    row 1693: trace(L^p) = 16.73 s^-1 (relative 8.32e-02); incompressibility implies Lp_zz = 56.03, file has 72.76
    row 1770: trace(L^p) = -24.05 s^-1 (relative 1.10e-01); incompressibility implies Lp_zz = 85.28, file has 61.23
    row 1780: trace(L^p) = 4.633 s^-1 (relative 2.46e-02); incompressibility implies Lp_zz = 54.61, file has 59.24
    row 1826: trace(L^p) = -10.58 s^-1 (relative 4.97e-02); incompressibility implies Lp_zz = 27.58, file has 17
    row 1988: trace(L^p) = 1.943 s^-1 (relative 1.09e-02); incompressibility implies Lp_zz = 60.98, file has 62.92
    row 2157: trace(L^p) = -41.84 s^-1 (relative 1.91e-01); incompressibility implies Lp_zz = 56.38, file has 14.54
    row 2182: trace(L^p) = -56.31 s^-1 (relative 3.10e-01); incompressibility implies Lp_zz = 78.07, file has 21.76
    row 2259: trace(L^p) = -16.79 s^-1 (relative 7.69e-02); incompressibility implies Lp_zz = 13.42, file has -3.372
    ... and 1419 more

data/raw/shear_50Mpa_4e13_9.5668e11.csv
  252 problem(s) in 13249 rows:
    row 93: trace(L^p) = 22.91 s^-1 (relative 1.51e-01); incompressibility implies Lp_zz = -22.25, file has 0.6637
    row 203: trace(L^p) = 30.7 s^-1 (relative 2.61e-01); incompressibility implies Lp_zz = 0.705, file has 31.41
    row 227: trace(L^p) = -13.92 s^-1 (relative 1.01e-01); incompressibility implies Lp_zz = 6.094, file has -7.829
    row 261: trace(L^p) = -1.922 s^-1 (relative 1.13e-02); incompressibility implies Lp_zz = 16.9, file has 14.98
    row 268: trace(L^p) = -10.49 s^-1 (relative 5.36e-02); incompressibility implies Lp_zz = 18.57, file has 8.081
    row 388: trace(L^p) = 3.065 s^-1 (relative 1.46e-02); incompressibility implies Lp_zz = 3.736, file has 6.801
    row 428: trace(L^p) = 43.42 s^-1 (relative 2.07e-01); incompressibility implies Lp_zz = -0.9573, file has 42.46
    row 651: trace(L^p) = 43.4 s^-1 (relative 2.78e-01); incompressibility implies Lp_zz = -11.32, file has 32.08
    row 718: trace(L^p) = -2.13 s^-1 (relative 1.32e-02); incompressibility implies Lp_zz = 12.63, file has 10.5
    row 777: trace(L^p) = -4.185 s^-1 (relative 2.87e-02); incompressibility implies Lp_zz = -11.93, file has -16.11
    row 874: trace(L^p) = -3.825 s^-1 (relative 2.06e-02); incompressibility implies Lp_zz = 30.86, file has 27.03
    row 875: trace(L^p) = 2.243 s^-1 (relative 1.24e-02); incompressibility implies Lp_zz = 18.13, file has 20.38
    row 886: trace(L^p) = -25.17 s^-1 (relative 1.40e-01); incompressibility implies Lp_zz = 36.38, file has 11.21
    row 898: trace(L^p) = 3.989 s^-1 (relative 2.43e-02); incompressibility implies Lp_zz = 28.45, file has 32.44
    row 900: trace(L^p) = -1.971 s^-1 (relative 1.12e-02); incompressibility implies Lp_zz = 22.21, file has 20.24
    row 923: trace(L^p) = 40.54 s^-1 (relative 2.23e-01); incompressibility implies Lp_zz = -5.254, file has 35.28
    row 946: trace(L^p) = 2.517 s^-1 (relative 1.41e-02); incompressibility implies Lp_zz = 32.32, file has 34.84
    row 1131: trace(L^p) = 31.21 s^-1 (relative 1.38e-01); incompressibility implies Lp_zz = 23.78, file has 54.99
    row 1212: trace(L^p) = 2.619 s^-1 (relative 1.27e-02); incompressibility implies Lp_zz = 48.69, file has 51.3
    row 1266: trace(L^p) = -3.345 s^-1 (relative 1.49e-02); incompressibility implies Lp_zz = 53.83, file has 50.49
    row 1275: trace(L^p) = 4.068 s^-1 (relative 1.91e-02); incompressibility implies Lp_zz = 46.05, file has 50.12
    row 1291: trace(L^p) = 33.87 s^-1 (relative 1.37e-01); incompressibility implies Lp_zz = 17.53, file has 51.4
    row 1344: trace(L^p) = 8.552 s^-1 (relative 3.35e-02); incompressibility implies Lp_zz = 64.83, file has 73.38
    row 1349: trace(L^p) = -3.889 s^-1 (relative 1.49e-02); incompressibility implies Lp_zz = 89.91, file has 86.02
    row 1360: trace(L^p) = -3.682 s^-1 (relative 1.50e-02); incompressibility implies Lp_zz = 78.19, file has 74.51
    row 1474: trace(L^p) = -35.05 s^-1 (relative 1.30e-01); incompressibility implies Lp_zz = 137.5, file has 102.4
    row 1609: trace(L^p) = 3.267 s^-1 (relative 1.11e-02); incompressibility implies Lp_zz = 46.04, file has 49.31
    row 1673: trace(L^p) = -35.67 s^-1 (relative 1.37e-01); incompressibility implies Lp_zz = 126.8, file has 91.16
    row 1842: trace(L^p) = -20.26 s^-1 (relative 6.94e-02); incompressibility implies Lp_zz = 66.73, file has 46.47
    row 1875: trace(L^p) = -36.73 s^-1 (relative 1.41e-01); incompressibility implies Lp_zz = 75.38, file has 38.65
    row 2004: trace(L^p) = -3.706 s^-1 (relative 1.30e-02); incompressibility implies Lp_zz = 73.62, file has 69.92
    row 2077: trace(L^p) = 45.72 s^-1 (relative 1.52e-01); incompressibility implies Lp_zz = 6.241, file has 51.96
    row 2080: trace(L^p) = 6.422 s^-1 (relative 1.94e-02); incompressibility implies Lp_zz = 51.12, file has 57.54
    row 2097: trace(L^p) = 40.31 s^-1 (relative 1.36e-01); incompressibility implies Lp_zz = 12.44, file has 52.75
    row 2238: trace(L^p) = -24.87 s^-1 (relative 9.57e-02); incompressibility implies Lp_zz = 134.9, file has 110
    row 2468: trace(L^p) = 45.9 s^-1 (relative 1.35e-01); incompressibility implies Lp_zz = 84.13, file has 130
    row 2513: trace(L^p) = 12.39 s^-1 (relative 3.66e-02); incompressibility implies Lp_zz = 79.05, file has 91.44
    row 2540: trace(L^p) = 3.189 s^-1 (relative 1.07e-02); incompressibility implies Lp_zz = 136.3, file has 139.5
    row 2627: trace(L^p) = -25.14 s^-1 (relative 7.96e-02); incompressibility implies Lp_zz = 152.7, file has 127.6
    row 2777: trace(L^p) = 6.246 s^-1 (relative 1.95e-02); incompressibility implies Lp_zz = 138.4, file has 144.6
    ... and 212 more

data/raw/shear_50Mpa_6e13_1.43e12.csv
  140 problem(s) in 8122 rows:
    row 58: trace(L^p) = -14.99 s^-1 (relative 7.11e-02); incompressibility implies Lp_zz = 35.78, file has 20.79
    row 79: trace(L^p) = -3.646 s^-1 (relative 1.74e-02); incompressibility implies Lp_zz = 14.31, file has 10.66
    row 127: trace(L^p) = -8.369 s^-1 (relative 3.78e-02); incompressibility implies Lp_zz = 60.69, file has 52.32
    row 135: trace(L^p) = -22.54 s^-1 (relative 1.03e-01); incompressibility implies Lp_zz = 72.9, file has 50.36
    row 147: trace(L^p) = 5.196 s^-1 (relative 2.31e-02); incompressibility implies Lp_zz = 65.4, file has 70.59
    row 156: trace(L^p) = 25.99 s^-1 (relative 1.07e-01); incompressibility implies Lp_zz = 30.4, file has 56.38
    row 170: trace(L^p) = 19.08 s^-1 (relative 7.84e-02); incompressibility implies Lp_zz = 31.73, file has 50.81
    row 171: trace(L^p) = 38.91 s^-1 (relative 1.59e-01); incompressibility implies Lp_zz = 43.19, file has 82.1
    row 369: trace(L^p) = -31.2 s^-1 (relative 1.16e-01); incompressibility implies Lp_zz = 19.27, file has -11.93
    row 395: trace(L^p) = -18.13 s^-1 (relative 6.19e-02); incompressibility implies Lp_zz = 2.208, file has -15.92
    row 414: trace(L^p) = 21.81 s^-1 (relative 8.25e-02); incompressibility implies Lp_zz = -27.17, file has -5.36
    row 438: trace(L^p) = -4.601 s^-1 (relative 1.78e-02); incompressibility implies Lp_zz = -36.52, file has -41.13
    row 490: trace(L^p) = -36.45 s^-1 (relative 1.17e-01); incompressibility implies Lp_zz = -50.79, file has -87.24
    row 562: trace(L^p) = -31.47 s^-1 (relative 1.01e-01); incompressibility implies Lp_zz = 13.28, file has -18.19
    row 681: trace(L^p) = 15.11 s^-1 (relative 4.14e-02); incompressibility implies Lp_zz = -106, file has -90.89
    row 864: trace(L^p) = 30.36 s^-1 (relative 1.06e-01); incompressibility implies Lp_zz = -57.86, file has -27.5
    row 1041: trace(L^p) = -12.2 s^-1 (relative 3.82e-02); incompressibility implies Lp_zz = -51.39, file has -63.58
    row 1078: trace(L^p) = 14.56 s^-1 (relative 4.41e-02); incompressibility implies Lp_zz = -95.7, file has -81.14
    row 1099: trace(L^p) = 10.39 s^-1 (relative 2.69e-02); incompressibility implies Lp_zz = -109.2, file has -98.76
    row 1100: trace(L^p) = -27.22 s^-1 (relative 7.22e-02); incompressibility implies Lp_zz = -116.3, file has -143.5
    row 1110: trace(L^p) = 33.45 s^-1 (relative 9.66e-02); incompressibility implies Lp_zz = -105.6, file has -72.17
    row 1133: trace(L^p) = -7.264 s^-1 (relative 2.19e-02); incompressibility implies Lp_zz = -30.05, file has -37.31
    row 1170: trace(L^p) = -14.05 s^-1 (relative 4.36e-02); incompressibility implies Lp_zz = -102.4, file has -116.4
    row 1202: trace(L^p) = 4.473 s^-1 (relative 1.30e-02); incompressibility implies Lp_zz = -110.5, file has -106
    row 1242: trace(L^p) = 32.44 s^-1 (relative 8.80e-02); incompressibility implies Lp_zz = -120.7, file has -88.22
    row 1249: trace(L^p) = 4.447 s^-1 (relative 1.22e-02); incompressibility implies Lp_zz = -89.63, file has -85.18
    row 1289: trace(L^p) = -8.556 s^-1 (relative 2.39e-02); incompressibility implies Lp_zz = -131.7, file has -140.3
    row 1293: trace(L^p) = -41.5 s^-1 (relative 1.20e-01); incompressibility implies Lp_zz = -110.1, file has -151.6
    row 1336: trace(L^p) = 20.23 s^-1 (relative 6.02e-02); incompressibility implies Lp_zz = -173.1, file has -152.8
    row 1399: trace(L^p) = 5.501 s^-1 (relative 1.67e-02); incompressibility implies Lp_zz = -115.4, file has -109.9
    row 1449: trace(L^p) = 40.76 s^-1 (relative 1.25e-01); incompressibility implies Lp_zz = -62.79, file has -22.03
    row 1573: trace(L^p) = 33.22 s^-1 (relative 8.77e-02); incompressibility implies Lp_zz = -53.23, file has -20.01
    row 1662: trace(L^p) = 6.824 s^-1 (relative 1.85e-02); incompressibility implies Lp_zz = -102.3, file has -95.52
    row 1752: trace(L^p) = -31.33 s^-1 (relative 8.47e-02); incompressibility implies Lp_zz = -110.3, file has -141.6
    row 1780: trace(L^p) = 5.182 s^-1 (relative 1.15e-02); incompressibility implies Lp_zz = -231.9, file has -226.7
    row 1781: trace(L^p) = -9.392 s^-1 (relative 2.82e-02); incompressibility implies Lp_zz = -3.57, file has -12.96
    row 1782: trace(L^p) = 10.34 s^-1 (relative 3.05e-02); incompressibility implies Lp_zz = -55.15, file has -44.81
    row 1783: trace(L^p) = -7.747 s^-1 (relative 2.27e-02); incompressibility implies Lp_zz = -107.6, file has -115.4
    row 1790: trace(L^p) = 5.532 s^-1 (relative 1.40e-02); incompressibility implies Lp_zz = -153.5, file has -147.9
    row 1791: trace(L^p) = -29.95 s^-1 (relative 6.42e-02); incompressibility implies Lp_zz = -151.6, file has -181.6
    ... and 100 more

data/raw/shear_50Mpa_6e13_2.055e12.csv
  156 problem(s) in 8780 rows:
    row 90: trace(L^p) = -7.014 s^-1 (relative 3.76e-02); incompressibility implies Lp_zz = -113.7, file has -120.7
    row 176: trace(L^p) = -10.41 s^-1 (relative 3.59e-02); incompressibility implies Lp_zz = 24.28, file has 13.87
    row 190: trace(L^p) = -191.5 s^-1 (relative 6.81e-01); incompressibility implies Lp_zz = 83.83, file has -107.7
    row 210: trace(L^p) = 2.826 s^-1 (relative 1.05e-02); incompressibility implies Lp_zz = 11.95, file has 14.77
    row 220: trace(L^p) = -44.99 s^-1 (relative 1.58e-01); incompressibility implies Lp_zz = -32.08, file has -77.07
    row 222: trace(L^p) = 20.15 s^-1 (relative 6.13e-02); incompressibility implies Lp_zz = -48.94, file has -28.79
    row 232: trace(L^p) = 6.856 s^-1 (relative 1.76e-02); incompressibility implies Lp_zz = 15.35, file has 22.21
    row 289: trace(L^p) = -302.8 s^-1 (relative 5.49e-01); incompressibility implies Lp_zz = 248, file has -54.77
    row 376: trace(L^p) = 9.661 s^-1 (relative 2.79e-02); incompressibility implies Lp_zz = 6.859, file has 16.52
    row 648: trace(L^p) = -41.89 s^-1 (relative 1.32e-01); incompressibility implies Lp_zz = 73.88, file has 31.99
    row 666: trace(L^p) = 10.04 s^-1 (relative 3.00e-02); incompressibility implies Lp_zz = 71.35, file has 81.39
    row 678: trace(L^p) = 24.89 s^-1 (relative 7.43e-02); incompressibility implies Lp_zz = 59.42, file has 84.31
    row 693: trace(L^p) = 4.231 s^-1 (relative 1.42e-02); incompressibility implies Lp_zz = 50.39, file has 54.62
    row 721: trace(L^p) = -14.66 s^-1 (relative 5.15e-02); incompressibility implies Lp_zz = 12.54, file has -2.116
    row 725: trace(L^p) = 48.67 s^-1 (relative 1.62e-01); incompressibility implies Lp_zz = 4.342, file has 53.02
    row 732: trace(L^p) = -4.261 s^-1 (relative 1.46e-02); incompressibility implies Lp_zz = 44.65, file has 40.39
    row 798: trace(L^p) = 22.27 s^-1 (relative 7.62e-02); incompressibility implies Lp_zz = -69.56, file has -47.29
    row 809: trace(L^p) = -13.56 s^-1 (relative 4.96e-02); incompressibility implies Lp_zz = -5.371, file has -18.94
    row 849: trace(L^p) = 3.391 s^-1 (relative 1.09e-02); incompressibility implies Lp_zz = 1.86, file has 5.251
    row 932: trace(L^p) = 27.45 s^-1 (relative 9.84e-02); incompressibility implies Lp_zz = 31.58, file has 59.03
    row 1008: trace(L^p) = 4.555 s^-1 (relative 1.60e-02); incompressibility implies Lp_zz = 16.27, file has 20.83
    row 1074: trace(L^p) = 11.1 s^-1 (relative 3.76e-02); incompressibility implies Lp_zz = 41.43, file has 52.53
    row 1093: trace(L^p) = 13.14 s^-1 (relative 4.70e-02); incompressibility implies Lp_zz = 48.76, file has 61.9
    row 1133: trace(L^p) = 6.077 s^-1 (relative 1.96e-02); incompressibility implies Lp_zz = 3.269, file has 9.345
    row 1255: trace(L^p) = 28.41 s^-1 (relative 9.41e-02); incompressibility implies Lp_zz = 52.27, file has 80.68
    row 1360: trace(L^p) = -8.495 s^-1 (relative 2.73e-02); incompressibility implies Lp_zz = 87.75, file has 79.26
    row 1397: trace(L^p) = 109.9 s^-1 (relative 3.10e-01); incompressibility implies Lp_zz = -13.61, file has 96.24
    row 1456: trace(L^p) = -11.93 s^-1 (relative 3.92e-02); incompressibility implies Lp_zz = 109.2, file has 97.25
    row 1726: trace(L^p) = 41.54 s^-1 (relative 1.26e-01); incompressibility implies Lp_zz = 10.18, file has 51.73
    row 1741: trace(L^p) = 23.5 s^-1 (relative 5.18e-02); incompressibility implies Lp_zz = -78.25, file has -54.76
    row 1926: trace(L^p) = -32.11 s^-1 (relative 1.08e-01); incompressibility implies Lp_zz = 58.22, file has 26.11
    row 1949: trace(L^p) = -9.144 s^-1 (relative 2.88e-02); incompressibility implies Lp_zz = 42.29, file has 33.14
    row 2018: trace(L^p) = 16.83 s^-1 (relative 5.05e-02); incompressibility implies Lp_zz = 13.1, file has 29.92
    row 2078: trace(L^p) = -13.45 s^-1 (relative 4.70e-02); incompressibility implies Lp_zz = 50.51, file has 37.06
    row 2099: trace(L^p) = 50.99 s^-1 (relative 1.80e-01); incompressibility implies Lp_zz = 43.89, file has 94.88
    row 2179: trace(L^p) = -10.92 s^-1 (relative 3.45e-02); incompressibility implies Lp_zz = 76.8, file has 65.88
    row 2262: trace(L^p) = -4.164 s^-1 (relative 1.34e-02); incompressibility implies Lp_zz = 186.5, file has 182.3
    row 2320: trace(L^p) = 5.591 s^-1 (relative 1.73e-02); incompressibility implies Lp_zz = 145.4, file has 151
    row 2330: trace(L^p) = -12.85 s^-1 (relative 4.04e-02); incompressibility implies Lp_zz = 162.6, file has 149.7
    row 2380: trace(L^p) = -29.34 s^-1 (relative 8.48e-02); incompressibility implies Lp_zz = 163.2, file has 133.9
    ... and 116 more

data/raw/shear_50Mpa_6e13_9.5668e11.csv
  128 problem(s) in 8852 rows:
    row 93: trace(L^p) = 22.47 s^-1 (relative 1.52e-01); incompressibility implies Lp_zz = -22.3, file has 0.1771
    row 255: trace(L^p) = -3.103 s^-1 (relative 1.31e-02); incompressibility implies Lp_zz = 31.48, file has 28.38
    row 264: trace(L^p) = -10.28 s^-1 (relative 4.12e-02); incompressibility implies Lp_zz = 13.81, file has 3.534
    row 337: trace(L^p) = 3.159 s^-1 (relative 1.17e-02); incompressibility implies Lp_zz = 6.305, file has 9.464
    row 438: trace(L^p) = 10.21 s^-1 (relative 3.59e-02); incompressibility implies Lp_zz = 27.01, file has 37.21
    row 640: trace(L^p) = -18.75 s^-1 (relative 7.14e-02); incompressibility implies Lp_zz = 27.61, file has 8.863
    row 696: trace(L^p) = 9.09 s^-1 (relative 3.67e-02); incompressibility implies Lp_zz = 25.71, file has 34.8
    row 708: trace(L^p) = 19.03 s^-1 (relative 7.68e-02); incompressibility implies Lp_zz = 2.789, file has 21.82
    row 716: trace(L^p) = -5.61 s^-1 (relative 2.21e-02); incompressibility implies Lp_zz = 18.52, file has 12.91
    row 829: trace(L^p) = 3.37 s^-1 (relative 1.25e-02); incompressibility implies Lp_zz = 47.26, file has 50.63
    row 928: trace(L^p) = -12.12 s^-1 (relative 3.55e-02); incompressibility implies Lp_zz = 114.3, file has 102.1
    row 990: trace(L^p) = 10.78 s^-1 (relative 3.08e-02); incompressibility implies Lp_zz = 130.7, file has 141.5
    row 1038: trace(L^p) = -6.152 s^-1 (relative 1.59e-02); incompressibility implies Lp_zz = 120.7, file has 114.6
    row 1056: trace(L^p) = -5.079 s^-1 (relative 1.24e-02); incompressibility implies Lp_zz = 133.8, file has 128.7
    row 1057: trace(L^p) = -23.03 s^-1 (relative 5.76e-02); incompressibility implies Lp_zz = 144.1, file has 121
    row 1156: trace(L^p) = 4.544 s^-1 (relative 1.19e-02); incompressibility implies Lp_zz = 131, file has 135.5
    row 1174: trace(L^p) = -21.07 s^-1 (relative 5.18e-02); incompressibility implies Lp_zz = 150.5, file has 129.4
    row 1254: trace(L^p) = 12.7 s^-1 (relative 3.34e-02); incompressibility implies Lp_zz = 77.26, file has 89.96
    row 1273: trace(L^p) = -12.46 s^-1 (relative 3.11e-02); incompressibility implies Lp_zz = 98.7, file has 86.24
    row 1306: trace(L^p) = -14.2 s^-1 (relative 3.50e-02); incompressibility implies Lp_zz = 98.55, file has 84.35
    row 1376: trace(L^p) = 12.57 s^-1 (relative 3.13e-02); incompressibility implies Lp_zz = 101.9, file has 114.4
    row 1456: trace(L^p) = 19.73 s^-1 (relative 5.07e-02); incompressibility implies Lp_zz = 151.2, file has 171
    row 1519: trace(L^p) = 8.959 s^-1 (relative 2.02e-02); incompressibility implies Lp_zz = 198.3, file has 207.3
    row 1520: trace(L^p) = -12.53 s^-1 (relative 2.96e-02); incompressibility implies Lp_zz = 210.4, file has 197.9
    row 1550: trace(L^p) = -12.63 s^-1 (relative 2.99e-02); incompressibility implies Lp_zz = 193.8, file has 181.2
    row 1559: trace(L^p) = -8.647 s^-1 (relative 2.00e-02); incompressibility implies Lp_zz = 219.2, file has 210.5
    row 1581: trace(L^p) = 18.6 s^-1 (relative 4.66e-02); incompressibility implies Lp_zz = 209.2, file has 227.8
    row 1605: trace(L^p) = 9.223 s^-1 (relative 2.24e-02); incompressibility implies Lp_zz = 231.8, file has 241
    row 1619: trace(L^p) = 28.77 s^-1 (relative 7.45e-02); incompressibility implies Lp_zz = 174.9, file has 203.7
    row 1842: trace(L^p) = 16.27 s^-1 (relative 2.78e-02); incompressibility implies Lp_zz = 315, file has 331.2
    row 1844: trace(L^p) = 31.64 s^-1 (relative 5.39e-02); incompressibility implies Lp_zz = 311.5, file has 343.2
    row 1849: trace(L^p) = -22.28 s^-1 (relative 3.72e-02); incompressibility implies Lp_zz = 307.3, file has 285
    row 1867: trace(L^p) = -29.16 s^-1 (relative 5.15e-02); incompressibility implies Lp_zz = 378.8, file has 349.6
    row 1870: trace(L^p) = -13.02 s^-1 (relative 2.24e-02); incompressibility implies Lp_zz = 312.8, file has 299.8
    row 2056: trace(L^p) = 7.502 s^-1 (relative 1.10e-02); incompressibility implies Lp_zz = 376.9, file has 384.4
    row 2099: trace(L^p) = -19.06 s^-1 (relative 2.87e-02); incompressibility implies Lp_zz = 357.6, file has 338.6
    row 2111: trace(L^p) = 11.18 s^-1 (relative 1.65e-02); incompressibility implies Lp_zz = 342.2, file has 353.4
    row 2115: trace(L^p) = 22.11 s^-1 (relative 3.17e-02); incompressibility implies Lp_zz = 276.4, file has 298.5
    row 2207: trace(L^p) = 44.15 s^-1 (relative 5.80e-02); incompressibility implies Lp_zz = 273.5, file has 317.7
    row 2225: trace(L^p) = -27.56 s^-1 (relative 3.79e-02); incompressibility implies Lp_zz = 350.6, file has 323
    ... and 88 more

data/raw/shear_50Mpa_8e13_1.43e12.csv
  91 problem(s) in 6363 rows:
    row 108: trace(L^p) = -7.337 s^-1 (relative 3.08e-02); incompressibility implies Lp_zz = 62.89, file has 55.55
    row 129: trace(L^p) = 45.88 s^-1 (relative 1.70e-01); incompressibility implies Lp_zz = 28.24, file has 74.12
    row 135: trace(L^p) = -6.839 s^-1 (relative 2.52e-02); incompressibility implies Lp_zz = 44.83, file has 38
    row 157: trace(L^p) = -4.958 s^-1 (relative 1.63e-02); incompressibility implies Lp_zz = 8.696, file has 3.738
    row 162: trace(L^p) = 37.49 s^-1 (relative 1.15e-01); incompressibility implies Lp_zz = -1.535, file has 35.96
    row 304: trace(L^p) = -32.42 s^-1 (relative 8.99e-02); incompressibility implies Lp_zz = 39.65, file has 7.225
    row 440: trace(L^p) = -69.77 s^-1 (relative 1.91e-01); incompressibility implies Lp_zz = 67.44, file has -2.33
    row 446: trace(L^p) = -46.85 s^-1 (relative 1.46e-01); incompressibility implies Lp_zz = 73.19, file has 26.34
    row 452: trace(L^p) = 28.11 s^-1 (relative 7.18e-02); incompressibility implies Lp_zz = -8.429, file has 19.68
    row 465: trace(L^p) = 4.216 s^-1 (relative 1.09e-02); incompressibility implies Lp_zz = 11.02, file has 15.24
    row 498: trace(L^p) = 10.51 s^-1 (relative 2.70e-02); incompressibility implies Lp_zz = 4.254, file has 14.76
    row 558: trace(L^p) = -9.064 s^-1 (relative 2.06e-02); incompressibility implies Lp_zz = -20.06, file has -29.12
    row 580: trace(L^p) = -30.21 s^-1 (relative 7.22e-02); incompressibility implies Lp_zz = 3.783, file has -26.43
    row 597: trace(L^p) = 22.58 s^-1 (relative 5.87e-02); incompressibility implies Lp_zz = -28.19, file has -5.605
    row 605: trace(L^p) = -20.13 s^-1 (relative 5.20e-02); incompressibility implies Lp_zz = -29.15, file has -49.28
    row 757: trace(L^p) = -7.841 s^-1 (relative 2.07e-02); incompressibility implies Lp_zz = -67.71, file has -75.55
    row 760: trace(L^p) = -7.714 s^-1 (relative 1.96e-02); incompressibility implies Lp_zz = -70.87, file has -78.58
    row 762: trace(L^p) = 7.231 s^-1 (relative 1.87e-02); incompressibility implies Lp_zz = -81.47, file has -74.24
    row 801: trace(L^p) = -36.93 s^-1 (relative 9.23e-02); incompressibility implies Lp_zz = -35.62, file has -72.54
    row 886: trace(L^p) = 29.89 s^-1 (relative 7.49e-02); incompressibility implies Lp_zz = -74.14, file has -44.24
    row 908: trace(L^p) = 13.25 s^-1 (relative 3.37e-02); incompressibility implies Lp_zz = -64.35, file has -51.11
    row 925: trace(L^p) = -11.22 s^-1 (relative 2.72e-02); incompressibility implies Lp_zz = -30.9, file has -42.12
    row 966: trace(L^p) = 94.34 s^-1 (relative 2.13e-01); incompressibility implies Lp_zz = -144.2, file has -49.91
    row 973: trace(L^p) = -16 s^-1 (relative 3.24e-02); incompressibility implies Lp_zz = -109.1, file has -125.1
    row 1005: trace(L^p) = -59.8 s^-1 (relative 1.43e-01); incompressibility implies Lp_zz = -12.85, file has -72.66
    row 1007: trace(L^p) = 12.24 s^-1 (relative 2.79e-02); incompressibility implies Lp_zz = -54.86, file has -42.62
    row 1067: trace(L^p) = 92 s^-1 (relative 2.18e-01); incompressibility implies Lp_zz = -207.7, file has -115.7
    row 1088: trace(L^p) = -63.57 s^-1 (relative 1.40e-01); incompressibility implies Lp_zz = -69.39, file has -133
    row 1105: trace(L^p) = -9.185 s^-1 (relative 1.95e-02); incompressibility implies Lp_zz = -132.5, file has -141.6
    row 1112: trace(L^p) = -15.37 s^-1 (relative 3.08e-02); incompressibility implies Lp_zz = -134.5, file has -149.9
    row 1266: trace(L^p) = 89.27 s^-1 (relative 1.84e-01); incompressibility implies Lp_zz = -192.1, file has -102.8
    row 1333: trace(L^p) = 72.65 s^-1 (relative 1.39e-01); incompressibility implies Lp_zz = -187.5, file has -114.9
    row 1401: trace(L^p) = -6.551 s^-1 (relative 1.33e-02); incompressibility implies Lp_zz = -133.8, file has -140.3
    row 1462: trace(L^p) = 34.24 s^-1 (relative 6.58e-02); incompressibility implies Lp_zz = -143.5, file has -109.2
    row 1535: trace(L^p) = -5.846 s^-1 (relative 1.02e-02); incompressibility implies Lp_zz = -143.2, file has -149
    row 1578: trace(L^p) = 7.542 s^-1 (relative 1.30e-02); incompressibility implies Lp_zz = -187.4, file has -179.9
    row 1582: trace(L^p) = 8.378 s^-1 (relative 1.47e-02); incompressibility implies Lp_zz = -195.8, file has -187.4
    row 1675: trace(L^p) = -30.55 s^-1 (relative 4.40e-02); incompressibility implies Lp_zz = -187.9, file has -218.4
    row 1689: trace(L^p) = -9.494 s^-1 (relative 1.42e-02); incompressibility implies Lp_zz = -217.9, file has -227.4
    row 1718: trace(L^p) = 8.737 s^-1 (relative 1.24e-02); incompressibility implies Lp_zz = -227.5, file has -218.7
    ... and 51 more

data/raw/shear_50Mpa_8e13_2.055e12.csv
  133 problem(s) in 5897 rows:
    row 104: trace(L^p) = -15.32 s^-1 (relative 3.90e-02); incompressibility implies Lp_zz = -45.91, file has -61.22
    row 108: trace(L^p) = -11.03 s^-1 (relative 2.88e-02); incompressibility implies Lp_zz = -26.61, file has -37.64
    row 116: trace(L^p) = 5.377 s^-1 (relative 1.46e-02); incompressibility implies Lp_zz = -52.71, file has -47.33
    row 139: trace(L^p) = 8.694 s^-1 (relative 1.80e-02); incompressibility implies Lp_zz = -42.58, file has -33.88
    row 146: trace(L^p) = 44.47 s^-1 (relative 8.36e-02); incompressibility implies Lp_zz = -89.76, file has -45.29
    row 151: trace(L^p) = -20.11 s^-1 (relative 3.64e-02); incompressibility implies Lp_zz = 8.588, file has -11.53
    row 164: trace(L^p) = 29.12 s^-1 (relative 5.43e-02); incompressibility implies Lp_zz = -91.12, file has -62.01
    row 230: trace(L^p) = -21.78 s^-1 (relative 4.78e-02); incompressibility implies Lp_zz = -12.64, file has -34.42
    row 233: trace(L^p) = 10.17 s^-1 (relative 2.21e-02); incompressibility implies Lp_zz = -54.06, file has -43.89
    row 239: trace(L^p) = -4.587 s^-1 (relative 1.06e-02); incompressibility implies Lp_zz = -20.15, file has -24.73
    row 255: trace(L^p) = -42.45 s^-1 (relative 9.97e-02); incompressibility implies Lp_zz = 48.1, file has 5.65
    row 313: trace(L^p) = -5.382 s^-1 (relative 1.37e-02); incompressibility implies Lp_zz = 98.19, file has 92.81
    row 321: trace(L^p) = -36.38 s^-1 (relative 1.04e-01); incompressibility implies Lp_zz = 138.1, file has 101.7
    row 364: trace(L^p) = 29.62 s^-1 (relative 7.60e-02); incompressibility implies Lp_zz = 70.6, file has 100.2
    row 373: trace(L^p) = 13.77 s^-1 (relative 3.52e-02); incompressibility implies Lp_zz = 55.8, file has 69.58
    row 381: trace(L^p) = 35.18 s^-1 (relative 7.84e-02); incompressibility implies Lp_zz = 22.52, file has 57.7
    row 421: trace(L^p) = 9.862 s^-1 (relative 2.36e-02); incompressibility implies Lp_zz = 73.63, file has 83.49
    row 462: trace(L^p) = -5.688 s^-1 (relative 1.57e-02); incompressibility implies Lp_zz = 118.3, file has 112.6
    row 476: trace(L^p) = -26.42 s^-1 (relative 6.95e-02); incompressibility implies Lp_zz = 133.8, file has 107.3
    row 511: trace(L^p) = -21.26 s^-1 (relative 5.62e-02); incompressibility implies Lp_zz = 124.7, file has 103.5
    row 553: trace(L^p) = 6.092 s^-1 (relative 1.52e-02); incompressibility implies Lp_zz = 73.76, file has 79.85
    row 659: trace(L^p) = -14.94 s^-1 (relative 3.59e-02); incompressibility implies Lp_zz = 129.1, file has 114.2
    row 660: trace(L^p) = 5.069 s^-1 (relative 1.25e-02); incompressibility implies Lp_zz = 9.736, file has 14.81
    row 663: trace(L^p) = 50.67 s^-1 (relative 1.25e-01); incompressibility implies Lp_zz = 70.4, file has 121.1
    row 714: trace(L^p) = 4.041 s^-1 (relative 1.03e-02); incompressibility implies Lp_zz = 72.71, file has 76.75
    row 780: trace(L^p) = 31.51 s^-1 (relative 7.40e-02); incompressibility implies Lp_zz = 27.88, file has 59.4
    row 808: trace(L^p) = 31.34 s^-1 (relative 7.52e-02); incompressibility implies Lp_zz = 5.605, file has 36.94
    row 837: trace(L^p) = -8.994 s^-1 (relative 2.03e-02); incompressibility implies Lp_zz = 42.81, file has 33.82
    row 849: trace(L^p) = -38.8 s^-1 (relative 9.07e-02); incompressibility implies Lp_zz = 23.82, file has -14.97
    row 886: trace(L^p) = 22.28 s^-1 (relative 4.95e-02); incompressibility implies Lp_zz = 37.07, file has 59.35
    row 913: trace(L^p) = 9.571 s^-1 (relative 2.18e-02); incompressibility implies Lp_zz = 80.97, file has 90.54
    row 940: trace(L^p) = 21.34 s^-1 (relative 5.30e-02); incompressibility implies Lp_zz = 84.38, file has 105.7
    row 983: trace(L^p) = -35.36 s^-1 (relative 8.92e-02); incompressibility implies Lp_zz = 154.4, file has 119.1
    row 986: trace(L^p) = -55.36 s^-1 (relative 1.31e-01); incompressibility implies Lp_zz = 166.4, file has 111
    row 1073: trace(L^p) = -12.97 s^-1 (relative 3.16e-02); incompressibility implies Lp_zz = 158.3, file has 145.3
    row 1088: trace(L^p) = 4.465 s^-1 (relative 1.12e-02); incompressibility implies Lp_zz = 131, file has 135.4
    row 1094: trace(L^p) = 35.94 s^-1 (relative 9.57e-02); incompressibility implies Lp_zz = 99.39, file has 135.3
    row 1148: trace(L^p) = -15.17 s^-1 (relative 4.69e-02); incompressibility implies Lp_zz = 109.6, file has 94.45
    row 1165: trace(L^p) = 4.347 s^-1 (relative 1.21e-02); incompressibility implies Lp_zz = 156.8, file has 161.1
    row 1174: trace(L^p) = 7.241 s^-1 (relative 1.99e-02); incompressibility implies Lp_zz = 133.7, file has 140.9
    ... and 93 more

data/raw/shear_50Mpa_8e13_9.5668e11.csv
  88 problem(s) in 6950 rows:
    row 94: trace(L^p) = 22.34 s^-1 (relative 1.26e-01); incompressibility implies Lp_zz = -3.457, file has 18.89
    row 132: trace(L^p) = -31.49 s^-1 (relative 1.81e-01); incompressibility implies Lp_zz = 67.23, file has 35.74
    row 255: trace(L^p) = -11.38 s^-1 (relative 3.70e-02); incompressibility implies Lp_zz = 52.82, file has 41.44
    row 258: trace(L^p) = -3.649 s^-1 (relative 1.21e-02); incompressibility implies Lp_zz = 33.38, file has 29.73
    row 277: trace(L^p) = -21.69 s^-1 (relative 6.67e-02); incompressibility implies Lp_zz = 45.05, file has 23.37
    row 345: trace(L^p) = -26.69 s^-1 (relative 8.21e-02); incompressibility implies Lp_zz = 61.36, file has 34.67
    row 517: trace(L^p) = 16.64 s^-1 (relative 5.15e-02); incompressibility implies Lp_zz = 111, file has 127.7
    row 518: trace(L^p) = -20.24 s^-1 (relative 6.05e-02); incompressibility implies Lp_zz = 134.2, file has 113.9
    row 540: trace(L^p) = 44.03 s^-1 (relative 1.37e-01); incompressibility implies Lp_zz = 90.74, file has 134.8
    row 561: trace(L^p) = -37.75 s^-1 (relative 1.23e-01); incompressibility implies Lp_zz = 129.5, file has 91.74
    row 634: trace(L^p) = 13.8 s^-1 (relative 3.93e-02); incompressibility implies Lp_zz = 44.83, file has 58.63
    row 697: trace(L^p) = 20.58 s^-1 (relative 5.71e-02); incompressibility implies Lp_zz = 119.7, file has 140.3
    row 719: trace(L^p) = 25.84 s^-1 (relative 6.90e-02); incompressibility implies Lp_zz = 122.5, file has 148.4
    row 735: trace(L^p) = 25.48 s^-1 (relative 6.97e-02); incompressibility implies Lp_zz = 138.2, file has 163.7
    row 865: trace(L^p) = -4.993 s^-1 (relative 1.14e-02); incompressibility implies Lp_zz = 98.04, file has 93.05
    row 940: trace(L^p) = -39.09 s^-1 (relative 7.61e-02); incompressibility implies Lp_zz = 115.8, file has 76.72
    row 967: trace(L^p) = 22.51 s^-1 (relative 4.29e-02); incompressibility implies Lp_zz = 77.84, file has 100.3
    row 1047: trace(L^p) = 18.39 s^-1 (relative 3.02e-02); incompressibility implies Lp_zz = 92.27, file has 110.7
    row 1050: trace(L^p) = 43.82 s^-1 (relative 7.37e-02); incompressibility implies Lp_zz = 103.7, file has 147.6
    row 1119: trace(L^p) = -19.75 s^-1 (relative 3.94e-02); incompressibility implies Lp_zz = 97.51, file has 77.76
    row 1130: trace(L^p) = 30.71 s^-1 (relative 5.71e-02); incompressibility implies Lp_zz = 60.92, file has 91.63
    row 1131: trace(L^p) = -34.74 s^-1 (relative 6.70e-02); incompressibility implies Lp_zz = 132.7, file has 97.93
    row 1230: trace(L^p) = 19.64 s^-1 (relative 3.36e-02); incompressibility implies Lp_zz = 206.5, file has 226.1
    row 1262: trace(L^p) = -8.721 s^-1 (relative 1.39e-02); incompressibility implies Lp_zz = 206.2, file has 197.5
    row 1263: trace(L^p) = 10.51 s^-1 (relative 1.71e-02); incompressibility implies Lp_zz = 170.9, file has 181.4
    row 1273: trace(L^p) = -56.43 s^-1 (relative 8.89e-02); incompressibility implies Lp_zz = 263.7, file has 207.3
    row 1340: trace(L^p) = 26.32 s^-1 (relative 4.53e-02); incompressibility implies Lp_zz = 318.7, file has 345
    row 1364: trace(L^p) = 32.86 s^-1 (relative 5.57e-02); incompressibility implies Lp_zz = 274.4, file has 307.2
    row 1434: trace(L^p) = -36.04 s^-1 (relative 5.17e-02); incompressibility implies Lp_zz = 383.4, file has 347.4
    row 1459: trace(L^p) = -36.05 s^-1 (relative 5.41e-02); incompressibility implies Lp_zz = 426.8, file has 390.8
    row 1473: trace(L^p) = 16.81 s^-1 (relative 2.48e-02); incompressibility implies Lp_zz = 355.2, file has 372
    row 1552: trace(L^p) = 19.31 s^-1 (relative 2.83e-02); incompressibility implies Lp_zz = 317.5, file has 336.8
    row 1562: trace(L^p) = -28.98 s^-1 (relative 4.21e-02); incompressibility implies Lp_zz = 387.5, file has 358.5
    row 1741: trace(L^p) = 27.96 s^-1 (relative 3.37e-02); incompressibility implies Lp_zz = 283.3, file has 311.3
    row 1749: trace(L^p) = -23.87 s^-1 (relative 2.70e-02); incompressibility implies Lp_zz = 379.9, file has 356
    row 1787: trace(L^p) = -67.41 s^-1 (relative 7.44e-02); incompressibility implies Lp_zz = 504.2, file has 436.8
    row 1803: trace(L^p) = 28.76 s^-1 (relative 2.87e-02); incompressibility implies Lp_zz = 499, file has 527.8
    row 1818: trace(L^p) = -37.79 s^-1 (relative 3.72e-02); incompressibility implies Lp_zz = 505.1, file has 467.3
    row 1842: trace(L^p) = -18.8 s^-1 (relative 1.90e-02); incompressibility implies Lp_zz = 517.7, file has 498.9
    row 1844: trace(L^p) = -11.4 s^-1 (relative 1.13e-02); incompressibility implies Lp_zz = 469, file has 457.6
    ... and 48 more

data/raw/shear_55Mpa_6e13_1.43e12.csv
  567 problem(s) in 13107 rows:
    row 54: trace(L^p) = -17.7 s^-1 (relative 8.76e-02); incompressibility implies Lp_zz = 51.12, file has 33.41
    row 80: trace(L^p) = -2.829 s^-1 (relative 1.35e-02); incompressibility implies Lp_zz = 55.74, file has 52.91
    row 135: trace(L^p) = -20.1 s^-1 (relative 1.02e-01); incompressibility implies Lp_zz = 63.26, file has 43.16
    row 144: trace(L^p) = 28.51 s^-1 (relative 1.23e-01); incompressibility implies Lp_zz = 15.81, file has 44.31
    row 159: trace(L^p) = 16.12 s^-1 (relative 6.62e-02); incompressibility implies Lp_zz = 5.25, file has 21.37
    row 160: trace(L^p) = 3.418 s^-1 (relative 1.36e-02); incompressibility implies Lp_zz = 4.444, file has 7.862
    row 164: trace(L^p) = 37.77 s^-1 (relative 1.52e-01); incompressibility implies Lp_zz = 15.45, file has 53.22
    row 252: trace(L^p) = 14.41 s^-1 (relative 5.78e-02); incompressibility implies Lp_zz = -17.81, file has -3.4
    row 288: trace(L^p) = 12.6 s^-1 (relative 5.08e-02); incompressibility implies Lp_zz = -11.48, file has 1.123
    row 373: trace(L^p) = -31.48 s^-1 (relative 1.29e-01); incompressibility implies Lp_zz = -14.24, file has -45.72
    row 435: trace(L^p) = -42.58 s^-1 (relative 1.44e-01); incompressibility implies Lp_zz = -49.34, file has -91.91
    row 437: trace(L^p) = 21.5 s^-1 (relative 7.64e-02); incompressibility implies Lp_zz = -70.56, file has -49.07
    row 528: trace(L^p) = -9.898 s^-1 (relative 3.17e-02); incompressibility implies Lp_zz = -21.71, file has -31.61
    row 651: trace(L^p) = -23.16 s^-1 (relative 6.78e-02); incompressibility implies Lp_zz = -61.59, file has -84.75
    row 665: trace(L^p) = 21.99 s^-1 (relative 6.61e-02); incompressibility implies Lp_zz = -106.3, file has -84.3
    row 673: trace(L^p) = 5.173 s^-1 (relative 1.62e-02); incompressibility implies Lp_zz = -58.55, file has -53.38
    row 691: trace(L^p) = 33.71 s^-1 (relative 9.99e-02); incompressibility implies Lp_zz = -86.83, file has -53.12
    row 696: trace(L^p) = 10.67 s^-1 (relative 3.63e-02); incompressibility implies Lp_zz = -64.89, file has -54.22
    row 721: trace(L^p) = -14.93 s^-1 (relative 5.08e-02); incompressibility implies Lp_zz = -32.99, file has -47.92
    row 766: trace(L^p) = 21.52 s^-1 (relative 7.12e-02); incompressibility implies Lp_zz = -34.8, file has -13.29
    row 818: trace(L^p) = -34.32 s^-1 (relative 1.49e-01); incompressibility implies Lp_zz = -19.35, file has -53.67
    row 914: trace(L^p) = -3.993 s^-1 (relative 1.41e-02); incompressibility implies Lp_zz = -93.56, file has -97.55
    row 926: trace(L^p) = 8.906 s^-1 (relative 3.46e-02); incompressibility implies Lp_zz = -73.91, file has -65
    row 1070: trace(L^p) = -25.04 s^-1 (relative 8.48e-02); incompressibility implies Lp_zz = -8.936, file has -33.97
    row 1246: trace(L^p) = 13.65 s^-1 (relative 4.95e-02); incompressibility implies Lp_zz = -53.88, file has -40.23
    row 1494: trace(L^p) = 48.9 s^-1 (relative 1.40e-01); incompressibility implies Lp_zz = -88.85, file has -39.95
    row 1578: trace(L^p) = -21.24 s^-1 (relative 7.03e-02); incompressibility implies Lp_zz = -77.29, file has -98.52
    row 1579: trace(L^p) = -11.77 s^-1 (relative 3.65e-02); incompressibility implies Lp_zz = -80.65, file has -92.42
    row 1637: trace(L^p) = -23.11 s^-1 (relative 7.96e-02); incompressibility implies Lp_zz = -107.7, file has -130.8
    row 1705: trace(L^p) = 43.34 s^-1 (relative 1.23e-01); incompressibility implies Lp_zz = -147.7, file has -104.3
    row 1721: trace(L^p) = -8.019 s^-1 (relative 2.22e-02); incompressibility implies Lp_zz = -118.3, file has -126.3
    row 1906: trace(L^p) = 31.28 s^-1 (relative 8.04e-02); incompressibility implies Lp_zz = -137.8, file has -106.5
    row 1929: trace(L^p) = 31.05 s^-1 (relative 7.43e-02); incompressibility implies Lp_zz = -99.29, file has -68.23
    row 1959: trace(L^p) = 7.771 s^-1 (relative 1.78e-02); incompressibility implies Lp_zz = -54.12, file has -46.35
    row 1962: trace(L^p) = 8.559 s^-1 (relative 2.17e-02); incompressibility implies Lp_zz = -32.55, file has -24
    row 2058: trace(L^p) = 25.67 s^-1 (relative 5.69e-02); incompressibility implies Lp_zz = -115.1, file has -89.47
    row 2082: trace(L^p) = -4.44 s^-1 (relative 1.07e-02); incompressibility implies Lp_zz = 3.131, file has -1.309
    row 2091: trace(L^p) = -41 s^-1 (relative 1.00e-01); incompressibility implies Lp_zz = 1.744, file has -39.25
    row 2101: trace(L^p) = -4.265 s^-1 (relative 1.04e-02); incompressibility implies Lp_zz = 5.374, file has 1.109
    row 2118: trace(L^p) = -4.004 s^-1 (relative 1.01e-02); incompressibility implies Lp_zz = -29.34, file has -33.34
    ... and 527 more

data/raw/shear_55Mpa_6e13_2.055e12.csv
  599 problem(s) in 11900 rows:
    row 96: trace(L^p) = -13.16 s^-1 (relative 4.60e-02); incompressibility implies Lp_zz = -30.89, file has -44.06
    row 107: trace(L^p) = -10.55 s^-1 (relative 3.40e-02); incompressibility implies Lp_zz = -41.9, file has -52.46
    row 110: trace(L^p) = 11.46 s^-1 (relative 3.08e-02); incompressibility implies Lp_zz = -48.45, file has -36.99
    row 122: trace(L^p) = -9.915 s^-1 (relative 2.55e-02); incompressibility implies Lp_zz = 47.69, file has 37.77
    row 130: trace(L^p) = -59.21 s^-1 (relative 1.59e-01); incompressibility implies Lp_zz = 131.3, file has 72.05
    row 135: trace(L^p) = 10.17 s^-1 (relative 2.47e-02); incompressibility implies Lp_zz = 23.91, file has 34.08
    row 150: trace(L^p) = 44.95 s^-1 (relative 1.13e-01); incompressibility implies Lp_zz = -17.07, file has 27.88
    row 158: trace(L^p) = -19.96 s^-1 (relative 4.62e-02); incompressibility implies Lp_zz = 1.053, file has -18.91
    row 179: trace(L^p) = -18.37 s^-1 (relative 4.23e-02); incompressibility implies Lp_zz = 2.249, file has -16.12
    row 183: trace(L^p) = -4.455 s^-1 (relative 1.08e-02); incompressibility implies Lp_zz = -24.54, file has -28.99
    row 206: trace(L^p) = 26.89 s^-1 (relative 7.12e-02); incompressibility implies Lp_zz = -16.26, file has 10.63
    row 240: trace(L^p) = -8.077 s^-1 (relative 2.50e-02); incompressibility implies Lp_zz = 47.32, file has 39.25
    row 273: trace(L^p) = -5.514 s^-1 (relative 1.79e-02); incompressibility implies Lp_zz = 70.22, file has 64.7
    row 303: trace(L^p) = 24.2 s^-1 (relative 8.76e-02); incompressibility implies Lp_zz = 53.69, file has 77.9
    row 315: trace(L^p) = -34.8 s^-1 (relative 1.23e-01); incompressibility implies Lp_zz = 118.9, file has 84.05
    row 325: trace(L^p) = 14.91 s^-1 (relative 5.16e-02); incompressibility implies Lp_zz = 75.08, file has 89.98
    row 359: trace(L^p) = 149.9 s^-1 (relative 5.04e-01); incompressibility implies Lp_zz = 30.04, file has 179.9
    row 373: trace(L^p) = -31.64 s^-1 (relative 1.04e-01); incompressibility implies Lp_zz = 122.3, file has 90.64
    row 408: trace(L^p) = -25.4 s^-1 (relative 1.05e-01); incompressibility implies Lp_zz = 63.76, file has 38.36
    row 434: trace(L^p) = 11.08 s^-1 (relative 4.39e-02); incompressibility implies Lp_zz = 29.66, file has 40.74
    row 442: trace(L^p) = 5.264 s^-1 (relative 2.02e-02); incompressibility implies Lp_zz = 49.88, file has 55.15
    row 464: trace(L^p) = -29.41 s^-1 (relative 1.21e-01); incompressibility implies Lp_zz = 103.2, file has 73.82
    row 472: trace(L^p) = -13.46 s^-1 (relative 4.91e-02); incompressibility implies Lp_zz = 65.52, file has 52.07
    row 510: trace(L^p) = 42.51 s^-1 (relative 1.45e-01); incompressibility implies Lp_zz = 15.75, file has 58.26
    row 515: trace(L^p) = 25.6 s^-1 (relative 9.79e-02); incompressibility implies Lp_zz = 42.58, file has 68.18
    row 516: trace(L^p) = 31.82 s^-1 (relative 1.14e-01); incompressibility implies Lp_zz = 62.87, file has 94.7
    row 545: trace(L^p) = 78.32 s^-1 (relative 3.03e-01); incompressibility implies Lp_zz = 37.88, file has 116.2
    row 590: trace(L^p) = -7.976 s^-1 (relative 3.18e-02); incompressibility implies Lp_zz = 65.04, file has 57.07
    row 617: trace(L^p) = 5.978 s^-1 (relative 2.36e-02); incompressibility implies Lp_zz = 89.27, file has 95.24
    row 633: trace(L^p) = -34.62 s^-1 (relative 1.36e-01); incompressibility implies Lp_zz = 83.73, file has 49.11
    row 682: trace(L^p) = 26.54 s^-1 (relative 1.09e-01); incompressibility implies Lp_zz = 41.63, file has 68.17
    row 701: trace(L^p) = 4.488 s^-1 (relative 1.88e-02); incompressibility implies Lp_zz = 45.57, file has 50.06
    row 751: trace(L^p) = 10.76 s^-1 (relative 4.05e-02); incompressibility implies Lp_zz = 59.65, file has 70.41
    row 810: trace(L^p) = 5.775 s^-1 (relative 2.46e-02); incompressibility implies Lp_zz = 15.39, file has 21.16
    row 815: trace(L^p) = 6.245 s^-1 (relative 2.32e-02); incompressibility implies Lp_zz = 86.68, file has 92.93
    row 826: trace(L^p) = -7.646 s^-1 (relative 2.72e-02); incompressibility implies Lp_zz = 82.79, file has 75.14
    row 847: trace(L^p) = -3.92 s^-1 (relative 1.44e-02); incompressibility implies Lp_zz = 54.75, file has 50.83
    row 907: trace(L^p) = -35.76 s^-1 (relative 1.41e-01); incompressibility implies Lp_zz = 121.9, file has 86.12
    row 943: trace(L^p) = -3.259 s^-1 (relative 1.33e-02); incompressibility implies Lp_zz = 103.5, file has 100.3
    row 974: trace(L^p) = 56.44 s^-1 (relative 2.31e-01); incompressibility implies Lp_zz = 13.65, file has 70.09
    ... and 559 more

data/raw/shear_55Mpa_6e13_9.5668e11.csv
  186 problem(s) in 11071 rows:
    row 93: trace(L^p) = 22.8 s^-1 (relative 1.27e-01); incompressibility implies Lp_zz = -53.56, file has -30.76
    row 135: trace(L^p) = -31.44 s^-1 (relative 2.04e-01); incompressibility implies Lp_zz = 34.46, file has 3.025
    row 195: trace(L^p) = -4.969 s^-1 (relative 2.83e-02); incompressibility implies Lp_zz = 4.936, file has -0.03336
    row 254: trace(L^p) = -3.546 s^-1 (relative 1.43e-02); incompressibility implies Lp_zz = 11.89, file has 8.343
    row 258: trace(L^p) = -8.385 s^-1 (relative 3.20e-02); incompressibility implies Lp_zz = 10.58, file has 2.196
    row 649: trace(L^p) = -4.183 s^-1 (relative 1.56e-02); incompressibility implies Lp_zz = 62.28, file has 58.1
    row 676: trace(L^p) = 12.66 s^-1 (relative 5.04e-02); incompressibility implies Lp_zz = 45.45, file has 58.11
    row 678: trace(L^p) = 24.34 s^-1 (relative 9.47e-02); incompressibility implies Lp_zz = 48.93, file has 73.27
    row 685: trace(L^p) = 17.03 s^-1 (relative 6.85e-02); incompressibility implies Lp_zz = 28.84, file has 45.87
    row 691: trace(L^p) = -3.324 s^-1 (relative 1.27e-02); incompressibility implies Lp_zz = 49.56, file has 46.24
    row 735: trace(L^p) = 28.79 s^-1 (relative 1.09e-01); incompressibility implies Lp_zz = 57.45, file has 86.24
    row 752: trace(L^p) = 45.58 s^-1 (relative 1.63e-01); incompressibility implies Lp_zz = 41.03, file has 86.61
    row 900: trace(L^p) = -17.16 s^-1 (relative 5.32e-02); incompressibility implies Lp_zz = 138.6, file has 121.4
    row 934: trace(L^p) = -5.982 s^-1 (relative 1.94e-02); incompressibility implies Lp_zz = 118.3, file has 112.3
    row 977: trace(L^p) = 5.689 s^-1 (relative 1.79e-02); incompressibility implies Lp_zz = 86.81, file has 92.5
    row 996: trace(L^p) = -10.09 s^-1 (relative 3.17e-02); incompressibility implies Lp_zz = 99.05, file has 88.95
    row 1047: trace(L^p) = -9.798 s^-1 (relative 2.64e-02); incompressibility implies Lp_zz = 104.8, file has 95
    row 1175: trace(L^p) = -4.345 s^-1 (relative 1.18e-02); incompressibility implies Lp_zz = 75.84, file has 71.49
    row 1212: trace(L^p) = -8.964 s^-1 (relative 2.16e-02); incompressibility implies Lp_zz = 87.83, file has 78.86
    row 1237: trace(L^p) = 26.57 s^-1 (relative 5.88e-02); incompressibility implies Lp_zz = 69.49, file has 96.06
    row 1254: trace(L^p) = 7.337 s^-1 (relative 1.66e-02); incompressibility implies Lp_zz = 99.58, file has 106.9
    row 1278: trace(L^p) = 31.83 s^-1 (relative 7.64e-02); incompressibility implies Lp_zz = 75.58, file has 107.4
    row 1292: trace(L^p) = 30.47 s^-1 (relative 7.35e-02); incompressibility implies Lp_zz = 79.31, file has 109.8
    row 1341: trace(L^p) = 24.46 s^-1 (relative 6.30e-02); incompressibility implies Lp_zz = 77.38, file has 101.8
    row 1343: trace(L^p) = -30.68 s^-1 (relative 8.10e-02); incompressibility implies Lp_zz = 93.03, file has 62.35
    row 1431: trace(L^p) = -11.17 s^-1 (relative 2.81e-02); incompressibility implies Lp_zz = 55.72, file has 44.55
    row 1473: trace(L^p) = 45.93 s^-1 (relative 1.09e-01); incompressibility implies Lp_zz = -5.945, file has 39.99
    row 1474: trace(L^p) = -5.865 s^-1 (relative 1.33e-02); incompressibility implies Lp_zz = 47.09, file has 41.23
    row 1504: trace(L^p) = -7.307 s^-1 (relative 1.66e-02); incompressibility implies Lp_zz = 17.76, file has 10.45
    row 1681: trace(L^p) = -19.78 s^-1 (relative 3.35e-02); incompressibility implies Lp_zz = 135.5, file has 115.7
    row 1703: trace(L^p) = 19.19 s^-1 (relative 3.12e-02); incompressibility implies Lp_zz = 159.1, file has 178.3
    row 1742: trace(L^p) = 15.96 s^-1 (relative 2.59e-02); incompressibility implies Lp_zz = 149.4, file has 165.3
    row 1788: trace(L^p) = 23.91 s^-1 (relative 4.02e-02); incompressibility implies Lp_zz = 203.2, file has 227.1
    row 1794: trace(L^p) = -14.91 s^-1 (relative 2.47e-02); incompressibility implies Lp_zz = 248.3, file has 233.4
    row 1891: trace(L^p) = 31.34 s^-1 (relative 4.40e-02); incompressibility implies Lp_zz = 234.3, file has 265.7
    row 1975: trace(L^p) = 8.936 s^-1 (relative 1.07e-02); incompressibility implies Lp_zz = 278.8, file has 287.8
    row 2047: trace(L^p) = -15.51 s^-1 (relative 1.62e-02); incompressibility implies Lp_zz = 400.9, file has 385.4
    row 2048: trace(L^p) = -31.99 s^-1 (relative 3.41e-02); incompressibility implies Lp_zz = 401.1, file has 369.1
    row 2098: trace(L^p) = -17.99 s^-1 (relative 1.75e-02); incompressibility implies Lp_zz = 380.9, file has 362.9
    row 2195: trace(L^p) = 9.808 s^-1 (relative 1.06e-02); incompressibility implies Lp_zz = 341, file has 350.8
    ... and 146 more

data/raw/shear_55Mpa_8e13_1.43e12.csv
  82 problem(s) in 6570 rows:
    row 132: trace(L^p) = -4.166 s^-1 (relative 1.41e-02); incompressibility implies Lp_zz = 58.71, file has 54.54
    row 134: trace(L^p) = -21.45 s^-1 (relative 7.31e-02); incompressibility implies Lp_zz = 69.88, file has 48.43
    row 155: trace(L^p) = 22.34 s^-1 (relative 7.08e-02); incompressibility implies Lp_zz = 17.29, file has 39.63
    row 163: trace(L^p) = 40.22 s^-1 (relative 1.22e-01); incompressibility implies Lp_zz = 39.19, file has 79.41
    row 184: trace(L^p) = 21.49 s^-1 (relative 6.35e-02); incompressibility implies Lp_zz = 106.5, file has 128
    row 437: trace(L^p) = 22.53 s^-1 (relative 5.73e-02); incompressibility implies Lp_zz = -38.3, file has -15.77
    row 493: trace(L^p) = 4.583 s^-1 (relative 1.19e-02); incompressibility implies Lp_zz = -18.22, file has -13.64
    row 500: trace(L^p) = 5.698 s^-1 (relative 1.43e-02); incompressibility implies Lp_zz = -47.93, file has -42.23
    row 527: trace(L^p) = 21.06 s^-1 (relative 5.10e-02); incompressibility implies Lp_zz = -47.75, file has -26.7
    row 565: trace(L^p) = -33.1 s^-1 (relative 8.49e-02); incompressibility implies Lp_zz = 10.39, file has -22.71
    row 688: trace(L^p) = -32.66 s^-1 (relative 8.84e-02); incompressibility implies Lp_zz = 1.682, file has -30.97
    row 789: trace(L^p) = 20.8 s^-1 (relative 5.82e-02); incompressibility implies Lp_zz = -23.68, file has -2.875
    row 792: trace(L^p) = -10.38 s^-1 (relative 2.91e-02); incompressibility implies Lp_zz = -15.52, file has -25.9
    row 794: trace(L^p) = -10.84 s^-1 (relative 3.12e-02); incompressibility implies Lp_zz = -8.977, file has -19.82
    row 853: trace(L^p) = 34.12 s^-1 (relative 1.04e-01); incompressibility implies Lp_zz = -89.36, file has -55.24
    row 924: trace(L^p) = -7.289 s^-1 (relative 1.54e-02); incompressibility implies Lp_zz = -89.74, file has -97.03
    row 1046: trace(L^p) = 31.07 s^-1 (relative 8.18e-02); incompressibility implies Lp_zz = -131.9, file has -100.9
    row 1062: trace(L^p) = 29.55 s^-1 (relative 7.49e-02); incompressibility implies Lp_zz = -165, file has -135.5
    row 1064: trace(L^p) = -6.646 s^-1 (relative 1.73e-02); incompressibility implies Lp_zz = -90.66, file has -97.3
    row 1096: trace(L^p) = 83.42 s^-1 (relative 1.63e-01); incompressibility implies Lp_zz = -286.7, file has -203.3
    row 1103: trace(L^p) = -32.68 s^-1 (relative 7.99e-02); incompressibility implies Lp_zz = -77.23, file has -109.9
    row 1113: trace(L^p) = 42.8 s^-1 (relative 9.34e-02); incompressibility implies Lp_zz = -181.6, file has -138.8
    row 1226: trace(L^p) = -6.677 s^-1 (relative 1.43e-02); incompressibility implies Lp_zz = -165.2, file has -171.9
    row 1259: trace(L^p) = 16.12 s^-1 (relative 3.28e-02); incompressibility implies Lp_zz = -184.5, file has -168.4
    row 1342: trace(L^p) = 40.43 s^-1 (relative 7.85e-02); incompressibility implies Lp_zz = -39.25, file has 1.178
    row 1357: trace(L^p) = -15.04 s^-1 (relative 2.84e-02); incompressibility implies Lp_zz = -8.618, file has -23.65
    row 1441: trace(L^p) = -24.09 s^-1 (relative 4.15e-02); incompressibility implies Lp_zz = -141.3, file has -165.4
    row 1509: trace(L^p) = -16.19 s^-1 (relative 2.68e-02); incompressibility implies Lp_zz = -117.5, file has -133.7
    row 1589: trace(L^p) = 8.25 s^-1 (relative 1.24e-02); incompressibility implies Lp_zz = -174.7, file has -166.5
    row 1626: trace(L^p) = -29.44 s^-1 (relative 4.20e-02); incompressibility implies Lp_zz = -179.6, file has -209
    row 1649: trace(L^p) = 7.92 s^-1 (relative 1.14e-02); incompressibility implies Lp_zz = -133.5, file has -125.6
    row 1655: trace(L^p) = -36.46 s^-1 (relative 5.24e-02); incompressibility implies Lp_zz = -160.5, file has -197
    row 1682: trace(L^p) = -12.96 s^-1 (relative 1.75e-02); incompressibility implies Lp_zz = -197.1, file has -210
    row 1703: trace(L^p) = 14.29 s^-1 (relative 1.72e-02); incompressibility implies Lp_zz = -272.1, file has -257.8
    row 1753: trace(L^p) = -14.36 s^-1 (relative 1.48e-02); incompressibility implies Lp_zz = -307.1, file has -321.4
    row 1765: trace(L^p) = -34.81 s^-1 (relative 3.72e-02); incompressibility implies Lp_zz = -309.5, file has -344.3
    row 1777: trace(L^p) = 16.29 s^-1 (relative 1.74e-02); incompressibility implies Lp_zz = -373.1, file has -356.8
    row 1836: trace(L^p) = -33.21 s^-1 (relative 3.60e-02); incompressibility implies Lp_zz = -277.2, file has -310.4
    row 1844: trace(L^p) = -15.02 s^-1 (relative 1.54e-02); incompressibility implies Lp_zz = -361.7, file has -376.7
    row 1877: trace(L^p) = 21.25 s^-1 (relative 2.21e-02); incompressibility implies Lp_zz = -354.1, file has -332.8
    ... and 42 more

data/raw/shear_55Mpa_8e13_2.055e12.csv
  146 problem(s) in 7208 rows:
    row 144: trace(L^p) = -17.8 s^-1 (relative 4.79e-02); incompressibility implies Lp_zz = -18.77, file has -36.57
    row 149: trace(L^p) = 10.6 s^-1 (relative 2.68e-02); incompressibility implies Lp_zz = -0.0225, file has 10.57
    row 167: trace(L^p) = 5.589 s^-1 (relative 1.17e-02); incompressibility implies Lp_zz = -23.9, file has -18.31
    row 183: trace(L^p) = -12.71 s^-1 (relative 2.42e-02); incompressibility implies Lp_zz = 7.206, file has -5.5
    row 187: trace(L^p) = 73.26 s^-1 (relative 1.59e-01); incompressibility implies Lp_zz = -143, file has -69.78
    row 195: trace(L^p) = 54.22 s^-1 (relative 1.01e-01); incompressibility implies Lp_zz = -39.73, file has 14.49
    row 289: trace(L^p) = 12.25 s^-1 (relative 2.71e-02); incompressibility implies Lp_zz = 12.89, file has 25.14
    row 290: trace(L^p) = 9.901 s^-1 (relative 2.24e-02); incompressibility implies Lp_zz = 7.279, file has 17.18
    row 394: trace(L^p) = 38.54 s^-1 (relative 1.06e-01); incompressibility implies Lp_zz = 133.2, file has 171.7
    row 403: trace(L^p) = -36.79 s^-1 (relative 1.07e-01); incompressibility implies Lp_zz = 141.1, file has 104.3
    row 406: trace(L^p) = 6.774 s^-1 (relative 1.99e-02); incompressibility implies Lp_zz = 98.79, file has 105.6
    row 478: trace(L^p) = -5.408 s^-1 (relative 1.56e-02); incompressibility implies Lp_zz = 34.09, file has 28.68
    row 479: trace(L^p) = 5.184 s^-1 (relative 1.47e-02); incompressibility implies Lp_zz = 48.18, file has 53.37
    row 510: trace(L^p) = -27.44 s^-1 (relative 7.23e-02); incompressibility implies Lp_zz = 88.8, file has 61.35
    row 529: trace(L^p) = 46.51 s^-1 (relative 1.31e-01); incompressibility implies Lp_zz = 25.93, file has 72.44
    row 616: trace(L^p) = 18.78 s^-1 (relative 5.12e-02); incompressibility implies Lp_zz = 61.28, file has 80.06
    row 622: trace(L^p) = -23.91 s^-1 (relative 6.64e-02); incompressibility implies Lp_zz = 123.6, file has 99.72
    row 628: trace(L^p) = 5.328 s^-1 (relative 1.40e-02); incompressibility implies Lp_zz = 75.76, file has 81.09
    row 639: trace(L^p) = 23.1 s^-1 (relative 6.04e-02); incompressibility implies Lp_zz = 79.22, file has 102.3
    row 759: trace(L^p) = -12.69 s^-1 (relative 3.12e-02); incompressibility implies Lp_zz = 33.56, file has 20.87
    row 870: trace(L^p) = 40.49 s^-1 (relative 1.04e-01); incompressibility implies Lp_zz = -19.33, file has 21.17
    row 890: trace(L^p) = -27.91 s^-1 (relative 6.93e-02); incompressibility implies Lp_zz = 41, file has 13.09
    row 912: trace(L^p) = 7.011 s^-1 (relative 1.81e-02); incompressibility implies Lp_zz = 58.31, file has 65.32
    row 921: trace(L^p) = 22.75 s^-1 (relative 5.61e-02); incompressibility implies Lp_zz = 60.08, file has 82.83
    row 951: trace(L^p) = -6.408 s^-1 (relative 1.54e-02); incompressibility implies Lp_zz = 78.12, file has 71.72
    row 967: trace(L^p) = -36.25 s^-1 (relative 8.94e-02); incompressibility implies Lp_zz = 96.35, file has 60.1
    row 977: trace(L^p) = 64.65 s^-1 (relative 1.79e-01); incompressibility implies Lp_zz = 45.41, file has 110.1
    row 1021: trace(L^p) = 4.09 s^-1 (relative 1.16e-02); incompressibility implies Lp_zz = 69.36, file has 73.45
    row 1040: trace(L^p) = -16.45 s^-1 (relative 4.96e-02); incompressibility implies Lp_zz = 70.47, file has 54.02
    row 1047: trace(L^p) = -4.019 s^-1 (relative 1.19e-02); incompressibility implies Lp_zz = 107.6, file has 103.6
    row 1075: trace(L^p) = -11.25 s^-1 (relative 3.10e-02); incompressibility implies Lp_zz = 98.21, file has 86.96
    row 1079: trace(L^p) = -27.07 s^-1 (relative 7.37e-02); incompressibility implies Lp_zz = 96.28, file has 69.21
    row 1082: trace(L^p) = -30.53 s^-1 (relative 8.19e-02); incompressibility implies Lp_zz = 72.15, file has 41.63
    row 1148: trace(L^p) = 13.61 s^-1 (relative 3.30e-02); incompressibility implies Lp_zz = 119.5, file has 133.1
    row 1264: trace(L^p) = 11.11 s^-1 (relative 2.60e-02); incompressibility implies Lp_zz = 80.52, file has 91.63
    row 1344: trace(L^p) = 25.98 s^-1 (relative 6.02e-02); incompressibility implies Lp_zz = 72.4, file has 98.38
    row 1367: trace(L^p) = 11.19 s^-1 (relative 2.54e-02); incompressibility implies Lp_zz = 83.8, file has 94.99
    row 1393: trace(L^p) = -5.037 s^-1 (relative 1.02e-02); incompressibility implies Lp_zz = 108.4, file has 103.3
    row 1411: trace(L^p) = -37.7 s^-1 (relative 8.14e-02); incompressibility implies Lp_zz = 144.8, file has 107.1
    row 1459: trace(L^p) = 9.794 s^-1 (relative 1.92e-02); incompressibility implies Lp_zz = 116.7, file has 126.5
    ... and 106 more

data/raw/shear_55Mpa_8e13_9.5668e11.csv
  95 problem(s) in 7845 rows:
    row 93: trace(L^p) = 22.88 s^-1 (relative 1.22e-01); incompressibility implies Lp_zz = -16.82, file has 6.058
    row 133: trace(L^p) = -32.2 s^-1 (relative 1.52e-01); incompressibility implies Lp_zz = 57.46, file has 25.26
    row 222: trace(L^p) = 28.35 s^-1 (relative 1.02e-01); incompressibility implies Lp_zz = 40.44, file has 68.79
    row 241: trace(L^p) = -3.574 s^-1 (relative 1.32e-02); incompressibility implies Lp_zz = 38.68, file has 35.1
    row 249: trace(L^p) = -3.267 s^-1 (relative 1.16e-02); incompressibility implies Lp_zz = 30.45, file has 27.18
    row 309: trace(L^p) = -29.67 s^-1 (relative 8.10e-02); incompressibility implies Lp_zz = 67.21, file has 37.54
    row 349: trace(L^p) = 17.7 s^-1 (relative 4.80e-02); incompressibility implies Lp_zz = 57.17, file has 74.87
    row 350: trace(L^p) = 5.184 s^-1 (relative 1.58e-02); incompressibility implies Lp_zz = 69.14, file has 74.32
    row 529: trace(L^p) = 24.17 s^-1 (relative 6.90e-02); incompressibility implies Lp_zz = 51.55, file has 75.72
    row 589: trace(L^p) = -24.77 s^-1 (relative 6.71e-02); incompressibility implies Lp_zz = 123.3, file has 98.58
    row 612: trace(L^p) = 37.93 s^-1 (relative 1.08e-01); incompressibility implies Lp_zz = 26.57, file has 64.49
    row 647: trace(L^p) = 27.21 s^-1 (relative 6.90e-02); incompressibility implies Lp_zz = 30.06, file has 57.26
    row 747: trace(L^p) = 20.01 s^-1 (relative 4.97e-02); incompressibility implies Lp_zz = 65.45, file has 85.46
    row 762: trace(L^p) = -7.711 s^-1 (relative 1.90e-02); incompressibility implies Lp_zz = 89.93, file has 82.22
    row 772: trace(L^p) = 16.95 s^-1 (relative 4.05e-02); incompressibility implies Lp_zz = 95.18, file has 112.1
    row 909: trace(L^p) = 5.636 s^-1 (relative 1.22e-02); incompressibility implies Lp_zz = 167.5, file has 173.2
    row 917: trace(L^p) = 26.75 s^-1 (relative 5.59e-02); incompressibility implies Lp_zz = 130.4, file has 157.1
    row 948: trace(L^p) = -30.82 s^-1 (relative 6.01e-02); incompressibility implies Lp_zz = 155.1, file has 124.3
    row 956: trace(L^p) = -40.7 s^-1 (relative 8.24e-02); incompressibility implies Lp_zz = 139.2, file has 98.49
    row 988: trace(L^p) = -9.837 s^-1 (relative 2.00e-02); incompressibility implies Lp_zz = 24.88, file has 15.05
    row 1021: trace(L^p) = -11.96 s^-1 (relative 2.40e-02); incompressibility implies Lp_zz = 9.155, file has -2.805
    row 1029: trace(L^p) = 32.39 s^-1 (relative 6.31e-02); incompressibility implies Lp_zz = -29.7, file has 2.682
    row 1053: trace(L^p) = 15.93 s^-1 (relative 3.13e-02); incompressibility implies Lp_zz = -17.14, file has -1.216
    row 1118: trace(L^p) = 24.59 s^-1 (relative 4.83e-02); incompressibility implies Lp_zz = 27.74, file has 52.33
    row 1318: trace(L^p) = -31.27 s^-1 (relative 5.21e-02); incompressibility implies Lp_zz = 317.2, file has 285.9
    row 1371: trace(L^p) = -10.61 s^-1 (relative 1.76e-02); incompressibility implies Lp_zz = 360.3, file has 349.7
    row 1439: trace(L^p) = 20.57 s^-1 (relative 3.23e-02); incompressibility implies Lp_zz = 351.4, file has 372
    row 1448: trace(L^p) = -16.35 s^-1 (relative 2.42e-02); incompressibility implies Lp_zz = 374.4, file has 358
    row 1477: trace(L^p) = -30.95 s^-1 (relative 4.38e-02); incompressibility implies Lp_zz = 385.3, file has 354.3
    row 1478: trace(L^p) = 13.14 s^-1 (relative 1.86e-02); incompressibility implies Lp_zz = 343.3, file has 356.4
    row 1480: trace(L^p) = 32.42 s^-1 (relative 4.71e-02); incompressibility implies Lp_zz = 314, file has 346.4
    row 1520: trace(L^p) = 30.32 s^-1 (relative 4.11e-02); incompressibility implies Lp_zz = 341.3, file has 371.6
    row 1535: trace(L^p) = 36.51 s^-1 (relative 4.52e-02); incompressibility implies Lp_zz = 307.3, file has 343.8
    row 1540: trace(L^p) = -13.54 s^-1 (relative 1.66e-02); incompressibility implies Lp_zz = 366.8, file has 353.3
    row 1559: trace(L^p) = 10.14 s^-1 (relative 1.25e-02); incompressibility implies Lp_zz = 347.3, file has 357.4
    row 1671: trace(L^p) = 61.89 s^-1 (relative 6.01e-02); incompressibility implies Lp_zz = 323.6, file has 385.5
    row 1673: trace(L^p) = 24.52 s^-1 (relative 2.44e-02); incompressibility implies Lp_zz = 369.6, file has 394.2
    row 1745: trace(L^p) = -25.85 s^-1 (relative 2.39e-02); incompressibility implies Lp_zz = 512.2, file has 486.4
    row 1766: trace(L^p) = 13.73 s^-1 (relative 1.23e-02); incompressibility implies Lp_zz = 463.7, file has 477.4
    row 1869: trace(L^p) = -29.64 s^-1 (relative 2.19e-02); incompressibility implies Lp_zz = 552.5, file has 522.9
    ... and 55 more

data/raw/uniaxial_30Mpa_4e13_1.43e12.csv
  86 problem(s) in 6105 rows:
    row 68: trace(L^p) = -5.103 s^-1 (relative 1.62e-02); incompressibility implies Lp_zz = 320.7, file has 315.6
    row 118: trace(L^p) = -7.297 s^-1 (relative 2.13e-02); incompressibility implies Lp_zz = 349.9, file has 342.6
    row 122: trace(L^p) = -16.4 s^-1 (relative 4.89e-02); incompressibility implies Lp_zz = 351.8, file has 335.4
    row 167: trace(L^p) = -37.97 s^-1 (relative 1.15e-01); incompressibility implies Lp_zz = 368.4, file has 330.5
    row 170: trace(L^p) = 25.2 s^-1 (relative 7.42e-02); incompressibility implies Lp_zz = 314.5, file has 339.7
    row 184: trace(L^p) = -6.542 s^-1 (relative 1.86e-02); incompressibility implies Lp_zz = 357.5, file has 350.9
    row 207: trace(L^p) = -13.25 s^-1 (relative 4.11e-02); incompressibility implies Lp_zz = 336, file has 322.8
    row 209: trace(L^p) = 4.437 s^-1 (relative 1.31e-02); incompressibility implies Lp_zz = 335.3, file has 339.7
    row 213: trace(L^p) = 3.499 s^-1 (relative 1.03e-02); incompressibility implies Lp_zz = 336.3, file has 339.8
    row 240: trace(L^p) = -3.411 s^-1 (relative 1.01e-02); incompressibility implies Lp_zz = 341.7, file has 338.3
    row 276: trace(L^p) = 18.08 s^-1 (relative 5.44e-02); incompressibility implies Lp_zz = 314.3, file has 332.4
    row 279: trace(L^p) = -22.01 s^-1 (relative 7.43e-02); incompressibility implies Lp_zz = 318.4, file has 296.4
    row 312: trace(L^p) = -14.33 s^-1 (relative 4.06e-02); incompressibility implies Lp_zz = 367.3, file has 352.9
    row 362: trace(L^p) = 37.24 s^-1 (relative 1.08e-01); incompressibility implies Lp_zz = 308.5, file has 345.8
    row 366: trace(L^p) = -66.7 s^-1 (relative 2.38e-01); incompressibility implies Lp_zz = 346.8, file has 280.1
    row 369: trace(L^p) = 27.34 s^-1 (relative 8.24e-02); incompressibility implies Lp_zz = 304.4, file has 331.7
    row 421: trace(L^p) = -18.92 s^-1 (relative 6.17e-02); incompressibility implies Lp_zz = 325.7, file has 306.7
    row 467: trace(L^p) = -24.95 s^-1 (relative 7.56e-02); incompressibility implies Lp_zz = 355.2, file has 330.2
    row 704: trace(L^p) = 9.362 s^-1 (relative 2.60e-02); incompressibility implies Lp_zz = 351.2, file has 360.6
    row 766: trace(L^p) = -37.1 s^-1 (relative 1.16e-01); incompressibility implies Lp_zz = 356.3, file has 319.2
    row 853: trace(L^p) = -62.06 s^-1 (relative 1.79e-01); incompressibility implies Lp_zz = 409.3, file has 347.3
    row 884: trace(L^p) = 10.38 s^-1 (relative 2.74e-02); incompressibility implies Lp_zz = 368.1, file has 378.5
    row 1149: trace(L^p) = -5.007 s^-1 (relative 1.45e-02); incompressibility implies Lp_zz = 350.2, file has 345.2
    row 1166: trace(L^p) = -34.1 s^-1 (relative 9.24e-02); incompressibility implies Lp_zz = 402.9, file has 368.8
    row 1227: trace(L^p) = 12.98 s^-1 (relative 3.62e-02); incompressibility implies Lp_zz = 345.1, file has 358.1
    row 1245: trace(L^p) = 10.34 s^-1 (relative 2.91e-02); incompressibility implies Lp_zz = 344.9, file has 355.2
    row 1307: trace(L^p) = 41.46 s^-1 (relative 1.26e-01); incompressibility implies Lp_zz = 286.8, file has 328.2
    row 1373: trace(L^p) = 10.05 s^-1 (relative 2.97e-02); incompressibility implies Lp_zz = 329, file has 339.1
    row 1440: trace(L^p) = -18.71 s^-1 (relative 5.22e-02); incompressibility implies Lp_zz = 377, file has 358.3
    row 1528: trace(L^p) = 32.6 s^-1 (relative 9.75e-02); incompressibility implies Lp_zz = 301.7, file has 334.3
    row 1699: trace(L^p) = 41.29 s^-1 (relative 1.08e-01); incompressibility implies Lp_zz = 342.2, file has 383.4
    row 1778: trace(L^p) = -32 s^-1 (relative 9.62e-02); incompressibility implies Lp_zz = 364.5, file has 332.5
    row 1793: trace(L^p) = 33.74 s^-1 (relative 9.75e-02); incompressibility implies Lp_zz = 312.2, file has 346
    row 1865: trace(L^p) = -9.904 s^-1 (relative 3.04e-02); incompressibility implies Lp_zz = 335.8, file has 325.8
    row 1897: trace(L^p) = -14.42 s^-1 (relative 3.86e-02); incompressibility implies Lp_zz = 388.3, file has 373.8
    row 2055: trace(L^p) = 21.84 s^-1 (relative 6.19e-02); incompressibility implies Lp_zz = 330.8, file has 352.6
    row 2075: trace(L^p) = 12.55 s^-1 (relative 3.09e-02); incompressibility implies Lp_zz = 394, file has 406.6
    row 2117: trace(L^p) = -32.79 s^-1 (relative 7.85e-02); incompressibility implies Lp_zz = 450.4, file has 417.6
    row 2216: trace(L^p) = -41.51 s^-1 (relative 9.18e-02); incompressibility implies Lp_zz = 493.7, file has 452.2
    row 2248: trace(L^p) = -31.99 s^-1 (relative 6.31e-02); incompressibility implies Lp_zz = 539.1, file has 507.1
    ... and 46 more

data/raw/uniaxial_30Mpa_4e13_2.055e12.csv
  140 problem(s) in 11601 rows:
    row 113: trace(L^p) = -14.85 s^-1 (relative 8.86e-02); incompressibility implies Lp_zz = 182.4, file has 167.6
    row 134: trace(L^p) = 19.31 s^-1 (relative 9.47e-02); incompressibility implies Lp_zz = 184.5, file has 203.8
    row 138: trace(L^p) = 43.92 s^-1 (relative 2.04e-01); incompressibility implies Lp_zz = 171.2, file has 215.1
    row 142: trace(L^p) = -18.66 s^-1 (relative 9.25e-02); incompressibility implies Lp_zz = 220.4, file has 201.7
    row 170: trace(L^p) = -21.66 s^-1 (relative 8.60e-02); incompressibility implies Lp_zz = 273.5, file has 251.9
    row 200: trace(L^p) = -6.901 s^-1 (relative 3.08e-02); incompressibility implies Lp_zz = 231.3, file has 224.4
    row 257: trace(L^p) = -4.184 s^-1 (relative 1.59e-02); incompressibility implies Lp_zz = 267.5, file has 263.3
    row 552: trace(L^p) = 11.4 s^-1 (relative 3.17e-02); incompressibility implies Lp_zz = 348.1, file has 359.5
    row 683: trace(L^p) = -5.312 s^-1 (relative 1.40e-02); incompressibility implies Lp_zz = 385.7, file has 380.4
    row 689: trace(L^p) = -42.12 s^-1 (relative 1.41e-01); incompressibility implies Lp_zz = 340.4, file has 298.3
    row 852: trace(L^p) = 5.775 s^-1 (relative 1.63e-02); incompressibility implies Lp_zz = 349.5, file has 355.3
    row 885: trace(L^p) = -7.367 s^-1 (relative 2.33e-02); incompressibility implies Lp_zz = 324.1, file has 316.8
    row 897: trace(L^p) = 3.342 s^-1 (relative 1.09e-02); incompressibility implies Lp_zz = 301.9, file has 305.3
    row 973: trace(L^p) = 188.6 s^-1 (relative 5.07e-01); incompressibility implies Lp_zz = 183.1, file has 371.7
    row 1329: trace(L^p) = 6.024 s^-1 (relative 2.09e-02); incompressibility implies Lp_zz = 281.9, file has 287.9
    row 1339: trace(L^p) = 2.576 s^-1 (relative 1.01e-02); incompressibility implies Lp_zz = 251.8, file has 254.4
    row 1377: trace(L^p) = 3.006 s^-1 (relative 1.04e-02); incompressibility implies Lp_zz = 285.8, file has 288.8
    row 1458: trace(L^p) = -4.882 s^-1 (relative 1.59e-02); incompressibility implies Lp_zz = 312.8, file has 307.9
    row 1850: trace(L^p) = 8.122 s^-1 (relative 2.66e-02); incompressibility implies Lp_zz = 297.6, file has 305.7
    row 1913: trace(L^p) = 3.548 s^-1 (relative 1.20e-02); incompressibility implies Lp_zz = 292.7, file has 296.3
    row 1914: trace(L^p) = -16.51 s^-1 (relative 5.85e-02); incompressibility implies Lp_zz = 298.7, file has 282.2
    row 2184: trace(L^p) = 23.85 s^-1 (relative 1.15e-01); incompressibility implies Lp_zz = 184, file has 207.8
    row 2244: trace(L^p) = 7.4 s^-1 (relative 2.89e-02); incompressibility implies Lp_zz = 248.7, file has 256.1
    row 2249: trace(L^p) = 3.831 s^-1 (relative 1.58e-02); incompressibility implies Lp_zz = 239.2, file has 243
    row 2543: trace(L^p) = 10.16 s^-1 (relative 3.40e-02); incompressibility implies Lp_zz = 288.2, file has 298.3
    row 2644: trace(L^p) = -35.58 s^-1 (relative 1.09e-01); incompressibility implies Lp_zz = 362.1, file has 326.5
    row 2659: trace(L^p) = -16.03 s^-1 (relative 5.39e-02); incompressibility implies Lp_zz = 313.3, file has 297.3
    row 2782: trace(L^p) = -29.5 s^-1 (relative 1.04e-01); incompressibility implies Lp_zz = 312.4, file has 282.9
    row 2874: trace(L^p) = 6.508 s^-1 (relative 2.27e-02); incompressibility implies Lp_zz = 280.2, file has 286.8
    row 2923: trace(L^p) = -33.51 s^-1 (relative 1.15e-01); incompressibility implies Lp_zz = 325.7, file has 292.2
    row 3045: trace(L^p) = -43.67 s^-1 (relative 1.73e-01); incompressibility implies Lp_zz = 296.2, file has 252.5
    row 3153: trace(L^p) = 23.16 s^-1 (relative 8.17e-02); incompressibility implies Lp_zz = 260.2, file has 283.4
    row 3164: trace(L^p) = 3.136 s^-1 (relative 1.15e-02); incompressibility implies Lp_zz = 268.4, file has 271.6
    row 3182: trace(L^p) = -4.4 s^-1 (relative 1.54e-02); incompressibility implies Lp_zz = 291.1, file has 286.7
    row 3576: trace(L^p) = 16.19 s^-1 (relative 5.57e-02); incompressibility implies Lp_zz = 274.3, file has 290.5
    row 3577: trace(L^p) = -22.26 s^-1 (relative 8.33e-02); incompressibility implies Lp_zz = 289.5, file has 267.2
    row 3624: trace(L^p) = -28.77 s^-1 (relative 9.48e-02); incompressibility implies Lp_zz = 332.2, file has 303.4
    row 3708: trace(L^p) = -21.56 s^-1 (relative 6.97e-02); incompressibility implies Lp_zz = 330.8, file has 309.2
    row 3761: trace(L^p) = -3.376 s^-1 (relative 1.03e-02); incompressibility implies Lp_zz = 331.5, file has 328.1
    row 3781: trace(L^p) = 9.507 s^-1 (relative 3.15e-02); incompressibility implies Lp_zz = 292, file has 301.5
    ... and 100 more

data/raw/uniaxial_30Mpa_4e13_9.5668e11.csv
  48 problem(s) in 5528 rows:
    row 94: trace(L^p) = 21.81 s^-1 (relative 1.35e-01); incompressibility implies Lp_zz = 91.56, file has 113.4
    row 136: trace(L^p) = -35.41 s^-1 (relative 1.87e-01); incompressibility implies Lp_zz = 224.7, file has 189.3
    row 169: trace(L^p) = -16.99 s^-1 (relative 7.79e-02); incompressibility implies Lp_zz = 235.1, file has 218.1
    row 216: trace(L^p) = 39.98 s^-1 (relative 1.65e-01); incompressibility implies Lp_zz = 201.8, file has 241.8
    row 237: trace(L^p) = -3.221 s^-1 (relative 1.63e-02); incompressibility implies Lp_zz = 200.6, file has 197.4
    row 331: trace(L^p) = -12.99 s^-1 (relative 5.15e-02); incompressibility implies Lp_zz = 265.2, file has 252.2
    row 340: trace(L^p) = 38.95 s^-1 (relative 1.42e-01); incompressibility implies Lp_zz = 235.4, file has 274.4
    row 403: trace(L^p) = -9.076 s^-1 (relative 3.43e-02); incompressibility implies Lp_zz = 273.5, file has 264.5
    row 574: trace(L^p) = -32.12 s^-1 (relative 1.45e-01); incompressibility implies Lp_zz = 253.7, file has 221.5
    row 627: trace(L^p) = 43.82 s^-1 (relative 2.02e-01); incompressibility implies Lp_zz = 172.7, file has 216.5
    row 836: trace(L^p) = -42.49 s^-1 (relative 2.08e-01); incompressibility implies Lp_zz = 246.9, file has 204.4
    row 861: trace(L^p) = 36.91 s^-1 (relative 1.38e-01); incompressibility implies Lp_zz = 230.6, file has 267.6
    row 891: trace(L^p) = -44.01 s^-1 (relative 2.08e-01); incompressibility implies Lp_zz = 255.5, file has 211.5
    row 1155: trace(L^p) = 23.29 s^-1 (relative 9.18e-02); incompressibility implies Lp_zz = 230.4, file has 253.7
    row 1258: trace(L^p) = 37.2 s^-1 (relative 1.28e-01); incompressibility implies Lp_zz = 253.4, file has 290.6
    row 1403: trace(L^p) = 30.73 s^-1 (relative 1.03e-01); incompressibility implies Lp_zz = 268.1, file has 298.9
    row 1595: trace(L^p) = 27.55 s^-1 (relative 8.01e-02); incompressibility implies Lp_zz = 316.2, file has 343.8
    row 1656: trace(L^p) = -7.969 s^-1 (relative 2.15e-02); incompressibility implies Lp_zz = 378.6, file has 370.6
    row 1665: trace(L^p) = 10.96 s^-1 (relative 2.97e-02); incompressibility implies Lp_zz = 357.3, file has 368.3
    row 1897: trace(L^p) = -5.777 s^-1 (relative 1.51e-02); incompressibility implies Lp_zz = 387.5, file has 381.7
    row 1975: trace(L^p) = 25.17 s^-1 (relative 5.61e-02); incompressibility implies Lp_zz = 423.3, file has 448.5
    row 2104: trace(L^p) = 37.8 s^-1 (relative 7.50e-02); incompressibility implies Lp_zz = 466.5, file has 504.3
    row 2264: trace(L^p) = -29.51 s^-1 (relative 5.10e-02); incompressibility implies Lp_zz = 608.1, file has 578.6
    row 2354: trace(L^p) = 9.627 s^-1 (relative 1.53e-02); incompressibility implies Lp_zz = 618.8, file has 628.5
    row 2382: trace(L^p) = 30.67 s^-1 (relative 5.00e-02); incompressibility implies Lp_zz = 582.2, file has 612.9
    row 2419: trace(L^p) = -34.26 s^-1 (relative 6.30e-02); incompressibility implies Lp_zz = 578, file has 543.8
    row 2431: trace(L^p) = -8.913 s^-1 (relative 1.48e-02); incompressibility implies Lp_zz = 610.3, file has 601.3
    row 2523: trace(L^p) = 9.185 s^-1 (relative 1.46e-02); incompressibility implies Lp_zz = 619.4, file has 628.6
    row 2746: trace(L^p) = -34.58 s^-1 (relative 4.87e-02); incompressibility implies Lp_zz = 745.3, file has 710.7
    row 2846: trace(L^p) = -18.08 s^-1 (relative 2.18e-02); incompressibility implies Lp_zz = 846.5, file has 828.4
    row 2901: trace(L^p) = -18.69 s^-1 (relative 2.32e-02); incompressibility implies Lp_zz = 824.4, file has 805.7
    row 2903: trace(L^p) = -13.37 s^-1 (relative 1.67e-02); incompressibility implies Lp_zz = 814, file has 800.7
    row 2953: trace(L^p) = 13.27 s^-1 (relative 1.69e-02); incompressibility implies Lp_zz = 772.6, file has 785.9
    row 2959: trace(L^p) = -29.71 s^-1 (relative 3.63e-02); incompressibility implies Lp_zz = 847.9, file has 818.2
    row 3163: trace(L^p) = 27.38 s^-1 (relative 2.59e-02); incompressibility implies Lp_zz = 1028, file has 1055
    row 3180: trace(L^p) = 14.61 s^-1 (relative 1.44e-02); incompressibility implies Lp_zz = 1002, file has 1016
    row 3350: trace(L^p) = -22.61 s^-1 (relative 1.67e-02); incompressibility implies Lp_zz = 1376, file has 1354
    row 3508: trace(L^p) = 63.12 s^-1 (relative 4.52e-02); incompressibility implies Lp_zz = 1334, file has 1398
    row 3560: trace(L^p) = -104.7 s^-1 (relative 7.50e-02); incompressibility implies Lp_zz = 1501, file has 1396
    row 3669: trace(L^p) = 17.9 s^-1 (relative 1.09e-02); incompressibility implies Lp_zz = 1621, file has 1639
    ... and 8 more

data/raw/uniaxial_30Mpa_6e13_1.43e12.csv
  60 problem(s) in 3905 rows:
    row 124: trace(L^p) = -8.447 s^-1 (relative 1.68e-02); incompressibility implies Lp_zz = 510.4, file has 502
    row 164: trace(L^p) = 29.7 s^-1 (relative 6.06e-02); incompressibility implies Lp_zz = 460.6, file has 490.3
    row 170: trace(L^p) = -36.84 s^-1 (relative 8.04e-02); incompressibility implies Lp_zz = 494.9, file has 458
    row 187: trace(L^p) = -7.932 s^-1 (relative 1.58e-02); incompressibility implies Lp_zz = 510.2, file has 502.3
    row 210: trace(L^p) = -8.21 s^-1 (relative 1.69e-02); incompressibility implies Lp_zz = 492.8, file has 484.6
    row 255: trace(L^p) = 21.06 s^-1 (relative 4.39e-02); incompressibility implies Lp_zz = 458.8, file has 479.9
    row 284: trace(L^p) = -10.71 s^-1 (relative 2.30e-02); incompressibility implies Lp_zz = 476.8, file has 466.1
    row 286: trace(L^p) = -20.33 s^-1 (relative 4.34e-02); incompressibility implies Lp_zz = 489, file has 468.7
    row 402: trace(L^p) = -25.24 s^-1 (relative 5.70e-02); incompressibility implies Lp_zz = 467.9, file has 442.6
    row 467: trace(L^p) = -31.5 s^-1 (relative 7.73e-02); incompressibility implies Lp_zz = 439, file has 407.5
    row 557: trace(L^p) = -28.94 s^-1 (relative 6.39e-02); incompressibility implies Lp_zz = 482.1, file has 453.2
    row 567: trace(L^p) = -40.81 s^-1 (relative 7.83e-02); incompressibility implies Lp_zz = 561.8, file has 521
    row 584: trace(L^p) = 10.87 s^-1 (relative 2.45e-02); incompressibility implies Lp_zz = 433.5, file has 444.4
    row 674: trace(L^p) = 28.39 s^-1 (relative 5.59e-02); incompressibility implies Lp_zz = 479.2, file has 507.6
    row 695: trace(L^p) = -33.43 s^-1 (relative 6.91e-02); incompressibility implies Lp_zz = 517, file has 483.6
    row 716: trace(L^p) = -41.03 s^-1 (relative 9.11e-02); incompressibility implies Lp_zz = 491.5, file has 450.5
    row 925: trace(L^p) = -29.93 s^-1 (relative 5.58e-02); incompressibility implies Lp_zz = 566.3, file has 536.4
    row 941: trace(L^p) = -24.91 s^-1 (relative 4.40e-02); incompressibility implies Lp_zz = 591.3, file has 566.4
    row 984: trace(L^p) = -30.22 s^-1 (relative 6.10e-02); incompressibility implies Lp_zz = 525.5, file has 495.3
    row 985: trace(L^p) = 16.07 s^-1 (relative 3.13e-02); incompressibility implies Lp_zz = 498, file has 514
    row 1002: trace(L^p) = -8.906 s^-1 (relative 1.77e-02); incompressibility implies Lp_zz = 511.6, file has 502.7
    row 1027: trace(L^p) = -32.34 s^-1 (relative 6.37e-02); incompressibility implies Lp_zz = 540, file has 507.7
    row 1043: trace(L^p) = 8.75 s^-1 (relative 1.71e-02); incompressibility implies Lp_zz = 504, file has 512.8
    row 1047: trace(L^p) = -22.65 s^-1 (relative 4.74e-02); incompressibility implies Lp_zz = 500.6, file has 477.9
    row 1321: trace(L^p) = 23.54 s^-1 (relative 3.87e-02); incompressibility implies Lp_zz = 584.6, file has 608.1
    row 1415: trace(L^p) = -31.31 s^-1 (relative 5.52e-02); incompressibility implies Lp_zz = 598, file has 566.7
    row 1568: trace(L^p) = 36.96 s^-1 (relative 5.74e-02); incompressibility implies Lp_zz = 607.4, file has 644.4
    row 1625: trace(L^p) = 17.79 s^-1 (relative 2.65e-02); incompressibility implies Lp_zz = 652.6, file has 670.4
    row 1663: trace(L^p) = -20.42 s^-1 (relative 3.17e-02); incompressibility implies Lp_zz = 664.8, file has 644.3
    row 1667: trace(L^p) = -22.6 s^-1 (relative 3.47e-02); incompressibility implies Lp_zz = 674.6, file has 652
    row 1695: trace(L^p) = 33.6 s^-1 (relative 5.20e-02); incompressibility implies Lp_zz = 612.6, file has 646.2
    row 1753: trace(L^p) = -13.9 s^-1 (relative 1.92e-02); incompressibility implies Lp_zz = 739.3, file has 725.4
    row 1754: trace(L^p) = 21.52 s^-1 (relative 2.93e-02); incompressibility implies Lp_zz = 713, file has 734.5
    row 1871: trace(L^p) = -9.709 s^-1 (relative 1.27e-02); incompressibility implies Lp_zz = 777.2, file has 767.5
    row 1908: trace(L^p) = -35.46 s^-1 (relative 4.41e-02); incompressibility implies Lp_zz = 839.8, file has 804.4
    row 1930: trace(L^p) = -31.75 s^-1 (relative 3.63e-02); incompressibility implies Lp_zz = 907.4, file has 875.7
    row 1967: trace(L^p) = 56.61 s^-1 (relative 6.19e-02); incompressibility implies Lp_zz = 858.3, file has 914.9
    row 1970: trace(L^p) = -55.46 s^-1 (relative 6.25e-02); incompressibility implies Lp_zz = 943.3, file has 887.8
    row 2181: trace(L^p) = 32.89 s^-1 (relative 3.16e-02); incompressibility implies Lp_zz = 1008, file has 1040
    row 2194: trace(L^p) = -32.1 s^-1 (relative 2.95e-02); incompressibility implies Lp_zz = 1119, file has 1087
    ... and 20 more

data/raw/uniaxial_30Mpa_6e13_2.055e12.csv
  70 problem(s) in 4214 rows:
    row 124: trace(L^p) = -5.301 s^-1 (relative 1.44e-02); incompressibility implies Lp_zz = 373.9, file has 368.6
    row 147: trace(L^p) = 44.02 s^-1 (relative 1.07e-01); incompressibility implies Lp_zz = 366.1, file has 410.1
    row 150: trace(L^p) = 11.49 s^-1 (relative 2.91e-02); incompressibility implies Lp_zz = 383.9, file has 395.4
    row 158: trace(L^p) = -26.2 s^-1 (relative 6.45e-02); incompressibility implies Lp_zz = 432.7, file has 406.5
    row 298: trace(L^p) = 7.807 s^-1 (relative 1.68e-02); incompressibility implies Lp_zz = 456.9, file has 464.7
    row 411: trace(L^p) = 22.48 s^-1 (relative 5.14e-02); incompressibility implies Lp_zz = 415.2, file has 437.7
    row 412: trace(L^p) = 12.57 s^-1 (relative 2.98e-02); incompressibility implies Lp_zz = 409.3, file has 421.9
    row 488: trace(L^p) = 33.97 s^-1 (relative 7.53e-02); incompressibility implies Lp_zz = 417.1, file has 451.1
    row 513: trace(L^p) = -36.44 s^-1 (relative 9.05e-02); incompressibility implies Lp_zz = 439, file has 402.5
    row 522: trace(L^p) = -36.08 s^-1 (relative 8.36e-02); incompressibility implies Lp_zz = 467.7, file has 431.6
    row 528: trace(L^p) = -4.486 s^-1 (relative 1.01e-02); incompressibility implies Lp_zz = 450.2, file has 445.7
    row 555: trace(L^p) = 11.75 s^-1 (relative 2.58e-02); incompressibility implies Lp_zz = 444.3, file has 456.1
    row 558: trace(L^p) = -6.483 s^-1 (relative 1.38e-02); incompressibility implies Lp_zz = 477.4, file has 470.9
    row 601: trace(L^p) = -48.73 s^-1 (relative 1.17e-01); incompressibility implies Lp_zz = 464, file has 415.2
    row 607: trace(L^p) = -27.43 s^-1 (relative 5.93e-02); incompressibility implies Lp_zz = 490.2, file has 462.7
    row 613: trace(L^p) = -15.14 s^-1 (relative 3.23e-02); incompressibility implies Lp_zz = 483.4, file has 468.3
    row 640: trace(L^p) = 5.114 s^-1 (relative 1.16e-02); incompressibility implies Lp_zz = 435.6, file has 440.7
    row 652: trace(L^p) = -4.48 s^-1 (relative 1.05e-02); incompressibility implies Lp_zz = 429.4, file has 424.9
    row 698: trace(L^p) = 13.72 s^-1 (relative 3.04e-02); incompressibility implies Lp_zz = 438, file has 451.7
    row 720: trace(L^p) = -6.969 s^-1 (relative 1.48e-02); incompressibility implies Lp_zz = 477.2, file has 470.2
    row 730: trace(L^p) = -18.16 s^-1 (relative 4.15e-02); incompressibility implies Lp_zz = 455.3, file has 437.1
    row 852: trace(L^p) = 28.53 s^-1 (relative 6.08e-02); incompressibility implies Lp_zz = 440.5, file has 469.1
    row 886: trace(L^p) = 5.17 s^-1 (relative 1.11e-02); incompressibility implies Lp_zz = 459.3, file has 464.4
    row 891: trace(L^p) = -7.145 s^-1 (relative 1.55e-02); incompressibility implies Lp_zz = 467.5, file has 460.3
    row 902: trace(L^p) = 6.572 s^-1 (relative 1.42e-02); incompressibility implies Lp_zz = 455.4, file has 462
    row 905: trace(L^p) = -36.64 s^-1 (relative 8.23e-02); incompressibility implies Lp_zz = 481.8, file has 445.2
    row 929: trace(L^p) = 39.98 s^-1 (relative 8.43e-02); incompressibility implies Lp_zz = 434.3, file has 474.3
    row 948: trace(L^p) = -5.287 s^-1 (relative 1.12e-02); incompressibility implies Lp_zz = 477, file has 471.7
    row 994: trace(L^p) = -5.93 s^-1 (relative 1.35e-02); incompressibility implies Lp_zz = 444.1, file has 438.2
    row 1117: trace(L^p) = 28.04 s^-1 (relative 5.86e-02); incompressibility implies Lp_zz = 450.1, file has 478.1
    row 1220: trace(L^p) = -33.34 s^-1 (relative 7.10e-02); incompressibility implies Lp_zz = 503, file has 469.6
    row 1240: trace(L^p) = 70.49 s^-1 (relative 1.48e-01); incompressibility implies Lp_zz = 407.3, file has 477.8
    row 1426: trace(L^p) = 26.05 s^-1 (relative 5.40e-02); incompressibility implies Lp_zz = 456, file has 482
    row 1661: trace(L^p) = -8.348 s^-1 (relative 1.61e-02); incompressibility implies Lp_zz = 527.9, file has 519.5
    row 1685: trace(L^p) = 10.33 s^-1 (relative 2.12e-02); incompressibility implies Lp_zz = 477.3, file has 487.6
    row 1781: trace(L^p) = 42.86 s^-1 (relative 1.05e-01); incompressibility implies Lp_zz = 364.2, file has 407.1
    row 2047: trace(L^p) = -91.48 s^-1 (relative 1.73e-01); incompressibility implies Lp_zz = 621.8, file has 530.3
    row 2077: trace(L^p) = 94.29 s^-1 (relative 1.52e-01); incompressibility implies Lp_zz = 526.6, file has 620.9
    row 2088: trace(L^p) = 77.32 s^-1 (relative 1.41e-01); incompressibility implies Lp_zz = 469.9, file has 547.2
    row 2092: trace(L^p) = 8.141 s^-1 (relative 1.40e-02); incompressibility implies Lp_zz = 574.3, file has 582.4
    ... and 30 more

data/raw/uniaxial_30Mpa_6e13_9.5668e11.csv
  28 problem(s) in 3473 rows:
    row 93: trace(L^p) = 22.49 s^-1 (relative 1.10e-01); incompressibility implies Lp_zz = 181, file has 203.5
    row 269: trace(L^p) = -9.851 s^-1 (relative 2.88e-02); incompressibility implies Lp_zz = 351.5, file has 341.7
    row 293: trace(L^p) = 40.55 s^-1 (relative 1.08e-01); incompressibility implies Lp_zz = 335.5, file has 376
    row 334: trace(L^p) = -15.94 s^-1 (relative 4.19e-02); incompressibility implies Lp_zz = 396.5, file has 380.6
    row 635: trace(L^p) = -18.72 s^-1 (relative 4.34e-02); incompressibility implies Lp_zz = 449.6, file has 430.9
    row 772: trace(L^p) = -40.79 s^-1 (relative 8.63e-02); incompressibility implies Lp_zz = 513.7, file has 472.9
    row 898: trace(L^p) = -21.1 s^-1 (relative 4.30e-02); incompressibility implies Lp_zz = 511.6, file has 490.5
    row 913: trace(L^p) = -35.25 s^-1 (relative 7.08e-02); incompressibility implies Lp_zz = 533.2, file has 497.9
    row 969: trace(L^p) = -5.256 s^-1 (relative 1.16e-02); incompressibility implies Lp_zz = 458.1, file has 452.8
    row 1047: trace(L^p) = 13.36 s^-1 (relative 2.59e-02); incompressibility implies Lp_zz = 502.9, file has 516.3
    row 1164: trace(L^p) = -24.11 s^-1 (relative 4.63e-02); incompressibility implies Lp_zz = 544.9, file has 520.8
    row 1220: trace(L^p) = 16.14 s^-1 (relative 3.05e-02); incompressibility implies Lp_zz = 513.7, file has 529.8
    row 1298: trace(L^p) = -32.34 s^-1 (relative 6.08e-02); incompressibility implies Lp_zz = 564.6, file has 532.3
    row 1413: trace(L^p) = 46.1 s^-1 (relative 6.33e-02); incompressibility implies Lp_zz = 682, file has 728.1
    row 1420: trace(L^p) = -34.35 s^-1 (relative 4.87e-02); incompressibility implies Lp_zz = 740.4, file has 706.1
    row 1468: trace(L^p) = -13.71 s^-1 (relative 1.85e-02); incompressibility implies Lp_zz = 753.2, file has 739.5
    row 1573: trace(L^p) = -35.22 s^-1 (relative 4.91e-02); incompressibility implies Lp_zz = 752, file has 716.8
    row 1891: trace(L^p) = -17.16 s^-1 (relative 1.64e-02); incompressibility implies Lp_zz = 1062, file has 1045
    row 1930: trace(L^p) = 36.76 s^-1 (relative 3.42e-02); incompressibility implies Lp_zz = 1039, file has 1076
    row 1931: trace(L^p) = -56.74 s^-1 (relative 5.44e-02); incompressibility implies Lp_zz = 1100, file has 1043
    row 1939: trace(L^p) = -39.67 s^-1 (relative 3.83e-02); incompressibility implies Lp_zz = 1076, file has 1037
    row 1989: trace(L^p) = -36.7 s^-1 (relative 3.09e-02); incompressibility implies Lp_zz = 1225, file has 1188
    row 2066: trace(L^p) = -25.78 s^-1 (relative 1.84e-02); incompressibility implies Lp_zz = 1429, file has 1404
    row 2167: trace(L^p) = -24.45 s^-1 (relative 1.45e-02); incompressibility implies Lp_zz = 1705, file has 1681
    row 2172: trace(L^p) = -26.39 s^-1 (relative 1.58e-02); incompressibility implies Lp_zz = 1699, file has 1672
    row 2462: trace(L^p) = -38.73 s^-1 (relative 1.42e-02); incompressibility implies Lp_zz = 2775, file has 2736
    row 2498: trace(L^p) = 32.93 s^-1 (relative 1.07e-02); incompressibility implies Lp_zz = 3032, file has 3065
    row 2531: trace(L^p) = 38.08 s^-1 (relative 1.18e-02); incompressibility implies Lp_zz = 3201, file has 3239

data/raw/uniaxial_30Mpa_8e13_1.43e12.csv
  54 problem(s) in 3236 rows:
    row 77: trace(L^p) = -4.986 s^-1 (relative 1.05e-02); incompressibility implies Lp_zz = 480.6, file has 475.7
    row 112: trace(L^p) = -35.32 s^-1 (relative 6.37e-02); incompressibility implies Lp_zz = 589.5, file has 554.2
    row 172: trace(L^p) = 11.1 s^-1 (relative 1.90e-02); incompressibility implies Lp_zz = 572.3, file has 583.5
    row 177: trace(L^p) = -10.15 s^-1 (relative 1.78e-02); incompressibility implies Lp_zz = 581.3, file has 571.1
    row 210: trace(L^p) = -9.264 s^-1 (relative 1.49e-02); incompressibility implies Lp_zz = 632.6, file has 623.3
    row 264: trace(L^p) = 19.59 s^-1 (relative 3.11e-02); incompressibility implies Lp_zz = 610.8, file has 630.4
    row 319: trace(L^p) = -20.95 s^-1 (relative 3.56e-02); incompressibility implies Lp_zz = 608.6, file has 587.7
    row 401: trace(L^p) = -37.44 s^-1 (relative 6.67e-02); incompressibility implies Lp_zz = 598.8, file has 561.3
    row 425: trace(L^p) = -13.61 s^-1 (relative 2.29e-02); incompressibility implies Lp_zz = 608.4, file has 594.8
    row 433: trace(L^p) = -9.637 s^-1 (relative 1.52e-02); incompressibility implies Lp_zz = 645, file has 635.4
    row 476: trace(L^p) = 12.24 s^-1 (relative 1.76e-02); incompressibility implies Lp_zz = 684.3, file has 696.5
    row 493: trace(L^p) = -23.9 s^-1 (relative 3.56e-02); incompressibility implies Lp_zz = 694.7, file has 670.8
    row 531: trace(L^p) = -34.09 s^-1 (relative 5.09e-02); incompressibility implies Lp_zz = 704.4, file has 670.3
    row 556: trace(L^p) = -18.76 s^-1 (relative 2.75e-02); incompressibility implies Lp_zz = 700, file has 681.2
    row 596: trace(L^p) = 13.77 s^-1 (relative 2.14e-02); incompressibility implies Lp_zz = 630.2, file has 644
    row 642: trace(L^p) = -26.1 s^-1 (relative 3.39e-02); incompressibility implies Lp_zz = 797, file has 770.9
    row 685: trace(L^p) = -33.77 s^-1 (relative 4.61e-02); incompressibility implies Lp_zz = 766, file has 732.2
    row 762: trace(L^p) = 9.225 s^-1 (relative 1.19e-02); incompressibility implies Lp_zz = 765.9, file has 775.1
    row 1012: trace(L^p) = -28.71 s^-1 (relative 3.74e-02); incompressibility implies Lp_zz = 797.1, file has 768.4
    row 1045: trace(L^p) = -66.97 s^-1 (relative 8.79e-02); incompressibility implies Lp_zz = 828.6, file has 761.6
    row 1187: trace(L^p) = 52.41 s^-1 (relative 7.44e-02); incompressibility implies Lp_zz = 652.4, file has 704.8
    row 1219: trace(L^p) = 36.11 s^-1 (relative 4.91e-02); incompressibility implies Lp_zz = 698.6, file has 734.7
    row 1294: trace(L^p) = 60.87 s^-1 (relative 8.08e-02); incompressibility implies Lp_zz = 692.5, file has 753.3
    row 1305: trace(L^p) = 47.54 s^-1 (relative 6.10e-02); incompressibility implies Lp_zz = 732.1, file has 779.6
    row 1410: trace(L^p) = -24.16 s^-1 (relative 3.39e-02); incompressibility implies Lp_zz = 736.2, file has 712
    row 1438: trace(L^p) = 32.26 s^-1 (relative 4.30e-02); incompressibility implies Lp_zz = 718.7, file has 750.9
    row 1510: trace(L^p) = -20.31 s^-1 (relative 2.34e-02); incompressibility implies Lp_zz = 886.8, file has 866.5
    row 1554: trace(L^p) = -13.27 s^-1 (relative 1.35e-02); incompressibility implies Lp_zz = 992.3, file has 979
    row 1579: trace(L^p) = 22 s^-1 (relative 2.11e-02); incompressibility implies Lp_zz = 1019, file has 1041
    row 1591: trace(L^p) = -29.98 s^-1 (relative 2.72e-02); incompressibility implies Lp_zz = 1130, file has 1100
    row 1599: trace(L^p) = -30.22 s^-1 (relative 2.77e-02); incompressibility implies Lp_zz = 1122, file has 1091
    row 1667: trace(L^p) = -33.6 s^-1 (relative 2.91e-02); incompressibility implies Lp_zz = 1190, file has 1156
    row 1679: trace(L^p) = 23.29 s^-1 (relative 1.99e-02); incompressibility implies Lp_zz = 1147, file has 1170
    row 1706: trace(L^p) = 25.73 s^-1 (relative 1.77e-02); incompressibility implies Lp_zz = 1428, file has 1454
    row 1750: trace(L^p) = 21.87 s^-1 (relative 1.68e-02); incompressibility implies Lp_zz = 1280, file has 1302
    row 1855: trace(L^p) = 16.94 s^-1 (relative 1.34e-02); incompressibility implies Lp_zz = 1246, file has 1263
    row 1893: trace(L^p) = -179.2 s^-1 (relative 1.54e-01); incompressibility implies Lp_zz = 1342, file has 1162
    row 1946: trace(L^p) = -61.08 s^-1 (relative 5.00e-02); incompressibility implies Lp_zz = 1282, file has 1221
    row 1988: trace(L^p) = -34.37 s^-1 (relative 2.67e-02); incompressibility implies Lp_zz = 1321, file has 1287
    row 1992: trace(L^p) = -59.72 s^-1 (relative 5.06e-02); incompressibility implies Lp_zz = 1241, file has 1181
    ... and 14 more

data/raw/uniaxial_30Mpa_8e13_2.055e12.csv
  50 problem(s) in 3340 rows:
    row 133: trace(L^p) = -12.12 s^-1 (relative 2.72e-02); incompressibility implies Lp_zz = 458.1, file has 446
    row 153: trace(L^p) = 34.75 s^-1 (relative 6.82e-02); incompressibility implies Lp_zz = 475.1, file has 509.9
    row 200: trace(L^p) = 66.41 s^-1 (relative 1.44e-01); incompressibility implies Lp_zz = 393.8, file has 460.2
    row 234: trace(L^p) = -92.22 s^-1 (relative 1.62e-01); incompressibility implies Lp_zz = 660.7, file has 568.5
    row 279: trace(L^p) = -7.761 s^-1 (relative 1.42e-02); incompressibility implies Lp_zz = 554.4, file has 546.7
    row 317: trace(L^p) = 5.314 s^-1 (relative 1.06e-02); incompressibility implies Lp_zz = 497.7, file has 503
    row 430: trace(L^p) = 55.87 s^-1 (relative 9.08e-02); incompressibility implies Lp_zz = 559.2, file has 615.1
    row 436: trace(L^p) = -8.232 s^-1 (relative 1.38e-02); incompressibility implies Lp_zz = 602.9, file has 594.6
    row 443: trace(L^p) = -14.88 s^-1 (relative 2.47e-02); incompressibility implies Lp_zz = 618.1, file has 603.2
    row 483: trace(L^p) = 30.96 s^-1 (relative 5.33e-02); incompressibility implies Lp_zz = 550.3, file has 581.3
    row 495: trace(L^p) = 8.794 s^-1 (relative 1.53e-02); incompressibility implies Lp_zz = 564.5, file has 573.3
    row 530: trace(L^p) = 10.79 s^-1 (relative 1.83e-02); incompressibility implies Lp_zz = 577.6, file has 588.4
    row 639: trace(L^p) = 8.44 s^-1 (relative 1.37e-02); incompressibility implies Lp_zz = 608.6, file has 617
    row 664: trace(L^p) = 31.13 s^-1 (relative 4.81e-02); incompressibility implies Lp_zz = 616.5, file has 647.6
    row 844: trace(L^p) = -42.16 s^-1 (relative 6.87e-02); incompressibility implies Lp_zz = 655.8, file has 613.6
    row 907: trace(L^p) = -19.6 s^-1 (relative 3.54e-02); incompressibility implies Lp_zz = 573.9, file has 554.3
    row 931: trace(L^p) = 63.87 s^-1 (relative 1.03e-01); incompressibility implies Lp_zz = 556, file has 619.9
    row 943: trace(L^p) = 14.01 s^-1 (relative 2.16e-02); incompressibility implies Lp_zz = 633.1, file has 647.2
    row 975: trace(L^p) = -49 s^-1 (relative 8.79e-02); incompressibility implies Lp_zz = 606.4, file has 557.4
    row 988: trace(L^p) = -39.17 s^-1 (relative 6.87e-02); incompressibility implies Lp_zz = 609, file has 569.8
    row 1000: trace(L^p) = 13.71 s^-1 (relative 2.31e-02); incompressibility implies Lp_zz = 578.6, file has 592.3
    row 1010: trace(L^p) = 15.51 s^-1 (relative 2.80e-02); incompressibility implies Lp_zz = 538.1, file has 553.6
    row 1030: trace(L^p) = 26.52 s^-1 (relative 4.16e-02); incompressibility implies Lp_zz = 610.6, file has 637.2
    row 1101: trace(L^p) = 36.84 s^-1 (relative 5.62e-02); incompressibility implies Lp_zz = 618.7, file has 655.6
    row 1161: trace(L^p) = 19.94 s^-1 (relative 2.98e-02); incompressibility implies Lp_zz = 648.1, file has 668
    row 1280: trace(L^p) = -35.75 s^-1 (relative 5.05e-02); incompressibility implies Lp_zz = 743.8, file has 708
    row 1308: trace(L^p) = 40.86 s^-1 (relative 5.55e-02); incompressibility implies Lp_zz = 694.7, file has 735.5
    row 1314: trace(L^p) = -27.25 s^-1 (relative 3.65e-02); incompressibility implies Lp_zz = 773, file has 745.7
    row 1378: trace(L^p) = 12.5 s^-1 (relative 1.62e-02); incompressibility implies Lp_zz = 757.4, file has 769.8
    row 1398: trace(L^p) = 16.79 s^-1 (relative 2.20e-02); incompressibility implies Lp_zz = 744.7, file has 761.5
    row 1486: trace(L^p) = 17.96 s^-1 (relative 2.35e-02); incompressibility implies Lp_zz = 747.5, file has 765.4
    row 1498: trace(L^p) = 13.39 s^-1 (relative 1.66e-02); incompressibility implies Lp_zz = 793.6, file has 807
    row 1597: trace(L^p) = -21.24 s^-1 (relative 2.83e-02); incompressibility implies Lp_zz = 771.6, file has 750.4
    row 1655: trace(L^p) = 9.605 s^-1 (relative 1.17e-02); incompressibility implies Lp_zz = 809.4, file has 819
    row 1733: trace(L^p) = -11.13 s^-1 (relative 1.25e-02); incompressibility implies Lp_zz = 901.6, file has 890.4
    row 1752: trace(L^p) = -19.32 s^-1 (relative 2.22e-02); incompressibility implies Lp_zz = 891.5, file has 872.1
    row 1832: trace(L^p) = -31.42 s^-1 (relative 3.16e-02); incompressibility implies Lp_zz = 1025, file has 993.2
    row 1882: trace(L^p) = -27.6 s^-1 (relative 2.77e-02); incompressibility implies Lp_zz = 1025, file has 997.8
    row 2062: trace(L^p) = -18.07 s^-1 (relative 1.59e-02); incompressibility implies Lp_zz = 1156, file has 1138
    row 2279: trace(L^p) = -102.5 s^-1 (relative 8.33e-02); incompressibility implies Lp_zz = 1333, file has 1231
    ... and 10 more

data/raw/uniaxial_30Mpa_8e13_9.5668e11.csv
  31 problem(s) in 2736 rows:
    row 95: trace(L^p) = 21.32 s^-1 (relative 7.63e-02); incompressibility implies Lp_zz = 257.9, file has 279.2
    row 200: trace(L^p) = 17.45 s^-1 (relative 4.06e-02); incompressibility implies Lp_zz = 412.3, file has 429.8
    row 217: trace(L^p) = 40.83 s^-1 (relative 9.56e-02); incompressibility implies Lp_zz = 386.3, file has 427.1
    row 281: trace(L^p) = 35.61 s^-1 (relative 7.26e-02); incompressibility implies Lp_zz = 455.2, file has 490.8
    row 288: trace(L^p) = -7.803 s^-1 (relative 1.58e-02); incompressibility implies Lp_zz = 503, file has 495.1
    row 445: trace(L^p) = -76.08 s^-1 (relative 1.53e-01); incompressibility implies Lp_zz = 574.1, file has 498
    row 625: trace(L^p) = -18 s^-1 (relative 2.99e-02); incompressibility implies Lp_zz = 619.7, file has 601.7
    row 777: trace(L^p) = -12.76 s^-1 (relative 1.83e-02); incompressibility implies Lp_zz = 711, file has 698.2
    row 784: trace(L^p) = -39.94 s^-1 (relative 5.55e-02); incompressibility implies Lp_zz = 759.2, file has 719.3
    row 842: trace(L^p) = -8.105 s^-1 (relative 1.18e-02); incompressibility implies Lp_zz = 696.5, file has 688.4
    row 993: trace(L^p) = -36.7 s^-1 (relative 5.24e-02); incompressibility implies Lp_zz = 737.1, file has 700.5
    row 1017: trace(L^p) = 15.78 s^-1 (relative 2.11e-02); incompressibility implies Lp_zz = 732.1, file has 747.9
    row 1033: trace(L^p) = -44.95 s^-1 (relative 6.54e-02); incompressibility implies Lp_zz = 732.6, file has 687.6
    row 1068: trace(L^p) = -35.71 s^-1 (relative 4.69e-02); incompressibility implies Lp_zz = 797.7, file has 762
    row 1083: trace(L^p) = -15.31 s^-1 (relative 1.99e-02); incompressibility implies Lp_zz = 784.7, file has 769.4
    row 1127: trace(L^p) = -26.76 s^-1 (relative 3.17e-02); incompressibility implies Lp_zz = 870.9, file has 844.2
    row 1132: trace(L^p) = -29.39 s^-1 (relative 3.41e-02); incompressibility implies Lp_zz = 892.3, file has 863
    row 1135: trace(L^p) = -11.57 s^-1 (relative 1.39e-02); incompressibility implies Lp_zz = 844.3, file has 832.7
    row 1142: trace(L^p) = -31.18 s^-1 (relative 3.74e-02); incompressibility implies Lp_zz = 863.9, file has 832.7
    row 1190: trace(L^p) = -21.94 s^-1 (relative 2.23e-02); incompressibility implies Lp_zz = 1005, file has 982.6
    row 1256: trace(L^p) = 15.26 s^-1 (relative 1.48e-02); incompressibility implies Lp_zz = 1014, file has 1029
    row 1384: trace(L^p) = -34.7 s^-1 (relative 2.97e-02); incompressibility implies Lp_zz = 1204, file has 1169
    row 1396: trace(L^p) = -36.49 s^-1 (relative 3.06e-02); incompressibility implies Lp_zz = 1230, file has 1193
    row 1796: trace(L^p) = 34.96 s^-1 (relative 1.67e-02); incompressibility implies Lp_zz = 2063, file has 2098
    row 1815: trace(L^p) = -23.66 s^-1 (relative 1.10e-02); incompressibility implies Lp_zz = 2166, file has 2142
    row 1833: trace(L^p) = -24.3 s^-1 (relative 1.09e-02); incompressibility implies Lp_zz = 2246, file has 2221
    row 1947: trace(L^p) = -34.81 s^-1 (relative 1.36e-02); incompressibility implies Lp_zz = 2600, file has 2565
    row 2113: trace(L^p) = 98.22 s^-1 (relative 2.86e-02); incompressibility implies Lp_zz = 3332, file has 3430
    row 2283: trace(L^p) = -57.1 s^-1 (relative 1.34e-02); incompressibility implies Lp_zz = 4309, file has 4252
    row 2395: trace(L^p) = -122.9 s^-1 (relative 2.49e-02); incompressibility implies Lp_zz = 5052, file has 4930
    row 2606: trace(L^p) = 75.76 s^-1 (relative 1.09e-02); incompressibility implies Lp_zz = 6858, file has 6934

data/raw/uniaxial_40Mpa_4e13_1.43e12.csv
  236 problem(s) in 11735 rows:
    row 134: trace(L^p) = -42.33 s^-1 (relative 1.61e-01); incompressibility implies Lp_zz = 304.8, file has 262.5
    row 174: trace(L^p) = -18.98 s^-1 (relative 7.17e-02); incompressibility implies Lp_zz = 283.7, file has 264.7
    row 181: trace(L^p) = 36.17 s^-1 (relative 1.09e-01); incompressibility implies Lp_zz = 296, file has 332.2
    row 199: trace(L^p) = -5.204 s^-1 (relative 2.21e-02); incompressibility implies Lp_zz = 240.9, file has 235.7
    row 200: trace(L^p) = -4.139 s^-1 (relative 1.43e-02); incompressibility implies Lp_zz = 292.7, file has 288.6
    row 244: trace(L^p) = 25.6 s^-1 (relative 7.25e-02); incompressibility implies Lp_zz = 327.6, file has 353.2
    row 252: trace(L^p) = -5.657 s^-1 (relative 1.89e-02); incompressibility implies Lp_zz = 305.3, file has 299.7
    row 254: trace(L^p) = -8.789 s^-1 (relative 3.09e-02); incompressibility implies Lp_zz = 293.5, file has 284.7
    row 325: trace(L^p) = -12.58 s^-1 (relative 3.60e-02); incompressibility implies Lp_zz = 361.7, file has 349.1
    row 379: trace(L^p) = 37.64 s^-1 (relative 1.01e-01); incompressibility implies Lp_zz = 333.5, file has 371.1
    row 410: trace(L^p) = -14.8 s^-1 (relative 4.03e-02); incompressibility implies Lp_zz = 382, file has 367.2
    row 436: trace(L^p) = 16.28 s^-1 (relative 4.30e-02); incompressibility implies Lp_zz = 362.5, file has 378.8
    row 439: trace(L^p) = 21.19 s^-1 (relative 5.54e-02); incompressibility implies Lp_zz = 361.6, file has 382.8
    row 500: trace(L^p) = -27.17 s^-1 (relative 8.66e-02); incompressibility implies Lp_zz = 340.9, file has 313.7
    row 524: trace(L^p) = -25.15 s^-1 (relative 7.41e-02); incompressibility implies Lp_zz = 364.6, file has 339.5
    row 597: trace(L^p) = 16.14 s^-1 (relative 5.25e-02); incompressibility implies Lp_zz = 291.1, file has 307.3
    row 624: trace(L^p) = -17.96 s^-1 (relative 5.85e-02); incompressibility implies Lp_zz = 325.1, file has 307.2
    row 688: trace(L^p) = -24.21 s^-1 (relative 8.26e-02); incompressibility implies Lp_zz = 317.4, file has 293.1
    row 699: trace(L^p) = 9.717 s^-1 (relative 3.08e-02); incompressibility implies Lp_zz = 306, file has 315.7
    row 770: trace(L^p) = 37.16 s^-1 (relative 1.12e-01); incompressibility implies Lp_zz = 294.2, file has 331.3
    row 886: trace(L^p) = -37.24 s^-1 (relative 1.23e-01); incompressibility implies Lp_zz = 341.2, file has 303.9
    row 889: trace(L^p) = 3.404 s^-1 (relative 1.11e-02); incompressibility implies Lp_zz = 302.1, file has 305.5
    row 937: trace(L^p) = 6.03 s^-1 (relative 1.88e-02); incompressibility implies Lp_zz = 314, file has 320
    row 945: trace(L^p) = -3.37 s^-1 (relative 1.04e-02); incompressibility implies Lp_zz = 328.3, file has 324.9
    row 1093: trace(L^p) = -9.623 s^-1 (relative 2.73e-02); incompressibility implies Lp_zz = 362, file has 352.3
    row 1162: trace(L^p) = -44.88 s^-1 (relative 1.67e-01); incompressibility implies Lp_zz = 314.4, file has 269.5
    row 1250: trace(L^p) = -4.158 s^-1 (relative 1.11e-02); incompressibility implies Lp_zz = 378.3, file has 374.1
    row 1266: trace(L^p) = -45.2 s^-1 (relative 1.39e-01); incompressibility implies Lp_zz = 371, file has 325.8
    row 1485: trace(L^p) = 6.493 s^-1 (relative 1.62e-02); incompressibility implies Lp_zz = 393.6, file has 400.1
    row 1533: trace(L^p) = -33.81 s^-1 (relative 9.95e-02); incompressibility implies Lp_zz = 373.4, file has 339.6
    row 1534: trace(L^p) = 17 s^-1 (relative 4.21e-02); incompressibility implies Lp_zz = 386.5, file has 403.5
    row 1560: trace(L^p) = -22.32 s^-1 (relative 5.64e-02); incompressibility implies Lp_zz = 418.1, file has 395.7
    row 1763: trace(L^p) = -5.126 s^-1 (relative 1.22e-02); incompressibility implies Lp_zz = 425.9, file has 420.8
    row 1766: trace(L^p) = 29.59 s^-1 (relative 8.35e-02); incompressibility implies Lp_zz = 324.9, file has 354.5
    row 1791: trace(L^p) = -33.05 s^-1 (relative 8.53e-02); incompressibility implies Lp_zz = 420.4, file has 387.3
    row 1846: trace(L^p) = -6.534 s^-1 (relative 2.06e-02); incompressibility implies Lp_zz = 323.4, file has 316.8
    row 1900: trace(L^p) = 18.56 s^-1 (relative 5.56e-02); incompressibility implies Lp_zz = 315.2, file has 333.7
    row 2053: trace(L^p) = -23.58 s^-1 (relative 6.67e-02); incompressibility implies Lp_zz = 377.2, file has 353.6
    row 2148: trace(L^p) = 32.81 s^-1 (relative 7.77e-02); incompressibility implies Lp_zz = 389.5, file has 422.3
    row 2256: trace(L^p) = 8.495 s^-1 (relative 1.99e-02); incompressibility implies Lp_zz = 418.5, file has 427
    ... and 196 more

data/raw/uniaxial_40Mpa_4e13_2.055e12.csv
  129 problem(s) in 13236 rows:
    row 50: trace(L^p) = -7.692 s^-1 (relative 2.21e-02); incompressibility implies Lp_zz = 71.93, file has 64.24
    row 145: trace(L^p) = -58.51 s^-1 (relative 2.87e-01); incompressibility implies Lp_zz = 262.4, file has 203.9
    row 147: trace(L^p) = 12.88 s^-1 (relative 4.29e-02); incompressibility implies Lp_zz = 287.4, file has 300.3
    row 158: trace(L^p) = 4.54 s^-1 (relative 2.56e-02); incompressibility implies Lp_zz = 172.9, file has 177.5
    row 165: trace(L^p) = -3.919 s^-1 (relative 1.66e-02); incompressibility implies Lp_zz = 240.6, file has 236.7
    row 179: trace(L^p) = 8.847 s^-1 (relative 3.03e-02); incompressibility implies Lp_zz = 282.7, file has 291.5
    row 203: trace(L^p) = 42.7 s^-1 (relative 1.51e-01); incompressibility implies Lp_zz = 240, file has 282.8
    row 230: trace(L^p) = -22.22 s^-1 (relative 7.77e-02); incompressibility implies Lp_zz = 308, file has 285.8
    row 244: trace(L^p) = -4.94 s^-1 (relative 1.65e-02); incompressibility implies Lp_zz = 304.3, file has 299.4
    row 264: trace(L^p) = 50.65 s^-1 (relative 1.56e-01); incompressibility implies Lp_zz = 273.5, file has 324.2
    row 333: trace(L^p) = 7.28 s^-1 (relative 2.12e-02); incompressibility implies Lp_zz = 335.4, file has 342.7
    row 343: trace(L^p) = -5.262 s^-1 (relative 1.63e-02); incompressibility implies Lp_zz = 328.6, file has 323.4
    row 355: trace(L^p) = -3.714 s^-1 (relative 1.10e-02); incompressibility implies Lp_zz = 342.8, file has 339.1
    row 359: trace(L^p) = -4.402 s^-1 (relative 1.55e-02); incompressibility implies Lp_zz = 288.8, file has 284.4
    row 373: trace(L^p) = -4.4 s^-1 (relative 1.38e-02); incompressibility implies Lp_zz = 322.8, file has 318.4
    row 490: trace(L^p) = 3.722 s^-1 (relative 1.59e-02); incompressibility implies Lp_zz = 229.9, file has 233.6
    row 551: trace(L^p) = 78.15 s^-1 (relative 2.63e-01); incompressibility implies Lp_zz = 218.8, file has 296.9
    row 591: trace(L^p) = 23.55 s^-1 (relative 9.40e-02); incompressibility implies Lp_zz = 226.9, file has 250.5
    row 690: trace(L^p) = -7.272 s^-1 (relative 3.16e-02); incompressibility implies Lp_zz = 237.1, file has 229.8
    row 798: trace(L^p) = -23.48 s^-1 (relative 1.13e-01); incompressibility implies Lp_zz = 231.9, file has 208.4
    row 1126: trace(L^p) = 3.365 s^-1 (relative 1.09e-02); incompressibility implies Lp_zz = 304.8, file has 308.1
    row 1167: trace(L^p) = -17.76 s^-1 (relative 5.60e-02); incompressibility implies Lp_zz = 334.7, file has 317
    row 1175: trace(L^p) = -95.15 s^-1 (relative 3.41e-01); incompressibility implies Lp_zz = 374.5, file has 279.4
    row 1244: trace(L^p) = 4.845 s^-1 (relative 1.68e-02); incompressibility implies Lp_zz = 282.7, file has 287.5
    row 1265: trace(L^p) = -26.82 s^-1 (relative 9.36e-02); incompressibility implies Lp_zz = 313.3, file has 286.5
    row 1291: trace(L^p) = -126 s^-1 (relative 5.24e-01); incompressibility implies Lp_zz = 366.6, file has 240.6
    row 1404: trace(L^p) = -4.255 s^-1 (relative 1.54e-02); incompressibility implies Lp_zz = 281, file has 276.7
    row 1841: trace(L^p) = 3.47 s^-1 (relative 1.09e-02); incompressibility implies Lp_zz = 314.9, file has 318.4
    row 2061: trace(L^p) = 125.4 s^-1 (relative 4.69e-01); incompressibility implies Lp_zz = 142.1, file has 267.4
    row 2737: trace(L^p) = -5.253 s^-1 (relative 1.93e-02); incompressibility implies Lp_zz = 277.7, file has 272.5
    row 3181: trace(L^p) = -2.991 s^-1 (relative 1.02e-02); incompressibility implies Lp_zz = 296.5, file has 293.5
    row 3298: trace(L^p) = 34.89 s^-1 (relative 1.30e-01); incompressibility implies Lp_zz = 233.1, file has 268
    row 3338: trace(L^p) = 27.71 s^-1 (relative 8.13e-02); incompressibility implies Lp_zz = 313.3, file has 341
    row 3409: trace(L^p) = 29.47 s^-1 (relative 7.92e-02); incompressibility implies Lp_zz = 342.4, file has 371.9
    row 3634: trace(L^p) = -20.05 s^-1 (relative 6.26e-02); incompressibility implies Lp_zz = 340.5, file has 320.5
    row 3663: trace(L^p) = -5.872 s^-1 (relative 1.84e-02); incompressibility implies Lp_zz = 324.4, file has 318.6
    row 3929: trace(L^p) = 27.71 s^-1 (relative 8.03e-02); incompressibility implies Lp_zz = 317.2, file has 344.9
    row 3934: trace(L^p) = -17.76 s^-1 (relative 6.33e-02); incompressibility implies Lp_zz = 298.3, file has 280.5
    row 3942: trace(L^p) = 3.601 s^-1 (relative 1.11e-02); incompressibility implies Lp_zz = 321.6, file has 325.2
    row 4003: trace(L^p) = 17.88 s^-1 (relative 5.79e-02); incompressibility implies Lp_zz = 291.1, file has 309
    ... and 89 more

data/raw/uniaxial_40Mpa_4e13_9.5668e11.csv
  82 problem(s) in 8173 rows:
    row 93: trace(L^p) = 23.73 s^-1 (relative 1.38e-01); incompressibility implies Lp_zz = 111, file has 134.7
    row 138: trace(L^p) = -33.82 s^-1 (relative 1.64e-01); incompressibility implies Lp_zz = 240.2, file has 206.4
    row 199: trace(L^p) = 32.72 s^-1 (relative 1.35e-01); incompressibility implies Lp_zz = 209.2, file has 241.9
    row 204: trace(L^p) = 31.54 s^-1 (relative 1.49e-01); incompressibility implies Lp_zz = 180.4, file has 211.9
    row 215: trace(L^p) = 41.91 s^-1 (relative 1.78e-01); incompressibility implies Lp_zz = 193.6, file has 235.5
    row 271: trace(L^p) = -5.56 s^-1 (relative 2.68e-02); incompressibility implies Lp_zz = 213, file has 207.4
    row 321: trace(L^p) = -29.77 s^-1 (relative 1.35e-01); incompressibility implies Lp_zz = 250.3, file has 220.5
    row 342: trace(L^p) = -13.95 s^-1 (relative 5.74e-02); incompressibility implies Lp_zz = 257, file has 243.1
    row 351: trace(L^p) = 39.72 s^-1 (relative 1.62e-01); incompressibility implies Lp_zz = 205.7, file has 245.4
    row 412: trace(L^p) = -3.641 s^-1 (relative 1.45e-02); incompressibility implies Lp_zz = 255, file has 251.4
    row 560: trace(L^p) = -21.06 s^-1 (relative 8.48e-02); incompressibility implies Lp_zz = 269.4, file has 248.3
    row 576: trace(L^p) = 5.735 s^-1 (relative 2.15e-02); incompressibility implies Lp_zz = 261.1, file has 266.9
    row 874: trace(L^p) = -40.27 s^-1 (relative 1.67e-01); incompressibility implies Lp_zz = 280.8, file has 240.6
    row 1112: trace(L^p) = 23.3 s^-1 (relative 7.33e-02); incompressibility implies Lp_zz = 294.5, file has 317.8
    row 1297: trace(L^p) = 4.918 s^-1 (relative 1.54e-02); incompressibility implies Lp_zz = 314.8, file has 319.7
    row 1316: trace(L^p) = 39.72 s^-1 (relative 1.24e-01); incompressibility implies Lp_zz = 280.7, file has 320.4
    row 1725: trace(L^p) = -39.79 s^-1 (relative 9.61e-02); incompressibility implies Lp_zz = 454.1, file has 414.3
    row 1726: trace(L^p) = -4.821 s^-1 (relative 1.09e-02); incompressibility implies Lp_zz = 448.6, file has 443.8
    row 1807: trace(L^p) = 18.87 s^-1 (relative 4.07e-02); incompressibility implies Lp_zz = 444.3, file has 463.2
    row 2046: trace(L^p) = 13.98 s^-1 (relative 2.57e-02); incompressibility implies Lp_zz = 529.3, file has 543.3
    row 2052: trace(L^p) = -39.71 s^-1 (relative 7.56e-02); incompressibility implies Lp_zz = 565.3, file has 525.6
    row 2067: trace(L^p) = -33.26 s^-1 (relative 6.61e-02); incompressibility implies Lp_zz = 536.5, file has 503.3
    row 2136: trace(L^p) = -23.99 s^-1 (relative 4.79e-02); incompressibility implies Lp_zz = 524.9, file has 500.9
    row 2168: trace(L^p) = -6.472 s^-1 (relative 1.24e-02); incompressibility implies Lp_zz = 527.5, file has 521
    row 2174: trace(L^p) = 18.65 s^-1 (relative 3.44e-02); incompressibility implies Lp_zz = 523.3, file has 542
    row 2264: trace(L^p) = 36.64 s^-1 (relative 6.39e-02); incompressibility implies Lp_zz = 537.1, file has 573.8
    row 2325: trace(L^p) = -16.74 s^-1 (relative 3.10e-02); incompressibility implies Lp_zz = 556.7, file has 540
    row 2450: trace(L^p) = -39.3 s^-1 (relative 6.56e-02); incompressibility implies Lp_zz = 638.3, file has 599
    row 2560: trace(L^p) = 36.85 s^-1 (relative 5.69e-02); incompressibility implies Lp_zz = 610.9, file has 647.7
    row 2610: trace(L^p) = 28.55 s^-1 (relative 4.33e-02); incompressibility implies Lp_zz = 631.2, file has 659.7
    row 2615: trace(L^p) = 35.79 s^-1 (relative 5.36e-02); incompressibility implies Lp_zz = 631.8, file has 667.6
    row 2649: trace(L^p) = 15.88 s^-1 (relative 2.27e-02); incompressibility implies Lp_zz = 683.9, file has 699.8
    row 2700: trace(L^p) = 15.28 s^-1 (relative 2.09e-02); incompressibility implies Lp_zz = 716.2, file has 731.5
    row 2703: trace(L^p) = -18.4 s^-1 (relative 2.56e-02); incompressibility implies Lp_zz = 736.9, file has 718.5
    row 2783: trace(L^p) = 8.91 s^-1 (relative 1.16e-02); incompressibility implies Lp_zz = 761.5, file has 770.5
    row 2797: trace(L^p) = 18.37 s^-1 (relative 2.24e-02); incompressibility implies Lp_zz = 803.2, file has 821.6
    row 2913: trace(L^p) = -11.53 s^-1 (relative 1.19e-02); incompressibility implies Lp_zz = 979.7, file has 968.2
    row 2949: trace(L^p) = 17.75 s^-1 (relative 1.77e-02); incompressibility implies Lp_zz = 987.7, file has 1005
    row 3113: trace(L^p) = 47.74 s^-1 (relative 4.42e-02); incompressibility implies Lp_zz = 1031, file has 1079
    row 3163: trace(L^p) = 35.9 s^-1 (relative 3.16e-02); incompressibility implies Lp_zz = 1100, file has 1136
    ... and 42 more

data/raw/uniaxial_40Mpa_6e13_1.43e12.csv
  96 problem(s) in 6639 rows:
    row 70: trace(L^p) = -4.682 s^-1 (relative 1.17e-02); incompressibility implies Lp_zz = 406.3, file has 401.6
    row 120: trace(L^p) = -17.84 s^-1 (relative 3.79e-02); incompressibility implies Lp_zz = 489, file has 471.1
    row 127: trace(L^p) = -8.223 s^-1 (relative 1.64e-02); incompressibility implies Lp_zz = 509.1, file has 500.9
    row 169: trace(L^p) = 25.37 s^-1 (relative 5.09e-02); incompressibility implies Lp_zz = 473.4, file has 498.7
    row 171: trace(L^p) = -38.32 s^-1 (relative 8.47e-02); incompressibility implies Lp_zz = 490.9, file has 452.5
    row 195: trace(L^p) = -8.154 s^-1 (relative 1.63e-02); incompressibility implies Lp_zz = 509.4, file has 501.2
    row 203: trace(L^p) = 5.868 s^-1 (relative 1.14e-02); incompressibility implies Lp_zz = 508.5, file has 514.4
    row 204: trace(L^p) = -13.18 s^-1 (relative 2.76e-02); incompressibility implies Lp_zz = 490.1, file has 477
    row 268: trace(L^p) = 20.44 s^-1 (relative 4.03e-02); incompressibility implies Lp_zz = 486.2, file has 506.6
    row 352: trace(L^p) = 23.73 s^-1 (relative 5.41e-02); incompressibility implies Lp_zz = 414.8, file has 438.5
    row 390: trace(L^p) = -22.69 s^-1 (relative 5.93e-02); incompressibility implies Lp_zz = 405.3, file has 382.6
    row 427: trace(L^p) = -23.18 s^-1 (relative 5.41e-02); incompressibility implies Lp_zz = 451.5, file has 428.3
    row 528: trace(L^p) = -34.01 s^-1 (relative 7.63e-02); incompressibility implies Lp_zz = 479.5, file has 445.5
    row 575: trace(L^p) = 11.02 s^-1 (relative 2.40e-02); incompressibility implies Lp_zz = 448.2, file has 459.3
    row 587: trace(L^p) = -11.17 s^-1 (relative 2.44e-02); incompressibility implies Lp_zz = 469.4, file has 458.2
    row 673: trace(L^p) = -24.23 s^-1 (relative 5.35e-02); incompressibility implies Lp_zz = 476.8, file has 452.5
    row 699: trace(L^p) = 7.143 s^-1 (relative 1.48e-02); incompressibility implies Lp_zz = 475, file has 482.2
    row 705: trace(L^p) = -10.02 s^-1 (relative 2.01e-02); incompressibility implies Lp_zz = 509.5, file has 499.5
    row 759: trace(L^p) = -31.68 s^-1 (relative 5.88e-02); incompressibility implies Lp_zz = 570.4, file has 538.7
    row 821: trace(L^p) = -15.93 s^-1 (relative 2.92e-02); incompressibility implies Lp_zz = 561, file has 545.1
    row 832: trace(L^p) = 40.03 s^-1 (relative 6.94e-02); incompressibility implies Lp_zz = 536.6, file has 576.6
    row 865: trace(L^p) = 37.12 s^-1 (relative 6.77e-02); incompressibility implies Lp_zz = 511.2, file has 548.4
    row 961: trace(L^p) = -23.07 s^-1 (relative 4.35e-02); incompressibility implies Lp_zz = 553.3, file has 530.3
    row 982: trace(L^p) = 28.83 s^-1 (relative 5.21e-02); incompressibility implies Lp_zz = 525, file has 553.8
    row 1013: trace(L^p) = -29.15 s^-1 (relative 5.10e-02); incompressibility implies Lp_zz = 601.1, file has 571.9
    row 1255: trace(L^p) = 33.84 s^-1 (relative 6.05e-02); incompressibility implies Lp_zz = 525.2, file has 559
    row 1261: trace(L^p) = -36.78 s^-1 (relative 6.31e-02); incompressibility implies Lp_zz = 620, file has 583.3
    row 1286: trace(L^p) = 21.34 s^-1 (relative 3.69e-02); incompressibility implies Lp_zz = 557.2, file has 578.5
    row 1414: trace(L^p) = -89.62 s^-1 (relative 1.37e-01); incompressibility implies Lp_zz = 743.9, file has 654.3
    row 1421: trace(L^p) = -12.57 s^-1 (relative 1.89e-02); incompressibility implies Lp_zz = 679.1, file has 666.5
    row 1459: trace(L^p) = -17.17 s^-1 (relative 2.69e-02); incompressibility implies Lp_zz = 656.1, file has 639
    row 1510: trace(L^p) = 12.97 s^-1 (relative 2.02e-02); incompressibility implies Lp_zz = 630.2, file has 643.1
    row 1540: trace(L^p) = -37.09 s^-1 (relative 6.27e-02); incompressibility implies Lp_zz = 629, file has 591.9
    row 1546: trace(L^p) = 32.46 s^-1 (relative 5.03e-02); incompressibility implies Lp_zz = 613.3, file has 645.7
    row 1619: trace(L^p) = 16.88 s^-1 (relative 2.41e-02); incompressibility implies Lp_zz = 684.9, file has 701.8
    row 1646: trace(L^p) = 37.23 s^-1 (relative 5.21e-02); incompressibility implies Lp_zz = 677.3, file has 714.5
    row 1696: trace(L^p) = -6.717 s^-1 (relative 1.05e-02); incompressibility implies Lp_zz = 648.7, file has 641.9
    row 1706: trace(L^p) = -11.31 s^-1 (relative 1.84e-02); incompressibility implies Lp_zz = 625.5, file has 614.2
    row 1717: trace(L^p) = -17.26 s^-1 (relative 2.60e-02); incompressibility implies Lp_zz = 680.2, file has 662.9
    row 1847: trace(L^p) = -34.41 s^-1 (relative 5.07e-02); incompressibility implies Lp_zz = 713.5, file has 679.1
    ... and 56 more

data/raw/uniaxial_40Mpa_6e13_2.055e12.csv
  305 problem(s) in 8820 rows:
    row 105: trace(L^p) = -5.259 s^-1 (relative 1.75e-02); incompressibility implies Lp_zz = 305.6, file has 300.3
    row 134: trace(L^p) = 7.571 s^-1 (relative 2.23e-02); incompressibility implies Lp_zz = 331.3, file has 338.9
    row 135: trace(L^p) = 46.26 s^-1 (relative 1.33e-01); incompressibility implies Lp_zz = 302.1, file has 348.3
    row 145: trace(L^p) = -14.46 s^-1 (relative 3.61e-02); incompressibility implies Lp_zz = 415.1, file has 400.6
    row 166: trace(L^p) = -21.75 s^-1 (relative 6.19e-02); incompressibility implies Lp_zz = 373.1, file has 351.3
    row 213: trace(L^p) = -4.747 s^-1 (relative 1.35e-02); incompressibility implies Lp_zz = 356.3, file has 351.5
    row 231: trace(L^p) = -9.22 s^-1 (relative 2.30e-02); incompressibility implies Lp_zz = 410.1, file has 400.9
    row 238: trace(L^p) = -4.56 s^-1 (relative 1.17e-02); incompressibility implies Lp_zz = 395, file has 390.4
    row 241: trace(L^p) = 18.94 s^-1 (relative 5.06e-02); incompressibility implies Lp_zz = 355.1, file has 374
    row 257: trace(L^p) = -15.21 s^-1 (relative 3.82e-02); incompressibility implies Lp_zz = 412.9, file has 397.7
    row 274: trace(L^p) = 6.443 s^-1 (relative 1.59e-02); incompressibility implies Lp_zz = 398.1, file has 404.6
    row 325: trace(L^p) = 34.68 s^-1 (relative 7.86e-02); incompressibility implies Lp_zz = 406.9, file has 441.5
    row 371: trace(L^p) = -21.08 s^-1 (relative 5.33e-02); incompressibility implies Lp_zz = 416.9, file has 395.8
    row 382: trace(L^p) = -6.527 s^-1 (relative 1.57e-02); incompressibility implies Lp_zz = 423.1, file has 416.6
    row 384: trace(L^p) = 5.641 s^-1 (relative 1.30e-02); incompressibility implies Lp_zz = 426.8, file has 432.4
    row 386: trace(L^p) = -9.106 s^-1 (relative 1.71e-02); incompressibility implies Lp_zz = 542.3, file has 533.2
    row 388: trace(L^p) = 6.511 s^-1 (relative 1.65e-02); incompressibility implies Lp_zz = 387.4, file has 393.9
    row 390: trace(L^p) = -8.778 s^-1 (relative 2.18e-02); incompressibility implies Lp_zz = 411, file has 402.2
    row 392: trace(L^p) = 7.516 s^-1 (relative 1.73e-02); incompressibility implies Lp_zz = 427.6, file has 435.1
    row 394: trace(L^p) = -5.033 s^-1 (relative 1.14e-02); incompressibility implies Lp_zz = 446.5, file has 441.5
    row 396: trace(L^p) = 8.681 s^-1 (relative 2.12e-02); incompressibility implies Lp_zz = 400.8, file has 409.5
    row 398: trace(L^p) = -5.841 s^-1 (relative 1.34e-02); incompressibility implies Lp_zz = 440.2, file has 434.4
    row 400: trace(L^p) = 10.03 s^-1 (relative 2.75e-02); incompressibility implies Lp_zz = 354.3, file has 364.3
    row 402: trace(L^p) = -6.777 s^-1 (relative 1.76e-02); incompressibility implies Lp_zz = 391, file has 384.2
    row 404: trace(L^p) = 9.691 s^-1 (relative 2.18e-02); incompressibility implies Lp_zz = 433.9, file has 443.6
    row 406: trace(L^p) = -7.86 s^-1 (relative 1.75e-02); incompressibility implies Lp_zz = 457, file has 449.1
    row 408: trace(L^p) = 5.644 s^-1 (relative 1.30e-02); incompressibility implies Lp_zz = 429.8, file has 435.4
    row 410: trace(L^p) = -9.112 s^-1 (relative 1.99e-02); incompressibility implies Lp_zz = 467.6, file has 458.5
    row 412: trace(L^p) = 6.514 s^-1 (relative 1.60e-02); incompressibility implies Lp_zz = 401, file has 407.5
    row 426: trace(L^p) = -5.656 s^-1 (relative 1.22e-02); incompressibility implies Lp_zz = 469.2, file has 463.6
    row 428: trace(L^p) = 4.89 s^-1 (relative 1.26e-02); incompressibility implies Lp_zz = 381.7, file has 386.6
    row 434: trace(L^p) = -7.56 s^-1 (relative 2.42e-02); incompressibility implies Lp_zz = 320.5, file has 312.9
    row 436: trace(L^p) = 6.507 s^-1 (relative 1.49e-02); incompressibility implies Lp_zz = 430.3, file has 436.8
    row 438: trace(L^p) = -8.766 s^-1 (relative 1.83e-02); incompressibility implies Lp_zz = 486.6, file has 477.9
    row 440: trace(L^p) = 7.512 s^-1 (relative 1.78e-02); incompressibility implies Lp_zz = 414.8, file has 422.3
    row 442: trace(L^p) = -5.024 s^-1 (relative 1.16e-02); incompressibility implies Lp_zz = 437.2, file has 432.2
    row 444: trace(L^p) = 8.675 s^-1 (relative 2.17e-02); incompressibility implies Lp_zz = 390.8, file has 399.5
    row 446: trace(L^p) = -5.832 s^-1 (relative 1.28e-02); incompressibility implies Lp_zz = 460, file has 454.1
    row 448: trace(L^p) = 10.02 s^-1 (relative 2.01e-02); incompressibility implies Lp_zz = 489.6, file has 499.6
    row 450: trace(L^p) = -6.767 s^-1 (relative 1.53e-02); incompressibility implies Lp_zz = 448.6, file has 441.9
    ... and 265 more

data/raw/uniaxial_40Mpa_6e13_9.5668e11.csv
  43 problem(s) in 5402 rows:
    row 94: trace(L^p) = 22.69 s^-1 (relative 1.13e-01); incompressibility implies Lp_zz = 177.5, file has 200.2
    row 152: trace(L^p) = -7.359 s^-1 (relative 2.44e-02); incompressibility implies Lp_zz = 308.7, file has 301.3
    row 199: trace(L^p) = 32.74 s^-1 (relative 9.23e-02); incompressibility implies Lp_zz = 321.9, file has 354.7
    row 215: trace(L^p) = 40.69 s^-1 (relative 1.25e-01); incompressibility implies Lp_zz = 285.7, file has 326.4
    row 303: trace(L^p) = -11.78 s^-1 (relative 3.36e-02); incompressibility implies Lp_zz = 362.6, file has 350.8
    row 306: trace(L^p) = 93.83 s^-1 (relative 2.19e-01); incompressibility implies Lp_zz = 334.1, file has 427.9
    row 781: trace(L^p) = -20.31 s^-1 (relative 4.61e-02); incompressibility implies Lp_zz = 461.1, file has 440.7
    row 829: trace(L^p) = -17.28 s^-1 (relative 3.94e-02); incompressibility implies Lp_zz = 455.5, file has 438.2
    row 907: trace(L^p) = 33.46 s^-1 (relative 7.59e-02); incompressibility implies Lp_zz = 407.3, file has 440.7
    row 1118: trace(L^p) = -37.75 s^-1 (relative 8.26e-02); incompressibility implies Lp_zz = 494.6, file has 456.8
    row 1155: trace(L^p) = -7.694 s^-1 (relative 1.64e-02); incompressibility implies Lp_zz = 476.9, file has 469.2
    row 1160: trace(L^p) = 18.6 s^-1 (relative 3.90e-02); incompressibility implies Lp_zz = 458.3, file has 476.9
    row 1222: trace(L^p) = -4.895 s^-1 (relative 1.03e-02); incompressibility implies Lp_zz = 481.5, file has 476.6
    row 1265: trace(L^p) = -9.355 s^-1 (relative 1.92e-02); incompressibility implies Lp_zz = 496.6, file has 487.3
    row 1511: trace(L^p) = -28.33 s^-1 (relative 4.44e-02); incompressibility implies Lp_zz = 666.5, file has 638.1
    row 1530: trace(L^p) = -34.68 s^-1 (relative 5.61e-02); incompressibility implies Lp_zz = 653.5, file has 618.8
    row 1651: trace(L^p) = 32.71 s^-1 (relative 4.45e-02); incompressibility implies Lp_zz = 701.8, file has 734.5
    row 1731: trace(L^p) = -24.06 s^-1 (relative 3.43e-02); incompressibility implies Lp_zz = 724.8, file has 700.8
    row 1786: trace(L^p) = -10.66 s^-1 (relative 1.39e-02); incompressibility implies Lp_zz = 778.5, file has 767.8
    row 1859: trace(L^p) = 9.766 s^-1 (relative 1.13e-02); incompressibility implies Lp_zz = 857, file has 866.8
    row 1870: trace(L^p) = 20.56 s^-1 (relative 2.19e-02); incompressibility implies Lp_zz = 919.9, file has 940.4
    row 1884: trace(L^p) = -31.13 s^-1 (relative 3.34e-02); incompressibility implies Lp_zz = 964, file has 932.9
    row 1896: trace(L^p) = -28.85 s^-1 (relative 3.28e-02); incompressibility implies Lp_zz = 909.5, file has 880.6
    row 1938: trace(L^p) = 9.231 s^-1 (relative 1.02e-02); incompressibility implies Lp_zz = 892.2, file has 901.5
    row 1948: trace(L^p) = 27.12 s^-1 (relative 2.95e-02); incompressibility implies Lp_zz = 891.3, file has 918.5
    row 2009: trace(L^p) = 14.07 s^-1 (relative 1.43e-02); incompressibility implies Lp_zz = 968, file has 982
    row 2020: trace(L^p) = -52.53 s^-1 (relative 5.52e-02); incompressibility implies Lp_zz = 1004, file has 951.6
    row 2044: trace(L^p) = -15.8 s^-1 (relative 1.55e-02); incompressibility implies Lp_zz = 1033, file has 1017
    row 2085: trace(L^p) = 19.24 s^-1 (relative 1.71e-02); incompressibility implies Lp_zz = 1105, file has 1124
    row 2177: trace(L^p) = 24.46 s^-1 (relative 1.95e-02); incompressibility implies Lp_zz = 1233, file has 1257
    row 2205: trace(L^p) = 14.3 s^-1 (relative 1.05e-02); incompressibility implies Lp_zz = 1349, file has 1363
    row 2319: trace(L^p) = -30.81 s^-1 (relative 1.91e-02); incompressibility implies Lp_zz = 1642, file has 1611
    row 2397: trace(L^p) = 28.86 s^-1 (relative 1.68e-02); incompressibility implies Lp_zz = 1691, file has 1720
    row 2441: trace(L^p) = 26.96 s^-1 (relative 1.48e-02); incompressibility implies Lp_zz = 1794, file has 1821
    row 2504: trace(L^p) = -34.71 s^-1 (relative 1.84e-02); incompressibility implies Lp_zz = 1916, file has 1882
    row 2631: trace(L^p) = -28.07 s^-1 (relative 1.21e-02); incompressibility implies Lp_zz = 2352, file has 2324
    row 2642: trace(L^p) = -31.86 s^-1 (relative 1.36e-02); incompressibility implies Lp_zz = 2373, file has 2341
    row 2684: trace(L^p) = -30.11 s^-1 (relative 1.20e-02); incompressibility implies Lp_zz = 2529, file has 2499
    row 2694: trace(L^p) = -35.34 s^-1 (relative 1.37e-02); incompressibility implies Lp_zz = 2619, file has 2584
    row 2955: trace(L^p) = 53.64 s^-1 (relative 1.26e-02); incompressibility implies Lp_zz = 4208, file has 4262
    ... and 3 more

data/raw/uniaxial_40Mpa_8e13_1.43e12.csv
  59 problem(s) in 4387 rows:
    row 122: trace(L^p) = -36.27 s^-1 (relative 5.57e-02); incompressibility implies Lp_zz = 686.8, file has 650.6
    row 141: trace(L^p) = -46.61 s^-1 (relative 7.58e-02); incompressibility implies Lp_zz = 661.7, file has 615.1
    row 165: trace(L^p) = 22.55 s^-1 (relative 3.56e-02); incompressibility implies Lp_zz = 611.5, file has 634.1
    row 172: trace(L^p) = 14.69 s^-1 (relative 2.46e-02); incompressibility implies Lp_zz = 581.5, file has 596.2
    row 177: trace(L^p) = -10.42 s^-1 (relative 1.72e-02); incompressibility implies Lp_zz = 616.9, file has 606.5
    row 179: trace(L^p) = -35.92 s^-1 (relative 5.80e-02); incompressibility implies Lp_zz = 655.2, file has 619.3
    row 201: trace(L^p) = -9.469 s^-1 (relative 1.53e-02); incompressibility implies Lp_zz = 629.3, file has 619.8
    row 276: trace(L^p) = 16.95 s^-1 (relative 2.70e-02); incompressibility implies Lp_zz = 610.6, file has 627.5
    row 283: trace(L^p) = -12.7 s^-1 (relative 2.04e-02); incompressibility implies Lp_zz = 636.1, file has 623.4
    row 293: trace(L^p) = -44.48 s^-1 (relative 7.33e-02); incompressibility implies Lp_zz = 651.6, file has 607.1
    row 382: trace(L^p) = 21.39 s^-1 (relative 3.15e-02); incompressibility implies Lp_zz = 658.4, file has 679.8
    row 454: trace(L^p) = -13.9 s^-1 (relative 2.05e-02); incompressibility implies Lp_zz = 692.3, file has 678.4
    row 456: trace(L^p) = -19.91 s^-1 (relative 3.07e-02); incompressibility implies Lp_zz = 667.8, file has 647.9
    row 488: trace(L^p) = 16.56 s^-1 (relative 2.29e-02); incompressibility implies Lp_zz = 706.9, file has 723.5
    row 512: trace(L^p) = -20.72 s^-1 (relative 2.97e-02); incompressibility implies Lp_zz = 718.1, file has 697.4
    row 555: trace(L^p) = -40.86 s^-1 (relative 6.12e-02); incompressibility implies Lp_zz = 709.1, file has 668.2
    row 635: trace(L^p) = -23.92 s^-1 (relative 3.51e-02); incompressibility implies Lp_zz = 705.7, file has 681.7
    row 769: trace(L^p) = 10.58 s^-1 (relative 1.41e-02); incompressibility implies Lp_zz = 738.3, file has 748.9
    row 905: trace(L^p) = -36.89 s^-1 (relative 5.33e-02); incompressibility implies Lp_zz = 728.5, file has 691.6
    row 928: trace(L^p) = -60.16 s^-1 (relative 8.51e-02); incompressibility implies Lp_zz = 767, file has 706.8
    row 964: trace(L^p) = 15.35 s^-1 (relative 2.12e-02); incompressibility implies Lp_zz = 707.7, file has 723.1
    row 996: trace(L^p) = -22.26 s^-1 (relative 3.37e-02); incompressibility implies Lp_zz = 681.9, file has 659.7
    row 997: trace(L^p) = 15.66 s^-1 (relative 2.30e-02); incompressibility implies Lp_zz = 664.5, file has 680.2
    row 1035: trace(L^p) = -21.51 s^-1 (relative 3.33e-02); incompressibility implies Lp_zz = 666.7, file has 645.2
    row 1048: trace(L^p) = -29.9 s^-1 (relative 4.53e-02); incompressibility implies Lp_zz = 690.7, file has 660.8
    row 1075: trace(L^p) = -41.47 s^-1 (relative 6.53e-02); incompressibility implies Lp_zz = 676.6, file has 635.1
    row 1123: trace(L^p) = 27.74 s^-1 (relative 3.84e-02); incompressibility implies Lp_zz = 695.1, file has 722.9
    row 1132: trace(L^p) = -87.01 s^-1 (relative 1.22e-01); incompressibility implies Lp_zz = 801.8, file has 714.8
    row 1146: trace(L^p) = 23.84 s^-1 (relative 3.14e-02); incompressibility implies Lp_zz = 735.1, file has 759
    row 1172: trace(L^p) = 45.36 s^-1 (relative 5.82e-02); incompressibility implies Lp_zz = 733.5, file has 778.9
    row 1185: trace(L^p) = 20.04 s^-1 (relative 2.56e-02); incompressibility implies Lp_zz = 763.1, file has 783.2
    row 1241: trace(L^p) = 10.41 s^-1 (relative 1.23e-02); incompressibility implies Lp_zz = 839, file has 849.4
    row 1316: trace(L^p) = -21.6 s^-1 (relative 2.14e-02); incompressibility implies Lp_zz = 1032, file has 1010
    row 1345: trace(L^p) = -20.12 s^-1 (relative 1.92e-02); incompressibility implies Lp_zz = 1069, file has 1049
    row 1398: trace(L^p) = 31.4 s^-1 (relative 2.77e-02); incompressibility implies Lp_zz = 1104, file has 1135
    row 1420: trace(L^p) = -29.06 s^-1 (relative 2.43e-02); incompressibility implies Lp_zz = 1225, file has 1196
    row 1499: trace(L^p) = 23.52 s^-1 (relative 2.01e-02); incompressibility implies Lp_zz = 1150, file has 1173
    row 1572: trace(L^p) = 20.83 s^-1 (relative 1.56e-02); incompressibility implies Lp_zz = 1314, file has 1335
    row 1594: trace(L^p) = 37.29 s^-1 (relative 2.98e-02); incompressibility implies Lp_zz = 1214, file has 1251
    row 1596: trace(L^p) = 25.2 s^-1 (relative 1.84e-02); incompressibility implies Lp_zz = 1341, file has 1366
    ... and 19 more

data/raw/uniaxial_40Mpa_8e13_2.055e12.csv
  78 problem(s) in 5115 rows:
    row 106: trace(L^p) = -6.775 s^-1 (relative 1.34e-02); incompressibility implies Lp_zz = 511.8, file has 505
    row 132: trace(L^p) = 10.99 s^-1 (relative 2.13e-02); incompressibility implies Lp_zz = 505.6, file has 516.6
    row 139: trace(L^p) = -15.9 s^-1 (relative 2.88e-02); incompressibility implies Lp_zz = 568.6, file has 552.7
    row 245: trace(L^p) = 18.55 s^-1 (relative 3.30e-02); incompressibility implies Lp_zz = 542.9, file has 561.4
    row 266: trace(L^p) = 10.72 s^-1 (relative 1.85e-02); incompressibility implies Lp_zz = 569.8, file has 580.6
    row 269: trace(L^p) = 7.693 s^-1 (relative 1.32e-02); incompressibility implies Lp_zz = 575.5, file has 583.2
    row 375: trace(L^p) = 22.22 s^-1 (relative 3.60e-02); incompressibility implies Lp_zz = 594.6, file has 616.8
    row 399: trace(L^p) = 29.76 s^-1 (relative 4.27e-02); incompressibility implies Lp_zz = 667, file has 696.7
    row 537: trace(L^p) = 12.27 s^-1 (relative 1.98e-02); incompressibility implies Lp_zz = 608.4, file has 620.6
    row 545: trace(L^p) = -11.84 s^-1 (relative 2.06e-02); incompressibility implies Lp_zz = 586.4, file has 574.5
    row 567: trace(L^p) = 40.29 s^-1 (relative 6.57e-02); incompressibility implies Lp_zz = 573.1, file has 613.4
    row 583: trace(L^p) = -22.03 s^-1 (relative 3.73e-02); incompressibility implies Lp_zz = 613.4, file has 591.4
    row 602: trace(L^p) = -25.58 s^-1 (relative 4.18e-02); incompressibility implies Lp_zz = 637.3, file has 611.7
    row 641: trace(L^p) = 26.66 s^-1 (relative 4.25e-02); incompressibility implies Lp_zz = 601, file has 627.6
    row 710: trace(L^p) = 34.72 s^-1 (relative 5.24e-02); incompressibility implies Lp_zz = 627.3, file has 662
    row 721: trace(L^p) = 41.61 s^-1 (relative 6.18e-02); incompressibility implies Lp_zz = 632.2, file has 673.8
    row 736: trace(L^p) = 23.87 s^-1 (relative 3.60e-02); incompressibility implies Lp_zz = 639.1, file has 663
    row 804: trace(L^p) = -22.26 s^-1 (relative 3.55e-02); incompressibility implies Lp_zz = 648.9, file has 626.6
    row 929: trace(L^p) = -15.65 s^-1 (relative 2.51e-02); incompressibility implies Lp_zz = 639.7, file has 624
    row 1060: trace(L^p) = -41.4 s^-1 (relative 6.48e-02); incompressibility implies Lp_zz = 680.5, file has 639.1
    row 1214: trace(L^p) = -8.328 s^-1 (relative 1.21e-02); incompressibility implies Lp_zz = 696.4, file has 688.1
    row 1226: trace(L^p) = -30.14 s^-1 (relative 4.38e-02); incompressibility implies Lp_zz = 718, file has 687.8
    row 1246: trace(L^p) = 20.86 s^-1 (relative 2.92e-02); incompressibility implies Lp_zz = 693.8, file has 714.7
    row 1247: trace(L^p) = -11.73 s^-1 (relative 1.61e-02); incompressibility implies Lp_zz = 738.7, file has 726.9
    row 1293: trace(L^p) = -18.17 s^-1 (relative 2.52e-02); incompressibility implies Lp_zz = 738.7, file has 720.5
    row 1314: trace(L^p) = -9.745 s^-1 (relative 1.34e-02); incompressibility implies Lp_zz = 738.4, file has 728.6
    row 1338: trace(L^p) = -21.4 s^-1 (relative 2.88e-02); incompressibility implies Lp_zz = 764.3, file has 742.9
    row 1380: trace(L^p) = 23.9 s^-1 (relative 3.24e-02); incompressibility implies Lp_zz = 713, file has 736.9
    row 1400: trace(L^p) = -25.59 s^-1 (relative 3.39e-02); incompressibility implies Lp_zz = 780.6, file has 755
    row 1442: trace(L^p) = 9.805 s^-1 (relative 1.24e-02); incompressibility implies Lp_zz = 779.2, file has 789
    row 1483: trace(L^p) = -17.32 s^-1 (relative 2.16e-02); incompressibility implies Lp_zz = 819.5, file has 802.2
    row 1586: trace(L^p) = -44.79 s^-1 (relative 5.74e-02); incompressibility implies Lp_zz = 825.7, file has 780.9
    row 1671: trace(L^p) = -40.8 s^-1 (relative 4.97e-02); incompressibility implies Lp_zz = 860.9, file has 820.1
    row 1754: trace(L^p) = -17.23 s^-1 (relative 1.99e-02); incompressibility implies Lp_zz = 882.7, file has 865.4
    row 1815: trace(L^p) = -51.41 s^-1 (relative 5.95e-02); incompressibility implies Lp_zz = 915.9, file has 864.5
    row 1865: trace(L^p) = -42.38 s^-1 (relative 4.62e-02); incompressibility implies Lp_zz = 959.1, file has 916.7
    row 1980: trace(L^p) = 58.71 s^-1 (relative 5.82e-02); incompressibility implies Lp_zz = 950, file has 1009
    row 1988: trace(L^p) = -21.75 s^-1 (relative 2.11e-02); incompressibility implies Lp_zz = 1051, file has 1029
    row 2037: trace(L^p) = -40.81 s^-1 (relative 4.31e-02); incompressibility implies Lp_zz = 987.3, file has 946.5
    row 2118: trace(L^p) = 46.85 s^-1 (relative 4.51e-02); incompressibility implies Lp_zz = 990.9, file has 1038
    ... and 38 more

data/raw/uniaxial_40Mpa_8e13_9.5668e11.csv
  19 problem(s) in 3500 rows:
    row 84: trace(L^p) = 27.32 s^-1 (relative 1.06e-01); incompressibility implies Lp_zz = 230.6, file has 257.9
    row 135: trace(L^p) = -31.62 s^-1 (relative 8.31e-02); incompressibility implies Lp_zz = 411.9, file has 380.3
    row 212: trace(L^p) = 31.99 s^-1 (relative 6.93e-02); incompressibility implies Lp_zz = 429.6, file has 461.6
    row 218: trace(L^p) = 40.07 s^-1 (relative 9.57e-02); incompressibility implies Lp_zz = 378.7, file has 418.7
    row 282: trace(L^p) = 42.67 s^-1 (relative 8.75e-02); incompressibility implies Lp_zz = 445.3, file has 487.9
    row 300: trace(L^p) = -19.49 s^-1 (relative 4.02e-02); incompressibility implies Lp_zz = 504.1, file has 484.6
    row 706: trace(L^p) = -38.41 s^-1 (relative 6.20e-02); incompressibility implies Lp_zz = 658.3, file has 619.8
    row 1021: trace(L^p) = -37.09 s^-1 (relative 5.19e-02); incompressibility implies Lp_zz = 751.9, file has 714.8
    row 1046: trace(L^p) = -14.75 s^-1 (relative 2.09e-02); incompressibility implies Lp_zz = 719.5, file has 704.8
    row 1117: trace(L^p) = -27.51 s^-1 (relative 3.60e-02); incompressibility implies Lp_zz = 791.8, file has 764.3
    row 1326: trace(L^p) = -20.61 s^-1 (relative 1.90e-02); incompressibility implies Lp_zz = 1107, file has 1087
    row 1429: trace(L^p) = -28.24 s^-1 (relative 2.52e-02); incompressibility implies Lp_zz = 1148, file has 1120
    row 1473: trace(L^p) = -13.43 s^-1 (relative 1.14e-02); incompressibility implies Lp_zz = 1194, file has 1181
    row 1523: trace(L^p) = 17.29 s^-1 (relative 1.23e-02); incompressibility implies Lp_zz = 1385, file has 1402
    row 1588: trace(L^p) = -16.45 s^-1 (relative 1.14e-02); incompressibility implies Lp_zz = 1453, file has 1437
    row 1719: trace(L^p) = -30.07 s^-1 (relative 1.65e-02); incompressibility implies Lp_zz = 1850, file has 1820
    row 1835: trace(L^p) = 29.94 s^-1 (relative 1.38e-02); incompressibility implies Lp_zz = 2132, file has 2162
    row 1989: trace(L^p) = 36.48 s^-1 (relative 1.09e-02); incompressibility implies Lp_zz = 3306, file has 3343
    row 2364: trace(L^p) = 89.91 s^-1 (relative 1.56e-02); incompressibility implies Lp_zz = 5688, file has 5778

data/raw/uniaxial_50Mpa_4e13_1.43e12.csv
  195 problem(s) in 15528 rows:
    row 69: trace(L^p) = -5.963 s^-1 (relative 2.05e-02); incompressibility implies Lp_zz = 296.5, file has 290.6
    row 120: trace(L^p) = -7.329 s^-1 (relative 2.18e-02); incompressibility implies Lp_zz = 343.7, file has 336.4
    row 131: trace(L^p) = -47.33 s^-1 (relative 1.61e-01); incompressibility implies Lp_zz = 341.1, file has 293.7
    row 167: trace(L^p) = 12.52 s^-1 (relative 3.87e-02); incompressibility implies Lp_zz = 311.4, file has 323.9
    row 182: trace(L^p) = 30.36 s^-1 (relative 8.37e-02); incompressibility implies Lp_zz = 332.5, file has 362.8
    row 202: trace(L^p) = -8.633 s^-1 (relative 2.40e-02); incompressibility implies Lp_zz = 368.6, file has 360
    row 208: trace(L^p) = -12.99 s^-1 (relative 3.96e-02); incompressibility implies Lp_zz = 341, file has 328
    row 210: trace(L^p) = 4.776 s^-1 (relative 1.40e-02); incompressibility implies Lp_zz = 337.4, file has 342.2
    row 271: trace(L^p) = 4.173 s^-1 (relative 1.18e-02); incompressibility implies Lp_zz = 349.7, file has 353.9
    row 286: trace(L^p) = -21.66 s^-1 (relative 5.96e-02); incompressibility implies Lp_zz = 385.2, file has 363.6
    row 287: trace(L^p) = 43.91 s^-1 (relative 1.21e-01); incompressibility implies Lp_zz = 318.5, file has 362.4
    row 358: trace(L^p) = -3.203 s^-1 (relative 1.07e-02); incompressibility implies Lp_zz = 303.6, file has 300.4
    row 378: trace(L^p) = 23.18 s^-1 (relative 7.25e-02); incompressibility implies Lp_zz = 296.7, file has 319.9
    row 432: trace(L^p) = -68.72 s^-1 (relative 2.64e-01); incompressibility implies Lp_zz = 329, file has 260.3
    row 435: trace(L^p) = 36.38 s^-1 (relative 1.12e-01); incompressibility implies Lp_zz = 289, file has 325.4
    row 452: trace(L^p) = -33.13 s^-1 (relative 1.02e-01); incompressibility implies Lp_zz = 356.5, file has 323.4
    row 454: trace(L^p) = -33.58 s^-1 (relative 1.06e-01); incompressibility implies Lp_zz = 349.6, file has 316
    row 525: trace(L^p) = -13.03 s^-1 (relative 4.17e-02); incompressibility implies Lp_zz = 325.8, file has 312.7
    row 575: trace(L^p) = -6.131 s^-1 (relative 2.03e-02); incompressibility implies Lp_zz = 308, file has 301.8
    row 596: trace(L^p) = -20.75 s^-1 (relative 7.84e-02); incompressibility implies Lp_zz = 285.3, file has 264.5
    row 675: trace(L^p) = 11.02 s^-1 (relative 3.79e-02); incompressibility implies Lp_zz = 279.5, file has 290.5
    row 735: trace(L^p) = -42.74 s^-1 (relative 1.50e-01); incompressibility implies Lp_zz = 327.2, file has 284.5
    row 772: trace(L^p) = -33.2 s^-1 (relative 1.05e-01); incompressibility implies Lp_zz = 349.8, file has 316.6
    row 826: trace(L^p) = -7.875 s^-1 (relative 2.16e-02); incompressibility implies Lp_zz = 372.7, file has 364.8
    row 827: trace(L^p) = 9.724 s^-1 (relative 2.80e-02); incompressibility implies Lp_zz = 337.3, file has 347
    row 880: trace(L^p) = 4.541 s^-1 (relative 1.27e-02); incompressibility implies Lp_zz = 353.8, file has 358.4
    row 907: trace(L^p) = 35.27 s^-1 (relative 1.00e-01); incompressibility implies Lp_zz = 317.5, file has 352.7
    row 931: trace(L^p) = -7.129 s^-1 (relative 2.26e-02); incompressibility implies Lp_zz = 322.2, file has 315.1
    row 1025: trace(L^p) = -31.86 s^-1 (relative 8.62e-02); incompressibility implies Lp_zz = 401.5, file has 369.7
    row 1156: trace(L^p) = 27.92 s^-1 (relative 7.65e-02); incompressibility implies Lp_zz = 337.3, file has 365.2
    row 1223: trace(L^p) = 10.07 s^-1 (relative 2.59e-02); incompressibility implies Lp_zz = 378.3, file has 388.4
    row 1422: trace(L^p) = -4.702 s^-1 (relative 1.36e-02); incompressibility implies Lp_zz = 350.1, file has 345.4
    row 1555: trace(L^p) = 57.41 s^-1 (relative 1.47e-01); incompressibility implies Lp_zz = 334.2, file has 391.6
    row 1565: trace(L^p) = 26.17 s^-1 (relative 6.64e-02); incompressibility implies Lp_zz = 368.2, file has 394.3
    row 1571: trace(L^p) = -47.16 s^-1 (relative 1.24e-01); incompressibility implies Lp_zz = 427.3, file has 380.2
    row 1671: trace(L^p) = 26.76 s^-1 (relative 6.77e-02); incompressibility implies Lp_zz = 368.3, file has 395.1
    row 1676: trace(L^p) = -28.36 s^-1 (relative 7.44e-02); incompressibility implies Lp_zz = 409.5, file has 381.2
    row 1689: trace(L^p) = 36.19 s^-1 (relative 9.42e-02); incompressibility implies Lp_zz = 348.1, file has 384.3
    row 1695: trace(L^p) = -38.7 s^-1 (relative 1.03e-01); incompressibility implies Lp_zz = 413.5, file has 374.8
    row 1737: trace(L^p) = -24.43 s^-1 (relative 6.69e-02); incompressibility implies Lp_zz = 389.8, file has 365.3
    ... and 155 more

data/raw/uniaxial_50Mpa_4e13_2.055e12.csv
  1025 problem(s) in 25425 rows:
    row 110: trace(L^p) = -7.355 s^-1 (relative 3.96e-02); incompressibility implies Lp_zz = 193.2, file has 185.9
    row 111: trace(L^p) = 3.189 s^-1 (relative 1.98e-02); incompressibility implies Lp_zz = 157.6, file has 160.8
    row 118: trace(L^p) = 15.79 s^-1 (relative 8.17e-02); incompressibility implies Lp_zz = 177.4, file has 193.2
    row 136: trace(L^p) = 10.43 s^-1 (relative 4.67e-02); incompressibility implies Lp_zz = 212.8, file has 223.2
    row 145: trace(L^p) = -19.3 s^-1 (relative 6.74e-02); incompressibility implies Lp_zz = 305.9, file has 286.6
    row 160: trace(L^p) = 44.32 s^-1 (relative 1.58e-01); incompressibility implies Lp_zz = 235.6, file has 279.9
    row 179: trace(L^p) = -21.86 s^-1 (relative 9.23e-02); incompressibility implies Lp_zz = 258.6, file has 236.7
    row 180: trace(L^p) = -3.198 s^-1 (relative 1.22e-02); incompressibility implies Lp_zz = 264.3, file has 261.1
    row 183: trace(L^p) = -2.733 s^-1 (relative 1.13e-02); incompressibility implies Lp_zz = 244.1, file has 241.4
    row 206: trace(L^p) = 5.346 s^-1 (relative 1.96e-02); incompressibility implies Lp_zz = 266.7, file has 272.1
    row 220: trace(L^p) = -13.93 s^-1 (relative 4.80e-02); incompressibility implies Lp_zz = 304.2, file has 290.2
    row 274: trace(L^p) = -10.05 s^-1 (relative 3.06e-02); incompressibility implies Lp_zz = 338.4, file has 328.3
    row 335: trace(L^p) = -6.319 s^-1 (relative 1.69e-02); incompressibility implies Lp_zz = 380.2, file has 373.9
    row 348: trace(L^p) = 38.66 s^-1 (relative 1.32e-01); incompressibility implies Lp_zz = 254.2, file has 292.9
    row 416: trace(L^p) = -19.3 s^-1 (relative 6.70e-02); incompressibility implies Lp_zz = 307.5, file has 288.2
    row 479: trace(L^p) = -5.266 s^-1 (relative 1.87e-02); incompressibility implies Lp_zz = 287.6, file has 282.3
    row 482: trace(L^p) = 23.13 s^-1 (relative 7.58e-02); incompressibility implies Lp_zz = 282, file has 305.2
    row 652: trace(L^p) = 5.819 s^-1 (relative 1.93e-02); incompressibility implies Lp_zz = 295.5, file has 301.3
    row 663: trace(L^p) = -4.518 s^-1 (relative 1.59e-02); incompressibility implies Lp_zz = 289.4, file has 284.9
    row 690: trace(L^p) = -19.71 s^-1 (relative 6.52e-02); incompressibility implies Lp_zz = 322, file has 302.3
    row 720: trace(L^p) = -6.332 s^-1 (relative 2.19e-02); incompressibility implies Lp_zz = 295.1, file has 288.8
    row 740: trace(L^p) = -21.6 s^-1 (relative 7.86e-02); incompressibility implies Lp_zz = 296.3, file has 274.7
    row 772: trace(L^p) = -15.76 s^-1 (relative 5.21e-02); incompressibility implies Lp_zz = 318.1, file has 302.3
    row 852: trace(L^p) = -17.68 s^-1 (relative 5.60e-02); incompressibility implies Lp_zz = 333.1, file has 315.5
    row 861: trace(L^p) = 4.737 s^-1 (relative 1.40e-02); incompressibility implies Lp_zz = 334.7, file has 339.4
    row 908: trace(L^p) = 7.337 s^-1 (relative 2.42e-02); incompressibility implies Lp_zz = 295.5, file has 302.8
    row 917: trace(L^p) = -9.269 s^-1 (relative 3.24e-02); incompressibility implies Lp_zz = 295.2, file has 286
    row 994: trace(L^p) = -72.47 s^-1 (relative 3.25e-01); incompressibility implies Lp_zz = 295.5, file has 223
    row 1011: trace(L^p) = 63.22 s^-1 (relative 2.48e-01); incompressibility implies Lp_zz = 192.2, file has 255.4
    row 1018: trace(L^p) = -5.328 s^-1 (relative 2.21e-02); incompressibility implies Lp_zz = 246.3, file has 241
    row 1019: trace(L^p) = 5.792 s^-1 (relative 2.23e-02); incompressibility implies Lp_zz = 253.6, file has 259.4
    row 1025: trace(L^p) = 18.85 s^-1 (relative 7.25e-02); incompressibility implies Lp_zz = 241.2, file has 260
    row 1041: trace(L^p) = 35.85 s^-1 (relative 1.44e-01); incompressibility implies Lp_zz = 213.8, file has 249.7
    row 1218: trace(L^p) = 2.79 s^-1 (relative 1.11e-02); incompressibility implies Lp_zz = 248.4, file has 251.2
    row 1221: trace(L^p) = 8.058 s^-1 (relative 3.37e-02); incompressibility implies Lp_zz = 231, file has 239
    row 1431: trace(L^p) = 4.877 s^-1 (relative 1.60e-02); incompressibility implies Lp_zz = 299.5, file has 304.4
    row 1458: trace(L^p) = 38.72 s^-1 (relative 1.38e-01); incompressibility implies Lp_zz = 240.9, file has 279.6
    row 1748: trace(L^p) = -361.2 s^-1 (relative 1.13e+00); incompressibility implies Lp_zz = 457.8, file has 96.51
    row 2025: trace(L^p) = 5.581 s^-1 (relative 2.45e-02); incompressibility implies Lp_zz = 222.3, file has 227.9
    row 2784: trace(L^p) = 105 s^-1 (relative 3.25e-01); incompressibility implies Lp_zz = 133.1, file has 238.1
    ... and 985 more

data/raw/uniaxial_50Mpa_4e13_9.5668e11.csv
  181 problem(s) in 18104 rows:
    row 104: trace(L^p) = 48.83 s^-1 (relative 3.02e-01); incompressibility implies Lp_zz = 83.09, file has 131.9
    row 245: trace(L^p) = 31.89 s^-1 (relative 1.40e-01); incompressibility implies Lp_zz = 196.2, file has 228.1
    row 253: trace(L^p) = 40.27 s^-1 (relative 1.58e-01); incompressibility implies Lp_zz = 214, file has 254.3
    row 267: trace(L^p) = -3.132 s^-1 (relative 1.33e-02); incompressibility implies Lp_zz = 238.3, file has 235.2
    row 287: trace(L^p) = -8.309 s^-1 (relative 3.46e-02); incompressibility implies Lp_zz = 248.7, file has 240.4
    row 307: trace(L^p) = 3.437 s^-1 (relative 1.44e-02); incompressibility implies Lp_zz = 235.2, file has 238.6
    row 386: trace(L^p) = 40.05 s^-1 (relative 1.48e-01); incompressibility implies Lp_zz = 231.2, file has 271.3
    row 422: trace(L^p) = -5.298 s^-1 (relative 2.12e-02); incompressibility implies Lp_zz = 255.1, file has 249.8
    row 572: trace(L^p) = 3.164 s^-1 (relative 1.31e-02); incompressibility implies Lp_zz = 238.4, file has 241.5
    row 848: trace(L^p) = 38.31 s^-1 (relative 1.26e-01); incompressibility implies Lp_zz = 266.1, file has 304.4
    row 908: trace(L^p) = -3.654 s^-1 (relative 1.34e-02); incompressibility implies Lp_zz = 277, file has 273.4
    row 911: trace(L^p) = 36.23 s^-1 (relative 1.26e-01); incompressibility implies Lp_zz = 250.5, file has 286.8
    row 1081: trace(L^p) = -70.94 s^-1 (relative 2.50e-01); incompressibility implies Lp_zz = 355, file has 284.1
    row 1208: trace(L^p) = 38.93 s^-1 (relative 1.23e-01); incompressibility implies Lp_zz = 276.3, file has 315.2
    row 1511: trace(L^p) = 33.13 s^-1 (relative 1.15e-01); incompressibility implies Lp_zz = 254.1, file has 287.3
    row 1597: trace(L^p) = -36.48 s^-1 (relative 1.09e-01); incompressibility implies Lp_zz = 370.7, file has 334.2
    row 1798: trace(L^p) = 5.691 s^-1 (relative 1.28e-02); incompressibility implies Lp_zz = 439.4, file has 445.1
    row 2099: trace(L^p) = -40.82 s^-1 (relative 9.93e-02); incompressibility implies Lp_zz = 451.8, file has 411
    row 2253: trace(L^p) = 8.852 s^-1 (relative 1.50e-02); incompressibility implies Lp_zz = 582.7, file has 591.6
    row 2324: trace(L^p) = 33.72 s^-1 (relative 6.52e-02); incompressibility implies Lp_zz = 483.8, file has 517.5
    row 2478: trace(L^p) = 8.209 s^-1 (relative 1.49e-02); incompressibility implies Lp_zz = 543.9, file has 552.1
    row 2485: trace(L^p) = -22.07 s^-1 (relative 4.15e-02); incompressibility implies Lp_zz = 553.5, file has 531.4
    row 2703: trace(L^p) = -7.455 s^-1 (relative 1.00e-02); incompressibility implies Lp_zz = 752.6, file has 745.2
    row 2985: trace(L^p) = 9.162 s^-1 (relative 1.08e-02); incompressibility implies Lp_zz = 843.1, file has 852.2
    row 3034: trace(L^p) = -19.18 s^-1 (relative 2.19e-02); incompressibility implies Lp_zz = 892.8, file has 873.6
    row 3070: trace(L^p) = -15.5 s^-1 (relative 1.78e-02); incompressibility implies Lp_zz = 884, file has 868.5
    row 3084: trace(L^p) = 66.1 s^-1 (relative 6.76e-02); incompressibility implies Lp_zz = 911.8, file has 977.9
    row 3180: trace(L^p) = 23.78 s^-1 (relative 2.22e-02); incompressibility implies Lp_zz = 1047, file has 1070
    row 3183: trace(L^p) = -11.95 s^-1 (relative 1.10e-02); incompressibility implies Lp_zz = 1099, file has 1087
    row 3200: trace(L^p) = -27.74 s^-1 (relative 2.51e-02); incompressibility implies Lp_zz = 1131, file has 1104
    row 3206: trace(L^p) = -29.84 s^-1 (relative 2.77e-02); incompressibility implies Lp_zz = 1106, file has 1076
    row 3257: trace(L^p) = -36.58 s^-1 (relative 3.11e-02); incompressibility implies Lp_zz = 1212, file has 1175
    row 3342: trace(L^p) = 13.9 s^-1 (relative 1.10e-02); incompressibility implies Lp_zz = 1255, file has 1269
    row 3552: trace(L^p) = -32.67 s^-1 (relative 1.96e-02); incompressibility implies Lp_zz = 1702, file has 1669
    row 3586: trace(L^p) = 17.82 s^-1 (relative 1.03e-02); incompressibility implies Lp_zz = 1707, file has 1725
    row 3814: trace(L^p) = 29.02 s^-1 (relative 1.46e-02); incompressibility implies Lp_zz = 1964, file has 1993
    row 4076: trace(L^p) = -32.35 s^-1 (relative 1.19e-02); incompressibility implies Lp_zz = 2748, file has 2716
    row 4112: trace(L^p) = 62.88 s^-1 (relative 2.20e-02); incompressibility implies Lp_zz = 2794, file has 2857
    row 4140: trace(L^p) = -33.65 s^-1 (relative 1.16e-02); incompressibility implies Lp_zz = 2944, file has 2911
    row 4268: trace(L^p) = 40.26 s^-1 (relative 1.12e-02); incompressibility implies Lp_zz = 3544, file has 3584
    ... and 141 more

data/raw/uniaxial_50Mpa_6e13_1.43e12.csv
  118 problem(s) in 11093 rows:
    row 123: trace(L^p) = -40.03 s^-1 (relative 8.79e-02); incompressibility implies Lp_zz = 495.5, file has 455.5
    row 126: trace(L^p) = -8.181 s^-1 (relative 1.81e-02); incompressibility implies Lp_zz = 459.1, file has 451
    row 162: trace(L^p) = 31.64 s^-1 (relative 7.06e-02); incompressibility implies Lp_zz = 416.8, file has 448.4
    row 167: trace(L^p) = -38.12 s^-1 (relative 9.72e-02); incompressibility implies Lp_zz = 430.4, file has 392.3
    row 201: trace(L^p) = -7.023 s^-1 (relative 1.47e-02); incompressibility implies Lp_zz = 485, file has 478
    row 208: trace(L^p) = -9.592 s^-1 (relative 2.05e-02); incompressibility implies Lp_zz = 477.8, file has 468.2
    row 264: trace(L^p) = 17.54 s^-1 (relative 3.70e-02); incompressibility implies Lp_zz = 456.8, file has 474.3
    row 354: trace(L^p) = 26.11 s^-1 (relative 6.29e-02); incompressibility implies Lp_zz = 389.3, file has 415.4
    row 357: trace(L^p) = -23 s^-1 (relative 5.68e-02); incompressibility implies Lp_zz = 427.6, file has 404.6
    row 415: trace(L^p) = -23.48 s^-1 (relative 4.72e-02); incompressibility implies Lp_zz = 520.6, file has 497.1
    row 430: trace(L^p) = -31.89 s^-1 (relative 6.61e-02); incompressibility implies Lp_zz = 514.2, file has 482.4
    row 436: trace(L^p) = 21.67 s^-1 (relative 4.38e-02); incompressibility implies Lp_zz = 473, file has 494.7
    row 449: trace(L^p) = -29.62 s^-1 (relative 5.78e-02); incompressibility implies Lp_zz = 541.9, file has 512.2
    row 476: trace(L^p) = -54.65 s^-1 (relative 1.16e-01); incompressibility implies Lp_zz = 527.7, file has 473
    row 568: trace(L^p) = 11.91 s^-1 (relative 2.45e-02); incompressibility implies Lp_zz = 475.3, file has 487.2
    row 630: trace(L^p) = -8.111 s^-1 (relative 1.65e-02); incompressibility implies Lp_zz = 499, file has 490.9
    row 646: trace(L^p) = -31.75 s^-1 (relative 6.43e-02); incompressibility implies Lp_zz = 525.7, file has 493.9
    row 746: trace(L^p) = 9.438 s^-1 (relative 1.65e-02); incompressibility implies Lp_zz = 564.2, file has 573.6
    row 788: trace(L^p) = 7.915 s^-1 (relative 1.28e-02); incompressibility implies Lp_zz = 612, file has 619.9
    row 955: trace(L^p) = -31.44 s^-1 (relative 5.69e-02); incompressibility implies Lp_zz = 583.5, file has 552
    row 957: trace(L^p) = 16.22 s^-1 (relative 2.79e-02); incompressibility implies Lp_zz = 565.1, file has 581.3
    row 1064: trace(L^p) = -31.33 s^-1 (relative 6.16e-02); incompressibility implies Lp_zz = 540, file has 508.7
    row 1132: trace(L^p) = -12.82 s^-1 (relative 2.37e-02); incompressibility implies Lp_zz = 552.9, file has 540
    row 1143: trace(L^p) = 42.1 s^-1 (relative 7.82e-02); incompressibility implies Lp_zz = 496, file has 538.1
    row 1204: trace(L^p) = 33.54 s^-1 (relative 5.73e-02); incompressibility implies Lp_zz = 551.2, file has 584.8
    row 1232: trace(L^p) = -26.17 s^-1 (relative 4.29e-02); incompressibility implies Lp_zz = 635.7, file has 609.5
    row 1380: trace(L^p) = 12.7 s^-1 (relative 2.06e-02); incompressibility implies Lp_zz = 603.4, file has 616.1
    row 1473: trace(L^p) = 11.93 s^-1 (relative 1.71e-02); incompressibility implies Lp_zz = 684.3, file has 696.2
    row 1513: trace(L^p) = 23.46 s^-1 (relative 3.24e-02); incompressibility implies Lp_zz = 699.5, file has 722.9
    row 1669: trace(L^p) = -12.71 s^-1 (relative 1.57e-02); incompressibility implies Lp_zz = 820.8, file has 808.1
    row 1710: trace(L^p) = -19.15 s^-1 (relative 2.52e-02); incompressibility implies Lp_zz = 778.7, file has 759.5
    row 1712: trace(L^p) = 33.06 s^-1 (relative 4.23e-02); incompressibility implies Lp_zz = 747.7, file has 780.7
    row 1805: trace(L^p) = 37.78 s^-1 (relative 5.12e-02); incompressibility implies Lp_zz = 699.7, file has 737.5
    row 1820: trace(L^p) = -13.15 s^-1 (relative 1.83e-02); incompressibility implies Lp_zz = 733.4, file has 720.3
    row 1864: trace(L^p) = 24.2 s^-1 (relative 3.04e-02); incompressibility implies Lp_zz = 773, file has 797.2
    row 2026: trace(L^p) = 28.09 s^-1 (relative 3.35e-02); incompressibility implies Lp_zz = 811.3, file has 839.3
    row 2044: trace(L^p) = 12.13 s^-1 (relative 1.36e-02); incompressibility implies Lp_zz = 881.5, file has 893.6
    row 2084: trace(L^p) = -23.8 s^-1 (relative 2.69e-02); incompressibility implies Lp_zz = 907.8, file has 884
    row 2106: trace(L^p) = 20.1 s^-1 (relative 2.06e-02); incompressibility implies Lp_zz = 953.7, file has 973.8
    row 2148: trace(L^p) = 17.91 s^-1 (relative 1.67e-02); incompressibility implies Lp_zz = 1057, file has 1074
    ... and 78 more

data/raw/uniaxial_50Mpa_6e13_2.055e12.csv
  119 problem(s) in 13947 rows:
    row 144: trace(L^p) = 4.502 s^-1 (relative 1.17e-02); incompressibility implies Lp_zz = 380, file has 384.5
    row 146: trace(L^p) = -14.17 s^-1 (relative 4.49e-02); incompressibility implies Lp_zz = 329.4, file has 315.2
    row 172: trace(L^p) = 11.19 s^-1 (relative 2.94e-02); incompressibility implies Lp_zz = 370, file has 381.2
    row 173: trace(L^p) = 44.26 s^-1 (relative 1.18e-01); incompressibility implies Lp_zz = 330.4, file has 374.6
    row 177: trace(L^p) = -20.53 s^-1 (relative 5.79e-02); incompressibility implies Lp_zz = 375, file has 354.4
    row 261: trace(L^p) = -28.39 s^-1 (relative 7.14e-02); incompressibility implies Lp_zz = 426, file has 397.6
    row 559: trace(L^p) = 427.9 s^-1 (relative 6.16e-01); incompressibility implies Lp_zz = 266.7, file has 694.6
    row 629: trace(L^p) = -6.31 s^-1 (relative 1.45e-02); incompressibility implies Lp_zz = 440.5, file has 434.2
    row 894: trace(L^p) = -11.76 s^-1 (relative 2.80e-02); incompressibility implies Lp_zz = 431.3, file has 419.5
    row 950: trace(L^p) = -34.02 s^-1 (relative 7.90e-02); incompressibility implies Lp_zz = 464.8, file has 430.8
    row 1083: trace(L^p) = 4.631 s^-1 (relative 1.22e-02); incompressibility implies Lp_zz = 375.5, file has 380.2
    row 1303: trace(L^p) = -8.221 s^-1 (relative 2.21e-02); incompressibility implies Lp_zz = 380.3, file has 372.1
    row 1311: trace(L^p) = 88.24 s^-1 (relative 1.74e-01); incompressibility implies Lp_zz = 419.3, file has 507.5
    row 1322: trace(L^p) = 12.9 s^-1 (relative 3.36e-02); incompressibility implies Lp_zz = 371.5, file has 384.4
    row 1416: trace(L^p) = 32.03 s^-1 (relative 7.14e-02); incompressibility implies Lp_zz = 416.9, file has 448.9
    row 1636: trace(L^p) = 72.34 s^-1 (relative 1.63e-01); incompressibility implies Lp_zz = 370.5, file has 442.8
    row 1646: trace(L^p) = -45.51 s^-1 (relative 9.55e-02); incompressibility implies Lp_zz = 522.1, file has 476.6
    row 1716: trace(L^p) = -6.74 s^-1 (relative 1.36e-02); incompressibility implies Lp_zz = 500.8, file has 494.1
    row 1779: trace(L^p) = -12.06 s^-1 (relative 2.16e-02); incompressibility implies Lp_zz = 569.3, file has 557.2
    row 2618: trace(L^p) = 55.47 s^-1 (relative 9.79e-02); incompressibility implies Lp_zz = 511, file has 566.5
    row 2644: trace(L^p) = -11.53 s^-1 (relative 2.23e-02); incompressibility implies Lp_zz = 528.3, file has 516.7
    row 2708: trace(L^p) = 16.36 s^-1 (relative 3.12e-02); incompressibility implies Lp_zz = 507.4, file has 523.7
    row 2709: trace(L^p) = -10.73 s^-1 (relative 2.25e-02); incompressibility implies Lp_zz = 488.3, file has 477.6
    row 2866: trace(L^p) = 2.269 s^-1 (relative 1.12e-02); incompressibility implies Lp_zz = 126.6, file has 128.9
    row 2975: trace(L^p) = 18.66 s^-1 (relative 3.94e-02); incompressibility implies Lp_zz = 454.8, file has 473.5
    row 3111: trace(L^p) = 153.6 s^-1 (relative 3.21e-01); incompressibility implies Lp_zz = 325.5, file has 479.1
    row 3246: trace(L^p) = 13.94 s^-1 (relative 2.58e-02); incompressibility implies Lp_zz = 527.3, file has 541.3
    row 3343: trace(L^p) = -19.76 s^-1 (relative 2.72e-02); incompressibility implies Lp_zz = 747.3, file has 727.6
    row 3350: trace(L^p) = 6.525 s^-1 (relative 1.21e-02); incompressibility implies Lp_zz = 533.3, file has 539.9
    row 3496: trace(L^p) = -87.26 s^-1 (relative 1.71e-01); incompressibility implies Lp_zz = 597.1, file has 509.8
    row 3610: trace(L^p) = 151.6 s^-1 (relative 2.34e-01); incompressibility implies Lp_zz = 497.1, file has 648.7
    row 3753: trace(L^p) = 58.78 s^-1 (relative 1.09e-01); incompressibility implies Lp_zz = 478.8, file has 537.6
    row 3975: trace(L^p) = 188.9 s^-1 (relative 3.04e-01); incompressibility implies Lp_zz = 431.5, file has 620.4
    row 3995: trace(L^p) = -106.9 s^-1 (relative 2.09e-01); incompressibility implies Lp_zz = 617.6, file has 510.7
    row 3996: trace(L^p) = 63.75 s^-1 (relative 1.04e-01); incompressibility implies Lp_zz = 547.2, file has 611
    row 4130: trace(L^p) = -32.36 s^-1 (relative 5.28e-02); incompressibility implies Lp_zz = 644.6, file has 612.2
    row 4598: trace(L^p) = -114.9 s^-1 (relative 1.69e-01); incompressibility implies Lp_zz = 794.4, file has 679.5
    row 5253: trace(L^p) = -25.46 s^-1 (relative 5.18e-02); incompressibility implies Lp_zz = 517.1, file has 491.7
    row 5533: trace(L^p) = 187.8 s^-1 (relative 2.66e-01); incompressibility implies Lp_zz = 518.2, file has 706
    row 5541: trace(L^p) = 14.75 s^-1 (relative 2.37e-02); incompressibility implies Lp_zz = 608.3, file has 623
    ... and 79 more

data/raw/uniaxial_50Mpa_6e13_9.5668e11.csv
  34 problem(s) in 7171 rows:
    row 84: trace(L^p) = 24.77 s^-1 (relative 1.41e-01); incompressibility implies Lp_zz = 126.9, file has 151.6
    row 216: trace(L^p) = 41.05 s^-1 (relative 1.22e-01); incompressibility implies Lp_zz = 294.8, file has 335.9
    row 267: trace(L^p) = 4.556 s^-1 (relative 1.31e-02); incompressibility implies Lp_zz = 344.1, file has 348.7
    row 294: trace(L^p) = 42.01 s^-1 (relative 1.11e-01); incompressibility implies Lp_zz = 334.9, file has 376.9
    row 328: trace(L^p) = -12.52 s^-1 (relative 3.19e-02); incompressibility implies Lp_zz = 405.3, file has 392.8
    row 563: trace(L^p) = 42.72 s^-1 (relative 9.99e-02); incompressibility implies Lp_zz = 385, file has 427.8
    row 804: trace(L^p) = 22.9 s^-1 (relative 4.91e-02); incompressibility implies Lp_zz = 443.4, file has 466.3
    row 808: trace(L^p) = -43.24 s^-1 (relative 1.01e-01); incompressibility implies Lp_zz = 472, file has 428.7
    row 970: trace(L^p) = 22.1 s^-1 (relative 4.01e-02); incompressibility implies Lp_zz = 529.7, file has 551.8
    row 1042: trace(L^p) = -35.72 s^-1 (relative 6.90e-02); incompressibility implies Lp_zz = 553.4, file has 517.7
    row 1108: trace(L^p) = -15.15 s^-1 (relative 2.98e-02); incompressibility implies Lp_zz = 523.9, file has 508.8
    row 1187: trace(L^p) = 41.84 s^-1 (relative 7.13e-02); incompressibility implies Lp_zz = 544.9, file has 586.7
    row 1281: trace(L^p) = -10.35 s^-1 (relative 1.66e-02); incompressibility implies Lp_zz = 633.2, file has 622.8
    row 1306: trace(L^p) = -40.03 s^-1 (relative 6.02e-02); incompressibility implies Lp_zz = 705.4, file has 665.4
    row 1326: trace(L^p) = 34.43 s^-1 (relative 4.88e-02); incompressibility implies Lp_zz = 671.2, file has 705.6
    row 1362: trace(L^p) = -33.51 s^-1 (relative 4.91e-02); incompressibility implies Lp_zz = 716.2, file has 682.7
    row 1424: trace(L^p) = -25.94 s^-1 (relative 3.52e-02); incompressibility implies Lp_zz = 762.1, file has 736.2
    row 1528: trace(L^p) = -20.03 s^-1 (relative 2.37e-02); incompressibility implies Lp_zz = 866.2, file has 846.2
    row 1560: trace(L^p) = 25.28 s^-1 (relative 2.91e-02); incompressibility implies Lp_zz = 843.6, file has 868.9
    row 1581: trace(L^p) = -22.89 s^-1 (relative 2.55e-02); incompressibility implies Lp_zz = 921.9, file has 899
    row 1817: trace(L^p) = -19.49 s^-1 (relative 1.70e-02); incompressibility implies Lp_zz = 1163, file has 1144
    row 1955: trace(L^p) = -24.69 s^-1 (relative 1.96e-02); incompressibility implies Lp_zz = 1287, file has 1263
    row 2048: trace(L^p) = -18.29 s^-1 (relative 1.38e-02); incompressibility implies Lp_zz = 1340, file has 1322
    row 2122: trace(L^p) = 28.25 s^-1 (relative 1.92e-02); incompressibility implies Lp_zz = 1446, file has 1474
    row 2159: trace(L^p) = -18.17 s^-1 (relative 1.17e-02); incompressibility implies Lp_zz = 1570, file has 1552
    row 2275: trace(L^p) = -15.32 s^-1 (relative 1.02e-02); incompressibility implies Lp_zz = 1514, file has 1499
    row 2284: trace(L^p) = 28.65 s^-1 (relative 1.88e-02); incompressibility implies Lp_zz = 1499, file has 1527
    row 4076: trace(L^p) = -216.5 s^-1 (relative 1.74e-02); incompressibility implies Lp_zz = 1.266e+04, file has 1.244e+04
    row 4608: trace(L^p) = -231.7 s^-1 (relative 1.37e-02); incompressibility implies Lp_zz = 1.71e+04, file has 1.686e+04
    row 5787: trace(L^p) = -235.3 s^-1 (relative 1.09e-02); incompressibility implies Lp_zz = 2.182e+04, file has 2.158e+04
    row 5822: trace(L^p) = 268.2 s^-1 (relative 1.23e-02); incompressibility implies Lp_zz = 2.156e+04, file has 2.183e+04
    row 5879: trace(L^p) = -385.1 s^-1 (relative 1.79e-02); incompressibility implies Lp_zz = 2.185e+04, file has 2.146e+04
    row 6373: trace(L^p) = -233.1 s^-1 (relative 1.00e-02); incompressibility implies Lp_zz = 2.349e+04, file has 2.325e+04
    row 6546: trace(L^p) = -233.5 s^-1 (relative 1.00e-02); incompressibility implies Lp_zz = 2.35e+04, file has 2.327e+04

data/raw/uniaxial_50Mpa_8e13_1.43e12.csv
  57 problem(s) in 6362 rows:
    row 114: trace(L^p) = -37.36 s^-1 (relative 6.68e-02); incompressibility implies Lp_zz = 596.9, file has 559.5
    row 166: trace(L^p) = 19.84 s^-1 (relative 3.19e-02); incompressibility implies Lp_zz = 602.3, file has 622.1
    row 171: trace(L^p) = 15.38 s^-1 (relative 2.55e-02); incompressibility implies Lp_zz = 587.4, file has 602.8
    row 174: trace(L^p) = -9.767 s^-1 (relative 1.67e-02); incompressibility implies Lp_zz = 593.3, file has 583.6
    row 179: trace(L^p) = -37.38 s^-1 (relative 6.77e-02); incompressibility implies Lp_zz = 589.4, file has 552
    row 195: trace(L^p) = 6.468 s^-1 (relative 1.04e-02); incompressibility implies Lp_zz = 614.3, file has 620.8
    row 196: trace(L^p) = -14.03 s^-1 (relative 2.29e-02); incompressibility implies Lp_zz = 626.6, file has 612.5
    row 270: trace(L^p) = 19.52 s^-1 (relative 3.28e-02); incompressibility implies Lp_zz = 576.4, file has 595.9
    row 294: trace(L^p) = -21.17 s^-1 (relative 3.48e-02); incompressibility implies Lp_zz = 628.6, file has 607.4
    row 439: trace(L^p) = -28.97 s^-1 (relative 4.16e-02); incompressibility implies Lp_zz = 724.7, file has 695.7
    row 450: trace(L^p) = -36.94 s^-1 (relative 5.35e-02); incompressibility implies Lp_zz = 728, file has 691.1
    row 460: trace(L^p) = 42.19 s^-1 (relative 5.72e-02); incompressibility implies Lp_zz = 696, file has 738.2
    row 461: trace(L^p) = 21.37 s^-1 (relative 3.00e-02); incompressibility implies Lp_zz = 690.4, file has 711.8
    row 489: trace(L^p) = 16.22 s^-1 (relative 2.60e-02); incompressibility implies Lp_zz = 608.6, file has 624.9
    row 515: trace(L^p) = -9.809 s^-1 (relative 1.39e-02); incompressibility implies Lp_zz = 716.8, file has 707
    row 577: trace(L^p) = -64.44 s^-1 (relative 1.02e-01); incompressibility implies Lp_zz = 694.5, file has 630
    row 722: trace(L^p) = -30.17 s^-1 (relative 3.95e-02); incompressibility implies Lp_zz = 794.1, file has 763.9
    row 757: trace(L^p) = -21.65 s^-1 (relative 2.86e-02); incompressibility implies Lp_zz = 779.2, file has 757.5
    row 861: trace(L^p) = 10.32 s^-1 (relative 1.30e-02); incompressibility implies Lp_zz = 782.2, file has 792.5
    row 941: trace(L^p) = 20.57 s^-1 (relative 2.90e-02); incompressibility implies Lp_zz = 689.2, file has 709.7
    row 968: trace(L^p) = -33.11 s^-1 (relative 4.61e-02); incompressibility implies Lp_zz = 751, file has 717.9
    row 984: trace(L^p) = -42.09 s^-1 (relative 6.07e-02); incompressibility implies Lp_zz = 735.9, file has 693.8
    row 1000: trace(L^p) = -15.87 s^-1 (relative 2.22e-02); incompressibility implies Lp_zz = 732, file has 716.1
    row 1039: trace(L^p) = 56.82 s^-1 (relative 8.38e-02); incompressibility implies Lp_zz = 621.5, file has 678.4
    row 1083: trace(L^p) = -234.2 s^-1 (relative 4.09e-01); incompressibility implies Lp_zz = 806.2, file has 572
    row 1139: trace(L^p) = 71.49 s^-1 (relative 9.14e-02); incompressibility implies Lp_zz = 710.8, file has 782.3
    row 1257: trace(L^p) = 29.18 s^-1 (relative 3.68e-02); incompressibility implies Lp_zz = 763.4, file has 792.6
    row 1302: trace(L^p) = 8.731 s^-1 (relative 1.10e-02); incompressibility implies Lp_zz = 787, file has 795.7
    row 1320: trace(L^p) = -19.36 s^-1 (relative 2.34e-02); incompressibility implies Lp_zz = 845.4, file has 826.1
    row 1358: trace(L^p) = 12.01 s^-1 (relative 1.42e-02); incompressibility implies Lp_zz = 833.5, file has 845.5
    row 1398: trace(L^p) = -34.12 s^-1 (relative 4.00e-02); incompressibility implies Lp_zz = 886.8, file has 852.7
    row 1411: trace(L^p) = 29.41 s^-1 (relative 3.22e-02); incompressibility implies Lp_zz = 883.2, file has 912.6
    row 1472: trace(L^p) = -24.23 s^-1 (relative 2.52e-02); incompressibility implies Lp_zz = 984.9, file has 960.6
    row 1490: trace(L^p) = -9.172 s^-1 (relative 1.01e-02); incompressibility implies Lp_zz = 919.7, file has 910.6
    row 1556: trace(L^p) = -21.51 s^-1 (relative 2.06e-02); incompressibility implies Lp_zz = 1065, file has 1043
    row 1595: trace(L^p) = 17.46 s^-1 (relative 1.56e-02); incompressibility implies Lp_zz = 1104, file has 1122
    row 1620: trace(L^p) = -27.86 s^-1 (relative 2.61e-02); incompressibility implies Lp_zz = 1097, file has 1069
    row 1631: trace(L^p) = 35.79 s^-1 (relative 3.00e-02); incompressibility implies Lp_zz = 1157, file has 1193
    row 1666: trace(L^p) = 12.95 s^-1 (relative 1.00e-02); incompressibility implies Lp_zz = 1278, file has 1291
    row 1735: trace(L^p) = -23.19 s^-1 (relative 1.60e-02); incompressibility implies Lp_zz = 1475, file has 1452
    ... and 17 more

data/raw/uniaxial_50Mpa_8e13_2.055e12.csv
  93 problem(s) in 8074 rows:
    row 125: trace(L^p) = -7.916 s^-1 (relative 1.59e-02); incompressibility implies Lp_zz = 504.4, file has 496.5
    row 149: trace(L^p) = 11.38 s^-1 (relative 2.01e-02); incompressibility implies Lp_zz = 555.5, file has 566.9
    row 167: trace(L^p) = -16.91 s^-1 (relative 2.99e-02); incompressibility implies Lp_zz = 583.3, file has 566.4
    row 176: trace(L^p) = 86.07 s^-1 (relative 1.53e-01); incompressibility implies Lp_zz = 477.2, file has 563.3
    row 272: trace(L^p) = 12.89 s^-1 (relative 2.21e-02); incompressibility implies Lp_zz = 570.9, file has 583.8
    row 304: trace(L^p) = 32.73 s^-1 (relative 6.05e-02); incompressibility implies Lp_zz = 508.1, file has 540.8
    row 318: trace(L^p) = 11.5 s^-1 (relative 2.07e-02); incompressibility implies Lp_zz = 543.1, file has 554.6
    row 409: trace(L^p) = -10.71 s^-1 (relative 1.98e-02); incompressibility implies Lp_zz = 552.6, file has 541.9
    row 414: trace(L^p) = 29.14 s^-1 (relative 5.05e-02); incompressibility implies Lp_zz = 548.3, file has 577.4
    row 432: trace(L^p) = 38.37 s^-1 (relative 6.29e-02); incompressibility implies Lp_zz = 572, file has 610.3
    row 495: trace(L^p) = -21.22 s^-1 (relative 3.65e-02); incompressibility implies Lp_zz = 602.3, file has 581
    row 549: trace(L^p) = 16.99 s^-1 (relative 3.11e-02); incompressibility implies Lp_zz = 528.9, file has 545.9
    row 644: trace(L^p) = -27.46 s^-1 (relative 4.83e-02); incompressibility implies Lp_zz = 595.9, file has 568.4
    row 708: trace(L^p) = 27.62 s^-1 (relative 4.50e-02); incompressibility implies Lp_zz = 586, file has 613.6
    row 758: trace(L^p) = 30.12 s^-1 (relative 5.03e-02); incompressibility implies Lp_zz = 568.2, file has 598.3
    row 773: trace(L^p) = -21.52 s^-1 (relative 3.71e-02); incompressibility implies Lp_zz = 601.1, file has 579.6
    row 778: trace(L^p) = 9.098 s^-1 (relative 1.59e-02); incompressibility implies Lp_zz = 563.7, file has 572.8
    row 901: trace(L^p) = 265.8 s^-1 (relative 3.60e-01); incompressibility implies Lp_zz = 473.4, file has 739.2
    row 927: trace(L^p) = 112.7 s^-1 (relative 1.57e-01); incompressibility implies Lp_zz = 605.3, file has 718
    row 1042: trace(L^p) = -26.75 s^-1 (relative 3.80e-02); incompressibility implies Lp_zz = 730.4, file has 703.6
    row 1075: trace(L^p) = -45.14 s^-1 (relative 6.90e-02); incompressibility implies Lp_zz = 699.8, file has 654.6
    row 1088: trace(L^p) = -7.411 s^-1 (relative 1.12e-02); incompressibility implies Lp_zz = 668.5, file has 661.1
    row 1108: trace(L^p) = -6.793 s^-1 (relative 1.02e-02); incompressibility implies Lp_zz = 670.9, file has 664.1
    row 1176: trace(L^p) = 12.09 s^-1 (relative 1.68e-02); incompressibility implies Lp_zz = 707.2, file has 719.2
    row 1180: trace(L^p) = -42.69 s^-1 (relative 6.43e-02); incompressibility implies Lp_zz = 706.2, file has 663.5
    row 1255: trace(L^p) = 144.3 s^-1 (relative 1.86e-01); incompressibility implies Lp_zz = 630.1, file has 774.4
    row 1396: trace(L^p) = -35.82 s^-1 (relative 4.91e-02); incompressibility implies Lp_zz = 765.5, file has 729.7
    row 1520: trace(L^p) = 28.07 s^-1 (relative 3.58e-02); incompressibility implies Lp_zz = 756.1, file has 784.2
    row 2080: trace(L^p) = -61.93 s^-1 (relative 9.16e-02); incompressibility implies Lp_zz = 738, file has 676.1
    row 2247: trace(L^p) = 59.62 s^-1 (relative 6.92e-02); incompressibility implies Lp_zz = 801.3, file has 861
    row 2267: trace(L^p) = -33.42 s^-1 (relative 3.49e-02); incompressibility implies Lp_zz = 990.8, file has 957.4
    row 2273: trace(L^p) = -17.36 s^-1 (relative 1.99e-02); incompressibility implies Lp_zz = 890.3, file has 872.9
    row 2307: trace(L^p) = -16.45 s^-1 (relative 1.86e-02); incompressibility implies Lp_zz = 901.1, file has 884.6
    row 2315: trace(L^p) = -42.47 s^-1 (relative 5.16e-02); incompressibility implies Lp_zz = 865.9, file has 823.4
    row 2356: trace(L^p) = 33.85 s^-1 (relative 4.20e-02); incompressibility implies Lp_zz = 772.9, file has 806.8
    row 2385: trace(L^p) = -28.14 s^-1 (relative 3.48e-02); incompressibility implies Lp_zz = 836.4, file has 808.3
    row 2402: trace(L^p) = 49.05 s^-1 (relative 6.12e-02); incompressibility implies Lp_zz = 752.5, file has 801.6
    row 2417: trace(L^p) = 10.59 s^-1 (relative 1.34e-02); incompressibility implies Lp_zz = 781.3, file has 791.9
    row 2470: trace(L^p) = -28.54 s^-1 (relative 3.63e-02); incompressibility implies Lp_zz = 814.8, file has 786.2
    row 2601: trace(L^p) = 76.38 s^-1 (relative 8.35e-02); incompressibility implies Lp_zz = 838.8, file has 915.2
    ... and 53 more

data/raw/uniaxial_50Mpa_8e13_9.5668e11.csv
  31 problem(s) in 5722 rows:
    row 94: trace(L^p) = 22.47 s^-1 (relative 8.03e-02); incompressibility implies Lp_zz = 257.4, file has 279.9
    row 135: trace(L^p) = -34.02 s^-1 (relative 9.75e-02); incompressibility implies Lp_zz = 382.9, file has 348.8
    row 199: trace(L^p) = 30.81 s^-1 (relative 6.97e-02); incompressibility implies Lp_zz = 411.1, file has 442
    row 216: trace(L^p) = 39.66 s^-1 (relative 8.90e-02); incompressibility implies Lp_zz = 406.2, file has 445.8
    row 268: trace(L^p) = -16.58 s^-1 (relative 3.39e-02); incompressibility implies Lp_zz = 505.7, file has 489.1
    row 293: trace(L^p) = 35.91 s^-1 (relative 7.37e-02); incompressibility implies Lp_zz = 451.1, file has 487
    row 629: trace(L^p) = -15.53 s^-1 (relative 2.61e-02); incompressibility implies Lp_zz = 610.8, file has 595.2
    row 758: trace(L^p) = -40.85 s^-1 (relative 6.76e-02); incompressibility implies Lp_zz = 644.8, file has 603.9
    row 786: trace(L^p) = -11.66 s^-1 (relative 1.99e-02); incompressibility implies Lp_zz = 596.7, file has 585
    row 914: trace(L^p) = 15.81 s^-1 (relative 2.48e-02); incompressibility implies Lp_zz = 621.4, file has 637.2
    row 983: trace(L^p) = -39.83 s^-1 (relative 6.17e-02); incompressibility implies Lp_zz = 685.7, file has 645.9
    row 1123: trace(L^p) = -12.95 s^-1 (relative 1.62e-02); incompressibility implies Lp_zz = 812.2, file has 799.2
    row 1173: trace(L^p) = -27.66 s^-1 (relative 3.46e-02); incompressibility implies Lp_zz = 826.7, file has 799.1
    row 1199: trace(L^p) = 12.43 s^-1 (relative 1.38e-02); incompressibility implies Lp_zz = 887.7, file has 900.2
    row 1202: trace(L^p) = 34.29 s^-1 (relative 3.82e-02); incompressibility implies Lp_zz = 863, file has 897.3
    row 1227: trace(L^p) = -33.99 s^-1 (relative 3.82e-02); incompressibility implies Lp_zz = 923, file has 889
    row 1236: trace(L^p) = 25.02 s^-1 (relative 2.75e-02); incompressibility implies Lp_zz = 886.1, file has 911.1
    row 1408: trace(L^p) = 26.05 s^-1 (relative 2.21e-02); incompressibility implies Lp_zz = 1153, file has 1179
    row 1465: trace(L^p) = -15.87 s^-1 (relative 1.22e-02); incompressibility implies Lp_zz = 1319, file has 1303
    row 1505: trace(L^p) = 22.52 s^-1 (relative 1.73e-02); incompressibility implies Lp_zz = 1277, file has 1300
    row 1646: trace(L^p) = -26.11 s^-1 (relative 1.64e-02); incompressibility implies Lp_zz = 1623, file has 1597
    row 1728: trace(L^p) = 33.61 s^-1 (relative 1.87e-02); incompressibility implies Lp_zz = 1760, file has 1793
    row 1815: trace(L^p) = -41.37 s^-1 (relative 2.03e-02); incompressibility implies Lp_zz = 2079, file has 2037
    row 1841: trace(L^p) = -29.29 s^-1 (relative 1.41e-02); incompressibility implies Lp_zz = 2101, file has 2072
    row 1943: trace(L^p) = 27.38 s^-1 (relative 1.16e-02); incompressibility implies Lp_zz = 2333, file has 2361
    row 2041: trace(L^p) = 35.43 s^-1 (relative 1.23e-02); incompressibility implies Lp_zz = 2850, file has 2885
    row 2256: trace(L^p) = 46.98 s^-1 (relative 1.08e-02); incompressibility implies Lp_zz = 4296, file has 4343
    row 2957: trace(L^p) = -261.3 s^-1 (relative 2.11e-02); incompressibility implies Lp_zz = 1.265e+04, file has 1.239e+04
    row 3725: trace(L^p) = 245.8 s^-1 (relative 1.22e-02); incompressibility implies Lp_zz = 1.99e+04, file has 2.014e+04
    row 4494: trace(L^p) = -590 s^-1 (relative 2.56e-02); incompressibility implies Lp_zz = 2.362e+04, file has 2.303e+04
    row 5505: trace(L^p) = 491.4 s^-1 (relative 1.74e-02); incompressibility implies Lp_zz = 2.769e+04, file has 2.818e+04

data/raw/uniaxial_55Mpa_4e13_1.43e12.csv
  293 problem(s) in 24777 rows:
    row 192: trace(L^p) = 57.86 s^-1 (relative 1.70e-01); incompressibility implies Lp_zz = 282, file has 339.8
    row 227: trace(L^p) = 34.23 s^-1 (relative 9.52e-02); incompressibility implies Lp_zz = 325.2, file has 359.5
    row 258: trace(L^p) = -7.355 s^-1 (relative 2.25e-02); incompressibility implies Lp_zz = 334.6, file has 327.3
    row 262: trace(L^p) = -3.876 s^-1 (relative 1.09e-02); incompressibility implies Lp_zz = 358.5, file has 354.6
    row 269: trace(L^p) = -8.632 s^-1 (relative 2.29e-02); incompressibility implies Lp_zz = 385.2, file has 376.5
    row 373: trace(L^p) = -30.17 s^-1 (relative 8.40e-02); incompressibility implies Lp_zz = 389.1, file has 359
    row 374: trace(L^p) = 37.53 s^-1 (relative 1.01e-01); incompressibility implies Lp_zz = 333.1, file has 370.6
    row 381: trace(L^p) = 9.348 s^-1 (relative 2.52e-02); incompressibility implies Lp_zz = 361.1, file has 370.4
    row 419: trace(L^p) = 34.05 s^-1 (relative 9.69e-02); incompressibility implies Lp_zz = 317.2, file has 351.3
    row 439: trace(L^p) = 8.441 s^-1 (relative 2.43e-02); incompressibility implies Lp_zz = 338.3, file has 346.7
    row 468: trace(L^p) = -20.3 s^-1 (relative 6.18e-02); incompressibility implies Lp_zz = 348.7, file has 328.4
    row 508: trace(L^p) = -24.97 s^-1 (relative 7.10e-02); incompressibility implies Lp_zz = 376.8, file has 351.8
    row 514: trace(L^p) = -10.87 s^-1 (relative 3.60e-02); incompressibility implies Lp_zz = 312.9, file has 302.1
    row 589: trace(L^p) = -49.13 s^-1 (relative 1.46e-01); incompressibility implies Lp_zz = 386.3, file has 337.2
    row 698: trace(L^p) = 3.941 s^-1 (relative 1.29e-02); incompressibility implies Lp_zz = 300.7, file has 304.7
    row 700: trace(L^p) = -23.41 s^-1 (relative 7.91e-02); incompressibility implies Lp_zz = 319.5, file has 296.1
    row 706: trace(L^p) = 6.079 s^-1 (relative 1.99e-02); incompressibility implies Lp_zz = 299, file has 305
    row 738: trace(L^p) = 67.32 s^-1 (relative 1.94e-01); incompressibility implies Lp_zz = 280.1, file has 347.4
    row 834: trace(L^p) = -37.64 s^-1 (relative 1.24e-01); incompressibility implies Lp_zz = 340, file has 302.4
    row 838: trace(L^p) = 12.83 s^-1 (relative 3.88e-02); incompressibility implies Lp_zz = 317.6, file has 330.5
    row 867: trace(L^p) = 23.5 s^-1 (relative 7.46e-02); incompressibility implies Lp_zz = 291.3, file has 314.8
    row 982: trace(L^p) = -10.12 s^-1 (relative 2.84e-02); incompressibility implies Lp_zz = 366.6, file has 356.5
    row 1053: trace(L^p) = 35.96 s^-1 (relative 9.43e-02); incompressibility implies Lp_zz = 345.2, file has 381.2
    row 1096: trace(L^p) = -5.701 s^-1 (relative 1.73e-02); incompressibility implies Lp_zz = 334.3, file has 328.6
    row 1127: trace(L^p) = -28.22 s^-1 (relative 8.47e-02); incompressibility implies Lp_zz = 361.2, file has 333
    row 1193: trace(L^p) = -35.28 s^-1 (relative 1.28e-01); incompressibility implies Lp_zz = 311.6, file has 276.3
    row 1252: trace(L^p) = -31.63 s^-1 (relative 1.00e-01); incompressibility implies Lp_zz = 347.2, file has 315.5
    row 1288: trace(L^p) = -23.86 s^-1 (relative 6.78e-02); incompressibility implies Lp_zz = 375.7, file has 351.9
    row 1425: trace(L^p) = 38.07 s^-1 (relative 1.09e-01); incompressibility implies Lp_zz = 311.7, file has 349.7
    row 1595: trace(L^p) = -8.438 s^-1 (relative 2.54e-02); incompressibility implies Lp_zz = 340.9, file has 332.5
    row 1683: trace(L^p) = 39.45 s^-1 (relative 9.38e-02); incompressibility implies Lp_zz = 381.2, file has 420.6
    row 1844: trace(L^p) = 27.1 s^-1 (relative 7.08e-02); incompressibility implies Lp_zz = 355.7, file has 382.8
    row 1920: trace(L^p) = -21.01 s^-1 (relative 5.70e-02); incompressibility implies Lp_zz = 389.6, file has 368.6
    row 1924: trace(L^p) = -43.7 s^-1 (relative 1.17e-01); incompressibility implies Lp_zz = 416.8, file has 373.1
    row 1977: trace(L^p) = 5.013 s^-1 (relative 1.32e-02); incompressibility implies Lp_zz = 375.2, file has 380.2
    row 2028: trace(L^p) = -31.46 s^-1 (relative 8.82e-02); incompressibility implies Lp_zz = 388.1, file has 356.6
    row 2037: trace(L^p) = 19.29 s^-1 (relative 5.66e-02); incompressibility implies Lp_zz = 321.7, file has 340.9
    row 2055: trace(L^p) = -9.769 s^-1 (relative 2.69e-02); incompressibility implies Lp_zz = 373.1, file has 363.3
    row 3056: trace(L^p) = -19.1 s^-1 (relative 5.47e-02); incompressibility implies Lp_zz = 368.4, file has 349.3
    row 3086: trace(L^p) = -15.96 s^-1 (relative 4.60e-02); incompressibility implies Lp_zz = 362.7, file has 346.7
    ... and 253 more

data/raw/uniaxial_55Mpa_4e13_9.5668e11.csv
  647 problem(s) in 32530 rows:
    row 169: trace(L^p) = 11.71 s^-1 (relative 5.80e-02); incompressibility implies Lp_zz = 190.3, file has 202.1
    row 199: trace(L^p) = -20.19 s^-1 (relative 8.22e-02); incompressibility implies Lp_zz = 265.8, file has 245.6
    row 218: trace(L^p) = 31.08 s^-1 (relative 1.17e-01); incompressibility implies Lp_zz = 234, file has 265.1
    row 236: trace(L^p) = 39.34 s^-1 (relative 1.45e-01); incompressibility implies Lp_zz = 232.9, file has 272.3
    row 250: trace(L^p) = -3.558 s^-1 (relative 1.40e-02); incompressibility implies Lp_zz = 256.8, file has 253.3
    row 341: trace(L^p) = 40.77 s^-1 (relative 1.48e-01); incompressibility implies Lp_zz = 235.1, file has 275.9
    row 407: trace(L^p) = -10.48 s^-1 (relative 3.85e-02); incompressibility implies Lp_zz = 282.4, file has 272
    row 508: trace(L^p) = 3.351 s^-1 (relative 1.17e-02); incompressibility implies Lp_zz = 283.8, file has 287.1
    row 686: trace(L^p) = 5.346 s^-1 (relative 2.00e-02); incompressibility implies Lp_zz = 261.4, file has 266.8
    row 704: trace(L^p) = 42.86 s^-1 (relative 1.61e-01); incompressibility implies Lp_zz = 223.8, file has 266.6
    row 1008: trace(L^p) = -4.927 s^-1 (relative 1.65e-02); incompressibility implies Lp_zz = 304, file has 299.1
    row 1032: trace(L^p) = 24.23 s^-1 (relative 8.46e-02); incompressibility implies Lp_zz = 262.2, file has 286.5
    row 1321: trace(L^p) = 43.16 s^-1 (relative 1.33e-01); incompressibility implies Lp_zz = 282.3, file has 325.5
    row 1412: trace(L^p) = -10.71 s^-1 (relative 2.96e-02); incompressibility implies Lp_zz = 373.1, file has 362.4
    row 1422: trace(L^p) = -30.92 s^-1 (relative 8.75e-02); incompressibility implies Lp_zz = 384.1, file has 353.2
    row 1521: trace(L^p) = -19.51 s^-1 (relative 5.93e-02); incompressibility implies Lp_zz = 348.6, file has 329.1
    row 1672: trace(L^p) = -11.81 s^-1 (relative 3.67e-02); incompressibility implies Lp_zz = 334, file has 322.2
    row 1690: trace(L^p) = -39.08 s^-1 (relative 1.04e-01); incompressibility implies Lp_zz = 415.8, file has 376.7
    row 1932: trace(L^p) = 5.642 s^-1 (relative 1.41e-02); incompressibility implies Lp_zz = 395.5, file has 401.1
    row 1999: trace(L^p) = -8.348 s^-1 (relative 2.05e-02); incompressibility implies Lp_zz = 415.3, file has 407
    row 2005: trace(L^p) = -35.27 s^-1 (relative 9.43e-02); incompressibility implies Lp_zz = 409.4, file has 374.1
    row 2009: trace(L^p) = 5.185 s^-1 (relative 1.29e-02); incompressibility implies Lp_zz = 397.8, file has 403
    row 2097: trace(L^p) = -46.97 s^-1 (relative 1.24e-01); incompressibility implies Lp_zz = 426, file has 379
    row 2131: trace(L^p) = 22.07 s^-1 (relative 4.66e-02); incompressibility implies Lp_zz = 451.6, file has 473.7
    row 2149: trace(L^p) = 26.42 s^-1 (relative 4.88e-02); incompressibility implies Lp_zz = 514.5, file has 540.9
    row 2157: trace(L^p) = 15.87 s^-1 (relative 3.18e-02); incompressibility implies Lp_zz = 482.8, file has 498.7
    row 2359: trace(L^p) = 84.12 s^-1 (relative 1.53e-01); incompressibility implies Lp_zz = 464.2, file has 548.3
    row 2384: trace(L^p) = -14.34 s^-1 (relative 3.32e-02); incompressibility implies Lp_zz = 445.8, file has 431.5
    row 2393: trace(L^p) = 32.43 s^-1 (relative 5.98e-02); incompressibility implies Lp_zz = 510.2, file has 542.6
    row 2451: trace(L^p) = 28.15 s^-1 (relative 5.40e-02); incompressibility implies Lp_zz = 493.5, file has 521.7
    row 2494: trace(L^p) = -31.86 s^-1 (relative 6.44e-02); incompressibility implies Lp_zz = 526.4, file has 494.6
    row 2671: trace(L^p) = -94.88 s^-1 (relative 2.07e-01); incompressibility implies Lp_zz = 552.9, file has 458
    row 2739: trace(L^p) = 25.73 s^-1 (relative 4.20e-02); incompressibility implies Lp_zz = 586.5, file has 612.2
    row 2793: trace(L^p) = -15.51 s^-1 (relative 2.92e-02); incompressibility implies Lp_zz = 547.3, file has 531.8
    row 2875: trace(L^p) = 30.22 s^-1 (relative 5.20e-02); incompressibility implies Lp_zz = 550.5, file has 580.7
    row 3052: trace(L^p) = 55.29 s^-1 (relative 8.93e-02); incompressibility implies Lp_zz = 563.5, file has 618.8
    row 3055: trace(L^p) = -23.71 s^-1 (relative 4.52e-02); incompressibility implies Lp_zz = 548.9, file has 525.2
    row 3063: trace(L^p) = 9.279 s^-1 (relative 1.52e-02); incompressibility implies Lp_zz = 600.3, file has 609.6
    row 3082: trace(L^p) = 76.95 s^-1 (relative 1.17e-01); incompressibility implies Lp_zz = 579, file has 656
    row 3128: trace(L^p) = 12.2 s^-1 (relative 1.77e-02); incompressibility implies Lp_zz = 676.9, file has 689.1
    ... and 607 more

data/raw/uniaxial_55Mpa_6e13_1.43e12.csv
  146 problem(s) in 12530 rows:
    row 122: trace(L^p) = -7.736 s^-1 (relative 1.49e-02); incompressibility implies Lp_zz = 527.5, file has 519.8
    row 163: trace(L^p) = -5.508 s^-1 (relative 1.06e-02); incompressibility implies Lp_zz = 522.7, file has 517.2
    row 166: trace(L^p) = -39.32 s^-1 (relative 8.15e-02); incompressibility implies Lp_zz = 521.7, file has 482.4
    row 183: trace(L^p) = 7.413 s^-1 (relative 1.49e-02); incompressibility implies Lp_zz = 490.3, file has 497.7
    row 202: trace(L^p) = -18.7 s^-1 (relative 3.62e-02); incompressibility implies Lp_zz = 535.3, file has 516.6
    row 212: trace(L^p) = -9.84 s^-1 (relative 1.93e-02); incompressibility implies Lp_zz = 519.4, file has 509.5
    row 247: trace(L^p) = -18.15 s^-1 (relative 3.62e-02); incompressibility implies Lp_zz = 520.1, file has 501.9
    row 262: trace(L^p) = 24.33 s^-1 (relative 4.56e-02); incompressibility implies Lp_zz = 509.2, file has 533.6
    row 359: trace(L^p) = 22.4 s^-1 (relative 5.13e-02); incompressibility implies Lp_zz = 414.4, file has 436.8
    row 395: trace(L^p) = -21.99 s^-1 (relative 4.85e-02); incompressibility implies Lp_zz = 475.1, file has 453.1
    row 435: trace(L^p) = -24.76 s^-1 (relative 5.69e-02); incompressibility implies Lp_zz = 460.1, file has 435.4
    row 456: trace(L^p) = -58.05 s^-1 (relative 1.33e-01); incompressibility implies Lp_zz = 494.4, file has 436.3
    row 504: trace(L^p) = 32.71 s^-1 (relative 6.33e-02); incompressibility implies Lp_zz = 484, file has 516.7
    row 635: trace(L^p) = -5.709 s^-1 (relative 1.13e-02); incompressibility implies Lp_zz = 510, file has 504.3
    row 682: trace(L^p) = -34.71 s^-1 (relative 6.55e-02); incompressibility implies Lp_zz = 564.7, file has 530
    row 783: trace(L^p) = -23.1 s^-1 (relative 4.26e-02); incompressibility implies Lp_zz = 565.8, file has 542.7
    row 998: trace(L^p) = 67.77 s^-1 (relative 1.20e-01); incompressibility implies Lp_zz = 499.3, file has 567
    row 1071: trace(L^p) = -32.15 s^-1 (relative 7.12e-02); incompressibility implies Lp_zz = 483.5, file has 451.3
    row 1094: trace(L^p) = -23.06 s^-1 (relative 4.80e-02); incompressibility implies Lp_zz = 503.5, file has 480.4
    row 1131: trace(L^p) = 25.61 s^-1 (relative 4.96e-02); incompressibility implies Lp_zz = 490.6, file has 516.2
    row 1156: trace(L^p) = 32.27 s^-1 (relative 5.98e-02); incompressibility implies Lp_zz = 507.3, file has 539.6
    row 1176: trace(L^p) = 10.98 s^-1 (relative 2.03e-02); incompressibility implies Lp_zz = 530.9, file has 541.9
    row 1217: trace(L^p) = -20.29 s^-1 (relative 3.87e-02); incompressibility implies Lp_zz = 543.9, file has 523.6
    row 1249: trace(L^p) = -20.34 s^-1 (relative 3.89e-02); incompressibility implies Lp_zz = 543.8, file has 523.4
    row 1288: trace(L^p) = 44.92 s^-1 (relative 7.24e-02); incompressibility implies Lp_zz = 575.5, file has 620.4
    row 1318: trace(L^p) = -46.68 s^-1 (relative 7.27e-02); incompressibility implies Lp_zz = 689, file has 642.3
    row 1340: trace(L^p) = 23.16 s^-1 (relative 3.71e-02); incompressibility implies Lp_zz = 600.5, file has 623.7
    row 1355: trace(L^p) = -7.03 s^-1 (relative 1.19e-02); incompressibility implies Lp_zz = 596.6, file has 589.6
    row 1425: trace(L^p) = 39.23 s^-1 (relative 6.26e-02); incompressibility implies Lp_zz = 587.4, file has 626.6
    row 1514: trace(L^p) = -22.73 s^-1 (relative 4.13e-02); incompressibility implies Lp_zz = 573.3, file has 550.5
    row 1574: trace(L^p) = 41.83 s^-1 (relative 6.21e-02); incompressibility implies Lp_zz = 631.7, file has 673.5
    row 1610: trace(L^p) = 26.27 s^-1 (relative 3.90e-02); incompressibility implies Lp_zz = 647.6, file has 673.9
    row 1632: trace(L^p) = 18.62 s^-1 (relative 2.73e-02); incompressibility implies Lp_zz = 664.1, file has 682.7
    row 1682: trace(L^p) = 16.27 s^-1 (relative 2.74e-02); incompressibility implies Lp_zz = 577.1, file has 593.4
    row 1692: trace(L^p) = -10.76 s^-1 (relative 1.75e-02); incompressibility implies Lp_zz = 625.8, file has 615
    row 1721: trace(L^p) = -30.13 s^-1 (relative 4.73e-02); incompressibility implies Lp_zz = 666.4, file has 636.3
    row 1781: trace(L^p) = -35.56 s^-1 (relative 5.16e-02); incompressibility implies Lp_zz = 724.6, file has 689
    row 1795: trace(L^p) = 12.83 s^-1 (relative 1.75e-02); incompressibility implies Lp_zz = 719.4, file has 732.2
    row 1857: trace(L^p) = 19.68 s^-1 (relative 2.51e-02); incompressibility implies Lp_zz = 762.9, file has 782.6
    row 1912: trace(L^p) = -42.12 s^-1 (relative 5.28e-02); incompressibility implies Lp_zz = 839.7, file has 797.6
    ... and 106 more

data/raw/uniaxial_55Mpa_6e13_2.055e12.csv
  317 problem(s) in 21859 rows:
    row 64: trace(L^p) = -8.153 s^-1 (relative 3.80e-02); incompressibility implies Lp_zz = 121.1, file has 112.9
    row 103: trace(L^p) = -5.821 s^-1 (relative 1.62e-02); incompressibility implies Lp_zz = 365.4, file has 359.5
    row 105: trace(L^p) = -8.129 s^-1 (relative 2.44e-02); incompressibility implies Lp_zz = 340.7, file has 332.5
    row 144: trace(L^p) = 7.588 s^-1 (relative 1.98e-02); incompressibility implies Lp_zz = 376.4, file has 384
    row 149: trace(L^p) = -29.12 s^-1 (relative 7.65e-02); incompressibility implies Lp_zz = 409.6, file has 380.5
    row 187: trace(L^p) = -21.9 s^-1 (relative 5.77e-02); incompressibility implies Lp_zz = 401.2, file has 379.3
    row 190: trace(L^p) = -4.166 s^-1 (relative 1.19e-02); incompressibility implies Lp_zz = 353.3, file has 349.1
    row 213: trace(L^p) = -10.76 s^-1 (relative 2.76e-02); incompressibility implies Lp_zz = 400.6, file has 389.9
    row 362: trace(L^p) = 7.971 s^-1 (relative 1.70e-02); incompressibility implies Lp_zz = 461, file has 469
    row 419: trace(L^p) = -12.07 s^-1 (relative 3.11e-02); incompressibility implies Lp_zz = 399.8, file has 387.8
    row 421: trace(L^p) = -6.142 s^-1 (relative 1.38e-02); incompressibility implies Lp_zz = 450.6, file has 444.5
    row 614: trace(L^p) = 21.97 s^-1 (relative 4.88e-02); incompressibility implies Lp_zz = 427.9, file has 449.8
    row 741: trace(L^p) = -6.739 s^-1 (relative 1.64e-02); incompressibility implies Lp_zz = 418.7, file has 412
    row 788: trace(L^p) = -6.552 s^-1 (relative 1.44e-02); incompressibility implies Lp_zz = 460.7, file has 454.1
    row 827: trace(L^p) = 4.425 s^-1 (relative 1.06e-02); incompressibility implies Lp_zz = 412, file has 416.4
    row 838: trace(L^p) = -4.762 s^-1 (relative 1.18e-02); incompressibility implies Lp_zz = 407, file has 402.2
    row 851: trace(L^p) = 54.88 s^-1 (relative 1.17e-01); incompressibility implies Lp_zz = 414.5, file has 469.4
    row 874: trace(L^p) = -6.01 s^-1 (relative 1.51e-02); incompressibility implies Lp_zz = 403, file has 397
    row 881: trace(L^p) = -37.34 s^-1 (relative 1.02e-01); incompressibility implies Lp_zz = 404.7, file has 367.4
    row 998: trace(L^p) = 10.95 s^-1 (relative 3.16e-02); incompressibility implies Lp_zz = 336, file has 346.9
    row 1059: trace(L^p) = -5.05 s^-1 (relative 1.22e-02); incompressibility implies Lp_zz = 420.6, file has 415.6
    row 1154: trace(L^p) = -18.66 s^-1 (relative 5.52e-02); incompressibility implies Lp_zz = 357, file has 338.4
    row 1179: trace(L^p) = -35.23 s^-1 (relative 8.72e-02); incompressibility implies Lp_zz = 439.3, file has 404
    row 1371: trace(L^p) = -20.93 s^-1 (relative 3.97e-02); incompressibility implies Lp_zz = 547.8, file has 526.9
    row 1408: trace(L^p) = 8.887 s^-1 (relative 1.77e-02); incompressibility implies Lp_zz = 494.1, file has 503
    row 1519: trace(L^p) = -15.45 s^-1 (relative 3.07e-02); incompressibility implies Lp_zz = 518.6, file has 503.2
    row 1584: trace(L^p) = -9.102 s^-1 (relative 1.57e-02); incompressibility implies Lp_zz = 588.2, file has 579.1
    row 1605: trace(L^p) = 11.8 s^-1 (relative 1.97e-02); incompressibility implies Lp_zz = 587.6, file has 599.4
    row 1612: trace(L^p) = 22.4 s^-1 (relative 3.78e-02); incompressibility implies Lp_zz = 569.4, file has 591.8
    row 1685: trace(L^p) = -17.08 s^-1 (relative 3.20e-02); incompressibility implies Lp_zz = 550.8, file has 533.7
    row 1711: trace(L^p) = 11.28 s^-1 (relative 2.22e-02); incompressibility implies Lp_zz = 496.1, file has 507.3
    row 1725: trace(L^p) = 10.56 s^-1 (relative 1.88e-02); incompressibility implies Lp_zz = 550.9, file has 561.5
    row 1744: trace(L^p) = -35.85 s^-1 (relative 7.07e-02); incompressibility implies Lp_zz = 542.6, file has 506.7
    row 1773: trace(L^p) = 6.822 s^-1 (relative 1.13e-02); incompressibility implies Lp_zz = 594.6, file has 601.4
    row 1820: trace(L^p) = -8.532 s^-1 (relative 1.48e-02); incompressibility implies Lp_zz = 585.5, file has 577
    row 1824: trace(L^p) = -9.44 s^-1 (relative 1.63e-02); incompressibility implies Lp_zz = 587.2, file has 577.8
    row 1905: trace(L^p) = -6.702 s^-1 (relative 1.20e-02); incompressibility implies Lp_zz = 567.6, file has 560.8
    row 1918: trace(L^p) = -9.325 s^-1 (relative 1.79e-02); incompressibility implies Lp_zz = 531.7, file has 522.3
    row 1919: trace(L^p) = 18.19 s^-1 (relative 3.31e-02); incompressibility implies Lp_zz = 531.5, file has 549.7
    row 1974: trace(L^p) = -7.035 s^-1 (relative 1.10e-02); incompressibility implies Lp_zz = 646.3, file has 639.3
    ... and 277 more

data/raw/uniaxial_55Mpa_6e13_9.5668e11.csv
  103 problem(s) in 14066 rows:
    row 94: trace(L^p) = 21.82 s^-1 (relative 1.15e-01); incompressibility implies Lp_zz = 167.4, file has 189.2
    row 135: trace(L^p) = -34.8 s^-1 (relative 1.20e-01); incompressibility implies Lp_zz = 325.3, file has 290.5
    row 157: trace(L^p) = -7.573 s^-1 (relative 2.49e-02); incompressibility implies Lp_zz = 311.1, file has 303.6
    row 197: trace(L^p) = 31.35 s^-1 (relative 8.60e-02); incompressibility implies Lp_zz = 333.2, file has 364.6
    row 216: trace(L^p) = 40.75 s^-1 (relative 1.15e-01); incompressibility implies Lp_zz = 314, file has 354.8
    row 266: trace(L^p) = -6.766 s^-1 (relative 1.91e-02); incompressibility implies Lp_zz = 361.7, file has 355
    row 304: trace(L^p) = 40.69 s^-1 (relative 1.08e-01); incompressibility implies Lp_zz = 336.6, file has 377.3
    row 443: trace(L^p) = -72.61 s^-1 (relative 1.91e-01); incompressibility implies Lp_zz = 453.4, file has 380.8
    row 865: trace(L^p) = 38.36 s^-1 (relative 7.22e-02); incompressibility implies Lp_zz = 492.8, file has 531.2
    row 990: trace(L^p) = -12.7 s^-1 (relative 2.74e-02); incompressibility implies Lp_zz = 476.2, file has 463.5
    row 1213: trace(L^p) = 29.38 s^-1 (relative 4.61e-02); incompressibility implies Lp_zz = 607.5, file has 636.9
    row 1386: trace(L^p) = 34.35 s^-1 (relative 4.63e-02); incompressibility implies Lp_zz = 707.6, file has 742
    row 1395: trace(L^p) = -8.013 s^-1 (relative 1.13e-02); incompressibility implies Lp_zz = 717.2, file has 709.2
    row 1408: trace(L^p) = -7.53 s^-1 (relative 1.09e-02); incompressibility implies Lp_zz = 698, file has 690.5
    row 1437: trace(L^p) = 8.128 s^-1 (relative 1.05e-02); incompressibility implies Lp_zz = 769.6, file has 777.7
    row 1540: trace(L^p) = -18.07 s^-1 (relative 2.61e-02); incompressibility implies Lp_zz = 709.3, file has 691.3
    row 1603: trace(L^p) = -32.17 s^-1 (relative 4.17e-02); incompressibility implies Lp_zz = 804.3, file has 772.1
    row 1804: trace(L^p) = -25.07 s^-1 (relative 2.64e-02); incompressibility implies Lp_zz = 974.9, file has 949.9
    row 1867: trace(L^p) = -29.55 s^-1 (relative 3.31e-02); incompressibility implies Lp_zz = 921.3, file has 891.7
    row 1884: trace(L^p) = -21.57 s^-1 (relative 2.49e-02); incompressibility implies Lp_zz = 887.9, file has 866.3
    row 1885: trace(L^p) = -13.63 s^-1 (relative 1.57e-02); incompressibility implies Lp_zz = 882.2, file has 868.6
    row 1959: trace(L^p) = 30.38 s^-1 (relative 3.45e-02); incompressibility implies Lp_zz = 850.5, file has 880.9
    row 2019: trace(L^p) = -17.17 s^-1 (relative 1.79e-02); incompressibility implies Lp_zz = 975.8, file has 958.6
    row 2060: trace(L^p) = 10.54 s^-1 (relative 1.02e-02); incompressibility implies Lp_zz = 1019, file has 1029
    row 2203: trace(L^p) = -13.86 s^-1 (relative 1.01e-02); incompressibility implies Lp_zz = 1379, file has 1365
    row 2317: trace(L^p) = 27.38 s^-1 (relative 1.50e-02); incompressibility implies Lp_zz = 1798, file has 1826
    row 2471: trace(L^p) = 112.7 s^-1 (relative 5.28e-02); incompressibility implies Lp_zz = 2022, file has 2135
    row 2492: trace(L^p) = -92.75 s^-1 (relative 4.37e-02); incompressibility implies Lp_zz = 2216, file has 2124
    row 2509: trace(L^p) = 39.47 s^-1 (relative 1.75e-02); incompressibility implies Lp_zz = 2219, file has 2259
    row 2612: trace(L^p) = 38.87 s^-1 (relative 1.36e-02); incompressibility implies Lp_zz = 2827, file has 2866
    row 2740: trace(L^p) = -47.11 s^-1 (relative 1.64e-02); incompressibility implies Lp_zz = 2922, file has 2875
    row 2747: trace(L^p) = 30.69 s^-1 (relative 1.06e-02); incompressibility implies Lp_zz = 2875, file has 2906
    row 2904: trace(L^p) = 36.92 s^-1 (relative 1.02e-02); incompressibility implies Lp_zz = 3578, file has 3615
    row 5024: trace(L^p) = 966.1 s^-1 (relative 5.12e-02); incompressibility implies Lp_zz = 1.79e+04, file has 1.887e+04
    row 5309: trace(L^p) = -444.5 s^-1 (relative 2.68e-02); incompressibility implies Lp_zz = 1.701e+04, file has 1.657e+04
    row 5334: trace(L^p) = 372.4 s^-1 (relative 2.21e-02); incompressibility implies Lp_zz = 1.646e+04, file has 1.683e+04
    row 5509: trace(L^p) = 907.9 s^-1 (relative 5.16e-02); incompressibility implies Lp_zz = 1.668e+04, file has 1.759e+04
    row 5646: trace(L^p) = 188.3 s^-1 (relative 1.10e-02); incompressibility implies Lp_zz = 1.693e+04, file has 1.711e+04
    row 5765: trace(L^p) = 188.2 s^-1 (relative 1.16e-02); incompressibility implies Lp_zz = 1.607e+04, file has 1.626e+04
    row 5799: trace(L^p) = 216.3 s^-1 (relative 1.33e-02); incompressibility implies Lp_zz = 1.607e+04, file has 1.629e+04
    ... and 63 more

data/raw/uniaxial_55Mpa_8e13_1.43e12.csv
  91 problem(s) in 9835 rows:
    row 118: trace(L^p) = -37.14 s^-1 (relative 5.65e-02); incompressibility implies Lp_zz = 694.8, file has 657.7
    row 172: trace(L^p) = 14.08 s^-1 (relative 2.23e-02); incompressibility implies Lp_zz = 616.1, file has 630.2
    row 173: trace(L^p) = 12.19 s^-1 (relative 1.95e-02); incompressibility implies Lp_zz = 611.7, file has 623.9
    row 176: trace(L^p) = -35.87 s^-1 (relative 5.85e-02); incompressibility implies Lp_zz = 648.9, file has 613.1
    row 193: trace(L^p) = 7.221 s^-1 (relative 1.17e-02); incompressibility implies Lp_zz = 610, file has 617.2
    row 194: trace(L^p) = -13.3 s^-1 (relative 2.09e-02); incompressibility implies Lp_zz = 650.7, file has 637.4
    row 267: trace(L^p) = 19.13 s^-1 (relative 3.11e-02); incompressibility implies Lp_zz = 595.3, file has 614.4
    row 301: trace(L^p) = -20.78 s^-1 (relative 3.42e-02); incompressibility implies Lp_zz = 627.6, file has 606.8
    row 421: trace(L^p) = -23.74 s^-1 (relative 3.39e-02); incompressibility implies Lp_zz = 723.1, file has 699.4
    row 435: trace(L^p) = -17.53 s^-1 (relative 2.61e-02); incompressibility implies Lp_zz = 689, file has 671.4
    row 441: trace(L^p) = -34 s^-1 (relative 5.21e-02); incompressibility implies Lp_zz = 686.1, file has 652.1
    row 450: trace(L^p) = 14.86 s^-1 (relative 2.14e-02); incompressibility implies Lp_zz = 677.9, file has 692.8
    row 533: trace(L^p) = -14.47 s^-1 (relative 2.02e-02); incompressibility implies Lp_zz = 730.6, file has 716.1
    row 598: trace(L^p) = -28.65 s^-1 (relative 4.04e-02); incompressibility implies Lp_zz = 738.4, file has 709.7
    row 670: trace(L^p) = -29.5 s^-1 (relative 4.54e-02); incompressibility implies Lp_zz = 679.5, file has 650
    row 889: trace(L^p) = -34.88 s^-1 (relative 5.47e-02); incompressibility implies Lp_zz = 673.1, file has 638.2
    row 901: trace(L^p) = 28.48 s^-1 (relative 4.19e-02); incompressibility implies Lp_zz = 651.4, file has 679.8
    row 907: trace(L^p) = 9.211 s^-1 (relative 1.27e-02); incompressibility implies Lp_zz = 716, file has 725.2
    row 912: trace(L^p) = 10.34 s^-1 (relative 1.39e-02); incompressibility implies Lp_zz = 735.4, file has 745.7
    row 973: trace(L^p) = 7.682 s^-1 (relative 1.13e-02); incompressibility implies Lp_zz = 673.5, file has 681.2
    row 1098: trace(L^p) = 14.41 s^-1 (relative 1.81e-02); incompressibility implies Lp_zz = 780.5, file has 794.9
    row 1123: trace(L^p) = -19.23 s^-1 (relative 2.51e-02); incompressibility implies Lp_zz = 785.4, file has 766.1
    row 1153: trace(L^p) = -35.16 s^-1 (relative 4.12e-02); incompressibility implies Lp_zz = 889.5, file has 854.4
    row 1230: trace(L^p) = -36.47 s^-1 (relative 4.59e-02); incompressibility implies Lp_zz = 831.5, file has 795.1
    row 1231: trace(L^p) = -8.395 s^-1 (relative 1.00e-02); incompressibility implies Lp_zz = 843.8, file has 835.4
    row 1251: trace(L^p) = -38.28 s^-1 (relative 5.05e-02); incompressibility implies Lp_zz = 796.8, file has 758.5
    row 1252: trace(L^p) = 19.72 s^-1 (relative 2.29e-02); incompressibility implies Lp_zz = 842.6, file has 862.3
    row 1282: trace(L^p) = 25.28 s^-1 (relative 2.89e-02); incompressibility implies Lp_zz = 849.1, file has 874.4
    row 1306: trace(L^p) = -10.26 s^-1 (relative 1.20e-02); incompressibility implies Lp_zz = 864.9, file has 854.6
    row 1379: trace(L^p) = -17.01 s^-1 (relative 1.79e-02); incompressibility implies Lp_zz = 969.5, file has 952.5
    row 1453: trace(L^p) = -32.26 s^-1 (relative 2.97e-02); incompressibility implies Lp_zz = 1117, file has 1085
    row 1455: trace(L^p) = -21.33 s^-1 (relative 1.88e-02); incompressibility implies Lp_zz = 1159, file has 1137
    row 1476: trace(L^p) = -26.45 s^-1 (relative 2.41e-02); incompressibility implies Lp_zz = 1126, file has 1100
    row 1484: trace(L^p) = -11.21 s^-1 (relative 1.04e-02); incompressibility implies Lp_zz = 1088, file has 1077
    row 1533: trace(L^p) = -11.98 s^-1 (relative 1.07e-02); incompressibility implies Lp_zz = 1131, file has 1119
    row 1579: trace(L^p) = 21.85 s^-1 (relative 1.89e-02); incompressibility implies Lp_zz = 1133, file has 1155
    row 1606: trace(L^p) = 22.01 s^-1 (relative 1.75e-02); incompressibility implies Lp_zz = 1236, file has 1258
    row 1637: trace(L^p) = 16.41 s^-1 (relative 1.23e-02); incompressibility implies Lp_zz = 1321, file has 1338
    row 1690: trace(L^p) = -19.6 s^-1 (relative 1.32e-02); incompressibility implies Lp_zz = 1501, file has 1481
    row 1707: trace(L^p) = 20.31 s^-1 (relative 1.21e-02); incompressibility implies Lp_zz = 1654, file has 1674
    ... and 51 more

data/raw/uniaxial_55Mpa_8e13_2.055e12.csv
  68 problem(s) in 7650 rows:
    row 107: trace(L^p) = -15.52 s^-1 (relative 3.39e-02); incompressibility implies Lp_zz = 473.7, file has 458.1
    row 127: trace(L^p) = 11.13 s^-1 (relative 2.44e-02); incompressibility implies Lp_zz = 445.3, file has 456.5
    row 143: trace(L^p) = 24 s^-1 (relative 5.23e-02); incompressibility implies Lp_zz = 435.1, file has 459.1
    row 154: trace(L^p) = -14.25 s^-1 (relative 2.78e-02); incompressibility implies Lp_zz = 527.3, file has 513.1
    row 349: trace(L^p) = 27.84 s^-1 (relative 5.12e-02); incompressibility implies Lp_zz = 516.4, file has 544.2
    row 354: trace(L^p) = -21.24 s^-1 (relative 3.82e-02); incompressibility implies Lp_zz = 577.2, file has 556
    row 416: trace(L^p) = 22.38 s^-1 (relative 3.73e-02); incompressibility implies Lp_zz = 577.6, file has 600
    row 433: trace(L^p) = -13.37 s^-1 (relative 2.07e-02); incompressibility implies Lp_zz = 657.7, file has 644.4
    row 485: trace(L^p) = 17.69 s^-1 (relative 2.67e-02); incompressibility implies Lp_zz = 644, file has 661.7
    row 626: trace(L^p) = 49.63 s^-1 (relative 7.40e-02); incompressibility implies Lp_zz = 621.3, file has 670.9
    row 653: trace(L^p) = 36.62 s^-1 (relative 5.76e-02); incompressibility implies Lp_zz = 598.7, file has 635.3
    row 690: trace(L^p) = -140.6 s^-1 (relative 3.12e-01); incompressibility implies Lp_zz = 591.7, file has 451
    row 743: trace(L^p) = -26.71 s^-1 (relative 4.25e-02); incompressibility implies Lp_zz = 655.7, file has 629
    row 786: trace(L^p) = 22.2 s^-1 (relative 3.76e-02); incompressibility implies Lp_zz = 568, file has 590.2
    row 804: trace(L^p) = 31.69 s^-1 (relative 5.43e-02); incompressibility implies Lp_zz = 552.1, file has 583.8
    row 848: trace(L^p) = 13.55 s^-1 (relative 2.41e-02); incompressibility implies Lp_zz = 547.9, file has 561.5
    row 885: trace(L^p) = -36.5 s^-1 (relative 6.68e-02); incompressibility implies Lp_zz = 583, file has 546.5
    row 921: trace(L^p) = 24.47 s^-1 (relative 4.05e-02); incompressibility implies Lp_zz = 579.8, file has 604.3
    row 927: trace(L^p) = 30.2 s^-1 (relative 5.44e-02); incompressibility implies Lp_zz = 524.8, file has 555
    row 954: trace(L^p) = 9.919 s^-1 (relative 1.58e-02); incompressibility implies Lp_zz = 619.8, file has 629.7
    row 1230: trace(L^p) = -222.6 s^-1 (relative 4.01e-01); incompressibility implies Lp_zz = 777.2, file has 554.7
    row 1242: trace(L^p) = -56 s^-1 (relative 9.00e-02); incompressibility implies Lp_zz = 678.5, file has 622.5
    row 1401: trace(L^p) = -24.04 s^-1 (relative 3.98e-02); incompressibility implies Lp_zz = 627.9, file has 603.8
    row 1620: trace(L^p) = 42.22 s^-1 (relative 6.04e-02); incompressibility implies Lp_zz = 656.4, file has 698.7
    row 1690: trace(L^p) = 23.8 s^-1 (relative 3.20e-02); incompressibility implies Lp_zz = 720.8, file has 744.6
    row 1736: trace(L^p) = -44.87 s^-1 (relative 6.50e-02); incompressibility implies Lp_zz = 735.3, file has 690.4
    row 1797: trace(L^p) = 20.87 s^-1 (relative 2.94e-02); incompressibility implies Lp_zz = 690.1, file has 710.9
    row 1851: trace(L^p) = 28.37 s^-1 (relative 3.93e-02); incompressibility implies Lp_zz = 692.8, file has 721.2
    row 1852: trace(L^p) = -32.99 s^-1 (relative 4.66e-02); incompressibility implies Lp_zz = 741.1, file has 708.1
    row 1890: trace(L^p) = 39.8 s^-1 (relative 5.08e-02); incompressibility implies Lp_zz = 743.7, file has 783.6
    row 1891: trace(L^p) = 14.49 s^-1 (relative 1.89e-02); incompressibility implies Lp_zz = 753.2, file has 767.7
    row 1908: trace(L^p) = 29.74 s^-1 (relative 3.68e-02); incompressibility implies Lp_zz = 778.8, file has 808.5
    row 1949: trace(L^p) = -29.01 s^-1 (relative 3.67e-02); incompressibility implies Lp_zz = 819.9, file has 790.9
    row 1969: trace(L^p) = 10.22 s^-1 (relative 1.32e-02); incompressibility implies Lp_zz = 761, file has 771.2
    row 2062: trace(L^p) = 21.12 s^-1 (relative 2.60e-02); incompressibility implies Lp_zz = 790.3, file has 811.5
    row 2094: trace(L^p) = -46.36 s^-1 (relative 6.50e-02); incompressibility implies Lp_zz = 759.5, file has 713.1
    row 2143: trace(L^p) = 39.1 s^-1 (relative 5.17e-02); incompressibility implies Lp_zz = 717.2, file has 756.3
    row 2159: trace(L^p) = -35.16 s^-1 (relative 4.60e-02); incompressibility implies Lp_zz = 800.3, file has 765.1
    row 2175: trace(L^p) = -13.64 s^-1 (relative 1.66e-02); incompressibility implies Lp_zz = 835.6, file has 821.9
    row 2201: trace(L^p) = 27.59 s^-1 (relative 3.12e-02); incompressibility implies Lp_zz = 856.6, file has 884.2
    ... and 28 more

data/raw/uniaxial_55Mpa_8e13_9.5668e11.csv
  56 problem(s) in 8938 rows:
    row 93: trace(L^p) = 22.08 s^-1 (relative 7.95e-02); incompressibility implies Lp_zz = 255.5, file has 277.6
    row 213: trace(L^p) = 41.01 s^-1 (relative 9.36e-02); incompressibility implies Lp_zz = 397.3, file has 438.3
    row 242: trace(L^p) = -4.773 s^-1 (relative 1.15e-02); incompressibility implies Lp_zz = 419.8, file has 415
    row 256: trace(L^p) = 8.951 s^-1 (relative 1.96e-02); incompressibility implies Lp_zz = 448.9, file has 457.8
    row 265: trace(L^p) = 19.36 s^-1 (relative 4.24e-02); incompressibility implies Lp_zz = 437.4, file has 456.7
    row 280: trace(L^p) = 49.39 s^-1 (relative 1.03e-01); incompressibility implies Lp_zz = 428, file has 477.4
    row 289: trace(L^p) = -17.31 s^-1 (relative 3.67e-02); incompressibility implies Lp_zz = 488.7, file has 471.4
    row 453: trace(L^p) = 41.97 s^-1 (relative 8.13e-02); incompressibility implies Lp_zz = 474.3, file has 516.3
    row 464: trace(L^p) = -78.13 s^-1 (relative 1.60e-01); incompressibility implies Lp_zz = 566.6, file has 488.4
    row 636: trace(L^p) = -17.18 s^-1 (relative 2.73e-02); incompressibility implies Lp_zz = 645.6, file has 628.4
    row 779: trace(L^p) = 24.41 s^-1 (relative 3.83e-02); incompressibility implies Lp_zz = 613, file has 637.4
    row 784: trace(L^p) = -22.28 s^-1 (relative 3.57e-02); incompressibility implies Lp_zz = 646.2, file has 623.9
    row 860: trace(L^p) = -23.19 s^-1 (relative 3.38e-02); incompressibility implies Lp_zz = 708.4, file has 685.2
    row 884: trace(L^p) = 42.24 s^-1 (relative 5.71e-02); incompressibility implies Lp_zz = 697.2, file has 739.4
    row 1048: trace(L^p) = -9.304 s^-1 (relative 1.25e-02); incompressibility implies Lp_zz = 753.6, file has 744.3
    row 1067: trace(L^p) = -34.98 s^-1 (relative 4.88e-02); incompressibility implies Lp_zz = 751.4, file has 716.4
    row 1109: trace(L^p) = -28.54 s^-1 (relative 3.91e-02); incompressibility implies Lp_zz = 759.2, file has 730.6
    row 1290: trace(L^p) = -29.99 s^-1 (relative 2.92e-02); incompressibility implies Lp_zz = 1055, file has 1025
    row 1358: trace(L^p) = 41.1 s^-1 (relative 3.51e-02); incompressibility implies Lp_zz = 1130, file has 1171
    row 1390: trace(L^p) = -29.83 s^-1 (relative 2.40e-02); incompressibility implies Lp_zz = 1274, file has 1244
    row 1440: trace(L^p) = 56.14 s^-1 (relative 4.61e-02); incompressibility implies Lp_zz = 1162, file has 1218
    row 1456: trace(L^p) = 21.07 s^-1 (relative 1.75e-02); incompressibility implies Lp_zz = 1184, file has 1205
    row 1540: trace(L^p) = 24.89 s^-1 (relative 1.81e-02); incompressibility implies Lp_zz = 1351, file has 1376
    row 1865: trace(L^p) = -25.43 s^-1 (relative 1.46e-02); incompressibility implies Lp_zz = 1765, file has 1740
    row 2059: trace(L^p) = 52.59 s^-1 (relative 2.91e-02); incompressibility implies Lp_zz = 1755, file has 1807
    row 2185: trace(L^p) = -70.78 s^-1 (relative 3.50e-02); incompressibility implies Lp_zz = 2091, file has 2020
    row 2197: trace(L^p) = -43.32 s^-1 (relative 2.04e-02); incompressibility implies Lp_zz = 2162, file has 2119
    row 2264: trace(L^p) = -33.76 s^-1 (relative 1.40e-02); incompressibility implies Lp_zz = 2451, file has 2418
    row 2269: trace(L^p) = 39.04 s^-1 (relative 1.57e-02); incompressibility implies Lp_zz = 2443, file has 2482
    row 2384: trace(L^p) = 41.26 s^-1 (relative 1.40e-02); incompressibility implies Lp_zz = 2901, file has 2942
    row 2446: trace(L^p) = -31.35 s^-1 (relative 1.02e-02); incompressibility implies Lp_zz = 3117, file has 3086
    row 2861: trace(L^p) = 68.93 s^-1 (relative 1.26e-02); incompressibility implies Lp_zz = 5406, file has 5475
    row 4016: trace(L^p) = 186.5 s^-1 (relative 1.10e-02); incompressibility implies Lp_zz = 1.679e+04, file has 1.697e+04
    row 4039: trace(L^p) = 289.1 s^-1 (relative 1.71e-02); incompressibility implies Lp_zz = 1.664e+04, file has 1.693e+04
    row 5289: trace(L^p) = 363.5 s^-1 (relative 1.44e-02); incompressibility implies Lp_zz = 2.482e+04, file has 2.519e+04
    row 5405: trace(L^p) = 666.7 s^-1 (relative 2.73e-02); incompressibility implies Lp_zz = 2.374e+04, file has 2.441e+04
    row 5433: trace(L^p) = 544.4 s^-1 (relative 2.27e-02); incompressibility implies Lp_zz = 2.347e+04, file has 2.402e+04
    row 5542: trace(L^p) = 258.3 s^-1 (relative 1.14e-02); incompressibility implies Lp_zz = 2.239e+04, file has 2.265e+04
    row 5608: trace(L^p) = 390.7 s^-1 (relative 1.53e-02); incompressibility implies Lp_zz = 2.509e+04, file has 2.548e+04
    row 5733: trace(L^p) = -361.3 s^-1 (relative 1.61e-02); incompressibility implies Lp_zz = 2.287e+04, file has 2.251e+04
    ... and 16 more

FAILED: 12355 problem(s) total
