step,time(s),dt(s),strain_eq,sigma_vm(Pa),s_xx(Pa),s_yy(Pa),s_zz(Pa),s_yz(Pa),s_zx(Pa),s_xy(Pa),density(1/m^2),Lpxx,Lpxy,Lpxz,Lpyx,Lpyy,Lpyz,Lpzx,Lpzy,Lpzz,epdot_eq(1/s),ep_eq(-)
1,2e-11,2e-11,1.8295770381823722e-08,2771.2812921102036,0.0,0.0,0.0,0.0,0.0,1600.0,956686211770.9617,-189.92740426091407,53.50133003163909,172.64722778357378,11.593143084589824,196.9342355263073,-186.54080582992043,-151.56281969029547,322.3887999073442,-7.00683126531855,240.10118393556766,4.802023678711353e-09
2,4.3999999999999997e-11,2.3999999999999998e-11,4.0249868763573326e-08,6096.818842642448,0.0,0.0,0.0,0.0,0.0,3520.0,956689444599.831,-192.5744288568369,51.34480329406844,172.71199020616095,13.384750729932975,192.99297822800648,-182.68966079513123,-149.9769639759752,326.01907117529584,-0.4185493711010492,240.7715842997373,1.0580541701905048e-08
3,7.28e-11,2.8799999999999997e-11,6.669777775575896e-08,10087.463903281141,0.0,0.0,0.0,0.0,0.0,5824.0,956696314747.7369,-196.66033765334848,52.19851203979725,173.48009717777245,17.967226190608372,194.61425694277148,-184.73585727856064,-149.98605728758304,322.74103082406936,2.0460807105939596,243.33036279393656,1.7588456150370422e-08
4,1.0735999999999999e-10,3.4559999999999995e-11,9.83815540899837e-08,14876.23797604757,0.0,0.0,0.0,0.0,0.0,8588.8,956708119330.3363,-194.43517097357116,50.4371542767846,170.788984472512,16.572944619142323,196.79365563649162,-180.5076645234617,-149.9314769338177,322.87111547970716,-2.3584846628816507,243.76862203282153,2.601309972782473e-08
5,1.4883199999999998e-10,4.147199999999999e-11,1.368014950626288e-07,20622.766863367287,0.0,0.0,0.0,0.0,0.0,11906.559999999998,956727912424.9319,-178.13248636735332,46.78655660981885,169.69531073354082,44.66329009557326,187.13904110228094,-186.12136720163997,-136.35732455949676,318.8732639631905,-9.006554734909736,231.49096796127827,3.5613493151114864e-08
6,1.9859839999999997e-10,4.976639999999999e-11,1.8294649748772528e-07,27518.601528150946,0.0,0.0,0.0,0.0,0.0,15887.871999999996,956761195929.7755,-165.7032350595014,51.09467050231514,167.554943438681,48.0468930986351,171.7881794834737,-180.97876861648078,-143.24288048333455,320.16952121586075,-6.084944424024989,218.94118402264706,4.650940769165953e-08
7,2.5831807999999997e-10,5.971967999999998e-11,2.3837580916334783e-07,35793.603125891335,0.0,0.0,0.0,0.0,0.0,20665.446399999993,956797645237.672,-158.74185415900604,47.14782639159059,175.21192121055785,55.34946423564526,171.8153057645386,-185.05502130376675,-141.91497459187514,317.9555130331659,-13.073451605523163,215.29646484892527,5.936684367756859e-08
8,3.29981696e-10,7.166361599999998e-11,3.0508361619800297e-07,45723.60504317981,0.0,0.0,0.0,0.0,0.0,26398.535679999994,956847801087.9053,-141.29844997203062,53.48469478175673,183.31390493440153,59.96650065980499,162.56632109268105,-184.9225812391432,-141.3661478560549,310.3672078096607,-21.267871120659425,203.3534759367411,7.393988908936444e-08
9,4.1597803519999995e-10,8.599633919999998e-11,3.842982529470149e-07,57639.60734392597,0.0,0.0,0.0,0.0,0.0,33278.24281599999,956900741244.7943,-129.76568114431578,50.5479164202791,177.80139402357054,49.447477160720254,152.3504064023235,-186.6194229093627,-149.98947682177015,319.9389284310269,-22.584725258028556,191.19481192923254,9.038194298931092e-08
10,5.191736422399999e-10,1.0319560703999998e-10,4.802910161163241e-07,71938.81010482137,0.0,0.0,0.0,0.0,0.0,41533.89137919999,956997558418.4241,-121.39984791111767,55.92824416522642,181.34415651307452,61.04320377121607,154.64658169439943,-189.0950404444356,-149.402454949898,316.7361101140422,-33.24673378327176,191.93097875470917,1.1018837685168448e-07
11,6.430083706879998e-10,1.2383472844799998e-10,5.956282287782052e-07,89097.85341789585,0.0,0.0,0.0,0.0,0.0,51440.66965503999,957151692319.3763,-125.4809308841362,58.15395775291157,188.32152113792577,57.2814722454614,160.572204199566,-185.42259457162845,-158.8332630990566,326.0799525494242,-35.09127331542751,199.5828789369461,1.3490366846771125e-07
12,7.916100448255998e-10,1.4860167413759998e-10,7.339911802879118e-07,109688.70539358523,0.0,0.0,0.0,0.0,0.0,63328.80358604799,957371426563.6329,-119.05951319438212,58.169730206262415,182.1503567951599,58.173747405196735,155.86029305957598,-180.78539174041782,-150.14160424489592,326.3822083420386,-36.800779865161005,196.13141010884044,1.6404912436085315e-07
13,9.416100448255998e-10,1.5e-10,8.746973056668806e-07,130473.31508441175,0.0,0.0,0.0,0.0,0.0,75328.80358604799,957623530744.3395,-107.40946926358019,63.119371520379666,198.17300676277856,66.08648613293099,157.4693760085866,-178.61079179908708,-161.9987421927416,328.5443695482058,-50.05990674501109,198.46208224615205,1.9381843669777596e-07
14,1.0916100448256e-09,1.5e-10,1.0166952785210148e-06,151257.9247752383,0.0,0.0,0.0,0.0,0.0,87328.80358604799,957874686809.7621,-102.74834907201571,51.247218053025165,207.96331642611923,91.18298077601916,160.20668950713164,-157.2324058462563,-164.72218147658538,323.5476311633667,-57.4583404351099,207.25720448540793,2.2490701737058716e-07
15,1.2416100448256e-09,1.5e-10,1.1612849746174814e-06,172042.5344660648,0.0,0.0,0.0,0.0,0.0,99328.80358604799,958100541399.707,-58.44502139167263,46.62375471939177,252.9862482186827,126.83037630879947,164.86314853061847,-123.30769282207191,-207.86590835754328,321.14043179231385,-106.41812713897684,227.37704762041992,2.5901357451365013e-07
16,1.3916100448256001e-09,1.5e-10,1.3022342648833213e-06,192827.14415689133,0.0,0.0,0.0,0.0,0.0,111328.80358604799,958262246440.3937,-86.23127025218322,28.486154078824576,209.01831628944032,108.85393485358291,143.9035446455089,-165.29370924012474,-205.69716473419123,315.5990114044046,-57.67227439330284,186.5523346261462,2.8699642470757206e-07
17,1.5416100448256002e-09,1.5e-10,1.4458910525567206e-06,213611.75384771786,0.0,0.0,0.0,0.0,0.0,123328.80358604799,958443740307.5824,-120.18029138488049,12.371346782296245,201.25035830019425,139.87249750600827,180.0118020791099,-148.7323269608374,-162.51824466096087,336.32530287276865,-59.83151069424962,231.46217211191512,3.2171575052435933e-07
18,1.6916100448256003e-09,1.5e-10,1.5878108993180472e-06,234396.3635385444,0.0,0.0,0.0,0.0,0.0,135328.803586048,958617521927.0792,-96.57656099693087,25.681066875226218,203.74403882656978,116.40170300855154,161.20448135930786,-168.47804384910737,-180.5523886411705,325.0401225783423,-64.62792036240492,203.48498773583685,3.5223849868473486e-07
19,1.8416100448256005e-09,1.5e-10,1.7294999767384677e-06,255180.97322937092,0.0,0.0,0.0,0.0,0.0,147328.803586048,958667519569.0577,-95.39644572905694,32.02395782506996,195.10561912303803,112.29488646427949,150.75523799929303,-173.98191141267424,-181.53692613658782,309.5064457709517,-55.35879227023408,190.75584456451185,3.8085187536941166e-07
20,1.9916100448256006e-09,1.5e-10,1.8690497539884048e-06,275965.58292019746,0.0,0.0,0.0,0.0,0.0,159328.803586048,958803144931.9875,-122.79788979848004,49.71849682826316,161.93037080972624,71.33136140042294,139.98323518107426,-191.7232798728699,-156.6731199621904,311.5439741616783,-17.1853453826259,181.6384995687776,4.080976503047283e-07
21,2.1416100448256007e-09,1.5e-10,2.005066460360538e-06,296750.19261102396,0.0,0.0,0.0,0.0,0.0,171328.803586048,958850666489.9209,-95.92836198694603,30.883583330057295,157.36357806918102,60.08149678691334,106.43813429803174,-176.81377694098825,-181.78683927759877,293.32682979267344,-10.509772311070622,145.75092650855998,4.299602892810123e-07
22,2.2916100448256008e-09,1.5e-10,2.1404988619593212e-06,317534.80230185046,0.0,0.0,0.0,0.0,0.0,183328.803586048,958933918170.4713,-124.19510999906649,59.898433097072356,128.32375308282363,20.821199430142727,116.41538755208728,-198.96855223668703,-147.13044455432274,290.89012817554215,7.779722446968673,156.4117542667271,4.5342205242102135e-07
23,2.441610044825601e-09,1.5e-10,2.276894639751648e-06,338319.411992677,0.0,0.0,0.0,0.0,0.0,195328.803586048,959023826214.8802,-100.55974350508532,73.01039066696738,138.00286189735027,23.817132522419225,103.18045807884185,-190.5948119935832,-152.50272093474663,285.11691091194297,-2.6207145737715267,141.48134920560906,4.746442548018627e-07
24,2.591610044825601e-09,1.5e-10,2.413081801505645e-06,359104.0216835036,0.0,0.0,0.0,0.0,0.0,207328.803586048,959058006353.1332,-91.10313424564707,72.03049799609522,133.82304878627326,21.53299257110667,108.73950314193866,-184.3648047827752,-158.47582959919933,281.1502626356342,-17.63636889626646,140.9485904650807,4.957865433716248e-07
25,2.741610044825601e-09,1.5e-10,2.549611848262531e-06,379888.6313743301,0.0,0.0,0.0,0.0,0.0,219328.803586048,959204995886.193,-53.61876765980776,79.60599178674472,150.80950878935892,24.80264615234715,96.9193162939999,-179.1580587074765,-178.75020967251683,267.06249152806186,-43.30054863413992,126.0893373871452,5.146999439796965e-07
26,2.891610044825601e-09,1.5e-10,2.6851522720008833e-06,400673.2410651566,0.0,0.0,0.0,0.0,0.0,231328.803586048,959196487250.2264,-15.004179238798434,89.07513308853821,150.20338004327135,12.359688683176223,69.59646771336021,-175.8570387585294,-173.3199068924803,268.5046217914319,-54.5922884745891,108.78908473228876,5.310183066895399e-07
27,3.0416100448256013e-09,1.5e-10,2.8189458492814157e-06,421457.85075598315,0.0,0.0,0.0,0.0,0.0,243328.803586048,959223368325.0325,-24.470192932588397,90.0557736031997,144.59119306980782,-4.3073948057528,51.53883674534047,-185.2269544277915,-199.18638790181416,249.8908019886098,-27.068643812776845,86.58394765134352,5.440058988372414e-07
28,3.1916100448256014e-09,1.5e-10,2.9532009017452803e-06,442242.46044680965,0.0,0.0,0.0,0.0,0.0,255328.803586048,959198065104.6473,-23.73319031608922,89.09028336124639,160.3402470351526,-2.6005488099720537,66.04183154289879,-177.07577426795314,-195.80897158366614,248.15576043339948,-42.3086412268542,95.25489830676122,5.582941335832556e-07
29,3.3416100448256015e-09,1.5e-10,3.0901167811885013e-06,463027.07013763615,0.0,0.0,0.0,0.0,0.0,267328.80358604796,959190262109.8428,17.18057073687219,97.02195493918549,181.55081121689287,26.769226336345774,41.319436406195045,-148.77876594168274,-221.39448569190645,236.56189632702106,-58.50000714308432,108.73069220254536,5.746037374136374e-07
30,3.4916100448256016e-09,1.5e-10,3.2279404028839486e-06,483811.67982846266,0.0,0.0,0.0,0.0,0.0,279328.80358604796,959061127237.7821,35.362147026274,109.39472463069879,181.2958713170412,25.32133796030284,31.155454249665937,-125.2145026041885,-226.45643866083535,234.57529894881415,-66.51760127592716,123.07064128999906,5.930643336071372e-07
31,3.6416100448256017e-09,1.5e-10,3.360650386489168e-06,504596.2895192892,0.0,0.0,0.0,0.0,0.0,291328.80358604796,959070938135.2327,-26.122023745339572,110.51126118719591,128.57475885603316,-39.96565993016349,56.22670446325013,-180.02764390305808,-180.82298744581385,217.86245166660822,-30.104680717900827,78.82093708092201,6.048874741692755e-07
32,3.791610044825601e-09,1.5e-10,3.494572654796237e-06,525380.8992101158,0.0,0.0,0.0,0.0,0.0,303328.80358604796,959137262985.6653,-56.02434495366678,107.74199849860453,109.29029798786713,-29.56253799102248,68.91581101118442,-178.14678682258287,-137.68701561985085,238.8273900707582,-12.89146605751483,94.35597400614908,6.190408702701978e-07
33,3.941610044825601e-09,1.5e-10,3.62846730320642e-06,546165.5089009423,0.0,0.0,0.0,0.0,0.0,315328.80358604796,959190647149.0826,-38.612586373143465,103.69858759446274,113.84092942166258,-23.559324086258385,64.53099701980705,-174.32329214601714,-144.06892514619062,225.50960204642442,-25.918410646685093,86.81390523963323,6.320629560561429e-07
34,4.091610044825601e-09,1.5e-10,3.7617822805050025e-06,566950.1185917688,0.0,0.0,0.0,0.0,0.0,327328.80358604796,959235003654.6761,-31.104454545511043,100.80021569394889,114.49351762332147,-29.192554753741256,77.62802871828364,-189.6213972675035,-146.30224734746275,230.8740303375051,-46.52357417275844,93.37614596411758,6.460693779507605e-07
35,4.2416100448256004e-09,1.5e-10,3.894707068994561e-06,587734.7282825953,0.0,0.0,0.0,0.0,0.0,339328.80358604796,959241352553.341,-33.78014343024633,100.73867269217665,128.94706236617665,-33.32477786426389,77.86266895650519,-201.482320870744,-142.19047554912635,231.4340444639089,-44.08252552628396,89.27681984097212,6.594609009269064e-07
36,4.3916100448256e-09,1.5e-10,4.02370696707115e-06,608519.3379734218,0.0,0.0,0.0,0.0,0.0,351328.80358604796,959237659686.7068,-59.95249040810675,82.83214058387763,86.11587386638469,-61.79926148238321,75.65549034898848,-218.06812164878187,-105.1517072413634,239.38669438990357,-15.702999940908022,82.43887344722933,6.718267319439907e-07
37,4.5416100448256e-09,1.5e-10,4.153358629916018e-06,629303.9476642483,0.0,0.0,0.0,0.0,0.0,363328.80358604796,959254776704.9575,-51.78487365864056,86.1513442269399,88.7623327935562,-55.754763472527266,74.65153986808222,-231.18456937706665,-88.44647484471284,232.7645738936559,-22.866666209454984,78.48857292238904,6.836000178823491e-07
38,4.6916100448255995e-09,1.5e-10,4.284659275113496e-06,650088.5573550749,0.0,0.0,0.0,0.0,0.0,375328.80358604796,959180497062.3441,-54.25163892408269,92.00505868605767,93.36139740835502,-47.65683387819551,95.26363522619752,-229.43506725557478,-88.47449797573825,246.42795239494947,-41.01199630204954,99.46552786654271,6.985198470623305e-07
39,4.841610044825599e-09,1.5e-10,4.413424537174218e-06,670873.1670459014,0.0,0.0,0.0,0.0,0.0,387328.80358604796,958962480389.1423,-65.29033954574824,72.91361660774734,75.1443366011437,-58.39195762223558,95.56282162991037,-231.41772772305856,-71.59884943975678,240.44730845186078,-30.272482084145977,98.19706608286762,7.132494069747606e-07
40,4.991610044825599e-09,1.5e-10,4.542690717590702e-06,691657.7767367279,0.0,0.0,0.0,0.0,0.0,399328.80358604796,958732414510.0774,-65.62405558970231,68.78975815614523,78.21034139929735,-54.150528914090685,117.9506508788112,-221.30423433636722,-63.02752493082451,251.98478239084645,-52.326595289140656,120.13882463813557,7.31270230670481e-07
41,5.1416100448255986e-09,1.5e-10,4.6719489591694264e-06,712442.3864275545,0.0,0.0,0.0,0.0,0.0,411328.80358604796,958638076278.5171,-97.31004147987043,63.40981409275327,81.9822959491763,-52.275419230301985,133.833970582701,-236.52894675176586,-53.61723951484035,246.1419109040256,-36.523929102810165,139.58331652812672,7.522077281497e-07
42,5.291610044825598e-09,1.5e-10,4.8030587976213225e-06,733226.996118381,0.0,0.0,0.0,0.0,0.0,423328.80358604796,958552729672.7095,-98.11006366340445,67.61642225083776,78.99018329230243,-32.073273215357105,112.10633590730498,-219.8189880107991,-57.80272020845451,248.61319836422027,-13.996272243930756,125.59186829278248,7.710465083936173e-07
43,5.441610044825598e-09,1.5e-10,4.934584993323496e-06,754011.6058092075,0.0,0.0,0.0,0.0,0.0,435328.80358604796,958269662040.3232,-89.57666646623694,71.70223839250421,76.81609035905097,-32.84013754910069,124.98176738212591,-227.54857750671854,-60.34413837941484,246.11730647746361,-35.40510091587883,131.55768168073018,7.907801606457268e-07
44,5.591610044825598e-09,1.5e-10,5.066986205580355e-06,774796.215500034,0.0,0.0,0.0,0.0,0.0,447328.80358604796,958191810923.5862,-100.13070567489629,67.88751916746075,80.94092768437692,-22.651955453830922,131.94218226536543,-213.42870940635916,-45.99098927277695,264.1583544791862,-31.811476590476023,144.60865206274434,8.124714584551385e-07
45,5.741610044825597e-09,1.5e-10,5.198898460365288e-06,795580.8251908605,0.0,0.0,0.0,0.0,0.0,459328.80358604796,958103407517.4722,-92.36841001882618,69.93866193061133,66.33743016273178,-26.735340525471063,114.27207284969384,-203.74998538744913,-58.67925848811623,256.0783780338402,-21.903662830852106,127.54481009583438,8.316031799695137e-07
46,5.891610044825597e-09,1.5e-10,5.3333170465543615e-06,816365.4348816872,0.0,0.0,0.0,0.0,0.0,471328.80358604796,957969068630.5591,-114.43408922976089,78.95942364558539,86.38763227886874,-14.958052212486562,151.94431416446338,-204.5591909076234,-38.60520856173097,254.80778205742482,-37.510224934759144,167.41441713401107,8.567153425396153e-07
47,6.041610044825597e-09,1.5e-10,5.467518122713661e-06,837150.0445725137,0.0,0.0,0.0,0.0,0.0,483328.80358604796,957841483460.8706,-131.38699228860014,73.36984696567701,78.524838033443,-14.772503573155623,154.63981456210277,-201.5990429530519,-39.540731260374734,274.20920117004357,-23.25282227359186,176.69093523071908,8.832189828242232e-07
48,6.191610044825596e-09,1.5e-10,5.599471816885137e-06,857934.6542633402,0.0,0.0,0.0,0.0,0.0,495328.80358604796,957731342447.8755,-88.5961055968413,72.34151258823402,80.89895847620029,-33.73829078808172,137.1269550112561,-201.7191633354102,-33.774866152872924,265.58253955301694,-48.53084941422358,148.1058740197524,9.054348639271861e-07
49,6.341610044825596e-09,1.5e-10,5.732054301340277e-06,878719.2639541668,0.0,0.0,0.0,0.0,0.0,507328.80358604796,957535120695.4098,-106.2119768796226,67.08658499131917,76.20280441679164,-21.237230713471185,137.6336172983615,-207.7093188801244,-32.702850104046036,251.8899848477552,-31.421640418739422,150.9624377321256,9.280792295870049e-07
50,6.491610044825596e-09,1.5e-10,5.865628582683204e-06,899503.8736449932,0.0,0.0,0.0,0.0,0.0,519328.80358604796,957382378021.8524,-116.87461645588616,71.1710008661181,73.84153955433256,-13.561259127556406,129.04651318922706,-199.16642798786648,-14.551929943151436,256.58480357125154,-12.171896733318235,153.89680224298957,9.511637499234534e-07
51,6.6416100448255955e-09,1.5e-10,5.99902318819259e-06,920288.4833358198,0.0,0.0,0.0,0.0,0.0,531328.803586048,957207853410.5825,-93.996399979618,69.75369207656367,73.53566760653246,-13.470956770905735,137.4238617420264,-201.8068337114211,-32.26024965090436,239.7103930293683,-43.42746176238329,147.78504330113387,9.733315064186236e-07
52,6.791610044825595e-09,1.5e-10,6.133682211241437e-06,941073.0930266463,0.0,0.0,0.0,0.0,0.0,543328.803586048,956922725804.9791,-104.80801094721684,76.1113108749614,62.777717919184866,1.4050442513059815,106.11359475728752,-216.9819313326623,-30.689543169376698,236.03393645890208,-1.3055838100600248,131.52243480408933,9.93059871639237e-07
53,6.941610044825595e-09,1.5e-10,6.267877065770578e-06,961857.7027174728,0.0,0.0,0.0,0.0,0.0,555328.803586048,956777525786.8164,-128.97692711189404,72.07604232622256,71.15962181731183,-7.079585769260411,137.59930288414543,-224.0695602031515,-27.491639984189607,228.56371992970182,-8.622375772275753,160.66274403727687,1.0171592832448285e-06
54,7.0916100448255945e-09,1.5e-10,6.403249435191443e-06,982642.3124082993,0.0,0.0,0.0,0.0,0.0,567328.803586048,956606269721.3066,-89.63342341943678,75.86259561637952,79.25937180722335,4.56991639671672,128.0474261354104,-185.5080838502503,-18.979713164331436,237.94258640843537,-38.414002715949216,146.81537427470997,1.039181589386035e-06
55,7.241610044825594e-09,1.5e-10,6.5389696081603665e-06,1003426.9220991258,0.0,0.0,0.0,0.0,0.0,579328.803586048,956486926159.6648,-90.75151611352888,76.22402992344033,75.39230863331886,10.992313350227706,112.54839503140988,-179.14668507930577,-33.89405075491958,237.72665030704627,-21.79687891785149,136.0350125645054,1.0595868412707109e-06
56,7.391610044825594e-09,1.5e-10,6.673615976662368e-06,1024211.5317899524,0.0,0.0,0.0,0.0,0.0,591328.803586048,956369847333.6562,-89.38789732957088,68.0576946726102,84.20960025367474,8.37015592866931,108.44136246495934,-194.02520842506442,-31.06516807911259,233.78850910440144,-19.053465135331866,129.70760287591384,1.079042981702098e-06
57,7.541610044825594e-09,1.5e-10,6.8126919670275195e-06,1044996.1414807789,0.0,0.0,0.0,0.0,0.0,603328.803586048,956260261101.0061,-116.01756870897688,91.23746580267832,77.89549949800049,33.30115899963924,115.8455756834409,-183.11566338212054,-23.49748534075889,229.04660604119934,0.17199302555950843,157.41587274668035,1.1026553626140999e-06
58,7.691610044825594e-09,1.5e-10,6.949175532423761e-06,1065780.7511716054,0.0,0.0,0.0,0.0,0.0,615328.803586048,956065160837.9874,-71.1629621900276,85.76514980935488,79.84510124094658,13.117067236213188,111.87737114401979,-192.83824110387278,-43.84984475375857,223.66762056771177,-40.71440895398673,129.74404917889646,1.1221169699909344e-06
59,7.841610044825594e-09,1.5e-10,7.086100758865553e-06,1086565.360862432,0.0,0.0,0.0,0.0,0.0,627328.803586048,955761094264.5851,-96.05083780683447,66.6187771304169,50.52956982943679,31.355084118202775,129.87659749409494,-181.35559936254216,-6.201101043598666,228.7143490999175,-33.825759687273596,150.86693241227124,1.144747009852775e-06
60,7.991610044825593e-09,1.5e-10,7.225675822095774e-06,1107349.9705532584,0.0,0.0,0.0,0.0,0.0,639328.803586048,955551909436.8048,-108.70266003949055,80.5753232183946,68.02405529252594,46.85997705921962,131.0370765519403,-174.45371236665193,-20.44706381812949,228.45826064359667,-22.334416512481315,163.6983372884237,1.1693017604460384e-06
61,8.141610044825593e-09,1.5e-10,7.3648268115717576e-06,1128134.580244085,0.0,0.0,0.0,0.0,0.0,651328.803586048,955369939587.9208,-109.4411855637407,86.78926506233941,62.175640869409406,40.1108179705831,117.71863197138862,-196.68852552076729,-25.614075123530014,213.1164217323978,-8.2774464076518,152.2250373593657,1.1921355160499433e-06
62,8.291610044825593e-09,1.5e-10,7.5007739232049995e-06,1148919.1899349114,0.0,0.0,0.0,0.0,0.0,663328.803586048,955245470877.7462,-104.83280639923832,77.28395130813519,51.151671935971414,13.225291724970086,109.79787510412199,-184.53686505687003,-22.024637589997422,218.89132343658326,-4.9650687048704505,137.06546024814807,1.2126953350871654e-06
63,8.441610044825593e-09,1.5e-10,7.638633227701693e-06,1169703.799625738,0.0,0.0,0.0,0.0,0.0,675328.803586048,955093060957.832,-75.22830915516774,82.39486627005223,70.60637852792,33.31011027360215,102.52316086153878,-179.2302649436498,-33.618031616875335,223.297221100376,-27.294851706392315,129.77966958300135,1.2321622855246155e-06
64,8.591610044825592e-09,1.5e-10,7.777536150080016e-06,1190488.4093165647,0.0,0.0,0.0,0.0,0.0,687328.803586048,954963710066.534,-98.66478414952607,86.18969298394622,60.437945595077714,37.938079559019805,119.06071280052437,-191.06949372713484,-38.91390440765488,215.25614289535503,-20.395928650956968,147.318652363118,1.2542600833790832e-06
65,8.741610044825592e-09,1.5e-10,7.915459482259371e-06,1211273.019007391,0.0,0.0,0.0,0.0,0.0,699328.803586048,954832743228.5541,-86.3551641539208,83.58489328147293,69.09028855575178,29.472521712563033,123.78282424986999,-194.32898992685563,-44.23526012275362,208.37361562288663,-37.42766009592451,143.70973804355566,1.2758165440856166e-06
66,8.891610044825592e-09,1.5e-10,8.055507637823553e-06,1232057.6286982177,0.0,0.0,0.0,0.0,0.0,711328.803586048,954687786425.6401,-120.62694126844474,90.97969578753603,56.943590516306536,41.09250942975589,138.11273014739578,-186.68838793572232,-42.726808566435096,215.5184502492701,-17.4857888789272,169.6465273988879,1.3012635231954497e-06
67,9.041610044825591e-09,1.5e-10,8.195952022698675e-06,1252842.2383890443,0.0,0.0,0.0,0.0,0.0,723328.803586048,954324332268.3219,-92.91809029361764,83.52531762250767,52.86599263564544,58.89836871213078,113.83320410964056,-170.77972520073072,-47.917515556857126,220.5258777145912,-20.91511381597024,149.26720698098086,1.3236536042425968e-06
68,9.191610044825591e-09,1.5e-10,8.33770008679694e-06,1273626.8480798707,0.0,0.0,0.0,0.0,0.0,735328.803586048,954168512068.8386,-54.20078299645821,89.99254388681972,58.75021801083525,69.15716743393018,118.8392078991227,-165.96993927122074,-54.9691308077103,221.23867941559016,-64.63842490291411,153.70401994521913,1.3467092072343797e-06
69,9.34161004482559e-09,1.5e-10,8.480221828793905e-06,1294411.4577706973,0.0,0.0,0.0,0.0,0.0,747328.803586048,953779099309.445,-98.29256739107396,87.55944030528713,56.770398461401314,81.49042972434368,107.20210412283235,-187.95121939705248,-30.376569436285934,199.58255664149246,-8.90953673175076,154.7858524205487,1.369927085097462e-06
70,9.49161004482559e-09,1.5e-10,8.624480033521638e-06,1315196.0674615237,0.0,0.0,0.0,0.0,0.0,759328.803586048,953682266457.9918,-107.08377790945079,101.58511576662609,50.82410187556965,84.40387727798324,121.47929352309248,-192.9216977394542,-46.70733910710955,207.1688090276105,-14.395515613638256,170.9528235913075,1.3955700086361582e-06
71,9.64161004482559e-09,1.5e-10,8.765890174201002e-06,1335980.6771523503,0.0,0.0,0.0,0.0,0.0,771328.803586048,953480317433.9457,-77.6302817874851,93.39719974063763,56.91707447661731,64.41596037408593,107.53127403018917,-189.88212323610688,-45.769294130025735,194.96735011205004,-29.900992242706945,143.784718483975,1.4171377164087546e-06
72,9.79161004482559e-09,1.5e-10,8.909089885903832e-06,1356765.286843177,0.0,0.0,0.0,0.0,0.0,783328.803586048,953277258492.824,-95.21379135115775,87.60082076438768,50.8861588358508,86.60396415210894,120.62053569416017,-186.96164440720105,-37.60384662074718,207.7841585190186,-25.406744343068215,162.7659553929744,1.4415526097177008e-06
73,9.94161004482559e-09,1.5e-10,9.051197800537478e-06,1377549.8965340033,0.0,0.0,0.0,0.0,0.0,795328.803586048,953099317660.5193,-84.08979667109506,82.0337988028204,52.79811061352661,81.68086178847219,117.97809533143891,-195.71472695810806,-41.97163519014479,193.9592802378681,-33.888298660184894,154.0556907878955,1.464660963335885e-06
74,1.0091610044825589e-08,1.5e-10,9.195468779552146e-06,1398334.5062248297,0.0,0.0,0.0,0.0,0.0,807328.803586048,952607169939.1913,-98.95328698893384,92.24780113943294,44.19033746921242,96.97177633581464,108.86595793800113,-190.24523989599908,-31.591589581987876,196.4951236386094,-9.91267096097392,162.77331854815782,1.4890769611181088e-06
75,1.0241610044825589e-08,1.5e-10,9.339471368060439e-06,1419119.1159156566,0.0,0.0,0.0,0.0,0.0,819328.803586048,952006778426.3353,-89.72034611216758,88.11696600437602,52.514736012731504,99.71056198735228,99.37028695097631,-166.25608419809743,-37.61888187555968,188.31866667791428,-9.649940838756988,154.94349063925873,1.5123184847139976e-06
76,1.0391610044825589e-08,1.5e-10,9.482979833208451e-06,1439903.725606483,0.0,0.0,0.0,0.0,0.0,831328.803586048,951836475056.8275,-92.17198752315278,80.20927902205447,52.84622586926145,100.55488035159867,106.28991923879079,-170.38521399452176,-32.11110989963884,185.77376943910866,-14.117931715600015,156.34098461415974,1.5357696324061215e-06
77,1.0541610044825588e-08,1.5e-10,9.627940606757677e-06,1460688.3352973093,0.0,0.0,0.0,0.0,0.0,843328.803586048,951653204729.8612,-75.0478920878119,84.57008050909975,55.280099984466034,115.93192204419861,95.88976860368496,-163.9147195591047,-36.868826755586745,188.5551360466416,-20.841876515879736,154.5639171208912,1.5589542199742553e-06
78,1.0691610044825588e-08,1.5e-10,9.77280039107967e-06,1481472.944988136,0.0,0.0,0.0,0.0,0.0,855328.803586048,951385703261.4764,-47.39377905719111,89.92735016204759,48.22075669120756,113.488059905634,81.69171021279244,-157.8900271149385,-38.53285619381367,197.19168160161442,-34.29793115559427,145.15326646821018,1.5807272099444867e-06
79,1.0841610044825588e-08,1.5e-10,9.916284943498997e-06,1502257.5546789626,0.0,0.0,0.0,0.0,0.0,867328.803586048,951192898045.714,-65.744124352891,85.10244579552064,43.87523334947302,100.62683298567872,88.76662472087507,-170.2026051093714,-35.798400428373974,183.80034477637415,-23.022500367991867,141.66765909408056,1.6019773588085987e-06
80,1.0991610044825587e-08,1.5e-10,1.0057689132916774e-05,1523042.1643697892,0.0,0.0,0.0,0.0,0.0,879328.803586048,950914911731.9606,-61.11198388787834,71.5221459777391,29.46423930231605,92.37509568267252,75.39013910515261,-163.772012383381,-32.20589582924665,188.36149551524002,-14.278155217222814,124.79168230284466,1.6206961111540255e-06
81,1.1141610044825587e-08,1.5e-10,1.0202014964723677e-05,1543826.7740606156,0.0,0.0,0.0,0.0,0.0,891328.803586048,950716368763.0679,-68.75864893139902,83.30039377011822,45.800982865275095,112.85330898569853,85.08343513551411,-169.95645398624148,-20.983352471705743,172.83807601623505,-16.324786204070417,145.56484968628394,1.6425308386069681e-06
82,1.1291610044825587e-08,1.5e-10,1.0345096598051549e-05,1564611.3837514422,0.0,0.0,0.0,0.0,0.0,903328.803586048,950530272975.9432,-60.12957119737714,85.98397357944931,35.036374667302134,100.94737092399599,58.475415739808575,-167.77307139072963,-34.5343898493729,179.8213934922724,1.6541554576317758,128.01574542387294,1.6617332004205492e-06
83,1.1441610044825586e-08,1.5e-10,1.0486517215289441e-05,1585395.9934422686,0.0,0.0,0.0,0.0,0.0,915328.803586048,950222025950.4039,-51.13134184047436,66.40878722678012,20.160511094258837,106.26820462329378,34.343566293835046,-170.41441486812136,-29.30819119938426,178.79899638925963,16.787775546604504,112.7279511581757,1.6786423930942755e-06
84,1.1591610044825586e-08,1.5e-10,1.0630814847027355e-05,1606180.6031330952,0.0,0.0,0.0,0.0,0.0,927328.803586048,950032928915.6167,-48.23312861363191,76.22559857261422,38.32158005952132,124.1311477584395,63.01457506895277,-157.75632545277855,0.36807941612666834,174.35547392519385,-14.781446455311698,135.33510548917607,1.6989426589176519e-06
85,1.1741610044825586e-08,1.5e-10,1.0775342554413159e-05,1626965.2128239216,0.0,0.0,0.0,0.0,0.0,939328.803586048,949849276565.917,-59.57258061212443,79.35096059159501,40.060917616408524,122.85643425404278,58.54565368737601,-151.9448691342702,13.209667761280961,184.51344890562822,1.0269269247058819,139.93019592618612,1.7199321883065799e-06
86,1.1891610044825585e-08,1.5e-10,1.0920935030798646e-05,1647749.8225147482,0.0,0.0,0.0,0.0,0.0,951328.803586048,949637923324.323,-29.13378898781268,113.49618321427039,55.977847450793156,106.85608772414437,42.69755729462209,-155.18010967266576,-28.165484753350523,169.24678942582415,-13.563768306813515,135.6935174656454,1.7402862159264268e-06
87,1.2041610044825585e-08,1.5e-10,1.1066996010170907e-05,1668534.4322055748,0.0,0.0,0.0,0.0,0.0,963328.803586048,949237098926.7063,-76.3319715580727,92.1030752145768,34.50804720347237,125.82624868305794,65.60597293632038,-149.8093330166213,5.976166052583279,172.1458648762787,10.725998621745694,152.88623615786358,1.7632191513501063e-06
88,1.2191610044825585e-08,1.5e-10,1.1214341335087324e-05,1689319.0418964012,0.0,0.0,0.0,0.0,0.0,975328.803586048,949021980144.7,-68.96736049775843,102.22963767303426,38.8168645899864,132.56012441304114,56.87146541263952,-145.39559680448517,-5.52710459462897,170.83375501063406,12.095895085148742,156.1579142344323,1.786642838485271e-06
89,1.2341610044825584e-08,1.5e-10,1.136032313349039e-05,1710103.6515872278,0.0,0.0,0.0,0.0,0.0,987328.803586048,948803733085.6847,-83.76686382721174,93.96990536183988,36.22216091592593,120.93339303932918,76.51726734332101,-143.67872778219282,5.80572247850902,152.30894661121988,7.249596483894016,156.92134332841763,1.8101810399845337e-06
90,1.2491610044825584e-08,1.5e-10,1.1508554791915395e-05,1730888.2612780542,0.0,0.0,0.0,0.0,0.0,999328.803586048,948326146228.0409,-54.12742377886635,103.20186950674244,47.15258765697325,143.5932268345492,52.30503875172301,-134.9570039940175,-29.817641406241712,164.02064312825493,1.8223850271352573,156.40849018007845,1.8336423135115454e-06
91,1.2641610044825584e-08,1.5e-10,1.1653740028965541e-05,1751672.8709688808,0.0,0.0,0.0,0.0,0.0,1011328.803586048,947806405140.6531,-56.922500213551345,85.42306656764912,29.21275302239085,127.51678864371834,44.73010514352134,-157.679192337959,-24.422234759509845,172.22277455508095,12.192395070083466,137.06088969856398,1.85420144696633e-06
92,1.2791610044825584e-08,1.5e-10,1.1802310316508841e-05,1772457.4806597072,0.0,0.0,0.0,0.0,0.0,1023328.803586048,947332112040.1205,-33.35299590795439,107.68043482982834,57.40769070804394,146.29241712698612,44.44497929722015,-151.08265897066823,-47.180982918708,163.14377650505605,-11.091983389298598,154.0280135473354,1.8773056489984303e-06
93,1.2941610044825583e-08,1.5e-10,1.1946681161621344e-05,1793242.0903505338,0.0,0.0,0.0,0.0,0.0,1035328.803586048,947061141137.8693,-57.20876314983477,69.11915368801185,36.15191410947675,130.4829943158392,71.52813022425606,-168.7856958751796,-9.816428986957028,173.5440441939144,8.57049961627491,138.4224886106316,1.898069022290025e-06
94,1.3091610044825583e-08,1.5e-10,1.2094291951494418e-05,1814026.7000413605,0.0,0.0,0.0,0.0,0.0,1047328.803586048,946645305271.8118,-31.563867148290548,90.14216506507698,42.86576251276382,153.31727601587113,34.19964471981773,-145.69230693272087,-28.031988647574646,183.78730652808812,-2.635777571532185,147.52338883054983,1.9201975306146075e-06
95,1.3241610044825583e-08,1.5e-10,1.2241812275609506e-05,1834811.3097321873,0.0,0.0,0.0,0.0,0.0,1059328.803586048,946422751497.2882,-39.24050527496057,90.55178244308794,51.314282652593874,150.7786184734208,42.995274699127684,-168.3815921388458,-31.011026835610608,174.23415572485342,-3.7547694241499245,147.75188153573922,1.9423603128449686e-06
96,1.3391610044825582e-08,1.5e-10,1.2390136734565385e-05,1855595.9194230137,0.0,0.0,0.0,0.0,0.0,1071328.803586048,946170993880.6088,-46.12028483103637,87.20983688723615,47.58022356143428,163.74840915082717,35.86920866394872,-161.5024924973548,-13.340628343226848,171.53392009035105,10.251076167164653,154.1541992141624,1.965483442727093e-06
97,1.3541610044825582e-08,1.5e-10,1.2538481616841153e-05,1876380.52911384,0.0,0.0,0.0,0.0,0.0,1083328.803586048,945645350267.6317,-51.43908185542595,94.51757275494633,54.836204686945024,154.53970830475296,46.471566658846086,-151.38693034020068,-26.712634762248708,161.0704886252987,4.967515196601413,155.53644744281078,1.9888139098435147e-06
98,1.3691610044825582e-08,1.5e-10,1.268644042855069e-05,1897165.1388046667,0.0,0.0,0.0,0.0,0.0,1095328.803586048,945409039372.0554,-47.766652823604616,95.06939571147203,64.85209468417696,149.5800768106855,44.42184641667575,-142.6625008288041,-33.94406244059421,163.50722629694388,3.3448064069100374,152.50732881215555,2.011690009165338e-06
99,1.3841610044825581e-08,1.5e-10,1.2834118014698153e-05,1917949.7484954933,0.0,0.0,0.0,0.0,0.0,1107328.803586048,945188641815.173,-46.50948658221887,90.57844260116741,60.61200291962683,150.49862367347953,45.674056514398316,-155.9897943752786,-13.933753748365076,174.69896957807484,0.8354300678197686,151.81890913639444,2.0344628455357974e-06
100,1.3991610044825581e-08,1.5e-10,1.2981560273270088e-05,1938734.3581863197,0.0,0.0,0.0,0.0,0.0,1119328.803586048,944927930001.5746,-44.58381354904044,95.70850214874865,60.12756453267136,142.94495735206192,45.12516424474317,-154.0243997411252,-17.429628010615218,168.0938825253733,-0.541350695712541,149.47142172702627,2.0568835587948515e-06
101,1.414161004482558e-08,1.5e-10,1.3129570444748827e-05,1959518.9678771463,0.0,0.0,0.0,0.0,0.0,1131328.803586048,944644407990.004,-46.99972051155381,93.48768645289515,71.92149242004996,153.31167936023886,38.21083682408977,-174.57395398065472,-18.338174960070788,162.19843644356186,8.785021781856445,154.30131678357023,2.080028756312387e-06
102,1.429161004482558e-08,1.5e-10,1.3277635407490053e-05,1980303.577567973,0.0,0.0,0.0,0.0,0.0,1143328.803586048,944365400033.6318,-54.80701837403203,103.00192740481569,60.044442332191984,142.97298286613088,44.114447174567715,-166.37592237652282,-11.979990842238287,150.76417362862128,9.300087817660202,156.1306561513665,2.103448354735092e-06
103,1.444161004482558e-08,1.5e-10,1.342659870016026e-05,2001088.1872587996,0.0,0.0,0.0,0.0,0.0,1155328.803586048,944135554903.7493,-86.46626380677884,88.66767862556567,50.990154493009136,161.3264283039937,66.00063213780115,-160.00746239641842,6.379966502708572,166.8238424340201,20.465651322139845,173.5295647491158,2.1294777894474595e-06
104,1.459161004482558e-08,1.5e-10,1.3576609486581584e-05,2021872.796949626,0.0,0.0,0.0,0.0,0.0,1167328.803586048,943889917138.4545,-22.19242532079004,124.87638985867719,81.3137820258141,147.50914404667867,30.9183148770299,-152.65996882982944,-30.05938745358346,146.61089202860478,-8.725870139424565,163.20402044303015,2.153958392513914e-06
105,1.474161004482558e-08,1.5e-10,1.3726628981680457e-05,2042657.4066404523,0.0,0.0,0.0,0.0,0.0,1179328.803586048,943695790523.882,-62.54913012297888,101.01310968005907,35.10489945401236,169.08778995142083,26.274517863902425,-151.1650175680801,-0.21360275202285745,155.67069253732487,36.274631444651256,169.3412583939541,2.179359581273007e-06
106,1.4891610044825579e-08,1.5e-10,1.3873624694733822e-05,2063442.016331279,0.0,0.0,0.0,0.0,0.0,1191328.803586048,943473640576.3049,-54.96470342232076,80.00812633001085,55.548790418364895,151.3535761751725,53.96575655857054,-156.0761455576774,-11.410059336491038,152.31832151308055,0.9989658180438057,149.8437242385785,2.2018361399087937e-06
107,1.504161004482558e-08,1.5e-10,1.402306648792218e-05,2084226.6260221053,0.0,0.0,0.0,0.0,0.0,1203328.803586048,943252689877.521,-41.97617796782206,94.94504517667296,69.11026435604704,167.61526986146345,43.01878989717023,-163.43313810189127,-15.338767491766038,145.41901195144553,-1.0425931651488567,162.66653748485714,2.226236120531522e-06
108,1.5191610044825582e-08,1.5e-10,1.4171533167493001e-05,2105011.235712932,0.0,0.0,0.0,0.0,0.0,1215328.803586048,943047895113.3727,-45.33256281898572,94.82151982146296,64.77629045344108,156.89662527972962,34.61503926829391,-154.9578380832574,-4.423944690155656,147.86175380477272,10.717542096926191,156.8343079305545,2.2497612667211053e-06
109,1.5341610044825583e-08,1.5e-10,1.4319462287924392e-05,2125795.845403759,0.0,0.0,0.0,0.0,0.0,1227328.803586048,942694852364.8639,-58.47737280327319,93.66252441093391,71.87498930762132,151.92860387167318,29.934525025406245,-160.65247763557056,-0.9953390116698155,132.72151723880347,28.54286612695941,159.56170584480108,2.2736955225978257e-06
110,1.5491610044825585e-08,1.5e-10,1.446946831265417e-05,2146580.455094585,0.0,0.0,0.0,0.0,0.0,1239328.803586048,942476446155.4766,-17.551761935080542,95.6314104904985,85.59157560430842,181.02418879452551,0.8653664164828015,-172.6182862826445,4.124722875461718,134.43301576769642,16.686413672601216,170.50899187197737,2.2992718713786223e-06
111,1.5641610044825586e-08,1.5e-10,1.462132881474254e-05,2167365.0647854116,0.0,0.0,0.0,0.0,0.0,1251328.803586048,942260286601.5845,-49.210873767226445,115.4060578732362,72.72635937515692,173.05894610801266,50.84951849961769,-150.379906595785,-1.542178381506681,127.22382011650915,-1.6386271602233116,181.5081154675722,2.326498088698758e-06
112,1.5791610044825587e-08,1.5e-10,1.4773410257546614e-05,2188149.674476238,0.0,0.0,0.0,0.0,0.0,1263328.803586048,942054082717.182,-47.17883772851957,120.55553596249638,64.99371821204296,174.00719451158167,26.579760862612027,-142.1993467904621,-1.058570294791643,120.64871953081658,20.599094616273256,180.7693125604241,2.3536134855828217e-06
113,1.594161004482559e-08,1.5e-10,1.4923528870613865e-05,2208934.284167065,0.0,0.0,0.0,0.0,0.0,1275328.803586048,941811775825.7253,-34.83805471942886,110.52285346571118,63.83186893201786,163.9832330474711,11.906504463119909,-149.9004024621158,-6.567302402029205,132.3581035081925,22.93156786359147,166.03531530463877,2.3785187828785175e-06
114,1.609161004482559e-08,1.5e-10,1.507396477984451e-05,2229718.893857891,0.0,0.0,0.0,0.0,0.0,1287328.803586048,941585723548.3335,-29.011242617846953,125.09525925832446,57.55099685552888,153.2114611836224,20.15086757187956,-154.6633970617877,1.7133624383971437,97.77891814387645,8.860392529931705,170.1520607214468,2.4040415919867345e-06
115,1.624161004482559e-08,1.5e-10,1.522557790730896e-05,2250503.5035487176,0.0,0.0,0.0,0.0,0.0,1299328.803586048,941389570359.4686,-32.12636555669437,130.7368165500353,65.01658316865215,160.71252897827077,17.091527899382733,-155.71350258008306,0.753450665278303,116.6755486490198,15.034854997451559,176.91139148901857,2.4305783007100873e-06
116,1.6391610044825593e-08,1.5e-10,1.5375729235504614e-05,2271288.1132395444,0.0,0.0,0.0,0.0,0.0,1311328.803586048,941088811294.4806,-16.471733015988487,121.00947019417048,72.28226342074687,152.26251011148238,23.22981130654736,-139.76878253925966,12.502605992636664,139.7452321390679,-6.758064266204804,166.9124291010777,2.455615165075249e-06
117,1.6541610044825594e-08,1.5e-10,1.5528176964198847e-05,2292072.722930371,0.0,0.0,0.0,0.0,0.0,1323328.803586048,940789452851.5652,-34.96257405059441,130.34902255019412,74.66979962463029,169.6591764886443,15.708308529975875,-156.9908353230119,14.973629814687511,136.33126270249457,19.254273342848094,184.5240734422714,2.4832937760915896e-06
118,1.6691610044825595e-08,1.5e-10,1.5679406210213128e-05,2312857.332621197,0.0,0.0,0.0,0.0,0.0,1335328.803586048,940563607685.761,-32.1843439972481,125.02520506560404,62.8752304332647,159.86048476686327,24.126135996951948,-155.81853100619583,31.76491595677643,127.23595838054317,8.058224860728957,177.29377869054443,2.509887842895171e-06
119,1.6841610044825597e-08,1.5e-10,1.583213347862655e-05,2333641.942312024,0.0,0.0,0.0,0.0,0.0,1347328.803586048,940303714456.5015,-25.236838531142748,138.65009429785968,71.25103187156785,166.6399616484653,1.238110119622551,-141.1301847354506,19.76106496492843,128.58271311700653,23.998745128800042,186.25376996743486,2.5378259083902866e-06
120,1.6991610044825598e-08,1.5e-10,1.5986050825826884e-05,2354426.5520028505,0.0,0.0,0.0,0.0,0.0,1359328.803586048,940057608022.1814,-37.38461670227207,145.51254054469123,76.15158898620093,171.99772267222156,7.547247523051632,-149.4627044311105,17.24661420191842,125.34074686076052,29.837382400515214,195.62510084614857,2.5671696735172087e-06
121,1.71416100448256e-08,1.5e-10,1.614095283142974e-05,2375211.161693677,0.0,0.0,0.0,0.0,0.0,1371328.803586048,939799795302.0903,-48.92504100522916,151.47864307024278,76.97463741959088,175.95422001306358,12.03017227161303,-151.6504581718944,21.800687126850825,122.40434060262437,36.894878697251585,204.63252712421485,2.597864552585841e-06
122,1.72916100448256e-08,1.5e-10,1.6296080528392244e-05,2395995.7713845037,0.0,0.0,0.0,0.0,0.0,1383328.803586048,939581324965.3611,-34.544771673109345,159.2551971440296,62.06861945087392,173.74276886715646,-6.938365094258083,-137.85319737267457,34.700672276567175,121.83621336100593,41.48315152350237,205.2909748030409,2.628658198806297e-06
123,1.7441610044825602e-08,1.5e-10,1.6450856022731113e-05,2416780.38107533,0.0,0.0,0.0,0.0,0.0,1395328.803586048,939354838708.3622,-44.078817383676444,154.8389826056283,71.27921784347268,170.73082172755863,14.112403324050902,-143.45273667364833,24.234223417950382,121.0135003524355,29.96643010018603,201.4135151760967,2.6588702260827118e-06
124,1.7591610044825603e-08,1.5e-10,1.660344934058339e-05,2437564.9907661565,0.0,0.0,0.0,0.0,0.0,1407328.803586048,939116160687.8251,-13.121114196619557,141.61189626722867,74.43608195575862,163.12919241791386,-2.4784498344866193,-158.07386037248773,38.91863843923146,101.7777965622546,15.599579920595545,191.24938087868574,2.6875576332145147e-06
125,1.7741610044825605e-08,1.5e-10,1.675865821351194e-05,2458349.600456983,0.0,0.0,0.0,0.0,0.0,1419328.803586048,938825388421.2079,-31.428302197189875,157.21039948817048,72.06412960568116,175.36349878481843,-0.4148638803145284,-137.77805897591628,38.73350972410251,118.82784780727977,31.843181311731527,205.94855520336375,2.7184499164950195e-06
126,1.7891610044825606e-08,1.5e-10,1.6914201573222314e-05,2479134.2101478092,0.0,0.0,0.0,0.0,0.0,1431328.803586048,938426749905.7825,-42.78975386828439,156.1896724783751,61.44293777927585,178.32610546748828,9.120913858589345,-136.91593831021743,45.15828844223602,113.0977265319088,33.66885562209143,208.10848631440868,2.7496661894421806e-06
127,1.8041610044825607e-08,1.5e-10,1.7070265111346187e-05,2499918.819838636,0.0,0.0,0.0,0.0,0.0,1443328.803586048,938191542484.4174,-30.682532138056725,161.58867661116517,74.46479532434434,179.32980319448842,10.386468392579443,-138.40673685672357,40.07262747599113,114.81358505487312,20.296079092836464,210.41492545913263,2.7812284282610504e-06
128,1.819161004482561e-08,1.5e-10,1.7225139236070307e-05,2520703.4295294625,0.0,0.0,0.0,0.0,0.0,1455328.803586048,937962970277.042,-39.681354691729986,152.51103490100172,54.645364506646345,174.9000059708967,6.257200932220133,-142.40910658219792,32.72274776259701,115.84793913537938,33.42416910372953,200.83039896917373,2.8113529881064263e-06
129,1.834161004482561e-08,1.5e-10,1.7379760460783185e-05,2541488.039220289,0.0,0.0,0.0,0.0,0.0,1467328.803586048,937736939840.162,-32.38958688585185,153.74685845325914,59.40180862176204,171.3786457126254,1.4735696169161445,-143.36022381397018,42.2236731814284,116.57441820198625,30.91603249371002,200.63725727087888,2.841448576697058e-06
130,1.849161004482561e-08,1.5e-10,1.7536280907351592e-05,2562272.6489111157,0.0,0.0,0.0,0.0,0.0,1479328.803586048,937455696654.2878,-31.09998123485629,166.13103918705718,67.25250270601846,179.30278190280754,14.082917621160378,-131.63318928530416,42.53281689867222,106.16452320916702,17.017078727986064,212.0819266581361,2.8732608656957786e-06
131,1.8641610044825613e-08,1.5e-10,1.769120549059197e-05,2583057.258601942,0.0,0.0,0.0,0.0,0.0,1491328.803586048,937200618423.144,-35.59136488442623,170.5214817450613,54.84718195606969,159.3325969027648,-10.149016089614724,-144.18759189199474,41.518830164472654,102.98043150868116,45.74039390187542,205.5172453363493,2.904088452496231e-06
132,1.8791610044825614e-08,1.5e-10,1.7845333193184306e-05,2603841.8682927685,0.0,0.0,0.0,0.0,0.0,1503328.803586048,936930467621.8995,-29.664628063474808,152.47522177522916,54.35703058670066,164.88805497179243,21.084259717688287,-143.33298912829017,27.19585448615736,112.41251163475289,8.580382355808583,192.46014018012488,2.93295747352325e-06
133,1.8941610044825615e-08,1.5e-10,1.8001962995403088e-05,2624626.4779835953,0.0,0.0,0.0,0.0,0.0,1515328.803586048,936618532772.1862,-39.56002238164853,163.9158025008135,60.44001538514149,182.92015449492268,9.637914185000662,-149.19115022362968,32.423318129719824,110.17013781291973,29.922116812435576,212.56203397017956,2.9648417786187767e-06
134,1.9091610044825617e-08,1.5e-10,1.8157767031280948e-05,2645411.0876744217,0.0,0.0,0.0,0.0,0.0,1527328.803586048,936346783963.7676,-32.58680416345028,165.53684586375093,44.905742160129904,171.56601943198922,13.045294870359955,-136.622178752001,37.49795211436421,114.79016171795051,19.54152383378862,203.41521488786898,2.995354060851957e-06
135,1.9241610044825618e-08,1.5e-10,1.831333522536901e-05,2666195.697365248,0.0,0.0,0.0,0.0,0.0,1539328.803586048,936042420077.7246,-25.619104080266812,165.70168707487778,63.94769483551423,169.78896525147212,7.020023278729406,-150.1489202340634,36.218837322139606,104.49198334396901,18.599095271433008,205.56828466496376,3.0261893035517016e-06
136,1.939161004482562e-08,1.5e-10,1.847156385799716e-05,2686980.307056075,0.0,0.0,0.0,0.0,0.0,1551328.803586048,935679044385.3519,-31.083588960949076,178.3168349236977,75.58641473870227,188.04259130138658,5.803316896379049,-147.53420267555006,-1.7598833708496973,110.52400264307586,25.280276248253816,219.33023924209766,3.0590888394380163e-06
137,1.954161004482562e-08,1.5e-10,1.8628342516380857e-05,2707764.9167469013,0.0,0.0,0.0,0.0,0.0,1563328.803586048,935211988785.1426,-49.4032140158516,166.89291057763648,59.21631823548759,179.31670726847028,20.382359205871182,-157.84083106154065,44.742612979386784,106.75134483257173,29.020869078422255,216.54510877224212,3.0915706057538527e-06
138,1.9691610044825622e-08,1.5e-10,1.8786488413528946e-05,2728549.5264377277,0.0,0.0,0.0,0.0,0.0,1575328.803586048,934912130680.4417,-59.868206403272104,174.9030430767004,65.58318101567737,184.8529218294551,32.82870411717642,-131.7000961954398,19.265884948220272,111.23689681033613,27.039514797720287,221.982419299733,3.1248679686488126e-06
139,1.9841610044825623e-08,1.5e-10,1.8943749679933178e-05,2749334.136128554,0.0,0.0,0.0,0.0,0.0,1587328.803586048,934631834099.1735,-34.85886417964774,162.47812304025177,53.19794240087814,192.41156821271508,-1.032306916047333,-144.00091789321894,23.377184529166257,126.23317833658022,35.891185216976226,213.80279237529285,3.1569383875051067e-06
140,1.9991610044825625e-08,1.5e-10,1.9102568072429955e-05,2770118.745819381,0.0,0.0,0.0,0.0,0.0,1599328.803586048,934360768064.2406,-18.066999734830063,178.49489905104593,76.63968893015279,196.14353800197784,-8.160050781975094,-136.79450129814032,18.950153425577952,100.28070881980146,26.22706451330272,225.82172700503708,3.190811646555862e-06
141,2.0141610044825626e-08,1.5e-10,1.92601983401701e-05,2790903.3555102074,0.0,0.0,0.0,0.0,0.0,1611328.803586048,933980502405.4625,-34.35877237066789,163.71507347881305,78.87387215698166,193.81524492247888,10.34427400926851,-146.07097464263185,22.01045299416813,110.68539469728536,24.014512244789582,218.31641180429477,3.2235591083265065e-06
142,2.0291610044825628e-08,1.5e-10,1.9419779934556773e-05,2811687.965201034,0.0,0.0,0.0,0.0,0.0,1623328.803586048,933699360775.43,-48.55777953147653,169.25620820188206,93.1490725080242,209.7208305095228,4.266579719295737,-134.57240301723994,24.45588365568563,119.63512218681923,44.29121354208255,235.48049490949245,3.2588811825629304e-06
143,2.044161004482563e-08,1.5e-10,1.957878759929648e-05,2832472.57489186,0.0,0.0,0.0,0.0,0.0,1635328.803586048,933250666583.1754,-39.487839392155976,165.33229793018447,74.73453195172459,207.9517458079944,5.44338618898737,-123.8811912665803,15.57765715756363,111.33169751985638,34.04446679052279,225.94294992967133,3.292772625052381e-06
144,2.059161004482563e-08,1.5e-10,1.973556493171433e-05,2853257.184582687,0.0,0.0,0.0,0.0,0.0,1647328.803586048,932827635141.1454,-69.56070153813981,178.72694393808771,63.47515911072811,162.36639074214835,51.97258827979307,-160.0641056761774,31.016002106193373,108.8803205348193,17.588126699847695,218.77796128828908,3.3255893192456246e-06
145,2.074161004482563e-08,1.5e-10,1.9893896533228127e-05,2874041.7942735134,0.0,0.0,0.0,0.0,0.0,1659328.803586048,932462557154.9382,-21.27065705869595,148.1417173629816,83.15128814543222,219.15429668996808,-6.194480699422646,-145.07038513604823,12.605195495509655,150.21035806389798,27.46515107777636,221.05231609530813,3.3587471666599207e-06
146,2.0891610044825633e-08,1.5e-10,2.0053071253589054e-05,2894826.40396434,0.0,0.0,0.0,0.0,0.0,1671328.803586048,932142631146.9312,-36.15851972209507,171.31601129687147,79.06396073346278,203.19070205155126,15.3619636087155,-144.78664620577084,3.4059347108459814,124.7512880227249,20.796569155151367,224.65516471637378,3.3924454413673767e-06
147,2.1041610044825634e-08,1.5e-10,2.0214502951596406e-05,2915611.0136551666,0.0,0.0,0.0,0.0,0.0,1683328.803586048,931839123023.627,-73.44032095415231,184.22725622176662,72.75334950452655,212.94596087674242,16.091148957025382,-129.643299634133,21.954574612579613,140.25302086929258,57.34918500915782,248.1339632344325,3.4296655358525416e-06
148,2.1191610044825636e-08,1.5e-10,2.037440724469237e-05,2936395.623345993,0.0,0.0,0.0,0.0,0.0,1695328.803586048,931512392287.4248,-47.741093094133845,177.89642193745152,79.37511755772796,204.17613345395503,14.417831918733127,-147.63187289233545,8.087225127539543,122.47495706592719,33.32327410675657,231.98923988964,3.4644639218359876e-06
149,2.1341610044825637e-08,1.5e-10,2.0532540763964395e-05,2957180.23303682,0.0,0.0,0.0,0.0,0.0,1707328.803586048,931217152746.0635,-19.673297375847916,182.4819622366047,90.7598310934543,183.3846338071483,-12.881248661979464,-146.09068059666848,5.721275478896535,118.63041674293355,32.554558888567286,221.46976100535247,3.4976843859867904e-06
150,2.1491610044825638e-08,1.5e-10,2.0691145218045934e-05,2977964.842727646,0.0,0.0,0.0,0.0,0.0,1719328.803586048,930891072013.4824,-64.17178513411271,173.68397313419382,66.80435096366678,191.65305404322154,15.917148020334565,-141.14554145709448,15.962121595469254,136.60078223011567,48.25464991596417,226.37863336820564,3.5316411809920214e-06
151,2.164161004482564e-08,1.5e-10,2.085405289723526e-05,2998749.4524184726,0.0,0.0,0.0,0.0,0.0,1731328.803586048,930559668126.4972,-61.33280319350181,199.39058385890965,80.30686987394975,214.85632316284352,22.667331825589404,-128.4361939098418,10.269150248975562,141.49988175448388,38.66548389511835,252.6633174717662,3.5695406786127862e-06
152,2.179161004482564e-08,1.5e-10,2.1012898328815362e-05,3019534.062109299,0.0,0.0,0.0,0.0,0.0,1743328.803586048,930228630494.6279,-35.135794454278475,184.45224293614436,82.91349148324534,184.40355461800632,26.679838786442318,-140.48752373767115,13.536887078886997,125.12288329493113,8.45596806296765,223.33012155476135,3.6030401968460006e-06
153,2.1941610044825642e-08,1.5e-10,2.1171816278275043e-05,3040318.671800126,0.0,0.0,0.0,0.0,0.0,1755328.803586048,929936182562.9911,-42.32907740443553,187.310562294861,83.73896464376253,181.848827360613,28.543745558013278,-148.15152622153423,8.952027340436215,126.17088431122114,13.785344165351855,224.31115845398276,3.636686870614098e-06
154,2.2091610044825644e-08,1.5e-10,2.1332336874838854e-05,3061103.2814909522,0.0,0.0,0.0,0.0,0.0,1767328.803586048,929649088502.2925,-54.45705131690038,197.26780925871074,87.77939342654206,190.09350632853932,23.167477398136175,-146.0485512343886,11.843285440497507,110.49143604610296,31.289586154656323,238.18792069593016,3.6724150587184876e-06
155,2.2241610044825645e-08,1.5e-10,2.14915331839816e-05,3081887.8911817786,0.0,0.0,0.0,0.0,0.0,1779328.803586048,929346865028.8191,-42.56238501442337,192.21330507695615,82.90655334364641,181.10597937324522,17.737382854351313,-137.88417581325447,3.8890714607335912,121.73045323974162,24.825014338741845,225.57084385449596,3.706250685296662e-06
156,2.2391610044825646e-08,1.5e-10,2.16524918939177e-05,3102672.500872605,0.0,0.0,0.0,0.0,0.0,1791328.803586048,929042918453.8491,-66.07082016148789,195.3861047800684,86.1809984683152,195.50497646137856,27.80530282414698,-143.44830233857655,16.306608669548233,115.63757433368404,38.265529383585175,243.0901488234595,3.7427142076201807e-06
157,2.2541610044825648e-08,1.5e-10,2.181238713556489e-05,3123457.110563432,0.0,0.0,0.0,0.0,0.0,1803328.803586048,928729678261.1278,-16.20266789648915,182.39465499047128,93.17496113543294,202.35635914686176,-6.786741704679068,-139.71571046111305,9.909795106492423,137.6877520477121,22.989421518278192,231.1839974910604,3.7773918072438397e-06
158,2.269161004482565e-08,1.5e-10,2.197506687561594e-05,3144241.7202542587,0.0,0.0,0.0,0.0,0.0,1815328.803586048,928456735868.5961,-73.49848393795736,208.7892040090616,87.6190537859193,200.86819962550499,23.14920182348283,-122.55388536120893,31.601558023031714,131.17708567170914,50.34929389065386,257.5868982041916,3.816029841974469e-06
159,2.284161004482565e-08,1.5e-10,2.2133698152835073e-05,3165026.3299450846,0.0,0.0,0.0,0.0,0.0,1827328.803586048,928154045079.0936,-34.29266402308182,200.45918813665187,91.7825720467306,167.2158174024623,4.9443414468214195,-137.77789060046914,14.077593027261253,127.07955024090552,29.348334229555185,224.07532573855184,3.849641140835252e-06
160,2.2991610044825652e-08,1.5e-10,2.2294558010706114e-05,3185810.9396359115,0.0,0.0,0.0,0.0,0.0,1839328.803586048,927864949120.5027,-52.38762350577685,215.3335510139109,88.26733169563043,175.0899392741939,24.059203126389015,-135.2388820833007,25.299213714415178,113.38531147626698,28.328431713628945,240.87137462652944,3.885771847029231e-06
161,2.3141610044825653e-08,1.5e-10,2.245274177168504e-05,3206595.549326738,0.0,0.0,0.0,0.0,0.0,1851328.803586048,927641164368.7772,-22.18952905131898,198.02279157425411,112.74696155802415,161.94874602221384,34.81037166646922,-141.7247478622506,18.875495699486166,126.85027531394105,-12.620831474395239,224.2409969891212,3.919407996577599e-06
162,2.3291610044825654e-08,1.5e-10,2.2614596259748655e-05,3227380.1590175643,0.0,0.0,0.0,0.0,0.0,1863328.803586048,927402301081.4601,-62.401417217461216,216.49720953034205,96.12607226106232,184.03056577175474,34.3869863569532,-135.54946824314928,-0.3034089439477091,127.9359337028958,28.01444194058282,245.88945268096538,3.956291414479744e-06
163,2.3441610044825656e-08,1.5e-10,2.2775433972247282e-05,3248164.768708391,0.0,0.0,0.0,0.0,0.0,1875328.803586048,927148497445.5299,-33.958424187838126,201.7292220290198,112.56317027826752,190.23429366309767,16.30043744489234,-140.3328542754952,-2.016578313691955,126.22339206517793,17.657993931237456,237.70877891540226,3.991947731317055e-06
164,2.3591610044825657e-08,1.5e-10,2.293604596423726e-05,3268949.3783992175,0.0,0.0,0.0,0.0,0.0,1887328.803586048,926905848977.3785,-24.417084150291362,210.8930462224102,113.02436597368047,180.1545183231153,3.519256830286323,-143.86698553641654,5.358746529336706,113.76122648105975,20.89783693155478,237.9983986655538,4.027647491116888e-06
165,2.374161004482566e-08,1.5e-10,2.3096362390475694e-05,3289733.988090044,0.0,0.0,0.0,0.0,0.0,1899328.803586048,926661384482.9089,-25.958050813340577,206.17603661583257,119.69945663446548,180.72093993705465,6.132216463209825,-139.021128404313,3.411525292999959,122.6723529910069,19.825843390754326,236.1650862485065,4.063072254054164e-06
166,2.389161004482566e-08,1.5e-10,2.3257500155384713e-05,3310518.5977808707,0.0,0.0,0.0,0.0,0.0,1911328.803586048,926417482096.8428,-34.82642077054361,209.83034346841953,100.28048475610089,186.40630285778303,2.349685765120575,-124.50587801972404,8.927690007934933,122.33815805873611,32.47674490011565,240.47237087957768,4.099143109686101e-06
167,2.404161004482566e-08,1.5e-10,2.3417902866741968e-05,3331303.2074716976,0.0,0.0,0.0,0.0,0.0,1923328.803586048,926164278738.0477,-22.96271676125703,207.43561652978295,119.28853032314834,179.91427531284728,13.518838624153775,-131.25033116367038,0.19454940921040162,122.05664238657155,9.44388616410204,235.2297696972933,4.134427575140695e-06
168,2.4191610044825662e-08,1.5e-10,2.3580189639499296e-05,3352087.8171625235,0.0,0.0,0.0,0.0,0.0,1935328.803586048,925895574600.4633,-49.33281224097809,213.58702370238043,109.92775445089134,194.10945779846497,6.953538894777446,-128.54433263333976,14.69893718645988,117.31857657466098,42.37928145010949,251.9460352414873,4.172219480426918e-06
169,2.4341610044825664e-08,1.5e-10,2.374245061797617e-05,3372872.4268533504,0.0,0.0,0.0,0.0,0.0,1947328.803586048,925645646383.5673,-57.09640905516547,205.25346417002112,132.12520473472463,198.65987874961286,36.55533237006767,-144.97102733133252,10.251310395095162,128.33142189925096,20.541082590324237,254.11965276832868,4.210337428342167e-06
170,2.4491610044825665e-08,1.5e-10,2.3903166506728637e-05,3393657.0365441767,0.0,0.0,0.0,0.0,0.0,1959328.803586048,925386265067.5563,-28.734068174228963,212.71892469667384,120.58077325306589,178.21524590221054,5.1557152688834265,-141.23260796286516,10.84711957003355,115.98860970184359,23.578362648562376,240.52471163401935,4.24641613508727e-06
171,2.4641610044825666e-08,1.5e-10,2.4064752921696786e-05,3414441.646235003,0.0,0.0,0.0,0.0,0.0,1971328.803586048,925152149776.4622,-37.944038459507176,209.04317297406612,124.77678210060236,189.93838821898947,16.70085210522221,-127.1218852377404,10.510358700350244,123.91604971864295,21.24319421443677,246.19711455911292,4.283345702271137e-06
172,2.4791610044825668e-08,1.5e-10,2.4225915441933466e-05,3435226.25592583,0.0,0.0,0.0,0.0,0.0,1983328.803586048,924765644604.1934,-23.800456779438278,207.08470044773222,132.92320987896719,189.02516525900674,-0.8652287463556789,-132.88130375662044,17.358064191010957,117.67920222195983,24.66569396616451,246.35327247838526,4.320298693142895e-06
173,2.494161004482567e-08,1.5e-10,2.4386838303776084e-05,3456010.8656166564,0.0,0.0,0.0,0.0,0.0,1995328.803586048,924527695732.505,-33.72563449346597,209.29168257055514,152.95064351247638,181.78541869994623,17.51265711343216,-151.19678050159408,-1.108948775593281,132.847919294521,16.212985432685468,244.77733082804266,4.357015292767101e-06
174,2.509161004482567e-08,1.5e-10,2.454960340702855e-05,3476795.4753074828,0.0,0.0,0.0,0.0,0.0,2007328.803586048,924272105728.3336,-38.45893546270283,216.1070602642023,143.56574892480438,195.39551727958334,26.6321319014379,-149.94014108131128,3.757515605873284,125.91825613059,11.826812663206962,255.7811785376725,4.395382469547752e-06
175,2.5241610044825672e-08,1.5e-10,2.471147346503674e-05,3497580.0849983096,0.0,0.0,0.0,0.0,0.0,2019328.803586048,923808965037.9288,-19.488088888404555,214.1972207948527,145.38048454404668,188.779194676446,25.413549207893276,-129.77327262075707,-20.977682897911016,123.94270346486091,-5.925453990028559,244.96362601679652,4.432127013450272e-06
176,2.5391610044825673e-08,1.5e-10,2.4873594941634017e-05,3518364.694689136,0.0,0.0,0.0,0.0,0.0,2031328.803586048,923352274442.799,-34.33390441982067,215.94579784283596,159.21583534450167,190.03641958687422,5.4431978947028075,-147.4077339781163,-15.916299419358438,125.52941300716921,28.89071145974627,251.60896645613593,4.469868358418692e-06
177,2.5541610044825675e-08,1.5e-10,2.503744594195317e-05,3539149.3043799624,0.0,0.0,0.0,0.0,0.0,2043328.803586048,923070026770.3445,-39.10087252568502,229.58214951239898,154.28786681488143,195.01719851106657,12.406215930267596,-133.57261912748922,-5.55046008636039,138.15552217908143,26.694156217074177,262.81753258797727,4.509290988306889e-06
178,2.5691610044825676e-08,1.5e-10,2.5200567589433118e-05,3559933.914070789,0.0,0.0,0.0,0.0,0.0,2055328.803586048,922766460467.5825,-45.44444684590884,229.55134155024973,157.95583237824772,186.02136490329207,17.426940490580396,-139.13522939043182,-13.270880112091275,127.46642151777955,28.01703235511917,258.24940855079853,4.548028399589508e-06
179,2.5841610044825677e-08,1.5e-10,2.5364221584477868e-05,3580718.5237616156,0.0,0.0,0.0,0.0,0.0,2067328.803586048,922300570869.0791,-52.23083347696518,228.97500173379953,163.52421367770964,191.94282406481906,14.792913616176856,-140.27694040484178,-4.169971229920977,131.07993817333733,37.437472330145056,265.42235820043504,4.587841753319573e-06
180,2.599161004482568e-08,1.5e-10,2.552598589216715e-05,3601503.133452442,0.0,0.0,0.0,0.0,0.0,2079328.803586048,922014918007.848,-24.085407369066434,214.14684929576566,154.29568666735614,187.43816719044446,7.8806966585212415,-127.88472546065454,-7.9298989136474605,142.67950428785912,16.204290109530422,248.14104676128719,4.625062910333766e-06
181,2.614161004482568e-08,1.5e-10,2.568851766729599e-05,3622287.7431432684,0.0,0.0,0.0,0.0,0.0,2091328.803586048,921744759660.3143,-40.32244614509222,232.84789154763928,156.1095950884514,175.41670134312628,15.750753803394232,-135.7176733788703,10.272448352104787,130.8666163294176,24.571298945578217,257.77377951927707,4.663728977261657e-06
182,2.629161004482568e-08,1.5e-10,2.584926013656567e-05,3643072.3528340952,0.0,0.0,0.0,0.0,0.0,2103328.803586048,921470460964.0485,-48.007848410659356,222.79150499869553,148.6914443185847,166.8443479592222,-1.0892494745234413,-156.15284677565853,-15.978864830210698,120.2691526957444,49.0967262745062,245.05048675334078,4.700486550274659e-06
183,2.6441610044825683e-08,1.5e-10,2.6012883376078546e-05,3663856.9625249216,0.0,0.0,0.0,0.0,0.0,2115328.803586048,921198911956.3878,-22.541479720414983,232.61809201070676,161.75956443323875,189.17118484105433,16.959176761079977,-131.27629113509659,0.831080243262751,149.66751744954107,5.581952924228001,262.25555562879026,4.7398248836189775e-06
184,2.6591610044825684e-08,1.5e-10,2.6176171367027866e-05,3684641.572215748,0.0,0.0,0.0,0.0,0.0,2127328.803586048,920946933996.5157,-41.23434562397079,237.7590704948177,162.78123321410473,178.68748941668213,20.580895240829427,-139.64383239469325,1.8709640540362917,136.6406945503667,20.65312009398139,261.81920856410073,4.779097764903592e-06
185,2.6741610044825685e-08,1.5e-10,2.6340113486595096e-05,3705426.181906575,0.0,0.0,0.0,0.0,0.0,2139328.803586048,920541339276.3088,-38.37107747253035,248.08782083978633,173.65739519070158,176.73065837961335,10.788413268767117,-136.56152316038654,-8.376897273883497,137.18221178886503,27.58234821441805,266.1376832223329,4.819018417386943e-06
186,2.6891610044825687e-08,1.5e-10,2.650284304780227e-05,3726210.791597401,0.0,0.0,0.0,0.0,0.0,2151328.803586048,920301024052.434,-41.256708807571684,231.356273294172,153.1044876097492,178.71885198414915,23.63381283510048,-137.57809061698632,0.6744589574698279,127.97695320779798,17.622600367471325,256.2838354688296,4.857460992707267e-06
187,2.7041610044825688e-08,1.5e-10,2.6667392606916653e-05,3746995.4012882276,0.0,0.0,0.0,0.0,0.0,2163328.803586048,919938601910.6862,-49.876391925267676,250.77148091573204,151.5382708173004,178.99021616990217,32.04357333170401,-128.72158313448506,0.4360711300075267,138.32902702740435,17.83253618694343,268.047575808729,4.897668129078576e-06
188,2.719161004482569e-08,1.5e-10,2.683088997707703e-05,3767780.0109790545,0.0,0.0,0.0,0.0,0.0,2175328.803586048,919609629534.5306,-42.20057161750679,244.97588720311387,153.98201371366648,173.17992026074347,32.82464488709476,-132.9623049016518,-1.2160431741125364,126.43745493203018,9.375663367274425,260.84912112722543,4.9367954972476605e-06
189,2.734161004482569e-08,1.5e-10,2.699496936908984e-05,3788564.620669881,0.0,0.0,0.0,0.0,0.0,2187328.803586048,919257615935.4802,-51.17043174724903,246.45248678664143,148.35282573574156,178.11598385239557,22.957700020319272,-126.18423484168078,13.751844885562127,124.42566215483419,28.21248298233206,267.3463606253191,4.976897451341458e-06
190,2.7491610044825692e-08,1.5e-10,2.7160141419945034e-05,3809349.230360707,0.0,0.0,0.0,0.0,0.0,2199328.803586048,918860728765.9393,-40.375586330795855,251.1998296716576,152.9422532415658,187.59500913219046,18.983982450286543,-127.59979916601522,-6.930546927906773,123.50880169294874,21.39041001183009,270.0452576916512,5.017404239995206e-06
191,2.7641610044825693e-08,1.5e-10,2.7325227091384875e-05,3830133.8400515337,0.0,0.0,0.0,0.0,0.0,2211328.803586048,918610015499.468,-59.669002875198046,249.56302119308648,175.00192097307672,183.73261098253917,34.98110887010125,-130.11253676165674,27.008739801707474,126.1722113987848,24.686756784733497,282.4629449314293,5.0597736817349205e-06
192,2.7791610044825695e-08,1.5e-10,2.7489448633553817e-05,3850918.4497423605,0.0,0.0,0.0,0.0,0.0,2223328.803586048,918315074044.0885,-42.69294826034097,245.07845036233215,148.54166654205713,181.4762152588113,28.20735939323717,-129.81016124954863,9.273430682193677,116.47821334828366,14.483871644851513,266.263327989264,5.0997131809333105e-06
193,2.7941610044825696e-08,1.5e-10,2.7653022296384036e-05,3871703.0594331864,0.0,0.0,0.0,0.0,0.0,2235328.803586048,917951719113.626,-36.49560735680564,257.20696849570413,150.67267445190203,162.72353959357142,22.73673542149123,-129.26472565004448,4.054616945243515,115.96041628218588,13.75920348079039,261.1101806541698,5.138879708031436e-06
194,2.8091610044825697e-08,1.5e-10,2.7818389414330162e-05,3892487.6691240133,0.0,0.0,0.0,0.0,0.0,2247328.803586048,917725790805.6311,-56.0875108155025,256.55816833723094,147.15094392268253,182.84444845385582,19.0148112028452,-120.8199230893653,7.616681005809278,123.08780807574178,37.07320020574813,274.9523648727062,5.180122562762342e-06
195,2.82416100448257e-08,1.5e-10,2.7982137358442204e-05,3913272.27881484,0.0,0.0,0.0,0.0,0.0,2259328.803586048,917525148750.4219,-57.44764255261976,257.5459902602054,144.16856987061465,162.34868980291543,27.659175944400033,-136.51002455283475,15.456676168488611,122.58424406078065,29.78891842081086,265.763661611581,5.219987112004079e-06
196,2.83916100448257e-08,1.5e-10,2.814664988680517e-05,3934056.8885056665,0.0,0.0,0.0,0.0,0.0,2271328.803586048,917319449736.7404,-62.9254934896094,256.322431749728,142.92582465039325,170.920536727871,43.87801512625803,-124.11529776302311,11.792801347748666,125.32051139719229,19.048060673887374,270.16742525067787,5.260512225791681e-06
197,2.85416100448257e-08,1.5e-10,2.8310960389096983e-05,3954841.498196493,0.0,0.0,0.0,0.0,0.0,2283328.803586048,917114386327.2085,-43.80169568653022,253.57025048556685,144.90401592994456,173.68323753943312,28.899089671219773,-126.63328783466173,11.067133440686822,120.99242810454686,14.903134506934192,266.36820409473563,5.3004674564058914e-06
198,2.8691610044825703e-08,1.5e-10,2.8478464666225176e-05,3975626.1078873198,0.0,0.0,0.0,0.0,0.0,2295328.803586048,916838009100.6892,-62.294530940811605,260.53828504648385,151.044192110804,203.15737268237055,16.568075125877613,-135.61870216515337,16.0019626399645,94.09198387289352,45.727072714133364,292.7653775641111,5.344382263040508e-06
199,2.8841610044825704e-08,1.5e-10,2.8645454579714692e-05,3996410.717578146,0.0,0.0,0.0,0.0,0.0,2307328.803586048,916427524781.427,-33.38668432087883,257.50069725922924,157.72572274310667,202.13743425263397,18.593141148509332,-116.77623942437954,-1.65774359611234,109.9390061875919,14.794213816172075,282.27035652212095,5.3867228165188265e-06
200,2.8991610044825705e-08,1.5e-10,2.8810170517975774e-05,4017195.3272689725,0.0,0.0,0.0,0.0,0.0,2319328.803586048,916167046455.2538,-18.93554094506648,257.32803762710574,154.52116315918715,177.68975763661487,12.339379444497446,-127.63223835911559,-2.566013827643718,101.66847606423526,6.596878071843709,267.15390954122915,5.426795902950011e-06
201,2.9141610044825707e-08,1.5e-10,2.8974479102808632e-05,4037979.936959799,0.0,0.0,0.0,0.0,0.0,2331328.803586048,915766998578.5288,-43.38699624013886,251.65085722135495,151.0021153562599,175.72694219151674,25.258722691360784,-125.0313908674199,9.561272089913878,96.91596656470314,18.128910982478665,267.6571474599571,5.466944475069004e-06
202,2.9291610044825708e-08,1.5e-10,2.9140667223896978e-05,4058764.5466506258,0.0,0.0,0.0,0.0,0.0,2343328.803586048,915503053465.0525,-35.39102320936105,252.10202361772764,154.7943973012059,197.20765524578744,30.77999722365658,-116.62219448057382,3.6985915548292803,95.20423938650185,4.611680766039553,278.0289820277312,5.508648822373164e-06
203,2.944161004482571e-08,1.5e-10,2.9306076350170117e-05,4079549.156341452,0.0,0.0,0.0,0.0,0.0,2355328.803586048,915206845564.5607,-34.42558491878757,260.8402346719515,161.02936240146758,180.3496420982475,16.946014783664253,-136.94744579183302,3.8253914720671234,93.06330531222967,17.480142076832372,275.26175565994805,5.5499380857221566e-06
204,2.959161004482571e-08,1.5e-10,2.947167552929111e-05,4100333.7660322785,0.0,0.0,0.0,0.0,0.0,2367328.803586048,914941010604.6439,-49.05345108755318,256.60295030618823,142.60775093348482,184.93236297697223,32.07212921596166,-126.06753022252278,11.944261981742214,103.98660732053125,16.981889388612522,274.9386713038101,5.5911788864177285e-06
205,2.9741610044825712e-08,1.5e-10,2.9638497564023142e-05,4121118.3757231054,0.0,0.0,0.0,0.0,0.0,2379328.803586048,914705232408.8114,-56.65623062722861,268.87711122838465,150.22426026556894,185.6252387221512,37.48073238608245,-124.59598311314137,12.2683226611084,99.25313718303438,19.175984666260533,284.9464217302302,5.633920849677263e-06
206,2.9891610044825713e-08,1.5e-10,2.9804255495779072e-05,4141902.985413932,0.0,0.0,0.0,0.0,0.0,2391328.803586048,914417387722.7041,-43.32245694092372,259.9102198188677,160.15090311074516,183.45420882354816,34.284700357224835,-138.4671740931314,5.434149323968769,88.7174982615137,9.043837637046545,278.52802990420315,5.675700054162894e-06
207,3.004161004482571e-08,1.5e-10,2.9970562751404286e-05,4162687.5951047586,0.0,0.0,0.0,0.0,0.0,2403328.803586048,914121766859.3422,-45.02290217321432,268.654037070198,155.94790746618636,180.80341867492112,35.881741657853794,-131.7622813645472,4.609758664331194,106.01943974912044,9.39633944374943,280.0352163398235,5.717705336613867e-06
208,3.019161004482571e-08,1.5e-10,3.0137136415077252e-05,4183472.2047955845,0.0,0.0,0.0,0.0,0.0,2415328.803586048,913852231527.0491,-49.47141058496171,265.91273495279245,153.01104277956577,186.84771220003,34.30458898773273,-134.49741769108155,-2.7313875467656707,103.57950871141921,15.168568084962534,280.6186830771431,5.759798139075438e-06
209,3.034161004482571e-08,1.5e-10,3.030438756335904e-05,4204256.814486411,0.0,0.0,0.0,0.0,0.0,2427328.803586048,913583084259.0751,-49.560625126526084,272.88056322712924,160.48991493591245,187.89493770875433,26.547933458979237,-141.9343318192265,-2.2694904380656724,108.43434356967045,23.01438960653155,286.26993970108293,5.802738630030601e-06
210,3.0491610044825706e-08,1.5e-10,3.0472132791041576e-05,4225041.424177238,0.0,0.0,0.0,0.0,0.0,2439328.803586048,913307518070.9519,-49.43166563046527,275.4778143123315,165.02471722849083,191.3184123027224,23.96156747234894,-142.76997446045388,-10.391223132967001,107.36826533633693,25.47175641421106,288.90392232382356,5.846074218379174e-06
211,3.0641610044825704e-08,1.5e-10,3.063967246148731e-05,4245826.033868064,0.0,0.0,0.0,0.0,0.0,2451328.803586048,913076174084.8981,-55.69843757220491,275.96870720004324,162.32115762033038,186.87339205772864,29.68766427340373,-136.19463329093904,8.304344859543237,111.47333552222965,26.012244179434738,290.55557925906425,5.889657555268034e-06
212,3.07916100448257e-08,1.5e-10,3.080732485523988e-05,4266610.643558891,0.0,0.0,0.0,0.0,0.0,2463328.803586048,912839039665.8788,-64.80166400505878,271.5405761003632,150.93814343536616,192.2403332150824,35.844001102422325,-141.99497094285644,4.871256117905905,105.95811419844911,28.959119085219875,290.58178033084107,5.933244822317661e-06
213,3.09416100448257e-08,1.5e-10,3.097309565202991e-05,4287395.253249718,0.0,0.0,0.0,0.0,0.0,2475328.803586048,912593656132.258,-53.574678087436276,260.70328066368086,152.84951688822494,182.88114445131782,27.687959512665106,-140.0529151209771,-8.288758453159664,120.91998502133741,25.888161286812753,274.8606655234865,5.974473922146184e-06
214,3.10916100448257e-08,1.5e-10,3.113977092535045e-05,4308179.862940544,0.0,0.0,0.0,0.0,0.0,2487328.803586048,912306636147.3422,-47.9770739223424,272.9787102071112,155.84904107808148,181.71609556098008,20.428087863653015,-124.8264762084142,-6.879831512083859,106.20090555179273,27.55041572079009,280.61977079201665,6.016566887764986e-06
215,3.1241610044825696e-08,1.5e-10,3.1306998194969195e-05,4328964.472631371,0.0,0.0,0.0,0.0,0.0,2499328.803586048,912003446117.2753,-25.538735507199316,278.7913316506513,156.19278854821852,185.24475461925906,4.253383422915456,-128.53277967717824,-17.71840884103829,113.7484823219369,20.321526421853346,281.0040237435509,6.058717491326519e-06
216,3.1391610044825694e-08,1.5e-10,3.1473641822519816e-05,4349749.082322197,0.0,0.0,0.0,0.0,0.0,2511328.803586048,911695158026.7318,-49.13562261688872,268.8467162458819,151.91529775223793,185.9569071813027,17.13879541113026,-145.5328264609404,-8.597123410493557,104.90178560182265,24.61801291914254,280.2769493535541,6.100759033729552e-06
217,3.154161004482569e-08,1.5e-10,3.16411949148487e-05,4370533.692013023,0.0,0.0,0.0,0.0,0.0,2523328.803586048,911257272441.3394,-44.71099786663268,265.50736378570986,161.79605769930868,198.28356557271465,32.834931451770274,-135.63202827399394,-3.7507427071666317,124.3464432768381,11.87934268125731,286.7312108620586,6.143768715358861e-06
218,3.169161004482569e-08,1.5e-10,3.180830440245729e-05,4391318.30170385,0.0,0.0,0.0,0.0,0.0,2535328.803586048,910975319146.1086,-40.39041838677109,271.4100074376759,163.75141848873477,188.35823218313604,22.26495348858246,-140.14487607467498,-7.7167241272984315,114.3587706643714,18.12846269006537,283.61364192761897,6.186310761648004e-06
219,3.184161004482569e-08,1.5e-10,3.197655945125433e-05,4412102.911394677,0.0,0.0,0.0,0.0,0.0,2547328.803586048,910719329333.5891,-39.21811440649826,279.33370729388685,169.6190138414828,193.8106666090151,16.376512285275382,-140.3307354636305,-7.31186517133317,119.64665270427945,22.844438780924644,291.7152026754243,6.230068042049317e-06
220,3.1991610044825686e-08,1.5e-10,3.214557115500265e-05,4432887.5210855035,0.0,0.0,0.0,0.0,0.0,2559328.803586048,910464915613.9315,-52.14711803907316,281.17538929697787,151.32139769351969,200.42252465913066,18.272190026847042,-131.01634521913243,-8.927122932806492,125.41120285749197,33.877580033709194,294.7574530505809,6.274281660006904e-06
221,3.2141610044825684e-08,1.5e-10,3.231388604054559e-05,4453672.13077633,0.0,0.0,0.0,0.0,0.0,2571328.803586048,910193523138.5994,-43.34725755839868,280.40856474999106,165.7748717025265,193.34366645508882,15.46835008420796,-143.9839778964187,-7.277552427696887,115.7901670334485,27.881335465098097,292.20353333423486,6.31811219000704e-06
222,3.229161004482568e-08,1.5e-10,3.248186287704953e-05,4474456.740467156,0.0,0.0,0.0,0.0,0.0,2583328.803586048,909926991239.1624,-34.644604527095844,281.66611749066186,161.09675390097965,189.85700947272446,5.916833476163327,-150.59245829011687,-13.395745179174193,110.25993194776515,28.705648152093588,288.61445070892046,6.3614043576133774e-06
223,3.244161004482568e-08,1.5e-10,3.265124825157798e-05,4495241.350157983,0.0,0.0,0.0,0.0,0.0,2595328.803586048,909720018010.1007,-57.64775400568611,263.28175933646787,165.59473137390486,219.86632236342555,37.735393515656625,-150.1485209282451,4.9469021005467635,134.50176150908797,19.914837746190376,301.6891264944868,6.4066577265875505e-06
224,3.259161004482568e-08,1.5e-10,3.2819178336274844e-05,4516025.959848809,0.0,0.0,0.0,0.0,0.0,2607328.803586048,909484975761.5452,-53.25294330464183,252.60780361164115,159.99610570279987,214.46038718285186,34.76830076555298,-147.6613721016692,2.6551318276334803,135.241218350566,18.48712724485373,290.709103920294,6.450264092175595e-06
225,3.2741610044825676e-08,1.5e-10,3.2987811376711526e-05,4536810.569539635,0.0,0.0,0.0,0.0,0.0,2619328.803586048,909259719448.0906,-40.54896416555734,268.1963152950233,173.42916878875002,208.17144890171318,31.037907065566156,-148.9801273554355,-11.057362824124972,126.63650120096908,9.512092095819563,293.93093740970363,6.494353732787051e-06
226,3.2891610044825674e-08,1.5e-10,3.3157152135422486e-05,4557595.179230463,0.0,0.0,0.0,0.0,0.0,2631328.803586048,908985895821.5034,-68.17151301464064,264.82917112237993,166.87842628331228,217.04363693022077,45.41935285772481,-146.80837072895326,-8.305114012160749,133.93262069827617,22.753499369608505,301.09172052856826,6.5395174908663355e-06
227,3.304161004482567e-08,1.5e-10,3.332666152785687e-05,4578379.788921289,0.0,0.0,0.0,0.0,0.0,2643328.803586048,908809939110.3853,-61.89354061677343,277.6102868505987,178.3444953998329,207.5426729725899,36.202428905215136,-160.82654896388988,-25.388998242142108,129.42991128861487,25.692412053834254,300.7532653881982,6.584630480674565e-06
228,3.319161004482567e-08,1.5e-10,3.349465388114287e-05,4599164.3986121155,0.0,0.0,0.0,0.0,0.0,2655328.803586048,908646924381.1956,-32.782159093693934,251.97721547227727,163.20667654615795,218.61751369479077,13.859314649588116,-154.4732331276115,-2.5029809472099585,117.07872135970088,18.92072816605642,289.7889550648969,6.6280988239343e-06
229,3.334161004482567e-08,1.5e-10,3.3661411224360514e-05,4619949.008302942,0.0,0.0,0.0,0.0,0.0,2667328.803586048,908329895228.3599,-37.11743776413145,281.3691566810115,167.66427526331046,175.74462968045424,15.522514675517302,-177.91662504022185,-33.0808008840175,123.31618676894465,21.59330276284786,279.4141369971586,6.670010944483874e-06
230,3.3491610044825666e-08,1.5e-10,3.383204235796785e-05,4640733.617993768,0.0,0.0,0.0,0.0,0.0,2679328.803586048,908182808889.9032,-15.436882398513672,273.6677382188268,191.10534516670222,228.80143531952933,4.081304362013156,-145.1371951998606,-23.124303287000128,118.22315466564412,11.354499931256063,306.6947583888178,6.716015158242196e-06
231,3.3641610044825664e-08,1.5e-10,3.3999257136670285e-05,4661518.227684595,0.0,0.0,0.0,0.0,0.0,2691328.803586048,908026972039.375,-30.765604908600533,266.5098766213975,176.71032192741123,194.86332417153884,23.51392788515068,-157.19698096236846,-24.54684114261003,130.63604455993593,7.254324075554375,282.7416627551179,6.758426407655464e-06
232,3.379161004482566e-08,1.5e-10,3.416797982038489e-05,4682302.837375421,0.0,0.0,0.0,0.0,0.0,2703328.803586048,907881387020.396,-48.105076720788006,270.7419427933813,169.35312597650426,206.61976634676097,33.46962914383363,-153.91915946723105,-24.028058285930314,124.57377219949751,14.638780385451291,292.77519541529085,6.802342686967757e-06
233,3.394161004482566e-08,1.5e-10,3.433655608101575e-05,4703087.447066247,0.0,0.0,0.0,0.0,0.0,2715328.803586048,907753011474.7041,-33.023932506471674,280.4166252148435,178.7896825914603,196.96701882263338,23.025711879860406,-149.92146960788722,-36.22956076790731,125.66364527432057,10.001792826374114,289.9704425978971,6.8458382533574415e-06
234,3.409161004482566e-08,1.5e-10,3.4504856015567295e-05,4723872.056757075,0.0,0.0,0.0,0.0,0.0,2727328.803586048,907642719638.4983,-46.7534830190682,268.64769501872786,180.99960365284,203.69774191376044,21.8021734109636,-155.5478554101255,-18.708362881238756,140.27230980149113,24.95493219118004,292.2612667214134,6.889677443365654e-06
235,3.4241610044825656e-08,1.5e-10,3.467426261349184e-05,4744656.666447901,0.0,0.0,0.0,0.0,0.0,2739328.803586048,907492973756.1099,-50.96170614238951,278.6462406834179,173.58138740201642,206.62371126481986,32.49915130753814,-152.9876687649279,-33.01423220105008,128.60445249096654,18.466076740759338,296.55194331892824,6.934160234863493e-06
236,3.4391610044825655e-08,1.5e-10,3.4843118839926145e-05,4765441.276138728,0.0,0.0,0.0,0.0,0.0,2751328.803586048,907333333879.0306,-43.59379633891512,281.5801710321757,181.12354263084316,198.02526147107056,25.458662814709424,-158.21281513808827,-34.61276198984053,117.81404415149609,18.138655892188414,293.75385800935635,6.978223313564897e-06
237,3.454161004482565e-08,1.5e-10,3.501188280927876e-05,4786225.885829554,0.0,0.0,0.0,0.0,0.0,2763328.803586048,907190151422.7343,-24.7794473875607,282.628756091355,186.28974297658502,197.34030362513985,20.446518236063365,-159.18916914227205,-36.694119091893235,115.63740793952329,4.336326620854476,292.5449678101894,7.022105058736425e-06
238,3.469161004482565e-08,1.5e-10,3.5182052480764265e-05,4807010.49552038,0.0,0.0,0.0,0.0,0.0,2775328.803586048,907041081041.8568,-34.12680125926357,287.7123670479986,178.32301429213194,207.97876317348076,23.384697581468508,-152.59805818731138,-36.23390214198706,121.15843933536468,10.745462328083363,300.3006034054545,7.067150149247243e-06
239,3.484161004482565e-08,1.5e-10,3.5351590027252426e-05,4827795.105211207,0.0,0.0,0.0,0.0,0.0,2787328.803586048,906877981662.4856,-37.1122635432417,283.84189284365516,175.61863080675863,204.960732234503,12.06985498156108,-161.91462168677882,-32.1717783938964,113.02265580889265,25.045688472278822,297.8791735525883,7.1118320252801314e-06
240,3.4991610044825647e-08,1.5e-10,3.552108907883494e-05,4848579.714902033,0.0,0.0,0.0,0.0,0.0,2799328.803586048,906570424854.7,-46.7116162595244,274.4306207089492,182.38599153170094,212.99565922715576,21.446854864162304,-168.6642771596132,-45.565872377154534,124.24586921301666,25.268020100619697,297.1183542946135,7.156399778424323e-06
241,3.5141610044825645e-08,1.5e-10,3.569062419338264e-05,4869364.32459286,0.0,0.0,0.0,0.0,0.0,2811328.803586048,906440795498.9578,-55.25974381649244,268.365902269068,178.6263881397533,218.30237393688165,28.275070798408212,-163.46731431682244,-38.62574871344153,127.6338886423262,26.98801003334425,298.26898805294013,7.201140126632264e-06
242,3.529161004482564e-08,1.5e-10,3.586062543024762e-05,4890148.934283687,0.0,0.0,0.0,0.0,0.0,2823328.803586048,906126671238.006,-30.584227499675137,283.3159909909651,183.76771269445808,212.11668047035351,4.826566175371754,-157.29622213053412,-51.90575180505768,117.01150839516846,25.76085291619499,298.7242827721302,7.245948769048083e-06
243,3.544161004482564e-08,1.5e-10,3.6030889886677116e-05,4910933.543974513,0.0,0.0,0.0,0.0,0.0,2835328.803586048,905996750978.7916,-63.99403812195475,274.5932364275229,173.4696960108575,219.58711626769272,40.987226879268285,-166.36082733366862,-40.58334460522416,114.20385782626595,23.0100366948495,303.97513921935325,7.291545039930987e-06
244,3.559161004482564e-08,1.5e-10,3.6200886810386706e-05,4931718.15366534,0.0,0.0,0.0,0.0,0.0,2847328.803586048,905861687044.4843,-51.692226993036016,273.46416301769483,181.05815136420898,218.91832227455723,25.123258152543187,-159.91069616211445,-40.48371341209541,117.11893252343461,26.5721623621883,301.13756986469315,7.3367156754106905e-06
245,3.574161004482564e-08,1.5e-10,3.637112024868266e-05,4952502.763356167,0.0,0.0,0.0,0.0,0.0,2859328.803586048,905743638666.2056,-49.0487589148938,280.582031607449,183.8172822889586,214.3115645405622,31.722519166512622,-166.3316864359077,-42.36051561748599,121.26160993607064,17.329485183392393,302.42675157318365,7.382079688146668e-06
246,3.5891610044825635e-08,1.5e-10,3.654138850780586e-05,4973287.373046993,0.0,0.0,0.0,0.0,0.0,2871328.803586048,905595110078.9608,-46.313559877189604,281.9617361728142,181.55043440936115,213.76793818657737,31.534642069010513,-159.1531622879416,-45.56613170986235,114.67903134646446,14.782038547968394,301.62524498083246,7.427323474893793e-06
247,3.604161004482563e-08,1.5e-10,3.6711574968367894e-05,4994071.982737819,0.0,0.0,0.0,0.0,0.0,2883328.803586048,905458937604.5239,-59.43106330531082,278.79327261610456,177.97268095139742,214.79562902743723,31.856335358597576,-157.89275784153048,-37.194544357559714,121.52743514928214,27.577945961155155,302.9773177682085,7.4727700725590245e-06
248,3.619161004482563e-08,1.5e-10,3.688191598107435e-05,5014856.592428646,0.0,0.0,0.0,0.0,0.0,2895328.803586048,905318931844.6063,-40.55677105874889,289.59080160373856,173.92647153500042,209.28813130208007,9.841155246932535,-151.69657750470222,-54.46619111721216,106.13083931371979,30.718722017798868,300.3319633267271,7.517819867058033e-06
249,3.634161004482563e-08,1.5e-10,3.705225617550286e-05,5035641.202119472,0.0,0.0,0.0,0.0,0.0,2907328.803586048,905217928904.3131,-60.1883120968203,273.18601665447784,177.84368288657078,221.8093183312897,32.133001545361836,-159.9354652050752,-31.10823921845249,122.08190414506369,28.05850027545582,304.88765605779463,7.563553015466703e-06
250,3.649161004482563e-08,1.5e-10,3.722312671964492e-05,5056425.811810299,0.0,0.0,0.0,0.0,0.0,2919328.803586048,905103842890.8657,-40.44486583245447,282.0444303119545,175.13090156054304,221.82235195041733,19.32083075071002,-154.50635535458542,-43.26839835015349,115.70797892859304,21.127217794004302,304.2398451021143,7.60918899223202e-06
251,3.6641610044825625e-08,1.5e-10,3.73949972365616e-05,5077210.421501125,0.0,0.0,0.0,0.0,0.0,2931328.803586048,904961610850.6365,-61.881889960502576,287.81416185042144,176.0169117994814,224.40064643152806,40.52533644853519,-137.74743763198978,-33.27670331025632,126.59510227224675,21.359746498850143,313.43206146709036,7.656203801452083e-06
252,3.679161004482562e-08,1.5e-10,3.756578817706407e-05,5097995.031191952,0.0,0.0,0.0,0.0,0.0,2943328.803586048,904797784356.923,-39.154753476105775,288.19097203149715,165.6192626241822,215.13788566509297,16.28238776087759,-148.16501310310088,-37.24578892255256,109.37229499239677,22.875529106020334,303.2971942525983,7.701698380589973e-06
253,3.694161004482562e-08,1.5e-10,3.773677453388507e-05,5118779.640882779,0.0,0.0,0.0,0.0,0.0,2955328.803586048,904685225454.1979,-38.10053717985738,289.5410759641914,168.86227356034797,215.03121668318164,28.33043750978479,-149.11224233319254,-31.77976749157728,118.79359207417073,9.773276506551902,304.9609787301624,7.747442527399498e-06
254,3.709161004482562e-08,1.5e-10,3.790765477520745e-05,5139564.250573605,0.0,0.0,0.0,0.0,0.0,2967328.803586048,904526277679.2725,-35.54543584746646,288.2256586034571,173.51182832396242,215.69753778550603,14.650600588479257,-144.83531211523132,-30.207846377849947,115.56360615350461,20.897962411780053,305.0470661776082,7.79319958732614e-06
255,3.724161004482562e-08,1.5e-10,3.807787535009204e-05,5160348.860264432,0.0,0.0,0.0,0.0,0.0,2979328.803586048,904349007916.6626,-56.148018757351444,276.6064497291563,167.43103228918588,216.94555694685752,36.98653802687736,-141.36335054914284,-22.507036507142697,127.23201405459251,19.164664503132457,302.52934803127783,7.838578989530831e-06
256,3.7391610044825615e-08,1.5e-10,3.8249800551005646e-05,5181133.469955258,0.0,0.0,0.0,0.0,0.0,2991328.803586048,904173728687.1621,-46.9715700331786,289.165577627223,159.075066549011,226.29055268127487,23.064230158994658,-136.8977111191431,-29.920039072555284,121.23451958672867,13.147024359768812,310.07721708819923,7.885090572094062e-06
257,3.754161004482561e-08,1.5e-10,3.84204908960536e-05,5201918.079646085,0.0,0.0,0.0,0.0,0.0,3003328.803586048,903862938160.1534,-48.748650431633465,293.85151927831646,158.42800062589038,206.56985251998165,30.519219426735948,-149.59120027321373,-24.291488557388966,107.73344038324817,18.2325726142131,304.1089640465023,7.930706916701036e-06
258,3.769161004482561e-08,1.5e-10,3.859346246796752e-05,5222702.689336911,0.0,0.0,0.0,0.0,0.0,3015328.803586048,903729508352.4811,-50.27111313309455,298.70576020588544,165.54020378845487,228.0636895905604,24.964293026012477,-122.04268799442865,-28.605256458394514,114.32932842342669,25.309965266893347,318.2654652552849,7.978446736489329e-06
259,3.784161004482561e-08,1.5e-10,3.876500936599437e-05,5243487.299027737,0.0,0.0,0.0,0.0,0.0,3027328.803586048,903585959540.8176,-43.275595988851684,302.4616485828359,160.1397313886448,208.2537669747889,28.6831728032483,-134.23997635774094,-25.31239604103574,105.50116711247763,14.595568980375427,308.5728599483943,8.024732665481588e-06
260,3.799161004482561e-08,1.5e-10,3.893593257781375e-05,5264271.908718565,0.0,0.0,0.0,0.0,0.0,3039328.803586048,903470872385.7826,-46.54660241584396,289.24577473616245,160.61652014085192,213.00334096955174,37.53327321463083,-131.8984905393058,-14.601417668155399,108.70426134455967,9.016489955515945,306.2819052315387,8.070674951266319e-06
261,3.8141610044825605e-08,1.5e-10,3.910741378366957e-05,5285056.518409391,0.0,0.0,0.0,0.0,0.0,3051328.803586048,903246905326.56,-49.15211962006322,297.676636994291,154.447248854086,211.35157251085303,38.03321602742686,-131.21940709105013,-19.931800478287908,114.90308235809415,11.122059080340712,308.45997014306795,8.11694394678778e-06
262,3.8291610044825603e-08,1.5e-10,3.9277667536301216e-05,5305841.128100216,0.0,0.0,0.0,0.0,0.0,3063328.803586048,903043433891.1873,-55.61318493427999,297.31270462697313,155.67525400886515,197.21769554731563,35.89293582964468,-139.8987317787755,-20.943619695249097,99.091594774046,19.723443082676443,302.16906922447953,8.162269307171452e-06
263,3.84416100448256e-08,1.5e-10,3.944969320125442e-05,5326625.737791044,0.0,0.0,0.0,0.0,0.0,3075328.803586048,902856755750.8226,-55.463273862808585,301.4523160645359,157.72886704282553,212.8725120147077,45.49742389976029,-141.66072189925765,-19.040465146012117,117.51713967053482,9.969028620294385,313.49564477768314,8.209293653888104e-06
264,3.85916100448256e-08,1.5e-10,3.962132755973118e-05,5347410.34748187,0.0,0.0,0.0,0.0,0.0,3087328.803586048,902696732635.1115,-53.97795283280933,306.8624926150877,159.74902808244312,204.27345941750002,25.44201522572982,-129.39879145019674,-26.484249134167182,117.51399236649657,28.535409425746558,309.79083344593283,8.255762278904994e-06
265,3.87416100448256e-08,1.5e-10,3.9792628463225824e-05,5368194.957172697,0.0,0.0,0.0,0.0,0.0,3099328.803586048,902496095108.8047,-44.53822346796015,306.22661398018454,164.39881465017555,201.36088157750842,31.999502491752782,-143.75108993572087,-30.65184027352172,121.39966305342853,12.541939753202675,306.79132354607856,8.301780977436906e-06
266,3.8891610044825596e-08,1.5e-10,3.996497919979267e-05,5388979.566863524,0.0,0.0,0.0,0.0,0.0,3111328.803586048,902347164636.5515,-65.22549130906931,310.65662494398435,158.60643377161128,207.18250553875853,45.23647171486918,-128.50362542249013,-30.149979509399312,129.45689519540286,19.992252102712424,315.20370180340996,8.349061532707417e-06
267,3.9041610044825594e-08,1.5e-10,4.013791231561278e-05,5409764.17655435,0.0,0.0,0.0,0.0,0.0,3123328.803586048,902210415473.4529,-52.457461060703906,314.1897576730291,172.77194550432253,210.45826268673483,43.01039048213205,-134.69296250824848,-24.843178671874163,127.89024205328491,9.450300726036929,319.6699946913604,8.397012031911122e-06
268,3.919161004482559e-08,1.5e-10,4.030963038616617e-05,5430548.786245177,0.0,0.0,0.0,0.0,0.0,3135328.803586048,902057942523.9312,-45.393572870618925,310.54109247221453,166.67335934623796,201.99787090274026,28.860122225523643,-145.09481677562368,-33.759725605257614,122.37881970035994,16.536717712932642,309.4145718535394,8.443424217689153e-06
269,3.934161004482559e-08,1.5e-10,4.048161101487862e-05,5451333.395936003,0.0,0.0,0.0,0.0,0.0,3147328.803586048,901934858958.8881,-41.16660086639889,314.5867593476795,161.10330200145913,201.85640193639816,26.045516827083723,-137.34712342859453,-37.35124742135709,116.7361420220172,15.124321184564941,309.6538543462065,8.489872295841085e-06
270,3.949161004482559e-08,1.5e-10,4.065375906562319e-05,5472118.005626829,0.0,0.0,0.0,0.0,0.0,3159328.803586048,901792253573.21,-49.48071166915908,306.7432235573714,160.35611627849033,210.6102208267449,25.013803640457017,-138.78450419491014,-26.82788726364023,127.19473761104105,24.470145840497622,312.4976456039468,8.536746942681676e-06
271,3.9641610044825586e-08,1.5e-10,4.0825479389796776e-05,5492902.615317656,0.0,0.0,0.0,0.0,0.0,3171328.803586048,901643779531.3372,-58.68138881662094,315.43775688536897,159.44210198004922,196.34188075283208,28.354852594312483,-126.62311348524538,-29.96489006025545,118.57385393529631,30.329797066991368,310.4203256797408,8.583309991533637e-06
272,3.9791610044825584e-08,1.5e-10,4.0997390050000905e-05,5513687.225008483,0.0,0.0,0.0,0.0,0.0,3183328.803586048,901492350432.6346,-53.752031350737155,314.04111481262595,152.58033909075766,200.98752727715828,20.714224843168715,-137.27357558829257,-29.822932803432508,126.53115262577823,33.041099004651116,310.5153947013375,8.629887300738837e-06
273,3.994161004482558e-08,1.5e-10,4.1170023876336855e-05,5534471.8346993085,0.0,0.0,0.0,0.0,0.0,3195328.803586048,901346489149.8265,-50.406344935668606,320.69466698488145,159.06068190642497,202.36127351117787,32.48491251921564,-138.0439158708175,-36.54815650714183,127.93048625928274,17.924725559857887,314.3956356257386,8.677046646082698e-06
274,4.009161004482558e-08,1.5e-10,4.1342434431114446e-05,5555256.444390136,0.0,0.0,0.0,0.0,0.0,3207328.803586048,901213860244.6323,-54.1143987852511,318.5266324466104,161.03728918632774,201.8587617226555,26.5096190014491,-145.5390628150452,-35.4784734593859,121.65567306811978,27.608112799765202,314.07168124117214,8.724157398268874e-06
275,4.024161004482558e-08,1.5e-10,4.151510220431052e-05,5576041.054080962,0.0,0.0,0.0,0.0,0.0,3219328.803586048,901074534250.6956,-60.91734693292914,333.7357004365669,151.22473518182264,188.29715281236597,40.54691204185708,-151.00554805865886,-22.123692008932768,123.77945229600367,20.373849054390487,316.99988297977,8.77170738071584e-06
276,4.0391610044825576e-08,1.5e-10,4.168821593010114e-05,5596825.663771789,0.0,0.0,0.0,0.0,0.0,3231328.803586048,900913212133.609,-52.57067672864715,332.1350307832452,152.41728907530643,196.31789769780528,28.79653658571887,-147.19541045400624,-25.435706767437047,116.84122406008514,23.777447023703463,318.6559082632636,8.81950576695533e-06
277,4.0541610044825574e-08,1.5e-10,4.186124016590086e-05,5617610.273462615,0.0,0.0,0.0,0.0,0.0,3243328.803586048,900791989377.5493,-54.551348403709596,329.9372607350958,154.83550667749742,196.74757202269916,38.74292048476741,-152.08027714556513,-26.24100887444406,132.58516222092044,15.811803141924731,318.20709748325476,8.867236831577817e-06
278,4.069161004482557e-08,1.5e-10,4.203390166299796e-05,5638394.883153441,0.0,0.0,0.0,0.0,0.0,3255328.803586048,900665000964.7153,-58.28410047607956,327.9742300357286,163.92837269356846,194.15002783281534,31.959296380165686,-147.41140664579257,-26.904585013678684,132.7200122162807,26.328200345031416,317.18990650652967,8.914815317553796e-06
279,4.084161004482557e-08,1.5e-10,4.220774548640524e-05,5659179.492844269,0.0,0.0,0.0,0.0,0.0,3267328.803586048,900541444081.6042,-41.518728699430994,348.14972429381663,167.32313317959947,190.10761726483332,25.562831195960282,-146.2228573529972,-49.762434364383765,122.69748718393112,15.959274517151522,321.1224324763928,8.962983682425256e-06
280,4.099161004482557e-08,1.5e-10,4.237946612881392e-05,5679964.102535095,0.0,0.0,0.0,0.0,0.0,3279328.803586048,900437553479.3611,-44.92310214801118,334.28791680721724,157.63958364725144,178.84115711696847,25.485431014898513,-147.98565753391924,-34.7796152606835,143.37648002674266,19.441076744286192,307.9547360607397,9.009176892834366e-06
281,4.1141610044825566e-08,1.5e-10,4.2553045513911607e-05,5700748.712225921,0.0,0.0,0.0,0.0,0.0,3291328.803586048,900342685718.154,-58.006943727074415,356.1623855108697,165.22198799493728,177.34507257009233,29.52299040992943,-158.35195479755163,-40.74844323991491,135.18441412975892,28.476459511540224,321.84636530064574,9.057453847629462e-06
282,4.1291610044825564e-08,1.5e-10,4.272649861259127e-05,5721533.321916748,0.0,0.0,0.0,0.0,0.0,3303328.803586048,900250442991.6301,-42.09437473358212,340.8481698479156,177.27720836802968,191.75627484838606,15.270319879267593,-165.493444290223,-27.844941763427318,131.62857322497112,26.82125314163946,322.79680071325555,9.10587336773645e-06
283,4.144161004482556e-08,1.5e-10,4.2898986307220644e-05,5742317.931607574,0.0,0.0,0.0,0.0,0.0,3315328.803586048,900159302782.3921,-61.67564239278473,338.7595701395669,156.7115088288536,181.49236185869168,45.26011876593982,-147.05838252944488,-41.54501097602114,152.1676862098897,16.414812079944735,314.2160183172744,9.153005770484041e-06
284,4.159161004482556e-08,1.5e-10,4.307296289969416e-05,5763102.541298401,0.0,0.0,0.0,0.0,0.0,3327328.803586048,900060433224.0574,-73.84982951689612,339.5968558536059,157.87291339654513,197.0516159638352,35.396271179324366,-144.68165976378404,-32.588259748234194,132.4439143751338,38.45378753492331,326.7049450567904,9.20201151224256e-06
285,4.174161004482556e-08,1.5e-10,4.324736514545363e-05,5783887.150989227,0.0,0.0,0.0,0.0,0.0,3339328.803586048,899827810825.5419,-51.422402263117625,354.6962817299411,162.15761837882664,188.4081107834858,37.86452738335617,-156.73700962407523,-38.2634858946507,131.9866350708836,13.558207547470879,326.3169931383993,9.250959061213319e-06
286,4.1891610044825556e-08,1.5e-10,4.3421315251551504e-05,5804671.760680054,0.0,0.0,0.0,0.0,0.0,3351328.803586048,899493972518.9287,-59.24741442677986,345.5340596621726,156.036272593561,193.13636945646485,20.137310017707566,-151.66887842670656,-42.72179138460094,133.14085346360372,39.111614492838626,323.6460319989699,9.299505966013165e-06
287,4.2041610044825554e-08,1.5e-10,4.3595967501387435e-05,5825456.370370881,0.0,0.0,0.0,0.0,0.0,3363328.803586048,899236487539.4767,-69.63121787147979,339.4727942458264,164.86360360172557,204.77382513803937,37.22939470003676,-160.99225152806883,-31.19766774151548,147.79239363448576,32.403632858910164,331.0660864930476,9.349165878987122e-06
288,4.219161004482555e-08,1.5e-10,4.37702345582835e-05,5846240.980061707,0.0,0.0,0.0,0.0,0.0,3375328.803586048,898913354844.8203,-45.25233677536878,352.5631115406444,158.26002885576577,191.83356725891068,10.563595287404743,-148.64715438784324,-57.5980293927908,117.69558817345956,34.69066822425757,323.6171572793689,9.397708452579028e-06
289,4.234161004482555e-08,1.5e-10,4.3944326114256264e-05,5867025.5897525335,0.0,0.0,0.0,0.0,0.0,3387328.803586048,898813175941.3195,-87.20899408201412,317.3743182455032,157.87282371119383,217.83655496574417,48.997755672029875,-161.60635500920068,-9.312187938879298,155.7585936770997,38.21357250038942,332.40942088689764,9.447569865712063e-06
290,4.249161004482555e-08,1.5e-10,4.411930177555904e-05,5887810.19944336,0.0,0.0,0.0,0.0,0.0,3399328.803586048,898695779007.1927,-82.47379801554086,344.386300377732,173.83418563438119,202.32420529319577,48.36248348828259,-167.00804904158966,-41.99094592880909,113.6789462141999,34.11385449894329,336.51559376918044,9.49804720477744e-06
291,4.2641610044825546e-08,1.5e-10,4.42942984700956e-05,5908594.809134186,0.0,0.0,0.0,0.0,0.0,3411328.803586048,898556426338.6508,-55.966351378104285,352.700027567353,161.3692147074616,198.4840722199678,21.947093070769323,-148.0278529007487,-53.57777446340743,121.84861923898585,34.02184496424209,329.469798997609,9.547467674627081e-06
292,4.2791610044825544e-08,1.5e-10,4.4468619067593665e-05,5929379.418825013,0.0,0.0,0.0,0.0,0.0,3423328.803586048,898443948153.6265,-86.31635220889018,329.0109528747324,164.16053525541267,209.7034408339485,54.53816306970372,-158.8423583133758,-36.49554980618416,137.53868111611752,31.781048307388417,331.57970937275144,9.597204631032994e-06
293,4.294161004482554e-08,1.5e-10,4.464390382255134e-05,5950164.028515839,0.0,0.0,0.0,0.0,0.0,3435328.803586048,898346824880.5441,-59.080958856376775,353.91065783190663,163.06921074614922,200.56620201748666,16.054413428464084,-150.38955087764796,-53.59339779599742,122.04184413021696,43.02951120235638,332.3817181373689,9.6470618887536e-06
294,4.309161004482554e-08,1.5e-10,4.481937930602418e-05,5970948.638206666,0.0,0.0,0.0,0.0,0.0,3447328.803586048,898243112600.9625,-84.03678182289657,335.7006053683329,163.61259322797744,217.45973170082166,38.83370894995191,-154.80175560554895,-40.05538515720511,133.35946187731807,45.205943552143104,338.10261957864657,9.697777281690398e-06
295,4.324161004482554e-08,1.5e-10,4.499503886628998e-05,5991733.247897493,0.0,0.0,0.0,0.0,0.0,3459328.803586048,898136151836.1956,-67.83922378386941,347.99645863760827,162.42502852227693,208.67450381482593,38.55966954466291,-147.05134023426402,-43.59885816707368,132.19782639425165,29.282598325742875,335.7160526396254,9.748134689586341e-06
296,4.3391610044825537e-08,1.5e-10,4.5170681775457564e-05,6012517.85758832,0.0,0.0,0.0,0.0,0.0,3471328.803586048,898061640892.0089,-74.23306315810251,347.70934324147834,164.092184648826,208.6753173434129,31.457422958331858,-153.34040442899706,-45.87705625603558,128.55733617021664,42.779001483918556,337.0525318964185,9.798692569370803e-06
297,4.3541610044825535e-08,1.5e-10,4.53465090032375e-05,6033302.4672791455,0.0,0.0,0.0,0.0,0.0,3483328.803586048,897978529165.1558,-76.39212384373653,351.45889360761726,163.12819596316794,206.29457790098238,40.225493397862415,-161.80027498802258,-40.483844840325766,125.89627855814007,36.17006423973262,339.0889311596608,9.849555909044753e-06
298,4.369161004482553e-08,1.5e-10,4.552237015204859e-05,6054087.076969972,0.0,0.0,0.0,0.0,0.0,3495328.803586048,897873758236.325,-58.48129639898944,350.3419306004878,159.93713159580142,210.40039401265292,23.60680390394934,-149.20550696359356,-49.33192466362753,132.2503653726357,34.87787035116129,335.3309615678338,9.899855553279927e-06
299,4.384161004482553e-08,1.5e-10,4.5698497507576736e-05,6074871.686660798,0.0,0.0,0.0,0.0,0.0,3507328.803586048,897776819477.7185,-67.17296418714946,353.7736188612913,153.41049133180906,209.22049207228568,28.439058655482924,-145.30716400601355,-42.980001749980985,126.17481212993494,38.73743463578837,338.2141633628024,9.950587677784348e-06
300,4.399161004482553e-08,1.5e-10,4.587435943409624e-05,6095656.296351625,0.0,0.0,0.0,0.0,0.0,3519328.803586048,897683960321.9993,-74.30398273011738,343.0774225060665,161.4685419665225,214.89856373643403,41.985531663596575,-144.97097704572138,-34.68534409429874,130.4013600068089,32.32198272128366,338.7627531660832,1.0001402090759261e-05
301,4.414161004482553e-08,1.5e-10,4.6048535358420684e-05,6116440.906042452,0.0,0.0,0.0,0.0,0.0,3531328.803586048,897612975493.1715,-61.75573838529951,346.7352938203651,155.42115936691158,193.76714275481098,38.72852851727839,-150.06110764393685,-48.65038966995469,126.69566861657687,23.031227026254193,324.4364550376792,1.0050067559014913e-05
302,4.4291610044825525e-08,1.5e-10,4.622518895742783e-05,6137225.515733278,0.0,0.0,0.0,0.0,0.0,3543328.803586048,897516834639.0574,-59.23416346900277,343.7960457062759,162.8465522182525,224.94218914770926,30.718772340279763,-137.66019468668955,-36.441219679637875,117.59252890739947,28.51943830036096,341.74823774367536,1.0101329794676464e-05
303,4.444161004482552e-08,1.5e-10,4.64007652131355e-05,6158010.125424105,0.0,0.0,0.0,0.0,0.0,3555328.803586048,897344843829.6272,-72.80582792689107,345.3643489942659,163.39050501703704,209.72369260879168,41.55833519803459,-125.32486888228135,-42.888557767987564,121.12761966608471,31.251631339774534,335.9910547690282,1.0151728452891818e-05
304,4.459161004482552e-08,1.5e-10,4.6575924181727505e-05,6178794.735114932,0.0,0.0,0.0,0.0,0.0,3567328.803586048,897242876475.7961,-63.17851759974705,342.9631251300105,155.717562452611,208.98886120884933,35.55001592867999,-133.97660894569884,-49.618418724850606,108.29293585741861,27.63271268601597,330.96095723640883,1.020137259647728e-05
305,4.474161004482552e-08,1.5e-10,4.675097994078352e-05,6199579.3448057575,0.0,0.0,0.0,0.0,0.0,3579328.803586048,897125189889.7798,-64.96002145995678,345.7919427536685,154.78980182271323,203.49542670884588,43.59052912156784,-130.79445944868124,-29.2666594717557,113.26039562907262,21.3734409708233,332.13132046574424,1.0251192294547141e-05
306,4.489161004482552e-08,1.5e-10,4.6926912439329514e-05,6220363.954496584,0.0,0.0,0.0,0.0,0.0,3591328.803586048,897047909340.0557,-59.77461724150642,341.1581190025443,149.9269710396946,219.75885540119515,37.58897300687266,-115.91691259894058,-41.170679559301746,100.54161933885061,22.1899141389109,335.48414709133016,1.030151491661084e-05
307,4.5041610044825515e-08,1.5e-10,4.71019117014747e-05,6241148.564187411,0.0,0.0,0.0,0.0,0.0,3603328.803586048,896984530149.9861,-52.808088635738166,346.5364494508222,146.74539952231052,204.8375283809621,23.539221967450743,-120.27243454778475,-40.88683725209119,94.46711302371803,29.273291892956138,328.77785959712963,1.035083159555041e-05
308,4.519161004482551e-08,1.5e-10,4.72778663120169e-05,6261933.173878238,0.0,0.0,0.0,0.0,0.0,3615328.803586048,896916824042.077,-74.04732081148967,333.656745541956,142.3166011928636,225.63808406364438,50.19791792337405,-123.60663486989232,-27.55249542573096,101.04718048640926,23.853910923218947,338.4445434027246,1.0401598277060818e-05
309,4.534161004482551e-08,1.5e-10,4.7453465349558544e-05,6282717.783569064,0.0,0.0,0.0,0.0,0.0,3627328.803586048,896826346430.4097,-61.80673331538981,340.79301991703596,144.52957634174234,215.5780561533739,46.67396343856507,-117.12723684316595,-33.045657390239526,99.41444187537904,15.137191354214867,334.0391758435222,1.0451704153437346e-05
310,4.549161004482551e-08,1.5e-10,4.7629676824812715e-05,6303502.393259891,0.0,0.0,0.0,0.0,0.0,3639328.803586048,896755843728.6621,-80.05057478212701,331.9498298897112,146.8434654954537,229.4303534684042,53.81106981953086,-115.6092560786134,-26.423673058880734,108.57565135024879,26.244025094511596,341.4103383982383,1.0502915704197082e-05
311,4.564161004482551e-08,1.5e-10,4.7806147733642644e-05,6324287.002950717,0.0,0.0,0.0,0.0,0.0,3651328.803586048,896702014668.9802,-50.68641325072113,356.41656394817176,155.97649866538893,210.72742863111483,47.99293998636372,-134.47072589674133,-42.64389321902841,74.37968367461133,2.6981072350929867,340.5226131748058,1.0553994096173303e-05
312,4.5791610044825505e-08,1.5e-10,4.798189562059097e-05,6345071.612641543,0.0,0.0,0.0,0.0,0.0,3663328.803586048,896616184965.5262,-76.84200454677364,335.6510193990931,147.42761537061259,221.36578286008853,48.31384955149333,-121.4292638229631,-37.572641109247954,105.20139166713622,28.53283043624072,336.99914217082863,1.0604543967498928e-05
313,4.59416100448255e-08,1.5e-10,4.815851905410311e-05,6365856.2223323705,0.0,0.0,0.0,0.0,0.0,3675328.803586048,896478338741.6368,-85.46555837334623,346.6219655230974,145.81894755388475,220.32523909930813,52.353090209739314,-107.85997209933002,-47.82120957016577,106.46330780679365,33.11717608079445,343.1804920147793,1.0656021041301145e-05
314,4.60916100448255e-08,1.5e-10,4.8333340524212614e-05,6386640.832023197,0.0,0.0,0.0,0.0,0.0,3687328.803586048,896373351650.9265,-82.56842461760577,330.9213891896996,153.16151368750806,215.13285829688024,32.96826147526326,-118.76159743559106,-33.92209615806625,100.69622320871552,49.60485685812626,333.3915732297144,1.0706029777285603e-05
315,4.62416100448255e-08,1.5e-10,4.8509182376933325e-05,6407425.441714023,0.0,0.0,0.0,0.0,0.0,3699328.803586048,896255992098.1392,-77.22194800166956,344.3850820730726,147.5246810621543,214.428507197654,42.83041743182304,-125.49907476245683,-47.645242004037684,94.00869069122956,34.39631772958564,337.244587481634,1.0756616465407848e-05
316,4.63916100448255e-08,1.5e-10,4.8684703626800207e-05,6428210.05140485,0.0,0.0,0.0,0.0,0.0,3711328.803586048,896040884018.0784,-87.72196541244708,347.076946628863,140.7151941304134,207.23715763730456,63.40182879561148,-100.64810104920849,-58.2137420914223,103.62975733676248,24.32447484936626,336.0023494091764,1.0807016817819225e-05
317,4.6541610044825495e-08,1.5e-10,4.885925938646722e-05,6448994.661095676,0.0,0.0,0.0,0.0,0.0,3723328.803586048,895829799303.9576,-46.92142833119629,345.79911946311796,154.53341519587664,199.84879003496098,41.06974238598425,-121.74652210578842,-43.761615353915516,81.07219424464562,5.855687382852979,326.34424576349835,1.085596845468375e-05
318,4.6691610044825493e-08,1.5e-10,4.903413622903637e-05,6469779.270786503,0.0,0.0,0.0,0.0,0.0,3735328.803586048,895657256809.984,-69.82255731297873,341.05324343441515,142.93621663173147,206.88839435437018,48.29407878900639,-109.07222763804174,-43.25238389224796,85.4608807655792,21.532559133880216,329.68506080335493,1.0905421213804253e-05
319,4.684161004482549e-08,1.5e-10,4.920978356234185e-05,6490563.88047733,0.0,0.0,0.0,0.0,0.0,3747328.803586048,895504115356.7764,-64.77807744735736,349.84742173716654,154.35341175316788,206.92044506277367,52.91439182529245,-108.63093829627286,-49.44590118458449,90.57427038433954,11.86795399139673,334.4627769795676,1.0955590630351189e-05
320,4.699161004482549e-08,1.5e-10,4.9383999059644154e-05,6511348.490168156,0.0,0.0,0.0,0.0,0.0,3759328.803586048,895367164887.6733,-53.41195316818097,340.8825887032619,157.75090650634434,199.97978757216288,46.733595266329,-100.35181623904941,-45.082728250849456,106.41738508753056,8.131342990953483,324.2781668055754,1.1004232355372026e-05
321,4.714161004482549e-08,1.5e-10,4.9559860296008034e-05,6532133.0998589825,0.0,0.0,0.0,0.0,0.0,3771328.803586048,895121569695.7914,-83.89533864417513,355.2491162092986,162.79955245069138,203.1679597974717,57.37492513100457,-128.13936447274943,-72.75042070934171,92.184885348791,26.525198032911387,338.2794670553653,1.1054974275430331e-05
322,4.7291610044825485e-08,1.5e-10,4.97365005370457e-05,6552917.709549809,0.0,0.0,0.0,0.0,0.0,3783328.803586048,894976698122.2124,-65.63743724344452,360.21147927906276,162.67569577842968,208.86038140573507,44.850283204516934,-116.89176316014476,-68.11541079073709,85.6349473853743,20.79154086727608,340.22817693360133,1.1106008501970371e-05
323,4.7441610044825484e-08,1.5e-10,4.991283199380907e-05,6573702.319240635,0.0,0.0,0.0,0.0,0.0,3795328.803586048,894869994564.9727,-59.39174871940435,353.11676993093175,158.81370259707154,212.52383932686635,45.04961784434418,-129.2494204333715,-58.27347503727216,81.7712038812234,14.346823800130363,338.54451982977884,1.1156790179944839e-05
324,4.759161004482548e-08,1.5e-10,5.008852221127576e-05,6594486.928931462,0.0,0.0,0.0,0.0,0.0,3807328.803586048,894487069528.189,-76.60746328256465,352.3885562295027,147.28053740469642,204.89188715947597,56.02643004986576,-114.16586507693783,-62.48938551652877,86.45646570984805,20.586014678660625,335.35142732451465,1.1207092894043516e-05
325,4.774161004482548e-08,1.5e-10,5.026415546434449e-05,6615271.538622289,0.0,0.0,0.0,0.0,0.0,3819328.803586048,894384875110.7098,-74.78369475944278,357.2933426121881,157.9170267019817,199.16733617499506,45.600818246565304,-123.2832035112844,-58.58784698022846,75.2313415876879,29.187823952946335,336.09110064697705,1.1257506559140562e-05
326,4.789161004482548e-08,1.5e-10,5.04382453290058e-05,6636056.148313115,0.0,0.0,0.0,0.0,0.0,3831328.803586048,894266793973.5859,-69.68294224891233,335.59357302963656,151.65251051560807,202.57901038933363,64.73961916816751,-120.35158895378746,-52.914811982107224,86.3209498007311,4.948240971719824,325.9242134275717,1.1306395191154698e-05
327,4.8041610044825476e-08,1.5e-10,5.061374321487949e-05,6656840.758003942,0.0,0.0,0.0,0.0,0.0,3843328.803586048,894165370663.0807,-71.92046323783173,361.01530447029523,160.72703508051228,193.69883444678428,57.880939105325,-108.81001031071432,-64.14540824083186,79.24090596910237,14.04444072821574,334.34020767671933,1.1356546222306206e-05
328,4.8191610044825474e-08,1.5e-10,5.078953435949696e-05,6677625.367694768,0.0,0.0,0.0,0.0,0.0,3855328.803586048,894028866126.0546,-68.92192616237216,347.08830401546123,161.85694251728333,211.13586362929135,60.7653183528699,-121.93148424587864,-65.66298047753081,87.62282502245645,8.16096508478755,336.1860090864558,1.1406974123669173e-05
329,4.834161004482547e-08,1.5e-10,5.096493136362674e-05,6698409.9773855945,0.0,0.0,0.0,0.0,0.0,3867328.803586048,893931597625.4634,-75.47702125249947,352.03818567252125,148.5378436262618,201.52765058667975,53.920863429170275,-115.86166933260454,-54.305756521124934,76.37088472560737,21.562085043951573,334.17194720956405,1.1457099915750607e-05
330,4.849161004482547e-08,1.5e-10,5.114078530312588e-05,6719194.587076421,0.0,0.0,0.0,0.0,0.0,3879328.803586048,893832304717.6785,-61.234063171952656,350.6062759893124,157.25461741536287,209.31800760698027,53.08703053695775,-116.92531914322126,-62.79847356413689,83.47220512270263,8.153168005768435,335.0745748906018,1.1507361101984198e-05
331,4.864161004482547e-08,1.5e-10,5.131648753239942e-05,6739979.196767247,0.0,0.0,0.0,0.0,0.0,3891328.803586048,893736633603.6771,-58.24198134709029,354.35191191159777,157.6295899382042,204.84506030109114,48.88731431784871,-124.69899827121183,-75.79318017637242,86.21845743794215,9.360857379604527,332.97580032389874,1.1557307472032782e-05
332,4.8791610044825466e-08,1.5e-10,5.149153806128663e-05,6760763.806458075,0.0,0.0,0.0,0.0,0.0,3903328.803586048,893647869258.0238,-54.12414550789344,350.5974966740858,155.15777323195294,201.7326919638519,41.86639505970254,-123.19729649973098,-75.01270744321508,83.03841250599775,12.264438503243031,328.00908221309567,1.1606508834364746e-05
333,4.8941610044825464e-08,1.5e-10,5.1668405580094e-05,6781548.416148901,0.0,0.0,0.0,0.0,0.0,3915328.803586048,893554628407.2621,-48.333719304589756,359.9026160741143,166.73933090769157,213.5392556960788,47.91885147212958,-113.89781622135771,-84.63300816335759,83.02541237892936,0.4213332248757109,339.50710272036423,1.16574348997728e-05
334,4.909161004482546e-08,1.5e-10,5.184329752277195e-05,6802333.025839727,0.0,0.0,0.0,0.0,0.0,3927328.803586048,893467835282.1244,-69.77991633281495,354.1505907433485,149.12159742718933,194.89415588622776,43.24628574863041,-135.36171685926737,-64.33280238776089,87.69091491579336,26.541006799557824,329.54493113813265,1.170686663944352e-05
335,4.924161004482546e-08,1.5e-10,5.20187818158899e-05,6823117.635530554,0.0,0.0,0.0,0.0,0.0,3939328.803586048,893393056979.1766,-61.64890485102124,352.80611531297114,155.30685246305737,203.82266804518778,41.886739187279474,-122.94023890254998,-71.91349076210938,84.82019595371166,19.770120337465304,331.73035285075196,1.1756626192371133e-05
336,4.939161004482546e-08,1.5e-10,5.219526483930913e-05,6843902.24522138,0.0,0.0,0.0,0.0,0.0,3951328.803586048,893295443877.9958,-58.670656685221445,357.8778805933815,165.03499542509522,210.2225650705905,43.66556870710948,-129.1011216579026,-77.00726159101761,88.7663058007248,15.011697123583144,338.261463689279,1.1807365411924525e-05
337,4.9541610044825456e-08,1.5e-10,5.237136508336173e-05,6864686.8549122065,0.0,0.0,0.0,0.0,0.0,3963328.803586048,893238215838.1975,-56.72208684098301,355.405548091352,160.6614606270736,208.83822926466394,25.170471971132624,-123.97301950092665,-65.8441009373686,81.21232310523834,31.560097837332584,336.0971210232996,1.185777998007802e-05
338,4.9691610044825454e-08,1.5e-10,5.2546265472195565e-05,6885471.464603033,0.0,0.0,0.0,0.0,0.0,3975328.803586048,893121094327.976,-51.78905502636387,345.7194386844134,158.6138452579421,205.06934920903853,45.737961876396824,-119.64372175049614,-82.63265256280884,83.26933538852732,6.057066293963807,326.6425351737291,1.1906776360354079e-05
339,4.984161004482545e-08,1.5e-10,5.272195190722393e-05,6906256.07429386,0.0,0.0,0.0,0.0,0.0,3987328.803586048,893046826940.0781,-64.42949064232886,345.4372134393113,155.9792301150479,212.8835172827461,42.946046063126275,-119.760872777807,-64.95226042672475,77.4367063336166,21.492568439179713,334.02304705905374,1.1956879817412937e-05
340,4.999161004482545e-08,1.5e-10,5.2898914090268e-05,6927040.683984687,0.0,0.0,0.0,0.0,0.0,3999328.803586048,892938064700.6636,-65.72034722191836,354.81932737848615,159.19755465108983,218.60240557398154,39.9207987683294,-119.30751022619242,-74.00806763155799,82.3982192710061,25.808239058214408,341.85271054105084,1.2008157723994094e-05
341,5.014161004482545e-08,1.5e-10,5.3073255053260757e-05,6947825.293675513,0.0,0.0,0.0,0.0,0.0,4011328.803586048,892838938467.5533,-40.85386988685215,345.64673800945144,170.5612258340252,199.55815721358988,3.865306188934236,-129.6426785675742,-62.110281181695484,73.09371134853443,36.99989853119532,325.73696668767366,1.2057018268997245e-05
342,5.0291610044825446e-08,1.5e-10,5.3249790852313926e-05,6968609.903366339,0.0,0.0,0.0,0.0,0.0,4023328.803586048,892710405048.8452,-57.51073468255351,356.87510529504584,165.5567800832919,212.53985880832983,36.92425701586892,-120.24067174099885,-84.68660012428008,81.42589461274859,20.591296490973132,337.8706596599393,1.2107698867946235e-05
343,5.0441610044825444e-08,1.5e-10,5.342415918730634e-05,6989394.513057167,0.0,0.0,0.0,0.0,0.0,4035328.803586048,892621436651.266,-68.11378620395577,342.73806443490764,163.25391860963836,201.17100132949034,29.22044245579048,-125.93498345985624,-83.58842433324223,85.41540646943717,38.899101553620085,325.4936883046754,1.2156522921191937e-05
344,5.059161004482544e-08,1.5e-10,5.360155730496416e-05,7010179.122747992,0.0,0.0,0.0,0.0,0.0,4047328.803586048,892522603110.3127,-74.16976122153487,359.17988330447594,169.5430626307987,217.47757913975624,56.594510876704106,-119.32270088602941,-74.55905624636353,88.39817682241434,17.581063000270486,346.6691450958802,1.2208523292956319e-05
345,5.074161004482544e-08,1.5e-10,5.377806647877123e-05,7030963.732438819,0.0,0.0,0.0,0.0,0.0,4059328.803586048,892416845033.8772,-65.26633175294131,351.7065076925835,169.64335367007965,216.31720277259726,40.8159623795802,-118.04316992320847,-81.79254197347139,85.86963765547542,24.455307819419986,338.8466884383777,1.2259350296222075e-05
346,5.089161004482544e-08,1.5e-10,5.3955466405480576e-05,7051748.342129646,0.0,0.0,0.0,0.0,0.0,4071328.803586048,892308920301.7898,-53.35273476635893,368.4565940004577,167.90140987131772,211.52661523689392,28.871016951191812,-115.35827773199868,-85.97133133312694,69.01641423396468,24.48703424960195,343.41420987168215,1.2310862427702828e-05
347,5.1041610044825436e-08,1.5e-10,5.41328500311049e-05,7072532.951820472,0.0,0.0,0.0,0.0,0.0,4083328.803586048,892219097930.4089,-72.1520370084981,356.2075847134183,167.35256433525427,221.05369405731685,40.05110460693431,-116.79669111806898,-71.55962370401264,77.2965354581265,32.10677982141754,346.24116797900143,1.2362798602899677e-05
348,5.1191610044825434e-08,1.5e-10,5.430843834784554e-05,7093317.561511299,0.0,0.0,0.0,0.0,0.0,4095328.803586048,892143753127.9691,-50.97580620236201,357.3665314654553,165.82280536372247,202.3160562349552,22.692190879939247,-118.30850970809954,-89.25782590408434,67.92503047538584,28.28956328251349,331.3974579994699,1.2412508221599598e-05
349,5.134161004482543e-08,1.5e-10,5.448615370482232e-05,7114102.171202126,0.0,0.0,0.0,0.0,0.0,4107328.803586048,892076561631.2,-72.72728793138124,347.3826291390642,172.91737124848274,232.80017407344576,43.34776078301551,-110.77979614091288,-61.90205324265956,89.14424517434482,29.385519204333967,349.0311228092297,1.2464862890020982e-05
350,5.149161004482543e-08,1.5e-10,5.466376645562525e-05,7134886.780892951,0.0,0.0,0.0,0.0,0.0,4119328.803586048,891981620667.9432,-68.9810009078516,355.9845204657395,164.99578715585994,224.2106821618054,45.59173258543867,-111.77060727714897,-74.8305884641812,74.5258010783243,23.393869692952606,346.84863519366286,1.251689018530003e-05
351,5.164161004482543e-08,1.5e-10,5.4838777473074614e-05,7155671.390583778,0.0,0.0,0.0,0.0,0.0,4131328.803586048,891917510374.5475,-49.335990809052134,358.3330555547025,165.15369659032285,195.8297512676843,10.980643327422033,-113.81691087209607,-100.30458108789189,63.464654358982756,38.3598188857073,327.56137054835705,1.2566024390882285e-05
352,5.1791610044825427e-08,1.5e-10,5.501472614120146e-05,7176456.000274604,0.0,0.0,0.0,0.0,0.0,4143328.803586048,891823080325.0469,-76.18127505270864,334.91846342869724,169.84329069199777,224.57538088706065,54.29239175757042,-107.35895874229801,-68.08118629464404,95.0515615647956,21.89330770979644,337.6395980586735,1.2616670330591086e-05
353,5.1941610044825425e-08,1.5e-10,5.519185271765506e-05,7197240.6099654315,0.0,0.0,0.0,0.0,0.0,4155328.803586048,891755943647.2666,-58.263236739029445,355.900229708053,162.44346878380077,220.2819609182067,31.294662401334477,-109.61471689893787,-77.32749038633114,74.16602309598356,26.97290809616076,341.9016687627896,1.2667955580905505e-05
354,5.209161004482542e-08,1.5e-10,5.5368452911980444e-05,7218025.219656258,0.0,0.0,0.0,0.0,0.0,4167328.803586048,891610997503.5828,-59.88936045395255,347.9581960965035,164.16309949192967,220.78741017257704,52.73052349427014,-109.47183316539237,-71.94646235468088,76.11007349614253,7.1625205417320865,339.57108751662184,1.2718891244032999e-05
355,5.224161004482542e-08,1.5e-10,5.5546482675706756e-05,7238809.829347084,0.0,0.0,0.0,0.0,0.0,4179328.803586048,891365942348.7296,-58.41866994132444,360.4494428430674,166.76752159027714,225.8897062674495,30.890385750706077,-113.97846316169777,-76.2209179711533,61.2873850691341,27.532322665031387,348.81638262315266,1.2771213701426472e-05
356,5.239161004482542e-08,1.5e-10,5.572239567712963e-05,7259594.439037911,0.0,0.0,0.0,0.0,0.0,4191328.803586048,891297119427.6884,-79.36298362666776,342.91663475831643,160.94020267698838,216.7875219713297,41.11171263313147,-121.0629192178836,-67.3836830922784,66.56190653105003,38.25526012602301,338.5735606074747,1.2821999735517593e-05
357,5.2541610044825417e-08,1.5e-10,5.589975201332594e-05,7280379.048728737,0.0,0.0,0.0,0.0,0.0,4203328.803586048,891056999500.2069,-62.25591915930658,355.92465725230016,165.40031071594996,222.1082565620491,38.48498368826477,-114.07772003397925,-76.43429935543682,69.0933950524545,23.774884378405186,344.4342546158239,1.2873664873709967e-05
358,5.2691610044825415e-08,1.5e-10,5.607855677136368e-05,7301163.658419563,0.0,0.0,0.0,0.0,0.0,4215328.803586048,890979527547.0858,-61.97017130054593,366.18524418446276,162.52781091618596,228.73131966290103,18.680413532320205,-113.4264061277641,-59.632321275206685,68.37085858730603,43.78303529883338,355.3194011093187,1.2926962783876364e-05
359,5.284161004482541e-08,1.5e-10,5.6255457128595525e-05,7321948.268110391,0.0,0.0,0.0,0.0,0.0,4227328.803586048,890761724291.4001,-53.81421029607744,352.19164825616986,154.29839120376275,221.37487021172163,44.2146912491659,-111.56767310374337,-74.39886925887497,54.175031924134686,9.602266606051193,340.85315671513507,1.2978090757383635e-05
360,5.299161004482541e-08,1.5e-10,5.6432806429216615e-05,7342732.877801217,0.0,0.0,0.0,0.0,0.0,4239328.803586048,890604598253.3339,-56.62060469105432,356.9772434182324,155.28295058184332,221.49171868473934,41.877067001063516,-106.40917259205239,-71.56187888085329,55.444417435192065,14.746229314155523,343.79598117769694,1.302966015456029e-05
361,5.314161004482541e-08,1.5e-10,5.6610219331023336e-05,7363517.4874920435,0.0,0.0,0.0,0.0,0.0,4251328.803586048,890475070660.8479,-67.19411348837905,358.4568975146453,150.26927294465446,220.1467440400886,53.40403267201032,-100.93989442242709,-79.28016835921733,55.84295336391244,13.792204601042434,344.94921852587464,1.308140253733917e-05
362,5.329161004482541e-08,1.5e-10,5.678802688651494e-05,7384302.09718287,0.0,0.0,0.0,0.0,0.0,4263328.803586048,890339335832.4274,-80.72069905023318,350.4400925299527,148.6878429251278,231.77517585151847,44.716781676348226,-108.79962059817089,-71.76245342600153,63.02140314080955,36.00508382373139,349.5765797071648,1.3133839024295246e-05
363,5.3441610044825405e-08,1.5e-10,5.696589980923456e-05,7405086.706873696,0.0,0.0,0.0,0.0,0.0,4275328.803586048,890238717986.7256,-54.58537141297,372.72002631313273,156.104130631707,213.5899407697037,19.334661610161668,-109.20191740953359,-87.81773291624418,48.85987526029652,35.2530042091331,347.013882575156,1.3185891106681518e-05
364,5.35916100448254e-08,1.5e-10,5.714231633210204e-05,7425871.316564523,0.0,0.0,0.0,0.0,0.0,4287328.803586048,890142014236.5842,-90.88376463358146,329.96833428954153,146.33842652356446,234.07490947667134,63.15709946405135,-113.53970051475183,-57.845271667650344,71.59153107931381,27.72897749455951,343.3999691190069,1.323740110204937e-05
365,5.37416100448254e-08,1.5e-10,5.7320388542913494e-05,7446655.92625535,0.0,0.0,0.0,0.0,0.0,4299328.803586048,890016586363.3208,-51.821644442104116,356.16527406315026,143.11079075391115,232.07566371670524,37.74261045862909,-107.56190259339174,-77.89456622521384,49.741278320863096,14.08136625315652,347.4863671753223,1.3289524057125668e-05
366,5.38916100448254e-08,1.5e-10,5.7499042927956355e-05,7467440.535946175,0.0,0.0,0.0,0.0,0.0,4311328.803586048,889894813312.0327,-55.02859152041554,361.8799184436753,136.3368350039779,232.73553492224644,46.73458345207207,-88.72425153711502,-74.14856582897431,63.644084884611665,8.296404175134429,350.53584122913594,1.334210443331004e-05
367,5.40416100448254e-08,1.5e-10,5.767646709314608e-05,7488225.145637003,0.0,0.0,0.0,0.0,0.0,4323328.803586048,889764517902.898,-58.35406393480191,360.55857385159413,134.8075597502517,219.30190862851134,49.831434530483826,-94.27244422733862,-70.52710133194734,56.760803592769996,8.52502372562524,343.36538799011936,1.3393609241508558e-05
368,5.4191610044825395e-08,1.5e-10,5.7853805838363916e-05,7509009.755327829,0.0,0.0,0.0,0.0,0.0,4335328.803586048,889620321773.9775,-64.17072179336505,359.37197122297164,149.4501584435431,217.61501191439248,63.969462677294146,-92.96576161087981,-66.9558986349449,59.407298184579034,0.20366024909791564,345.0920082216047,1.3445373042741799e-05
369,5.434161004482539e-08,1.5e-10,5.803041138048508e-05,7529794.365018656,0.0,0.0,0.0,0.0,0.0,4347328.803586048,889524719478.6255,-66.21455549914535,352.3469773634013,134.95235478888455,216.83099167412328,45.03317556299426,-103.06334652377492,-55.49478641229975,45.87521892543747,21.18378087042356,340.2301971776415,1.3496407572318445e-05
370,5.449161004482539e-08,1.5e-10,5.820609110127884e-05,7550578.974709482,0.0,0.0,0.0,0.0,0.0,4359328.803586048,889389213808.2947,-68.1363389360215,341.57672182469804,131.9789340731082,216.62885311835487,65.34382915202187,-102.3893444203492,-66.01427167788287,57.77782609591836,2.794672778337573,334.5521194698037,1.3546590390238917e-05
371,5.464161004482539e-08,1.5e-10,5.838340788682552e-05,7571363.584400309,0.0,0.0,0.0,0.0,0.0,4371328.803586048,889245676620.8143,-71.38306119150171,357.15472232621573,130.58670613540738,220.33395811877276,54.29456080767377,-92.26990935855787,-66.75083744268484,57.86264835079791,17.090828548093175,344.20106921273066,1.3598220550620826e-05
372,5.479161004482539e-08,1.5e-10,5.855971752129151e-05,7592148.194091135,0.0,0.0,0.0,0.0,0.0,4383328.803586048,889115749719.28,-65.92385563385258,364.726821638793,132.69025006369148,201.87348270664842,50.11690051827533,-99.63405908874545,-73.64898118836109,54.988044126338856,15.809285909319817,337.01148690961463,1.3648772273657267e-05
373,5.4941610044825385e-08,1.5e-10,5.8738142961830605e-05,7612932.803781962,0.0,0.0,0.0,0.0,0.0,4395328.803586048,888987362379.2533,-57.72372192526186,357.54872833233725,133.92659525528268,232.9361473091094,52.01728519832395,-102.97790304661908,-51.74137925866699,54.991688487579985,5.708776618117849,351.12690355624034,1.3701441309190703e-05
374,5.509161004482538e-08,1.5e-10,5.8914957881204516e-05,7633717.413472788,0.0,0.0,0.0,0.0,0.0,4407328.803586048,888855619928.3652,-82.82767686305853,350.4789877316641,140.00252495721594,219.04006839284975,57.69660011077059,-97.92141788201826,-51.93882192526736,73.27047252132199,25.133410122023022,343.68438051711667,1.375299396626827e-05
375,5.524161004482538e-08,1.5e-10,5.9092377047136774e-05,7654502.023163615,0.0,0.0,0.0,0.0,0.0,4419328.803586048,888773955799.5536,-69.3792131287398,366.52105934405927,138.5588051512937,211.6268854548023,48.25118636652311,-93.52081999405704,-55.50271519711832,72.87344336386867,21.13041490168509,344.84584361878143,1.3804720842811088e-05
376,5.539161004482538e-08,1.5e-10,5.9270229784639226e-05,7675286.632854441,0.0,0.0,0.0,0.0,0.0,4431328.803586048,888665317599.2769,-74.88975911120772,368.118878086151,135.60536530012044,214.92355362272832,50.812387066534654,-102.78003077457683,-60.78138563776171,76.38808185243872,24.08086949156851,348.2212735329042,1.3856954033841023e-05
377,5.554161004482538e-08,1.5e-10,5.944759846365807e-05,7696071.242545268,0.0,0.0,0.0,0.0,0.0,4443328.803586048,888546345296.9729,-78.87978085450153,368.6961732852021,126.99844294739142,208.60210726033736,54.13877580635265,-93.63408396600741,-58.29087417485861,64.91006620315095,24.744459135346286,345.61526499208173,1.3908796323589836e-05
378,5.5691610044825375e-08,1.5e-10,5.9625286730305595e-05,7716855.852236095,0.0,0.0,0.0,0.0,0.0,4455328.803586048,888440275333.6193,-74.16900776957387,366.36626745816767,130.8297378803029,213.96943669670705,68.18592367936856,-99.11041937701872,-52.19958045847783,79.72468741150848,5.9864870195084405,348.1955569473793,1.3961025657131942e-05
379,5.5841610044825373e-08,1.5e-10,5.980234989136789e-05,7737640.461926921,0.0,0.0,0.0,0.0,0.0,4467328.803586048,888362196557.6459,-84.06315451576083,357.959802877519,136.65386173873145,214.07870989285493,68.9985649314012,-86.88900672385664,-51.78645242750015,72.95634213557521,14.742554203080363,345.7909648070634,1.4012894301853003e-05
380,5.599161004482537e-08,1.5e-10,5.997991901172075e-05,7758425.071617748,0.0,0.0,0.0,0.0,0.0,4479328.803586048,888023488618.9463,-72.55848456826985,376.25476396545275,135.59750341831548,204.17502386742981,51.62273085753675,-87.57962072167061,-71.30586094720653,62.13138529638593,19.34709843274247,345.58533295710447,1.4064732101796569e-05
381,5.614161004482537e-08,1.5e-10,6.01586529641429e-05,7779209.681308574,0.0,0.0,0.0,0.0,0.0,4491328.803586048,887907529421.5045,-74.965275986154,385.8021405799457,137.60766719786443,207.65470371233152,51.960305425504934,-91.7542631262229,-67.92927913402842,71.48989234982486,23.00849113630409,353.6263855820193,1.4117776059633872e-05
382,5.629161004482537e-08,1.5e-10,6.033612412745075e-05,7799994.2909994,0.0,0.0,0.0,0.0,0.0,4503328.803586048,887558829647.7113,-79.03271292770259,365.08594768447654,139.43539685198158,211.8772928381015,64.1738307610075,-88.98072309178137,-48.04674695555858,62.36344620775503,14.862432025068573,347.90689845552834,1.4169962094402202e-05
383,5.6441610044825366e-08,1.5e-10,6.0514771020478735e-05,7820778.900690227,0.0,0.0,0.0,0.0,0.0,4515328.803586048,887433486583.323,-89.71869409775002,380.2102930073323,133.87866517808675,210.8361168597382,66.03115482261177,-91.40017174347277,-71.21427160803542,46.39751777641022,23.691159142799346,356.47794728473747,1.4223433786494913e-05
384,5.6591610044825364e-08,1.5e-10,6.0692604355970055e-05,7841563.510381054,0.0,0.0,0.0,0.0,0.0,4527328.803586048,887302458288.6824,-76.37540687783202,375.56853790046154,135.18700447255262,207.19395744140675,48.123190534534515,-87.25438900743123,-59.62533948047477,61.83492069251828,28.255744863762,348.2636469134823,1.4275673333531936e-05
385,5.674161004482536e-08,1.5e-10,6.0873224788434975e-05,7862348.1200718805,0.0,0.0,0.0,0.0,0.0,4539328.803586048,887160119304.5038,-31.03822668534604,402.5135099864344,146.32798749629595,216.37273689715875,37.81385986123354,-69.61429990211623,-70.10017424584565,67.17474537097951,-6.7729229044441155,362.268354270241,1.4330013586672472e-05
386,5.689161004482536e-08,1.5e-10,6.105192739831039e-05,7883132.729762707,0.0,0.0,0.0,0.0,0.0,4551328.803586048,886848748711.1489,-88.08948130538946,375.7089426193859,150.44252373371205,215.43185436815386,54.53005320920232,-108.4692034526446,-63.03514173322566,89.82388081228476,33.5627555081512,356.44290066409775,1.4383480021772086e-05
387,5.704161004482536e-08,1.5e-10,6.123005097950672e-05,7903917.339453533,0.0,0.0,0.0,0.0,0.0,4563328.803586048,886730374825.3606,-72.3730657905103,359.9704414070794,149.86266392724988,225.5945451277842,50.722355084992124,-85.00428320109476,-58.630985833474334,62.83937376488346,21.683900167004083,350.3628950679438,1.4436034456032278e-05
388,5.7191610044825356e-08,1.5e-10,6.140862162621553e-05,7924701.94914436,0.0,0.0,0.0,0.0,0.0,4575328.803586048,886359912746.3998,-80.0876457468788,372.04823907447394,138.75518907097413,219.1338834999612,66.55810864254975,-91.84603759035194,-81.21792572461848,70.98052556871679,13.549592371139484,353.6935664660759,1.448908849100219e-05
389,5.7341610044825354e-08,1.5e-10,6.158704004937078e-05,7945486.558835186,0.0,0.0,0.0,0.0,0.0,4587328.803586048,886146333295.9326,-71.26544020599044,367.3327327617285,143.26007558653438,222.50720441881114,38.765387899515076,-101.47289860990848,-59.82837570580681,57.558299889485184,32.420326319855455,352.1674240423085,1.4541913604608536e-05
390,5.749161004482535e-08,1.5e-10,6.176492139192998e-05,7966271.168526013,0.0,0.0,0.0,0.0,0.0,4599328.803586048,886035754017.1835,-61.30189156212879,369.701082658163,139.98103532275806,215.5102975869557,27.509993327564782,-100.97715655713762,-64.73071045953085,58.83961049260313,33.73182989873428,346.99455314137543,1.4593962787579743e-05
391,5.764161004482535e-08,1.5e-10,6.194445422519086e-05,7987055.778216839,0.0,0.0,0.0,0.0,0.0,4611328.803586048,885889859103.5786,-55.782689188189416,372.31218386763936,147.06017056801636,231.72981151456094,32.0006427039472,-92.11784172279266,-60.44429843029897,56.96035848465104,23.735995048467636,357.306303766611,1.4647558733144734e-05
392,5.779161004482535e-08,1.5e-10,6.212392057397774e-05,8007840.387907666,0.0,0.0,0.0,0.0,0.0,4623328.803586048,885769356649.5746,-71.54185123478949,374.9618344899376,132.80940318310454,227.58899558820923,37.260324588249034,-94.03001014121755,-59.61136837632893,65.45796446357983,34.243020977105424,358.0503327866835,1.4701266283062737e-05
393,5.7941610044825346e-08,1.5e-10,6.230103700142503e-05,8028624.997598493,0.0,0.0,0.0,0.0,0.0,4635328.803586048,885636544021.576,-97.44672823762852,353.1064393451316,141.18980682806662,219.02528717882242,51.709292270909856,-95.22406876986004,-53.82910681438743,67.23648334878365,45.70568625008411,348.45724766643326,1.4753534870212702e-05
394,5.8091610044825344e-08,1.5e-10,6.248095493685615e-05,8049409.607289318,0.0,0.0,0.0,0.0,0.0,4647328.803586048,885480691668.57,-74.54644940204649,388.64578654260464,143.60876475769032,217.94337051002756,50.53337005003466,-95.66435196069163,-62.07003364185058,56.799229491173705,23.982914542636493,362.1608378719897,1.48078589958935e-05
395,5.824161004482534e-08,1.5e-10,6.266144874020251e-05,8070194.216980145,0.0,0.0,0.0,0.0,0.0,4659328.803586048,885326310085.4601,-70.57959974680506,382.352262165838,139.12125091146143,231.46930205456425,45.058738925601475,-87.6761848681479,-57.962790236816105,58.673115494015164,25.497527643968088,364.9331326942236,1.4862598965797634e-05
396,5.839161004482534e-08,1.5e-10,6.284263496565368e-05,8090978.826670973,0.0,0.0,0.0,0.0,0.0,4671328.803586048,885069232540.632,-77.43784458505534,380.4496741603897,148.7152047403275,240.28008782929743,40.07033803951483,-95.07059657396823,-51.88692078559215,59.670469384268316,37.34736834758008,371.4514227426333,1.491831667920903e-05
397,5.854161004482534e-08,1.5e-10,6.301947455758026e-05,8111763.436361798,0.0,0.0,0.0,0.0,0.0,4683328.803586048,884970509446.462,-74.36785211563729,369.6122014337603,139.28432159381495,201.66487114631357,43.45735109472768,-91.26834917347686,-58.364906793491905,59.4330371496716,30.893553639884054,341.8898425598841,1.4969600155593013e-05
398,5.8691610044825336e-08,1.5e-10,6.319841907044802e-05,8132548.0460526245,0.0,0.0,0.0,0.0,0.0,4695328.803586048,884683771034.6058,-80.34977623984176,368.3220664280479,144.39133989643568,225.82094462618812,51.797009472518376,-93.70824698103222,-48.846909172734186,55.70499496902242,28.538306653344282,357.5312603339073,1.50232298446431e-05
399,5.8841610044825334e-08,1.5e-10,6.337714057296524e-05,8153332.655743452,0.0,0.0,0.0,0.0,0.0,4707328.803586048,884531183145.1953,-49.34891880115839,377.70131802211415,155.78978582985224,217.07801079999234,38.08194147438081,-89.36241672611281,-66.94800858273926,55.20859626547898,11.25469403716815,351.5898326236136,1.5075968319536642e-05
400,5.899161004482533e-08,1.5e-10,6.355468784987264e-05,8174117.265434277,0.0,0.0,0.0,0.0,0.0,4719328.803586048,884405650921.874,-72.35709750210515,369.0884523948237,137.79718040815982,210.93130047949327,28.58640852132524,-98.05601353843971,-54.21583075492135,54.98176477672398,43.76078964530333,346.98685118389443,1.5128016347214226e-05
401,5.914161004482533e-08,1.5e-10,6.373274556897878e-05,8194901.875125105,0.0,0.0,0.0,0.0,0.0,4731328.803586048,883955554103.6376,-71.39778036730276,362.86990270845496,134.57253163707875,223.50408530943258,25.84100734444657,-90.85971648632429,-56.82464818266515,45.000802663597035,45.54864074345069,350.0773180949706,1.5180527944928472e-05
402,5.929161004482533e-08,1.5e-10,6.391076057553498e-05,8215686.484815932,0.0,0.0,0.0,0.0,0.0,4743328.803586048,883847201413.6967,-62.067550217494635,366.4642453358995,146.8176112479554,219.27622034789397,28.50500984520315,-92.75818248085648,-53.79473153927616,46.4568289056059,33.55882506941097,349.03256145346205,1.5232882829146492e-05
403,5.9441610044825326e-08,1.5e-10,6.408845953649642e-05,8236471.094506758,0.0,0.0,0.0,0.0,0.0,4755328.803586048,883773392139.3484,-61.302735813934916,371.6556085010297,138.07345689876067,210.74096439936295,29.221088716495803,-86.69351340425024,-50.48453771422872,47.64058542865606,32.18975881077916,346.25562527618087,1.5284821172937918e-05
404,5.9591610044825324e-08,1.5e-10,6.426661278718486e-05,8257255.704197584,0.0,0.0,0.0,0.0,0.0,4767328.803586048,883636748800.4924,-73.8835497317972,364.46591984701934,137.6324381492972,221.61327277467518,34.72324895321734,-91.6264258327513,-41.83147242560234,50.08150021623699,39.25447170407082,351.56953739735906,1.5337556603547523e-05
405,5.974161004482532e-08,1.5e-10,6.44447378586604e-05,8278040.31388841,0.0,0.0,0.0,0.0,0.0,4779328.803586048,883526667969.3088,-63.35997378851929,366.1046360935554,149.7428907696332,220.61282471505214,20.440692922591214,-89.22070913074643,-45.72485644680341,53.20891591642669,42.90744123486669,350.6663623115845,1.539015655789426e-05
406,5.989161004482532e-08,1.5e-10,6.462324899390435e-05,8298824.923579237,0.0,0.0,0.0,0.0,0.0,4791328.803586048,883423979815.3181,-73.07065925453969,375.5883406922451,134.638411487497,215.0050623979104,38.272525343350274,-91.93941450729783,-48.44312462882899,46.635607832764606,34.78720326861293,353.2285115200767,1.5443140834622272e-05
407,6.004161004482532e-08,1.5e-10,6.48051283497339e-05,8319609.533270064,0.0,0.0,0.0,0.0,0.0,4803328.803586048,883306550926.6473,-85.29383415652491,396.7629952501111,147.3139637089119,231.72269880520432,40.2211002094821,-94.34576595285968,-59.96430864074411,38.36963175143266,45.05954894359675,377.53756257676764,1.5499771469008788e-05
408,6.019161004482532e-08,1.5e-10,6.498327827490045e-05,8340394.14296089,0.0,0.0,0.0,0.0,0.0,4815328.803586048,883182934255.4038,-90.52800542875264,365.4728578884458,134.55030448923657,218.68078744349762,55.54539101800291,-89.56601611234449,-41.49133272134674,60.88453491644153,34.97312054614096,353.8952480262381,1.5552855756212724e-05
409,6.034161004482531e-08,1.5e-10,6.516156898489728e-05,8361178.7526517175,0.0,0.0,0.0,0.0,0.0,4827328.803586048,883081835350.4376,-68.28304263238905,387.4546200239565,148.49838136262488,201.13746298686797,35.6838939345014,-93.92864869788997,-64.50439875883924,46.88758411600402,32.589821946698414,351.0481982281205,1.560551298594694e-05
410,6.049161004482531e-08,1.5e-10,6.533991951718525e-05,8381963.362342543,0.0,0.0,0.0,0.0,0.0,4839328.803586048,882961062635.4231,-78.0923490660812,374.13598058037553,142.16818418873424,213.70765094643028,50.3344375688137,-96.46312640081493,-55.292587763687465,49.861926680617486,27.748119842259108,353.1208639553923,1.565848111554025e-05
411,6.064161004482531e-08,1.5e-10,6.551654731835238e-05,8402747.97203337,0.0,0.0,0.0,0.0,0.0,4851328.803586048,882868544963.3386,-55.73155735946811,360.7275679993931,147.54622210925947,208.45737216801632,38.26225717783402,-95.12194159138829,-41.71013231917431,58.01585213024858,17.460899667526405,339.75452684991956,1.5709444294567738e-05
412,6.079161004482531e-08,1.5e-10,6.569518347744844e-05,8423532.581724197,0.0,0.0,0.0,0.0,0.0,4863328.803586048,882763375259.8875,-72.82365103485557,373.9457835116845,135.8660435246121,217.69050249739095,40.805858783360314,-96.16044614400278,-43.49884119357624,48.32552365628563,32.00981310396691,354.4194481075451,1.576260721178387e-05
413,6.09416100448253e-08,1.5e-10,6.587403987644676e-05,8444317.191415023,0.0,0.0,0.0,0.0,0.0,4875328.803586048,882637074988.8286,-65.81155096881241,381.84825122616377,157.0664734381409,213.09940019949315,33.59823462796838,-88.85488699955931,-63.54731078341496,43.99945774134403,32.204138111598894,354.8308364557116,1.5815831837252227e-05
414,6.10916100448253e-08,1.5e-10,6.605109971268575e-05,8465101.80110585,0.0,0.0,0.0,0.0,0.0,4887328.803586048,882534294684.6946,-68.16740051196933,371.10073768115876,140.12044091029205,202.81589963242646,28.907727021583487,-100.83307166549464,-44.41343234461984,31.179830959930737,39.252823492858276,345.1754059736684,1.5867608148148277e-05
415,6.12416100448253e-08,1.5e-10,6.622970233728617e-05,8485886.410796676,0.0,0.0,0.0,0.0,0.0,4899328.803586048,882435457574.7394,-65.69839408216882,366.36181317508175,152.85167154786774,224.91652344499522,41.498147827440555,-89.07293544895603,-49.065291915254484,56.82208442313723,24.1935289123722,353.3974181871241,1.5920617760876345e-05
416,6.13916100448253e-08,1.5e-10,6.640541994103579e-05,8506671.020487502,0.0,0.0,0.0,0.0,0.0,4911328.803586048,882333415244.2946,-94.6797337843019,355.48813277259427,128.43659838778882,202.73902214342652,15.024507182241843,-80.32232738112721,-57.36320094650296,57.52526512165203,79.64909221679382,340.71328207655483,1.597172475318783e-05
417,6.15416100448253e-08,1.5e-10,6.658468779276615e-05,8527455.630178329,0.0,0.0,0.0,0.0,0.0,4923328.803586048,882219380204.9753,-75.6507675100482,384.210241836117,146.1333058813848,214.73982954267674,31.801532471929637,-100.9951178213528,-52.07158919157226,50.792576793801366,43.842031127102445,359.361512151976,1.6025628980010626e-05
418,6.16916100448253e-08,1.5e-10,6.67632659719154e-05,8548240.239869155,0.0,0.0,0.0,0.0,0.0,4935328.803586048,881864327671.6371,-67.19155044760205,382.1718578129047,138.62848793428694,209.57398276807052,23.246318359968523,-99.2723827529172,-40.748709745202234,50.25501249680692,43.9398537194384,354.07998457858673,1.6078740977697414e-05
419,6.18416100448253e-08,1.5e-10,6.69421404613853e-05,8569024.849559981,0.0,0.0,0.0,0.0,0.0,4947328.803586048,881760832866.8162,-71.00187979302413,381.7924611267198,133.95103585711027,213.64074075241135,28.963053753451526,-90.27354141956897,-49.41622375064393,67.54362454787992,42.03358759445603,354.72871196862627,1.613195028449271e-05
420,6.199161004482529e-08,1.5e-10,6.712171447813274e-05,8589809.45925081,0.0,0.0,0.0,0.0,0.0,4959328.803586048,881647806284.1742,-63.19009128808891,383.1800469989427,142.80054667132933,219.8330026628312,31.85293215067181,-104.26492125713268,-38.80883157369614,64.15217620579114,31.33140788905672,359.64174547953496,1.618589654631464e-05
421,6.214161004482529e-08,1.5e-10,6.730041547366331e-05,8610594.068941636,0.0,0.0,0.0,0.0,0.0,4971328.803586048,881546300837.1036,-60.047758991815364,381.21624452155544,135.69155466088688,212.84086217240355,16.077704104871646,-95.40312009896917,-38.531965906729916,58.46994755601541,43.96461142067971,353.6957811960965,1.6238950913494054e-05
422,6.229161004482529e-08,1.5e-10,6.74790173272116e-05,8631378.678632462,0.0,0.0,0.0,0.0,0.0,4983328.803586048,881471989784.7545,-82.78850643327223,382.5167623504207,127.90168391972735,208.81268560987056,33.3222320317994,-100.34902471803946,-47.46816681148898,64.84453925477754,49.4619721356422,355.069112733749,1.6292211280404118e-05
423,6.244161004482529e-08,1.5e-10,6.765799679336361e-05,8652163.288323289,0.0,0.0,0.0,0.0,0.0,4995328.803586048,881355204173.0903,-64.93147398670821,373.0324561967733,135.46050677088712,222.85301423150932,30.888046008061984,-103.13130103148788,-28.69437981705239,63.523883267815464,34.03849118055833,356.23251790482175,1.634564615808984e-05
424,6.259161004482528e-08,1.5e-10,6.783678194858113e-05,8672947.898014115,0.0,0.0,0.0,0.0,0.0,5007328.803586048,881287019011.3953,-66.88968288215285,383.7847284575745,137.84938260779953,210.1101341249073,23.193373940452037,-105.21149954232791,-34.560998379977036,60.08959084362749,43.69274044349792,355.5549748582873,1.6398979404318583e-05
425,6.274161004482528e-08,1.5e-10,6.801586742163934e-05,8693732.507704942,0.0,0.0,0.0,0.0,0.0,5019328.803586048,881214310632.272,-52.08842406039004,391.2141279984607,149.4640427006909,207.66499879666492,18.155468525937867,-103.90249253198317,-50.99918341070204,48.00972330812933,33.92945439141456,355.8387295507996,1.6452355213751202e-05
426,6.289161004482528e-08,1.5e-10,6.819506144572964e-05,8714517.117395768,0.0,0.0,0.0,0.0,0.0,5031328.803586048,881141999193.739,-64.41492794425893,381.49465349161113,137.70709319531255,217.43434490527008,29.291824977767448,-101.98126582591775,-40.711656474754434,63.056919002430384,35.11990718351083,356.89427393710474,1.6505889354841767e-05
427,6.304161004482528e-08,1.5e-10,6.837467502054919e-05,8735301.727086594,0.0,0.0,0.0,0.0,0.0,5043328.803586048,881053630831.4781,-56.91149654722145,380.8592542671603,138.32068418570972,223.91247664209916,28.089572443731704,-96.6352540032908,-48.4336731964291,61.28461747654665,28.8172856275869,358.14100840075577,1.655961050610188e-05
428,6.319161004482528e-08,1.5e-10,6.85531742203692e-05,8756086.33677742,0.0,0.0,0.0,0.0,0.0,5055328.803586048,880945722606.3252,-68.11178919136374,379.4588865586726,139.3516964939825,212.47465153443687,20.97226200845225,-103.29586245339027,-65.18210113810574,55.07947645549064,47.13543466169079,352.5208570075784,1.661248863465302e-05
429,6.334161004482528e-08,1.5e-10,6.87336085758774e-05,8776870.946468247,0.0,0.0,0.0,0.0,0.0,5067328.803586048,880828156043.0488,-68.25935931659512,383.70293205689296,136.10470531351677,229.88398910623434,29.284177513285744,-107.8428562432703,-52.433933741146774,61.932247182434196,38.97191711829041,364.99722322410963,1.6667238218136635e-05
430,6.349161004482527e-08,1.5e-10,6.891409884105677e-05,8797655.556159073,0.0,0.0,0.0,0.0,0.0,5079328.803586048,880708743220.2141,-63.98658901412297,380.8633776383698,141.64886204992933,233.4121242951767,21.055080662459,-116.5168809368082,-46.5974488944215,65.14251319953507,42.92648800395966,365.95494067549356,1.672213145923796e-05
431,6.364161004482527e-08,1.5e-10,6.909298779729395e-05,8818440.165849902,0.0,0.0,0.0,0.0,0.0,5091328.803586048,880608239513.4486,-73.52907093978361,379.8468054678896,132.00819743531505,215.7250446569558,21.466733978377096,-118.87216278114842,-51.43189877527181,50.12344031401427,52.06046021565871,357.3420529060877,1.677573276717387e-05
432,6.379161004482527e-08,1.5e-10,6.927257215150858e-05,8839224.775540726,0.0,0.0,0.0,0.0,0.0,5103328.803586048,880360306603.944,-46.49376681524227,382.5522620083294,142.86552121799147,223.3554190684698,10.28092563367076,-111.72508816723793,-56.29216180650895,57.78943067360654,36.21013832181242,358.08993446740175,1.6829446257343982e-05
433,6.394161004482527e-08,1.5e-10,6.945130864889603e-05,8860009.385231555,0.0,0.0,0.0,0.0,0.0,5115328.803586048,880251657867.8191,-85.9349060572302,364.67272050239075,131.84227461598164,227.54823848106867,28.163262974978977,-110.73189172338942,-40.02153643339003,75.55594027674569,57.77014981088991,357.5028182262493,1.688307168007792e-05
434,6.409161004482527e-08,1.5e-10,6.963246430316199e-05,8880793.99492238,0.0,0.0,0.0,0.0,0.0,5127328.803586048,880144805861.121,-51.41603026136785,388.9997994027314,151.91582953179568,235.37457604318075,7.271774968876392,-95.34834669274463,-76.17483902416014,50.509695721146414,44.14141735015739,368.2754703510841,1.693831300063058e-05
435,6.424161004482526e-08,1.5e-10,6.981052913281799e-05,8901578.604613205,0.0,0.0,0.0,0.0,0.0,5139328.803586048,880039484338.6638,-97.55519381755406,358.2153563864821,112.71694270868295,225.6824632524,15.33095748270502,-121.94881389822811,-22.57034860854827,61.67645690078213,82.22313352291029,358.5718081471777,1.699209877185266e-05
436,6.439161004482526e-08,1.5e-10,6.998879487653476e-05,8922363.214304034,0.0,0.0,0.0,0.0,0.0,5151328.803586048,879950474529.5388,-79.71134537981803,364.6146073417855,119.68394217794322,223.76373731083967,22.389505494879984,-108.53515492193227,-48.28656907755228,67.39991766391789,57.32015273563621,352.73235650772483,1.7045008625328818e-05
437,6.454161004482526e-08,1.5e-10,7.01662595231316e-05,8943147.82399486,0.0,0.0,0.0,0.0,0.0,5163328.803586048,879847679866.1486,-73.22068408240752,352.1875564126763,118.39580323893767,227.11540515154778,18.920802339027045,-110.01389437698637,-39.26642802940238,59.920097539806896,54.29853688897748,347.2261322124055,1.709709254516068e-05
438,6.469161004482526e-08,1.5e-10,7.034529570161798e-05,8963932.433685686,0.0,0.0,0.0,0.0,0.0,5175328.803586048,879753241852.3312,-61.38372196770536,379.43267692134566,126.38048718449072,220.03400406591882,-6.900707260383889,-110.91052072666281,-51.31524013021674,57.455145172720016,68.28320503017093,358.1475135796273,1.7150814672197622e-05
439,6.484161004482526e-08,1.5e-10,7.052345978566705e-05,8984717.043376513,0.0,0.0,0.0,0.0,0.0,5187328.803586048,879661469320.2385,-74.48469546257833,355.79681213713934,126.09612672937786,231.7618173735425,3.378217298266513,-106.51728384201489,-41.49351174816343,60.91027963392102,71.1060951144245,353.88023508542415,1.7203896707460436e-05
440,6.499161004482525e-08,1.5e-10,7.070197568169338e-05,9005501.65306734,0.0,0.0,0.0,0.0,0.0,5199328.803586048,879585232418.1847,-64.77631508313502,367.4497614945788,124.27871554841279,225.4258154600489,-5.128235244269847,-106.73246322185909,-45.80025329672692,45.757131271108705,69.9028859132199,355.7132161334979,1.725725368988046e-05
441,6.514161004482525e-08,1.5e-10,7.088057424441023e-05,9026286.262758166,0.0,0.0,0.0,0.0,0.0,5211328.803586048,879498199106.9407,-74.93564465390709,359.65959012698215,123.69604938195464,233.1355925755634,-1.529167716162567,-105.99931458696321,-42.00159125161475,55.60326294743088,76.4615610477916,357.560248614757,1.7310887727172674e-05
442,6.529161004482525e-08,1.5e-10,7.105864070045754e-05,9047070.872448992,0.0,0.0,0.0,0.0,0.0,5223328.803586048,879425322997.5481,-76.69969074085917,345.04005170027096,115.43345248989665,241.05728567950635,-7.266880260796374,-109.2241886672313,-22.87268886474256,51.32409967989395,83.96607572254509,356.5585076406126,1.7364371503318765e-05
443,6.544161004482525e-08,1.5e-10,7.123625120332367e-05,9067855.482139818,0.0,0.0,0.0,0.0,0.0,5235328.803586048,879357818171.969,-74.0774808096194,350.76872513259445,126.37628363419407,230.58992547751527,-21.441772138654425,-102.09403770301236,-30.36483606110127,55.787275319249595,95.5188187104255,355.6601982761616,1.7417720533060188e-05
444,6.559161004482525e-08,1.5e-10,7.141440921077619e-05,9088640.091830645,0.0,0.0,0.0,0.0,0.0,5247328.803586048,879269086462.03,-64.84261839704999,364.143617481385,119.5845075278935,224.9206315724573,-13.121381803566887,-111.10137270388023,-45.81140699234763,39.34484285119645,77.97107997019029,355.1997605657838,1.7471000497145056e-05
445,6.574161004482524e-08,1.5e-10,7.159161514936935e-05,9109424.701521473,0.0,0.0,0.0,0.0,0.0,5259328.803586048,879090884011.1974,-77.89504480085326,320.7088372296554,114.05473525656141,254.33564850855382,7.593158309342048,-97.30601861146198,-6.671557254844214,82.33443473039317,70.30197546042615,348.60043002561446,1.7523290561648897e-05
446,6.589161004482524e-08,1.5e-10,7.177019439622409e-05,9130209.311212298,0.0,0.0,0.0,0.0,0.0,5271328.803586048,878741429605.6151,-66.78733133612177,344.14118958474796,115.97058800991468,248.5715765500684,-10.03935122301791,-106.69941376908996,-20.03041654299819,55.51611936843968,76.82718040922147,357.79890672704806,1.7576960397657956e-05
447,6.604161004482524e-08,1.5e-10,7.194875410011822e-05,9150993.920903124,0.0,0.0,0.0,0.0,0.0,5283328.803586048,878549876619.2474,-96.06248131610583,346.68643804666516,107.01580308473964,243.8311431939242,-5.2549686919267895,-99.58443662939608,-21.93214429169127,54.99119940164847,101.31797938704462,363.7676435462459,1.7631525544189894e-05
448,6.619161004482524e-08,1.5e-10,7.212822594808415e-05,9171778.530593952,0.0,0.0,0.0,0.0,0.0,5295328.803586048,878436065592.0577,-75.97316169109742,354.6965144589369,110.54233991351518,248.32790733094868,-6.796955556667831,-103.32811171101156,-31.964708394899166,56.78018043002383,82.7709042867771,363.92210354868723,1.7686113859722198e-05
449,6.634161004482524e-08,1.5e-10,7.23088906768888e-05,9192563.140284779,0.0,0.0,0.0,0.0,0.0,5307328.803586048,878297036427.2687,-80.71473721491263,363.3875982619686,121.81382909961958,252.97725830770054,-14.13548825723705,-98.22222652046085,-36.82118820608855,54.62242613881823,94.84772888126248,374.36696481094464,1.7742268904443838e-05
450,6.649161004482523e-08,1.5e-10,7.24886029567692e-05,9213347.749975605,0.0,0.0,0.0,0.0,0.0,5319328.803586048,878166137670.5898,-81.34391494839157,351.85719881493867,101.97087728036763,253.49775357054534,-12.687384037537354,-106.44745700237353,-20.995862035043512,54.045667132309475,94.03170745819773,368.32822658325676,1.7797518138431326e-05
451,6.664161004482523e-08,1.5e-10,7.266631919954589e-05,9234132.359666431,0.0,0.0,0.0,0.0,0.0,5331328.803586048,877925531794.923,-66.74589085413871,338.08665127672714,93.99240158696715,245.38233582473512,-11.530197217598607,-108.78679809396945,-16.469537734259127,45.18012633515422,78.27813233689304,352.0996605192193,1.7850333087509208e-05
452,6.679161004482523e-08,1.5e-10,7.2844744499784e-05,9254916.969357258,0.0,0.0,0.0,0.0,0.0,5343328.803586048,877807646122.297,-90.56912125413172,340.45916655612524,91.45991106228546,248.90288359034005,-8.68767757735591,-101.83658963406371,-6.720932440584003,50.72687759446165,99.25853018819117,362.1240661608359,1.7904651697433333e-05
453,6.694161004482523e-08,1.5e-10,7.302372692731195e-05,9275701.579048084,0.0,0.0,0.0,0.0,0.0,5355328.803586048,877688405097.6151,-72.69701127967976,350.6315442131321,95.91177956052192,247.94734501900564,-16.856510244293926,-97.87153247913416,-33.32436530210084,52.57270087708231,89.55529367099147,361.2220698428548,1.795883500790976e-05
454,6.709161004482523e-08,1.5e-10,7.320281652092885e-05,9296486.18873891,0.0,0.0,0.0,0.0,0.0,5367328.803586048,877570679806.8394,-96.6545534387395,342.63765625759675,95.64566716431511,253.48068439183618,-4.18109481096497,-110.24414328897075,-5.539100620198291,59.16865618503428,100.83715907378601,367.4871465255948,1.80139580798886e-05
455,6.724161004482522e-08,1.5e-10,7.338200562753465e-05,9317270.798429737,0.0,0.0,0.0,0.0,0.0,5379328.803586048,877459458882.7281,-71.16720492365187,353.3867709769355,97.80707792652187,247.1527829553412,-15.03159964850228,-109.66326397784246,-28.625790580262898,41.39689659500083,86.2009631084543,363.1054738606211,1.8068423900967693e-05
456,6.739161004482522e-08,1.5e-10,7.35612680488298e-05,9338055.408120565,0.0,0.0,0.0,0.0,0.0,5391328.803586048,877346366043.9117,-79.77433317950913,340.9843166749417,88.7754792079605,259.2856886010339,-15.28645474638338,-99.99058740333106,-7.699686191659337,59.55540960837904,95.06296350295798,365.057776694949,1.8123182567471936e-05
457,6.754161004482522e-08,1.5e-10,7.37402605279339e-05,9358840.01781139,0.0,0.0,0.0,0.0,0.0,5403328.803586048,877232194169.5743,-77.39873546948297,342.2904898566025,92.32936438532558,255.20217777026718,-15.709974093857166,-106.9079377840322,-17.17781982617756,48.03456477167196,93.1102842626104,363.28368240944,1.817767511983335e-05
458,6.769161004482522e-08,1.5e-10,7.391805815984365e-05,9379624.627502216,0.0,0.0,0.0,0.0,0.0,5415328.803586048,877131836747.9481,-84.98972042612503,338.4723552966593,90.51994581674872,244.8553380315513,-21.653372395088198,-109.82582687784902,-19.14426567830028,48.647677390490394,106.64548031867936,359.2766857018514,1.8231566622688628e-05
459,6.784161004482522e-08,1.5e-10,7.409869865659873e-05,9400409.237193044,0.0,0.0,0.0,0.0,0.0,5427328.803586048,877001897951.7867,-78.4972569428321,353.37942638374017,80.35685952602596,264.93987847942645,-41.26438370425879,-106.26611539126166,-29.900457159501123,52.42978647958442,119.76280000983338,379.5516458355401,1.8288499369563958e-05
460,6.799161004482521e-08,1.5e-10,7.427744067995036e-05,9421193.846883869,0.0,0.0,0.0,0.0,0.0,5439328.803586048,876894531380.4932,-92.95121527864379,338.26129825050236,87.28827150674107,254.45978414708858,-8.990537609253849,-108.58497277851843,-4.852634602689014,55.76421086322307,101.944477767117,364.7514304795535,1.834321208413589e-05
461,6.814161004482521e-08,1.5e-10,7.445761176405481e-05,9441978.456574697,0.0,0.0,0.0,0.0,0.0,5451328.803586048,876768826253.175,-69.87103316248995,345.59584090405315,100.33095335749181,266.2659503451068,-13.393518587404694,-99.98852852989114,-29.306434449292468,52.44162477815089,83.46679308945298,367.7572334485137,1.8398375669153167e-05
462,6.829161004482521e-08,1.5e-10,7.463445625199698e-05,9462763.066265523,0.0,0.0,0.0,0.0,0.0,5463328.803586048,876653045735.3693,-97.32787186360979,337.1724827744472,87.77788515068572,233.03066603598876,-15.509868878101157,-113.25457946281887,1.2874255517166937,63.05869045634268,112.84113536749443,356.1257609175364,1.8451794533290797e-05
463,6.844161004482521e-08,1.5e-10,7.481200594987232e-05,9483547.675956348,0.0,0.0,0.0,0.0,0.0,5475328.803586048,876518961709.6531,-77.53940856747028,343.3556140831122,80.28028528662897,237.24187503470736,-21.688011564652697,-106.53843989356552,-0.9315629098969451,52.846275168943706,99.23119042042164,355.40194635712743,1.8505104825244367e-05
464,6.85916100448252e-08,1.5e-10,7.499355621051882e-05,9504332.285647176,0.0,0.0,0.0,0.0,0.0,5487328.803586048,876420022894.7118,-61.380332394290505,363.807483286919,109.74753510543987,262.6103801266696,3.0661236093485695,-98.72375292465313,-4.040377597798055,50.06818400979736,58.31797872857053,374.2978195065323,1.8561249498170348e-05
465,6.87416100448252e-08,1.5e-10,7.517161122397325e-05,9525116.895338003,0.0,0.0,0.0,0.0,0.0,5499328.803586048,876276590566.5745,-68.82978476688592,338.91210608337485,85.78753868979716,248.69465069934427,-15.581473453696836,-90.4125846953985,-16.872973071722978,54.9659468278878,84.41525070106564,353.7889645825034,1.8614317842857724e-05
466,6.88916100448252e-08,1.5e-10,7.535021040713234e-05,9545901.505028829,0.0,0.0,0.0,0.0,0.0,5511328.803586048,876199252481.1129,-72.28361482859708,349.02713558204397,86.63365669549894,244.11260800028398,-48.99302611457219,-102.49811697092755,7.454674736809521,54.735084360471355,121.28049446595158,368.6086762632737,1.8669609144297215e-05
467,6.90416100448252e-08,1.5e-10,7.55286728367723e-05,9566686.114719655,0.0,0.0,0.0,0.0,0.0,5523328.803586048,876074856202.9852,-74.52549662438456,343.41836593727953,83.41801814222745,248.26050560196407,-19.363158703075946,-95.15707051508168,-11.137720756279426,53.04527324287412,93.89052292628764,358.9663659270118,1.8723454099186266e-05
468,6.91916100448252e-08,1.5e-10,7.570658996435478e-05,9587470.724410482,0.0,0.0,0.0,0.0,0.0,5535328.803586048,876003551630.9506,-59.232075204749606,335.66628869745097,81.65933055115224,251.0546714049978,-26.147380925557222,-99.17759176870216,-8.766358884994542,49.305514939970216,85.38296211880773,353.5566165666124,1.8776487591671257e-05
469,6.93416100448252e-08,1.5e-10,7.58845793681223e-05,9608255.334101308,0.0,0.0,0.0,0.0,0.0,5547328.803586048,875912765868.8856,-67.75948007690295,344.5773114825849,69.02631979719706,243.14651246514762,-11.05422405336479,-100.01308312819067,-23.069330494165822,49.666664014993366,78.8180135162861,352.09740344957635,1.8829302202188694e-05
470,6.94916100448252e-08,1.5e-10,7.606208588434902e-05,9629039.943792135,0.0,0.0,0.0,0.0,0.0,5559328.803586048,875825664381.9387,-67.41440559003932,329.3212630506309,87.05889353680725,251.23086288905733,-12.52535500258792,-96.29113366508676,-3.865354474373822,65.45224285694441,79.94371254700636,349.808586044185,1.8881773490095322e-05
471,6.964161004482519e-08,1.5e-10,7.623982026713448e-05,9649824.55348296,0.0,0.0,0.0,0.0,0.0,5571328.803586048,875741599213.6863,-74.80743215962033,337.9673506405643,67.95560268285487,245.61307262387353,-18.31896074692102,-90.78505494634108,-5.363663759998949,49.94284153509354,93.12941411455175,353.7238073398128,1.8934832061196295e-05
472,6.979161004482519e-08,1.5e-10,7.641902756536178e-05,9670609.163173787,0.0,0.0,0.0,0.0,0.0,5583328.803586048,875626256755.3495,-62.64629875832216,342.3557075841671,83.01773026855831,258.8496248868542,-17.098930328122336,-82.84570550632536,-10.026029442040974,52.1927391806063,79.74922920563436,360.0319374613203,1.8988836851815494e-05
473,6.994161004482519e-08,1.5e-10,7.659774566810853e-05,9691393.772864616,0.0,0.0,0.0,0.0,0.0,5595328.803586048,875521984904.8347,-69.73625560138939,348.13074897550996,88.55129098152696,246.75161022544393,-19.392735213092532,-93.07020635171475,-16.174856644775314,46.045336713385176,89.1285518760578,359.4908216111772,1.9042760475057172e-05
474,7.009161004482519e-08,1.5e-10,7.677616994622173e-05,9712178.38255544,0.0,0.0,0.0,0.0,0.0,5607328.803586048,875428697795.2932,-60.10385844296864,340.72107361251705,90.7953207740821,250.0948095511511,-17.36218475889573,-93.2186841688696,1.7219333438024864,51.33086910120619,101.52182315259778,359.54537906929295,1.9096692281917567e-05
475,7.024161004482518e-08,1.5e-10,7.6953875137846e-05,9732962.992246266,0.0,0.0,0.0,0.0,0.0,5619328.803586048,875156807622.3977,-72.47431147324745,333.68782698524336,84.29284231410429,249.14106120943242,-25.563191904757975,-95.45758930449772,-6.462490423919246,59.398691528578446,98.0417317646485,355.00407896294666,1.914994289376201e-05
476,7.039161004482518e-08,1.5e-10,7.713313958649022e-05,9753747.601937095,0.0,0.0,0.0,0.0,0.0,5631328.803586048,874899442517.3041,-67.13404281604392,355.80161767216345,90.69093569607584,246.0762927161353,-20.303589265663327,-78.64227282552612,-25.557126816669175,53.04049369490135,87.43894736612378,361.6095744878995,1.9204184329935194e-05
477,7.054161004482518e-08,1.5e-10,7.731110246153033e-05,9774532.211627921,0.0,0.0,0.0,0.0,0.0,5643328.803586048,874821838010.8206,-74.454798730538,343.4972198927302,87.02057712642016,240.16384356537938,-5.4222542636299,-84.27508783485213,23.03811185187159,49.88408060353491,79.88141954516216,354.90083664913374,1.9257419455432565e-05
478,7.069161004482518e-08,1.5e-10,7.748954667151902e-05,9795316.821318747,0.0,0.0,0.0,0.0,0.0,5655328.803586048,874695113742.666,-63.79777234723356,353.5860395119793,74.64203920821119,238.8899824152021,-24.616764613461942,-88.83606297410603,-7.085292635680827,44.365410811425924,88.4189556089973,357.0982566021462,1.9310984193922886e-05
479,7.084161004482518e-08,1.5e-10,7.766724788339244e-05,9816101.431009574,0.0,0.0,0.0,0.0,0.0,5667328.803586048,874608366281.2479,-82.05841609909062,338.0437254145731,81.97138452830487,242.19525399247033,-11.716041820145561,-95.08049654664697,23.70761345133338,55.144911733762854,93.77894528377502,356.2634112123477,1.9364423705604737e-05
480,7.099161004482517e-08,1.5e-10,7.784705038258015e-05,9836886.0407004,0.0,0.0,0.0,0.0,0.0,5679328.803586048,874493662162.2478,-77.52351837575854,356.52028515010903,89.16414543582296,249.43617760394616,-11.895981451021145,-88.2236897255154,-4.7011447862774665,49.632504416237474,89.42153886286842,367.0157837627663,1.9419476073169153e-05
481,7.114161004482517e-08,1.5e-10,7.802504080340162e-05,9857670.650391227,0.0,0.0,0.0,0.0,0.0,5691328.803586048,874375190496.9835,-78.50182681527922,346.390277678655,75.66335418783183,238.49614491129444,-13.909374406482051,-90.30899296207072,7.8193918039836765,41.717697635101715,92.41589100916467,356.4716066446353,1.9472946814165847e-05
482,7.129161004482517e-08,1.5e-10,7.820401816990404e-05,9878455.260082053,0.0,0.0,0.0,0.0,0.0,5703328.803586048,874257821048.4012,-70.53424860786143,346.6544454164875,91.36681678330498,250.63086800963163,-11.077619032658031,-83.15989744561705,-13.119218263150723,49.2344585742533,81.61489437741072,359.4166279867102,1.9526859308363854e-05
483,7.144161004482517e-08,1.5e-10,7.83820450452606e-05,9899239.86977288,0.0,0.0,0.0,0.0,0.0,5715328.803586048,874134958696.1428,-62.70712158743645,350.87198424770935,78.76788539441583,236.55755724524855,-26.39804621010491,-87.1084527640015,-5.720490069816594,44.45672430283255,89.10911075744758,354.667687300855,1.9580059461458983e-05
484,7.159161004482517e-08,1.5e-10,7.855960707757471e-05,9920024.479463708,0.0,0.0,0.0,0.0,0.0,5727328.803586048,874047219675.6454,-82.71832340641073,332.4039636103547,77.16436562861479,246.5309160567554,-3.5686860779532874,-90.14233248134556,15.690024058646111,51.8345207048308,86.29204162348948,353.0145261470841,1.9633011640381045e-05
485,7.174161004482517e-08,1.5e-10,7.873778398297514e-05,9940809.089154532,0.0,0.0,0.0,0.0,0.0,5739328.803586048,873939936846.811,-77.09611918390736,354.1913607063287,78.58546433408264,233.90651137410674,-10.12466619299468,-85.3400916573122,-17.802989243563815,37.855630598692265,87.22386092359571,355.48888178207415,1.9686334972648355e-05
486,7.189161004482516e-08,1.5e-10,7.891475834071821e-05,9961593.698845359,0.0,0.0,0.0,0.0,0.0,5751328.803586048,873850505700.1678,-68.92385184126641,328.8487239680326,85.26008782180708,244.67950807639306,-15.902956709790939,-84.63584824951106,7.5752148964834864,44.13009153254798,84.83173550984827,348.134740284439,1.9738555183691022e-05
487,7.204161004482516e-08,1.5e-10,7.909426515886017e-05,9982378.308536187,0.0,0.0,0.0,0.0,0.0,5763328.803586048,873764781282.8992,-99.38980760522767,348.780113402855,85.27165002730476,251.1623400095604,1.000201911853917,-78.82825926786683,5.922765318751089,41.808915958159666,98.39489518000501,369.11587154993515,1.9793922564423512e-05
488,7.219161004482516e-08,1.5e-10,7.927150111729162e-05,10003162.918227011,0.0,0.0,0.0,0.0,0.0,5775328.803586048,873677118156.0547,-86.86054600638289,326.9502285153907,84.83707791527107,247.85874357851384,11.080470911340015,-89.02715057909934,-2.102753745005854,33.104559902866825,75.78542806394147,349.8569153875438,1.9846401101731645e-05
489,7.234161004482516e-08,1.5e-10,7.944947936211777e-05,10023947.52791784,0.0,0.0,0.0,0.0,0.0,5787328.803586048,873606246553.9852,-83.96974857592016,339.6649098837615,83.82253356291825,244.20532434055903,3.7270312954609945,-87.1935217581658,-2.280678467032869,35.66589838428328,80.24814295407997,354.597315409898,1.989959069904313e-05
490,7.249161004482516e-08,1.5e-10,7.962707536971573e-05,10044732.137608666,0.0,0.0,0.0,0.0,0.0,5799328.803586048,873528390853.5463,-78.00848013943838,338.65690081261533,84.93260619581146,242.22696487842475,5.288466054807864,-82.71522974059788,-23.44662403030886,32.6980621785379,72.72553079210364,349.52963433052736,1.995202014419271e-05
491,7.264161004482515e-08,1.5e-10,7.980646865031142e-05,10065516.747299492,0.0,0.0,0.0,0.0,0.0,5811328.803586048,873463384794.5773,-101.1757245860387,343.0523026612565,93.34779373195677,255.15459335185997,2.6113438589191773,-92.06560486887312,0.5237730077675901,48.70479190884156,98.57276652444831,368.9911448374963,2.0007368815918334e-05
492,7.279161004482515e-08,1.5e-10,7.998624422384101e-05,10086301.356990319,0.0,0.0,0.0,0.0,0.0,5823328.803586048,873274270769.2778,-89.98331495394248,344.90699400443685,95.27088529572444,259.20130680603995,-5.851436601429712,-89.07068266323397,-10.488361771407817,35.64463040111365,95.84039706205346,369.5143183704855,2.0062795963673907e-05
493,7.294161004482515e-08,1.5e-10,8.016709146226709e-05,10107085.966681145,0.0,0.0,0.0,0.0,0.0,5835328.803586048,873190135400.2296,-97.60754820987779,348.02411719043295,99.851024117846,267.2627484416388,2.4887028301314307,-82.29214282768727,-4.418987476550907,43.53927297617479,95.12340600341409,376.9839804362135,2.0119343560739338e-05
494,7.309161004482515e-08,1.5e-10,8.0347360356032e-05,10127870.576371972,0.0,0.0,0.0,0.0,0.0,5847328.803586048,873140734946.9297,-98.06656058639784,347.6196542651456,90.15654866779386,261.5915848385035,-2.0684451217718594,-94.80120129008257,-11.111022376461696,34.15695368476981,100.1408784799959,374.32753147963757,2.0175492690461284e-05
495,7.324161004482515e-08,1.5e-10,8.052732727643624e-05,10148655.186062798,0.0,0.0,0.0,0.0,0.0,5859328.803586048,873081174242.8962,-91.50939798942564,340.60568952868266,96.41999964740305,265.47110040288254,-9.050530230881389,-85.40287024388832,-8.42408935862702,37.58803292036125,100.5627436754207,371.70602589336977,2.023124859434529e-05
496,7.339161004482514e-08,1.5e-10,8.070725075563369e-05,10169439.795753624,0.0,0.0,0.0,0.0,0.0,5871328.803586048,873036493514.6566,-84.18802552946381,346.1137651655208,92.20464377033812,260.8925167566593,-7.470466750502174,-90.19736091724427,-23.611856238464217,31.01456390804144,91.6645831160407,368.67142321400934,2.0286549307827393e-05
497,7.354161004482514e-08,1.5e-10,8.088551019917855e-05,10190224.40544445,0.0,0.0,0.0,0.0,0.0,5883328.803586048,872754777990.7538,-95.7366503902295,335.89097348192155,75.18170673983623,251.12649888009787,-19.269899601358183,-86.60031894129035,-8.278851432592736,36.125818517820385,115.0124656851079,363.84180863971915,2.034112557912335e-05
498,7.369161004482514e-08,1.5e-10,8.106754748694498e-05,10211009.015135277,0.0,0.0,0.0,0.0,0.0,5895328.803586048,872677149369.3756,-96.13369144406356,353.1514003171027,95.84999565406217,277.25838517940844,-21.831328108622692,-87.5998520536759,-10.050520677497564,39.8992428948125,96.38548187186686,385.17108966309996,2.0398901242572816e-05
499,7.384161004482514e-08,1.5e-10,8.12457314413055e-05,10231793.624826103,0.0,0.0,0.0,0.0,0.0,5907328.803586048,872397969364.3368,-56.8569745788249,340.93005979472514,108.78622759275447,245.25064476605442,-28.393202959508223,-101.43632283807912,6.303691525154559,24.693468035377496,129.5454401377909,367.1442926295278,2.0453972886467245e-05
500,7.399161004482514e-08,1.5e-10,8.142272092274904e-05,10252578.23451693,0.0,0.0,0.0,0.0,0.0,5919328.803586048,872045114412.5848,-78.05434131550768,329.96064088298067,86.75361829446256,243.3025465444216,-2.009303040143951,-89.01189880499415,-12.773082889309254,41.602511570356384,80.07037876627673,347.0672450604646,2.0506032973226315e-05
501,7.414161004482513e-08,1.5e-10,8.160362153748577e-05,10273362.844207758,0.0,0.0,0.0,0.0,0.0,5931328.803586048,871931050190.0619,-108.62951972202237,350.1763604344132,100.71844673875275,265.21573893406895,4.890648352276276,-83.70529903044167,-21.1195140907262,35.898748972661274,103.74283042603665,379.6940101338517,2.0562987074746393e-05
502,7.429161004482513e-08,1.5e-10,8.178176506087638e-05,10294147.453898583,0.0,0.0,0.0,0.0,0.0,5943328.803586048,871872162269.0658,-93.54439576205117,343.1596606255608,90.95405846630764,242.32622655573599,-8.953183734460374,-89.266602880914,-22.991794106444452,30.973545115874774,102.49595464939996,360.31603833436395,2.061703448049655e-05
503,7.444161004482513e-08,1.5e-10,8.196082413306502e-05,10314932.06358941,0.0,0.0,0.0,0.0,0.0,5955328.803586048,871818524172.4963,-109.51561730902148,329.9300865618976,88.18467300765643,263.51136497829265,8.057243615777818,-96.44341463023086,-0.5768649237360378,37.93494287219627,101.46568621126151,368.7722313687326,2.067235031520186e-05
504,7.459161004482513e-08,1.5e-10,8.213951152182167e-05,10335716.673280237,0.0,0.0,0.0,0.0,0.0,5967328.803586048,871768813141.5383,-89.09617054288198,338.4951335765605,83.2904838574001,253.41563512784418,-9.267227119248238,-100.43306313241621,-11.908242177494891,31.919313503353195,98.37086877006561,363.1113650459725,2.0726817019958755e-05
505,7.474161004482513e-08,1.5e-10,8.231926894084988e-05,10356501.282971064,0.0,0.0,0.0,0.0,0.0,5979328.803586048,871707291130.9343,-97.11319496071653,343.5588559027051,87.44909506272643,259.4176428770072,-8.392424258833637,-97.06544680951333,-5.0415262680203465,23.483213251200244,105.5134258597125,372.85161815610047,2.078274476268217e-05
506,7.489161004482512e-08,1.5e-10,8.249775342767305e-05,10377285.89266189,0.0,0.0,0.0,0.0,0.0,5991328.803586048,871651448707.0756,-85.03822960779456,341.8626216101616,89.1887452736802,247.70811871177506,-3.570544006692698,-102.92617148006792,-14.648462213399135,22.70528298602501,88.61621266559409,360.4531719221827,2.08368127384705e-05
507,7.504161004482512e-08,1.5e-10,8.267683387703882e-05,10398070.502352716,0.0,0.0,0.0,0.0,0.0,6003328.803586048,871592933624.8492,-118.65299330498368,325.4408816849211,77.6735889505482,267.3428638874009,9.947275194263726,-97.37787987775518,8.213287267014415,33.98676618132757,108.71204961740037,371.83291027418653,2.0892587675011626e-05
508,7.519161004482512e-08,1.5e-10,8.285715321317172e-05,10418855.112043543,0.0,0.0,0.0,0.0,0.0,6015328.803586048,871521939396.5223,-82.73101528784439,341.8637520149168,91.06345342199265,269.5071076233656,-2.2470151740316537,-95.48579644617226,-22.880803403011477,27.15040252560363,84.98010762734428,370.24095989906914,2.0948123818996485e-05
509,7.534161004482512e-08,1.5e-10,8.303530652497013e-05,10439639.72173437,0.0,0.0,0.0,0.0,0.0,6027328.803586048,871487865730.8713,-110.30435630599469,341.1890717803614,84.14168171263263,241.9016885631326,-2.4579086578179106,-105.29133869206488,-4.737188715915347,23.49088155139708,112.77064606242772,366.41135580620164,2.1003085522367415e-05
510,7.549161004482512e-08,1.5e-10,8.321430500289185e-05,10460424.331425196,0.0,0.0,0.0,0.0,0.0,6039328.803586048,871440758952.4083,-86.54749029135989,339.5709958891036,85.58572824102954,256.0445765084036,-6.634717820213659,-99.62344169182134,-15.617865952470012,25.895772537749753,93.19061403362538,364.0179195383268,2.1057688210298166e-05
511,7.564161004482511e-08,1.5e-10,8.339483183008453e-05,10481208.941116022,0.0,0.0,0.0,0.0,0.0,6051328.803586048,871374278822.1028,-89.36982364739526,339.2661481979259,83.09710847785128,273.5133306255389,4.965450211408458,-92.86222370398254,-6.889937221324819,40.8422017070288,84.40572696753362,371.61099774971444,2.1113429859960624e-05
512,7.579161004482511e-08,1.5e-10,8.357395173406614e-05,10501993.55080685,0.0,0.0,0.0,0.0,0.0,6063328.803586048,871327292210.0837,-88.1064335874615,351.108573340649,81.80348344801503,246.16309716283826,-2.753544116955615,-96.01129428685827,-22.59119336255595,19.42956015453386,90.86463102172947,364.30651898126774,2.1168075837807813e-05
513,7.594161004482511e-08,1.5e-10,8.375261727004437e-05,10522778.160497675,0.0,0.0,0.0,0.0,0.0,6075328.803586048,871283065223.4668,-80.50977809491542,348.98579413087236,91.99656124145041,243.22787404020664,-0.19008677796578485,-96.910830048513,-22.82147471690084,21.113163654918814,80.70552001531166,359.27611968172596,2.122196725576007e-05
514,7.609161004482511e-08,1.5e-10,8.393361082939283e-05,10543562.770188501,0.0,0.0,0.0,0.0,0.0,6087328.803586048,871219410289.1388,-82.27808885944322,350.7008461336267,92.35349068238607,268.4522496227564,6.173810079902938,-90.12193062073871,-25.80152938453925,27.80399695611633,76.10582343185123,372.7658052935926,2.127788212655411e-05
515,7.62416100448251e-08,1.5e-10,8.411312163588173e-05,10564347.37987933,0.0,0.0,0.0,0.0,0.0,6099328.803586048,871184729527.3951,-82.25506483989943,346.6351135773166,96.40300219543742,254.96886664704218,-20.224598203049556,-87.84462315753449,-15.344204656941352,24.58199676710728,102.48926429224531,368.7175957725666,2.1333189765919996e-05
516,7.63916100448251e-08,1.5e-10,8.42923302149157e-05,10585131.989570156,0.0,0.0,0.0,0.0,0.0,6111328.803586048,871062078032.8163,-79.04137117841245,339.7439096267599,89.58259667333441,258.88844406717755,-6.7825581197507985,-96.41663635384104,-18.826005178745564,24.43058969734976,85.83392036637548,363.2589469960565,2.1387678607969406e-05
517,7.65416100448251e-08,1.5e-10,8.447271341687777e-05,10605916.599260982,0.0,0.0,0.0,0.0,0.0,6123328.803586048,871000322898.138,-104.74507040404343,334.1738726419867,97.04877408576692,274.9021711813558,2.74203147090468,-83.96453620753711,-9.25655920583225,31.248970981589217,102.00816973870884,376.0449713257105,2.1444085353668262e-05
518,7.66916100448251e-08,1.5e-10,8.465226827391216e-05,10626701.208951809,0.0,0.0,0.0,0.0,0.0,6135328.803586048,870940986515.0411,-45.969786320826984,341.74462629733284,113.8515850582913,263.21655877692916,-19.1540761609204,-98.20984639832787,-23.516679536134788,27.55231857444387,65.13022775054537,361.74346792072276,2.149834687385637e-05
519,7.68416100448251e-08,1.5e-10,8.483096409202431e-05,10647485.818642635,0.0,0.0,0.0,0.0,0.0,6147328.803586048,870860823255.6964,-102.98707032275227,328.64206447151304,101.78160986245751,261.2879028690594,13.87807159931145,-101.90617283298606,-24.191270746871766,38.18567730872043,89.11852591051687,363.12533511689116,2.1552815674123903e-05
520,7.69916100448251e-08,1.5e-10,8.501029275365812e-05,10668270.428333461,0.0,0.0,0.0,0.0,0.0,6159328.803586048,870821916619.3447,-103.73867212717036,338.2956707248471,99.82743621716493,259.33530221213306,12.521782830017196,-98.4930198493129,-32.99255578249586,28.581873601793323,91.22793128317856,367.4231595850023,2.1607929148061654e-05
521,7.71416100448251e-08,1.5e-10,8.519143521503775e-05,10689055.038024288,0.0,0.0,0.0,0.0,0.0,6171328.803586048,870754051906.0732,-92.83352951534451,335.12822355619863,99.5964753589794,284.40353681666977,16.604084152125186,-75.89105718518924,-24.25860205834755,41.78710981591361,76.23627242923807,374.19688872025563,2.166405868136969e-05
522,7.729161004482509e-08,1.5e-10,8.537337273223606e-05,10709839.647715114,0.0,0.0,0.0,0.0,0.0,6183328.803586048,870440838876.5543,-78.46433006595292,351.67086545717075,101.38102798876139,278.5540340325565,6.481882401042441,-87.24449275083852,-30.662529388449887,32.528614924413944,71.98885020760443,377.68614755295636,2.1720711603502634e-05
523,7.744161004482509e-08,1.5e-10,8.555205096290414e-05,10730624.257405942,0.0,0.0,0.0,0.0,0.0,6195328.803586048,870320305324.0392,-100.75738369591161,326.3617160495425,90.43158887258673,264.05936802783526,21.929713060405017,-90.48383084646956,-27.1768631346189,21.22549106523176,78.83258808766014,361.0586350064008,2.1774870398753593e-05
524,7.759161004482509e-08,1.5e-10,8.573215573117013e-05,10751408.867096767,0.0,0.0,0.0,0.0,0.0,6207328.803586048,870217203570.8468,-101.00563984945896,340.43899044763594,89.8543494166715,266.62193623076257,21.244742480718546,-80.95064304097392,-30.88425636706681,6.3821820946685,79.77241101939835,370.40299125432404,2.183043084744174e-05
525,7.774161004482509e-08,1.5e-10,8.59130325437313e-05,10772193.476787593,0.0,0.0,0.0,0.0,0.0,6219328.803586048,869985395535.1547,-114.80653770468233,336.3881299294315,97.8113100399597,278.5375871544173,28.10232276513063,-61.25078282969245,-42.044012778636535,5.44938066522274,86.71589626990614,377.4198732089987,2.188704382842309e-05
526,7.789161004482508e-08,1.5e-10,8.609393780605081e-05,10792978.086478421,0.0,0.0,0.0,0.0,0.0,6231328.803586048,869684918506.1725,-95.36494347031338,339.5131594241275,89.56686113275815,277.2896282450048,13.58386760507808,-67.34239973931498,-24.966986287572585,8.618728617173792,81.79411095236561,374.1683369972577,2.194316907897268e-05
527,7.804161004482508e-08,1.5e-10,8.627564488326849e-05,10813762.696169248,0.0,0.0,0.0,0.0,0.0,6243328.803586048,869613688225.1388,-74.86632160694532,336.5600571233555,102.40235340378901,291.6170128617551,10.82545012046092,-57.30358107281887,-39.25844583607041,4.1062122525196525,64.05384865101139,374.6436744356543,2.1999365630138027e-05
528,7.819161004482508e-08,1.5e-10,8.645853462350281e-05,10834547.305860074,0.0,0.0,0.0,0.0,0.0,6255328.803586048,869485859360.6361,-80.5045338749333,347.578016078422,107.02744644228999,293.56823419412416,22.068596893901105,-55.6440162415035,-41.5353518077802,6.276871802716244,58.44149017994537,382.34437578518094,2.2056717286505806e-05
529,7.834161004482508e-08,1.5e-10,8.663811325909077e-05,10855331.9155509,0.0,0.0,0.0,0.0,0.0,6267328.803586048,869203533521.963,-90.50845248417379,333.10177174394306,88.76119828198593,268.3587378234399,10.292100339194109,-58.47857321473702,-11.966366226975742,11.71498462560522,80.2254832562862,364.8317854141824,2.2111442054317934e-05
530,7.849161004482508e-08,1.5e-10,8.681773334417361e-05,10876116.525241727,0.0,0.0,0.0,0.0,0.0,6279328.803586048,869107594545.0514,-46.79289861226831,332.0730922569679,98.29552500959343,274.5933743216822,6.335353714921836,-46.255250522314675,-28.279766517095997,21.45656860140175,40.45492813033401,356.5080687669598,2.216491826463298e-05
531,7.864161004482507e-08,1.5e-10,8.699561081919307e-05,10896901.134932553,0.0,0.0,0.0,0.0,0.0,6291328.803586048,869041232804.7996,-94.6395384526666,326.2410931794531,84.25044759271985,255.5370650863692,-1.1103637387534533,-61.50450636575832,-16.68320969063594,3.283416575714248,95.76496396970651,357.1547093860026,2.221849147104088e-05
532,7.879161004482507e-08,1.5e-10,8.717521227016339e-05,10917685.74462338,0.0,0.0,0.0,0.0,0.0,6303328.803586048,868968988562.2349,-77.57754987105257,327.70107204957316,95.15567810143685,275.92978005329803,6.9708777536136495,-51.24447892569205,-31.738608631689303,9.24967954311284,70.62199646775015,361.600223551386,2.227273150457359e-05
533,7.894161004482507e-08,1.5e-10,8.735288128041133e-05,10938470.354314206,0.0,0.0,0.0,0.0,0.0,6315328.803586048,868907201299.7861,-88.47007102532002,316.0482851095829,99.78313499814996,263.6163318811202,6.585184338437392,-47.23953216189316,-23.296446077116176,11.662720832073864,81.90046610979793,352.2702562027607,2.2325572043004004e-05
534,7.909161004482507e-08,1.5e-10,8.753424614822926e-05,10959254.964005033,0.0,0.0,0.0,0.0,0.0,6327328.803586048,868832604288.8542,-59.14308994660947,332.8472420883445,107.76448618688505,292.7800410095467,7.3187267544144134,-55.05182370301089,-45.34608756523004,-10.669081979462677,51.838659168440394,370.6310933866297,2.2381166707012e-05
535,7.924161004482507e-08,1.5e-10,8.771380679130731e-05,10980039.573695859,0.0,0.0,0.0,0.0,0.0,6339328.803586048,868764304822.7982,-82.77821953623717,322.13432983041037,97.10908343911649,279.75896756057506,3.118447809886513,-56.86580435503802,-18.69617913027566,5.326771918647969,79.66019125722984,364.00357402355354,2.243576724311553e-05
536,7.939161004482506e-08,1.5e-10,8.789388350081482e-05,11000824.183386685,0.0,0.0,0.0,0.0,0.0,6351328.803586048,868437259759.4188,-58.80592819000464,330.1747226941127,102.98010042886088,280.34903401069397,1.5978829856261063,-67.33288598310926,-33.33823481929659,9.587991634984121,57.20937194164995,362.57915231774814,2.2490154115963192e-05
537,7.954161004482506e-08,1.5e-10,8.807410773787886e-05,11021608.793077512,0.0,0.0,0.0,0.0,0.0,6363328.803586048,868300186673.8192,-69.8660247009238,328.8307808962807,99.87703972042208,282.0866143734176,20.591947861960048,-64.81638760687703,-26.291035260425357,17.116390824465984,49.27477195709185,363.4908707427225,2.25446777465746e-05
538,7.969161004482506e-08,1.5e-10,8.825294942464823e-05,11042393.40276834,0.0,0.0,0.0,0.0,0.0,6375328.803586048,868159076030.1294,-58.82827788923931,331.87148669532047,99.6805919822237,265.1572567214796,8.113212688152025,-63.33972983217947,-48.196403925960325,9.727810398133208,50.7157008460819,353.1597965108479,2.2597651716051226e-05
539,7.984161004482506e-08,1.5e-10,8.84338536358346e-05,11063178.012459166,0.0,0.0,0.0,0.0,0.0,6387328.803586048,868025442726.888,-68.0591095589296,341.49228594717044,105.43356263241458,277.6837239045589,-2.775080316133605,-60.61805591060516,-28.94338758635211,29.806014978491746,70.83483731303025,369.4562198712436,2.2653070149031913e-05
540,7.999161004482506e-08,1.5e-10,8.861136666137257e-05,11083962.622149993,0.0,0.0,0.0,0.0,0.0,6399328.803586048,867559436256.9321,-39.409854909729596,317.3127151401456,95.2835927944396,266.3545194108092,21.349209217838368,-63.44134479091677,-49.71031944156544,9.832091077916647,18.061395360515018,341.7058163671023,2.270432602148698e-05
541,8.014161004482506e-08,1.5e-10,8.879034465212656e-05,11104747.23184082,0.0,0.0,0.0,0.0,0.0,6411328.803586048,867430973969.7924,-72.30520218779414,312.98950659339135,93.1716982645252,283.8638257124786,3.422250080535449,-64.27852364868711,-27.679389764878067,27.69858134440304,68.88352033948416,356.75884562871613,2.2757839848331287e-05
542,8.029161004482505e-08,1.5e-10,8.897068136131102e-05,11125531.841531646,0.0,0.0,0.0,0.0,0.0,6423328.803586048,867327780754.7667,-54.46451500129015,347.7351288984649,107.23545995686455,267.17715107417956,-4.972067787807417,-60.59989806614807,-58.899332843055426,-0.624661836997735,59.43740803725292,363.8908996911256,2.2812423483284956e-05
543,8.044161004482505e-08,1.5e-10,8.915255115598068e-05,11146316.451222472,0.0,0.0,0.0,0.0,0.0,6435328.803586048,867148880740.5145,-62.28856282512857,330.5786707586182,114.35815342253389,299.6465331252069,3.4859827272382278,-64.30335892556158,-27.074314592559592,20.582067584908636,58.80331239153676,374.7948420193918,2.2868642709587863e-05
544,8.059161004482505e-08,1.5e-10,8.933133435872719e-05,11167101.060913298,0.0,0.0,0.0,0.0,0.0,6447328.803586048,866927942815.4653,-69.61199277938466,323.6968587799145,102.08268195399484,270.94113768212895,5.069965664118792,-71.87671660854201,-35.78482854974841,19.532215847211035,64.54271324441378,355.3422250963913,2.292194404335232e-05
545,8.074161004482505e-08,1.5e-10,8.951122366807692e-05,11187885.670604125,0.0,0.0,0.0,0.0,0.0,6459328.803586048,866762671425.8181,-71.65821639588182,323.64315208637305,120.7923526872353,282.815328414177,-2.036299068015137,-72.34711531497886,-36.10656141012694,20.35602851822587,73.69521131886134,364.6033032608196,2.2976634538841442e-05
546,8.089161004482505e-08,1.5e-10,8.969176334202382e-05,11208670.280294951,0.0,0.0,0.0,0.0,0.0,6471328.803586048,866612606557.8969,-69.76565962277367,327.78428689403927,111.46619574337278,287.3713040054931,3.5753705878798048,-64.02609069583457,-47.404562571646714,21.40859542831238,66.19101089835424,366.45104524562527,2.3031602195628287e-05
547,8.104161004482504e-08,1.5e-10,8.987323613247279e-05,11229454.889985777,0.0,0.0,0.0,0.0,0.0,6483328.803586048,866465184039.2671,-66.70620286404187,329.9117923612932,113.17232297692621,295.90271157797565,7.811846557937554,-69.61571682180114,-41.382253269591686,21.57956639300406,58.89489874344651,371.96047383547074,2.3087396266703608e-05
548,8.119161004482504e-08,1.5e-10,9.0054641231685e-05,11250239.499676604,0.0,0.0,0.0,0.0,0.0,6495328.803586048,866347947257.7493,-75.73973406910368,334.52503388622904,110.27440948642716,289.459584044242,13.182340344133003,-78.41736520973429,-37.01709516817224,23.90426803576409,62.557908726383225,372.9801880326038,2.31433432949085e-05
549,8.134161004482504e-08,1.5e-10,9.023447633063257e-05,11271024.10936743,0.0,0.0,0.0,0.0,0.0,6507328.803586048,866214700566.2908,-68.37642597218829,322.9613961639492,114.47531688625934,283.8419660853575,-2.4798047878898286,-78.73485141157693,-46.25612532954584,19.358237737235605,70.85644343780831,363.22353175397376,2.3197826824671597e-05
550,8.149161004482504e-08,1.5e-10,9.041534056008165e-05,11291808.719058258,0.0,0.0,0.0,0.0,0.0,6519328.803586048,866013084970.2802,-74.15494065161847,320.08095686944466,118.86461274176601,298.19485470798037,20.511753876653273,-64.18967129867438,-52.01599779540168,26.892409765213753,53.64405548805743,367.7497093307533,2.325298928107121e-05
551,8.164161004482504e-08,1.5e-10,9.059743016526092e-05,11312593.328749085,0.0,0.0,0.0,0.0,0.0,6531328.803586048,865875195016.0339,-49.965057899475084,325.09521614780397,119.45476522676714,309.453175755963,2.4839534554743077,-79.91592268446128,-47.97112306353585,25.685271715177738,47.48159574660411,374.26233856737053,2.3309128631856316e-05
552,8.179161004482503e-08,1.5e-10,9.077880172217743e-05,11333377.93843991,0.0,0.0,0.0,0.0,0.0,6543328.803586048,865766186836.6852,-55.29040170823592,319.7905571459479,113.35545463383687,306.2237404704411,5.998202311344918,-78.45894634432476,-47.72064797148,30.139419202958948,49.29266337541662,369.49612203569296,2.336455305016167e-05
553,8.194161004482503e-08,1.5e-10,9.095858930261207e-05,11354162.548130738,0.0,0.0,0.0,0.0,0.0,6555328.803586048,865657551681.9384,-64.14166388885232,308.63842340123693,110.95868366230778,298.55609091120067,-4.787862458967767,-76.16775415608579,-52.2631722091757,27.657525356817963,68.93225570981029,361.5987871823399,2.341879286823902e-05
554,8.209161004482503e-08,1.5e-10,9.113912708165048e-05,11374947.157821564,0.0,0.0,0.0,0.0,0.0,6567328.803586048,865535396713.7521,-46.29478803298799,324.8972121682242,115.69019083043356,292.47247168233497,-4.830797269786147,-79.24708630822535,-52.0300085123104,29.90606422292621,51.12606569178174,363.86504778545805,2.3473372625406836e-05
555,8.224161004482503e-08,1.5e-10,9.131996138081707e-05,11395731.767512389,0.0,0.0,0.0,0.0,0.0,6579328.803586048,865306677337.182,-59.64928140612862,324.23484079237187,112.949557862466,294.4134667882064,-10.594670591548308,-72.77938262600567,-27.732948413258427,32.458539528296896,70.2444069616727,369.15330620202525,2.352874562133714e-05
556,8.239161004482503e-08,1.5e-10,9.149863591319006e-05,11416516.377203217,0.0,0.0,0.0,0.0,0.0,6591328.803586048,865176952603.3721,-52.27461160614743,308.82584814374815,108.21307271552524,285.7733106048555,-0.9402368987163581,-85.09203462298238,-32.80941777264258,31.066314825359164,53.215322692579086,352.7432628364398,2.3581657110762606e-05
557,8.254161004482502e-08,1.5e-10,9.168022899886948e-05,11437300.986894043,0.0,0.0,0.0,0.0,0.0,6603328.803586048,865015538489.0096,-54.13145047843439,328.6233909282496,121.71498098491877,299.84334332168686,-6.0408017673250995,-83.92323899898955,-51.11944706823868,31.09987519898522,60.17275351279354,372.3436603440942,2.363750865981422e-05
558,8.269161004482502e-08,1.5e-10,9.186054066969416e-05,11458085.59658487,0.0,0.0,0.0,0.0,0.0,6615328.803586048,864891143139.4952,-54.782092588151144,319.4371615117075,122.6026251697026,293.8061812184682,0.11025302587401664,-90.55601029178702,-47.619658237925655,29.604019802335344,54.67230925235459,363.95296872146406,2.369210160512244e-05
559,8.284161004482502e-08,1.5e-10,9.204019297961267e-05,11478870.206275696,0.0,0.0,0.0,0.0,0.0,6627328.803586048,864749628054.6658,-36.60345418785615,316.1244543991771,121.09189813320161,291.69951765133266,-8.087124938494007,-90.4471890011423,-55.38863463597136,28.553221424766598,44.69103338623301,357.9584561009634,2.3745795373537584e-05
560,8.299161004482502e-08,1.5e-10,9.221857804209572e-05,11499654.815966522,0.0,0.0,0.0,0.0,0.0,6639328.803586048,864628850749.0466,-79.65777854604234,303.2342881455003,104.8865331369841,286.73072386971523,15.712734680702397,-77.143209611197,-57.12754662817778,46.80762844292648,63.945502920141365,352.4308167545185,2.3798659996050763e-05
561,8.314161004482502e-08,1.5e-10,9.239910037995427e-05,11520439.425657349,0.0,0.0,0.0,0.0,0.0,6651328.803586048,864489616039.1907,-65.91996407146662,319.16528813288875,112.88752619444841,296.40191469479225,0.2568960457387464,-71.87481709993428,-54.437482270373486,34.15403589664796,65.65562370440843,365.63852064206844,2.3853505774147075e-05
562,8.329161004482501e-08,1.5e-10,9.257999316577191e-05,11541224.035348177,0.0,0.0,0.0,0.0,0.0,6663328.803586048,864272598793.5426,-54.137421390295756,317.7498566126473,124.55805122824715,302.5810100097968,-20.7572670638178,-72.60105813796073,-50.108857847085034,29.249122350812204,74.71427144004673,369.7388044693548,2.3908966594817477e-05
563,8.344161004482501e-08,1.5e-10,9.276022870334458e-05,11562008.645039001,0.0,0.0,0.0,0.0,0.0,6675328.803586048,864132503338.4226,-53.512291374614385,317.8280308580703,125.59880916273495,294.59928337650337,-8.692512378027676,-81.55029276654689,-48.715020958771376,21.812749308214364,62.206397616952266,364.3095882239745,2.3963613033051074e-05
564,8.359161004482501e-08,1.5e-10,9.294112531725579e-05,11582793.254729828,0.0,0.0,0.0,0.0,0.0,6687328.803586048,863998043375.9529,-47.555471905910686,315.80026040688904,126.20214865090041,305.464829270637,-4.844058201808491,-75.48166878391913,-60.75424913562831,26.97686710090561,52.401159522441866,366.3642056951887,2.4018567663905353e-05
565,8.374161004482501e-08,1.5e-10,9.312137047099742e-05,11603577.864420656,0.0,0.0,0.0,0.0,0.0,6699328.803586048,863884481190.8662,-53.28051173212929,310.0157917921464,134.53466060757518,302.0415932137031,-14.329808019759966,-76.74881780567603,-42.798713858402834,32.11777500953163,67.61194911308414,365.26370402291496,2.407335721950879e-05
566,8.3891610044825e-08,1.5e-10,9.33015636136285e-05,11624362.47411148,0.0,0.0,0.0,0.0,0.0,6711328.803586048,863773689530.6707,-43.26554926712205,315.9616977034952,132.5221608008358,297.18613356845094,-20.59893077107539,-80.99276840674737,-58.41699007688465,26.728778052257276,63.866235441977395,363.83909421352905,2.4127933083640817e-05
567,8.4041610044825e-08,1.5e-10,9.348174091770528e-05,11645147.083802307,0.0,0.0,0.0,0.0,0.0,6723328.803586048,863651122702.5763,-54.032368298678634,309.4059222831596,136.07699048420088,302.0790671467823,-13.290605834788147,-72.43018827803928,-50.164528535806824,32.22889665988537,67.32653065855179,364.3116727839006,2.4182579834558402e-05
568,8.4191610044825e-08,1.5e-10,9.366205454075688e-05,11665931.693493135,0.0,0.0,0.0,0.0,0.0,6735328.803586048,863522374675.4279,-19.5761896632607,318.1799599155175,133.33561933349682,299.67822672783285,-36.668026382503605,-63.04996046291297,-74.70292399006728,34.36040203641721,56.24584564584242,363.2227762471325,2.423706325099547e-05
569,8.4341610044825e-08,1.5e-10,9.384041438138121e-05,11686716.30318396,0.0,0.0,0.0,0.0,0.0,6747328.803586048,863410618602.6112,-50.16244047480182,308.0879752224432,136.98921688628346,282.93452752415044,-18.369549385729606,-70.37044432233073,-57.90276936990905,19.783452338482114,68.53373632769267,352.71446255183736,2.4289970420378244e-05
570,8.4491610044825e-08,1.5e-10,9.401929334407265e-05,11707500.912874786,0.0,0.0,0.0,0.0,0.0,6759328.803586048,863272567004.2308,-54.428952790223946,308.4396960897052,146.67780886813824,288.19000183249125,-13.377736732124713,-59.07295196427785,-63.03082704657771,32.42442075165003,67.808525705743,355.50569616954573,2.4343296274803675e-05
571,8.4641610044825e-08,1.5e-10,9.419897739525157e-05,11728285.522565614,0.0,0.0,0.0,0.0,0.0,6771328.803586048,863155247322.9822,-32.090943565950845,313.75253353785416,146.88393109972412,294.02766316688337,-24.629009046620904,-71.95917206202141,-60.64235661697093,19.738565269785962,56.72173487202374,360.21702363732084,2.439732882834927e-05
572,8.4791610044825e-08,1.5e-10,9.438038722482646e-05,11749070.13225644,0.0,0.0,0.0,0.0,0.0,6783328.803586048,863018128115.7727,-28.465017537628277,316.03796944920447,142.4671286264219,312.81030000103783,-20.947050553938226,-54.99609455321434,-62.81086881766951,47.4549090607932,49.4140066356678,369.3389119314617,2.445272966513899e-05
573,8.494161004482499e-08,1.5e-10,9.45616346977965e-05,11769854.741947267,0.0,0.0,0.0,0.0,0.0,6795328.803586048,862886312307.8636,-32.50720810534405,318.1709225463432,157.84161414397084,307.17325030543316,-15.677492639812382,-71.37520625932855,-60.14610722205526,26.091454064331312,48.18642501749198,369.63911798119346,2.450817553283617e-05
574,8.509161004482499e-08,1.5e-10,9.474222139075642e-05,11790639.351638094,0.0,0.0,0.0,0.0,0.0,6807328.803586048,862757864092.1973,-50.76540037280568,316.4501105376918,154.90955150407586,299.0300568221829,-7.700853978303437,-79.8287131420019,-51.37622502748063,21.07641233511528,58.46814522620657,367.46733415872035,2.4563295632959978e-05
575,8.524161004482499e-08,1.5e-10,9.492465457100646e-05,11811423.96132892,0.0,0.0,0.0,0.0,0.0,6819328.803586048,862609499659.0316,-45.971679043829646,325.52488472584565,166.74068161567956,312.7653499441235,-20.98843683627422,-51.96488647274812,-77.90608820642295,18.724592500340588,66.96203337253817,378.808031040021,2.4620116837615983e-05
576,8.539161004482499e-08,1.5e-10,9.5106541615287e-05,11832208.571019748,0.0,0.0,0.0,0.0,0.0,6831328.803586048,862425428903.5867,-61.491845753738914,329.7457829797074,154.34982568750925,300.12396446307605,-6.714092230298519,-73.86325963343795,-54.07652825929511,27.25653006026643,64.35210750879814,376.341095240862,2.4676568001902113e-05
577,8.554161004482498e-08,1.5e-10,9.528803268121468e-05,11852993.180710573,0.0,0.0,0.0,0.0,0.0,6843328.803586048,862158724569.877,-38.29326216354227,331.0983759942842,167.8592607914642,296.03943830069454,-7.092870000799071,-63.693926442693616,-61.93550418803508,14.812188994571704,45.388142796120164,371.512510809763,2.4732294878523576e-05
578,8.569161004482498e-08,1.5e-10,9.546974644717694e-05,11873777.790401401,0.0,0.0,0.0,0.0,0.0,6855328.803586048,862017564516.9037,-48.104566892113986,327.60655209772716,160.01804134813665,301.2770076829913,-4.219912460245599,-66.21675808810038,-56.72404559050747,18.992445803560333,52.32655249653039,373.5122341678773,2.4788321713648757e-05
579,8.584161004482498e-08,1.5e-10,9.565165828099771e-05,11894562.400092227,0.0,0.0,0.0,0.0,0.0,6867328.803586048,861876071055.1919,-53.189212485964624,334.57656814693456,173.7967446990086,296.13061298504806,-2.9540697254206325,-59.836787486783614,-72.86098513638524,5.662886210043379,56.145417904813584,375.4529003210785,2.484463964869692e-05
580,8.599161004482498e-08,1.5e-10,9.583552805040948e-05,11915347.009783052,0.0,0.0,0.0,0.0,0.0,6879328.803586048,861552050199.8729,-47.144942256610115,340.3886395090604,186.4787858169108,313.55212237691165,2.2390187013860063,-59.38531406704492,-77.59655391715259,15.651316149413077,37.14427191445099,386.7045532426082,2.490264533168331e-05
581,8.614161004482498e-08,1.5e-10,9.60162837056842e-05,11936131.619473878,0.0,0.0,0.0,0.0,0.0,6891328.803586048,861142373120.0536,-39.6200793117272,319.02959261620026,170.46487385908858,299.42217996911677,-15.95220073564382,-64.43519067493733,-63.647516287614685,15.193470704775164,55.5745172977688,367.94147660092557,2.495783655317345e-05
582,8.629161004482497e-08,1.5e-10,9.619930219731015e-05,11956916.229164707,0.0,0.0,0.0,0.0,0.0,6903328.803586048,861028577537.9703,-56.731171243598844,331.1943735448711,169.3343500298872,311.775366754784,-17.023537383391165,-52.61268392536534,-60.10099632207597,12.588219404495094,73.75700853759055,385.07168861209084,2.501559730646526e-05
583,8.644161004482497e-08,1.5e-10,9.638041365625572e-05,11977700.838855533,0.0,0.0,0.0,0.0,0.0,6915328.803586048,860712031485.8732,-28.502596762661284,331.9320397431187,184.96730983004272,291.2055803599984,-25.571700018494735,-58.82356656586276,-65.6372433547706,13.74945702606287,54.076694438931135,371.19313535074974,2.5071276276767873e-05
584,8.659161004482497e-08,1.5e-10,9.656575775598724e-05,11998485.44854636,0.0,0.0,0.0,0.0,0.0,6927328.803586048,860565890676.2249,-50.896835070175534,351.0169762763356,172.27475877843696,319.2684757412784,-18.212289195334407,-58.90954855065267,-60.16781886745315,15.785001040624538,69.11168223865849,399.6279434674672,2.513122046828799e-05
585,8.674161004482497e-08,1.5e-10,9.675051051930342e-05,12019270.058237186,0.0,0.0,0.0,0.0,0.0,6939328.803586048,860471256252.5591,-47.291430414515204,347.6795982568894,178.2967584328499,315.6943433782372,-26.024960349391733,-70.31497980256951,-62.193249509207305,4.418663320317286,73.31887097937417,397.6875680472016,2.519087360349507e-05
586,8.689161004482497e-08,1.5e-10,9.693465638105704e-05,12040054.667928012,0.0,0.0,0.0,0.0,0.0,6951328.803586048,860365283972.6465,-38.56876157916739,344.80328673859594,169.89601920297972,313.11806525143606,-23.658569190980316,-78.8442271479998,-71.56673013929795,7.179271094404801,62.2298437920527,391.367125968666,2.524957867239037e-05
587,8.704161004482496e-08,1.5e-10,9.711940703400812e-05,12060839.277618838,0.0,0.0,0.0,0.0,0.0,6963328.803586048,860279732957.9225,-63.63235277766185,346.8701481878007,173.26449374632045,314.76093012752733,-20.677339751862963,-78.15792947140494,-55.209533817879866,11.663453653943163,84.31233238475102,399.70179252931024,2.5309533941269766e-05
588,8.719161004482496e-08,1.5e-10,9.730357890531309e-05,12081623.887309665,0.0,0.0,0.0,0.0,0.0,6975328.803586048,859941929794.832,-34.27528903959074,344.6760980605016,170.0520472432518,313.509618925463,-25.645416545365688,-72.01120381645826,-60.06970366239635,8.893137281652287,59.92341105754251,391.63547690404056,2.5368279262805374e-05
589,8.734161004482496e-08,1.5e-10,9.748746115868982e-05,12102408.497000491,0.0,0.0,0.0,0.0,0.0,6987328.803586048,859812497365.6471,-45.56836126477233,346.29509659793973,182.88348955259627,306.4929012520077,-18.082411999740014,-59.4530618198,-48.499858223012914,13.124718372448287,63.65581685750642,391.25800110950115,2.54269679629718e-05
590,8.749161004482496e-08,1.5e-10,9.767214881759679e-05,12123193.106691318,0.0,0.0,0.0,0.0,0.0,6999328.803586048,859703806870.6134,-50.3430943985311,354.7192093703869,177.62882664295358,307.7405321396097,-13.055790871651647,-47.22188653112909,-59.9165005384948,8.687399998981261,63.78279877256403,394.85873422741986,2.5486196773105913e-05
591,8.764161004482496e-08,1.5e-10,9.785745186606434e-05,12143977.716382144,0.0,0.0,0.0,0.0,0.0,7011328.803586048,859600105822.3658,-33.545492879751656,373.9385118150745,184.9271941189794,297.3757264581054,-28.037817467084736,-52.17666604877049,-73.91211216199109,-7.681708765889507,61.57923812742268,399.1562032187828,2.554607020358873e-05
592,8.779161004482495e-08,1.5e-10,9.804198015686182e-05,12164762.32607297,0.0,0.0,0.0,0.0,0.0,7023328.803586048,859511509929.7738,-55.499632605337275,343.95673637693375,178.627312421086,315.7161118200777,-0.16321022601616664,-53.75200885136549,-51.93718109944484,13.565811730246116,55.662251773664444,393.78108585039547,2.560513736646629e-05
593,8.794161004482495e-08,1.5e-10,9.822653178740368e-05,12185546.935763797,0.0,0.0,0.0,0.0,0.0,7035328.803586048,859424127757.4359,-50.00730375415351,355.1054641297217,183.03113773855387,305.27403245792397,-5.227526044684591,-54.73134719461405,-57.11861781297143,2.2538206540099073,55.234880930748574,394.0671821050595,2.5664247443782048e-05
594,8.809161004482495e-08,1.5e-10,9.841123307739299e-05,12206331.545454625,0.0,0.0,0.0,0.0,0.0,7047328.803586048,859345118567.6808,-41.664420545928806,360.37829802674736,184.7421645665621,302.8448765203084,-9.36548060604391,-51.82344174024352,-65.58847923025654,-1.1288293493971902,51.03024143772559,394.00590791435854,2.5723348329969202e-05
595,8.824161004482495e-08,1.5e-10,9.859512588212563e-05,12227116.155145451,0.0,0.0,0.0,0.0,0.0,7059328.803586048,859284900881.2968,-29.500098572509213,357.3219703716294,184.82435591960953,297.5084583504279,-8.249617291583839,-47.13650385780194,-61.25186655555429,-6.5787964461490525,37.751152799164224,388.0228975513811,2.578155176460191e-05
596,8.839161004482495e-08,1.5e-10,9.878208775680367e-05,12247900.764836278,0.0,0.0,0.0,0.0,0.0,7071328.803586048,859204759870.3512,-46.170230621657446,366.6421469859902,182.9012005201807,322.7106998717736,-29.752980795660115,-34.04365684847844,-67.69137546292895,1.2838576275506421,75.9248261334769,411.14347628542316,2.5843223286044723e-05
597,8.854161004482494e-08,1.5e-10,9.896687011754944e-05,12268685.374527104,0.0,0.0,0.0,0.0,0.0,7083328.803586048,859106971901.4435,-31.68231608464125,357.84221748538755,185.03687306808462,306.99872271706033,-9.835911148457516,-47.42395392304136,-60.33546793946589,-7.2550171052182,41.520366063217764,394.2091730204064,2.5902354661997785e-05
598,8.869161004482494e-08,1.5e-10,9.915286391661993e-05,12289469.98421793,0.0,0.0,0.0,0.0,0.0,7095328.803586048,859031455854.9374,-46.01985878405789,362.628457605259,174.02563713787728,315.78869854831714,-1.6773284551926693,-35.71578653115844,-66.08694249145027,-1.4235278389305746,47.70083153643367,400.8623822720201,2.596248401933859e-05
599,8.884161004482494e-08,1.5e-10,9.933907413171786e-05,12310254.593908757,0.0,0.0,0.0,0.0,0.0,7107328.803586048,858961647408.7448,-55.444024209017755,358.0565902654829,172.57764941360193,321.68608045298487,-3.7042425405801334,-35.735957150597024,-56.00034154415357,10.722766151932982,59.152048168812286,403.9139672839623,2.6023071114431182e-05
600,8.899161004482494e-08,1.5e-10,9.952362914430869e-05,12331039.203599585,0.0,0.0,0.0,0.0,0.0,7119328.803586048,858891738414.316,-27.844068578515813,357.51534830536497,170.59844983706762,306.1580972872506,-11.215412505399986,-35.587872970717775,-65.50100130021562,0.7254297804553105,39.06287071692515,390.54546343183574,2.6081652933945958e-05
601,8.914161004482494e-08,1.5e-10,9.971091543213493e-05,12351823.813290412,0.0,0.0,0.0,0.0,0.0,7131328.803586048,858820625040.16,-63.47950549096877,363.52755809508227,180.45603437276,327.33184637515086,-3.4466288701142456,-44.612648277440215,-58.848822335174596,-9.80860144744205,66.92969303509335,413.15006335130965,2.6143625443448653e-05
602,8.929161004482494e-08,1.5e-10,9.989770186973366e-05,12372608.422981236,0.0,0.0,0.0,0.0,0.0,7143328.803586048,858733756739.3462,-55.5140141357834,364.11877924698473,176.30869580777534,322.65881072075877,-4.177989781356529,-30.242752525067957,-67.95330030499802,6.097679815048711,59.69563499421691,407.1498474171908,2.6204697920561233e-05
603,8.944161004482493e-08,1.5e-10,0.00010008271991858767,12393393.032672063,0.0,0.0,0.0,0.0,0.0,7155328.803586048,858670054085.7395,-23.378345547753234,364.01359853074285,179.3091749536206,305.0716886094903,-24.77520549701649,-43.20884646245484,-70.3061677567631,-8.539166053626587,48.15736547976746,395.47170705403346,2.6264018676619338e-05
604,8.959161004482493e-08,1.5e-10,0.00010026742727590156,12414177.642362889,0.0,0.0,0.0,0.0,0.0,7167328.803586048,858621477392.6322,-46.83420321994118,348.21798149097265,168.55325486946387,315.0048050779647,-6.46882597554051,-45.03690313186185,-56.49588313935388,7.441671944928353,53.30706281488599,393.27199369932373,2.6323009475674235e-05
605,8.974161004482493e-08,1.5e-10,0.00010045353701460971,12434962.252053715,0.0,0.0,0.0,0.0,0.0,7179328.803586048,858564679343.8142,-15.570199255051786,362.6002417798409,181.6062161774624,319.0058560586391,-33.52809046976866,-48.96337519832998,-55.386316036448854,-9.152428405699725,49.10247514538562,404.74313519907815,2.6383720945954097e-05
606,8.989161004482493e-08,1.5e-10,0.00010063930611923315,12455746.861744544,0.0,0.0,0.0,0.0,0.0,7191328.803586048,858504405065.2836,-45.26149210140313,360.2196047748342,170.5624325241079,315.68448264462205,-11.886344758070138,-41.466886589682275,-63.1384114687094,7.600779538374093,57.15222626146701,400.1856646391519,2.644374879564997e-05
607,9.004161004482493e-08,1.5e-10,0.00010082587517472824,12476531.47143537,0.0,0.0,0.0,0.0,0.0,7203328.803586048,858435422470.769,-40.626253320724494,366.00462126783793,178.93571406476522,319.8622627067315,-10.069248242804251,-35.90299508566834,-76.80194451834625,3.313258989307731,50.700074638386255,404.3725756808782,2.6504404682002104e-05
608,9.019161004482492e-08,1.5e-10,0.00010101003366059881,12497316.081126196,0.0,0.0,0.0,0.0,0.0,7215328.803586048,858393158846.653,-45.75289282444041,344.6084608638791,186.07293104000345,312.2088068826639,-19.19167254976308,-26.605857562138247,-65.43621789014307,13.341475772293773,64.94952500369533,391.3643912367934,2.6563109340687623e-05
609,9.034161004482492e-08,1.5e-10,0.00010119562367369603,12518100.690817023,0.0,0.0,0.0,0.0,0.0,7227328.803586048,858309777317.0486,-31.933165033580845,364.05037900559154,170.94818599100105,311.0894873081228,-14.087702467940632,-44.17565666657006,-64.79540631241586,8.198017733629364,46.02610219768762,397.93208263453596,2.6622799153082803e-05
610,9.049161004482492e-08,1.5e-10,0.00010138128898516854,12538885.30050785,0.0,0.0,0.0,0.0,0.0,7239328.803586048,858247629392.0862,-30.387841916699653,362.2174477217546,167.17312240790045,314.0429218683312,-7.855117256604781,-44.69220708158103,-59.96632042332563,21.93465102063245,38.248554079833255,397.59084647959423,2.6682437780054744e-05
611,9.064161004482492e-08,1.5e-10,0.00010156872974121182,12559669.910198675,0.0,0.0,0.0,0.0,0.0,7251328.803586048,858169486874.3561,-17.136903985047763,377.32886663593337,173.81317411478764,320.75206782050856,-14.446009872867064,-41.900181534753884,-65.54394309435331,22.973586573257812,31.588568053298605,409.2260296610204,2.6743821684503896e-05
612,9.079161004482492e-08,1.5e-10,0.00010175566633632939,12580454.519889502,0.0,0.0,0.0,0.0,0.0,7263328.803586048,858091271063.5028,-35.29865609775278,378.1249780448552,169.14304898477042,312.16991126327184,-4.954202463825468,-51.49434615280067,-61.2328022668621,13.655751220063229,40.259451876593076,406.35212162099447,2.6804774502747045e-05
613,9.094161004482491e-08,1.5e-10,0.00010194278782145089,12601239.129580328,0.0,0.0,0.0,0.0,0.0,7275328.803586048,858030331451.965,-32.011290579834856,379.04887527853504,170.47901908659148,313.58523932499986,-9.244804784282719,-50.20929609012467,-60.20214764179882,12.274100549203645,41.26371254614042,407.8266994592005,2.6865948507665925e-05
614,9.109161004482491e-08,1.5e-10,0.00010212853311760835,12622023.739271155,0.0,0.0,0.0,0.0,0.0,7287328.803586048,857986445232.8105,-44.84159552364317,362.50720534114254,169.23664223002694,312.5537457464097,-9.46931758240537,-55.003080162322775,-50.2413922149284,17.59041531959354,54.3196749378203,400.5700072812436,2.6926034008758113e-05
615,9.124161004482491e-08,1.5e-10,0.00010231506005757758,12642808.348961981,0.0,0.0,0.0,0.0,0.0,7299328.803586048,857942935625.3605,-38.006848565302384,374.94625035090456,174.89854552432007,310.1602678332784,-6.812480431684159,-47.3021048398179,-60.910928789105675,19.517257077447418,44.829352044695305,404.2018135606258,2.6986664280792207e-05
616,9.139161004482491e-08,1.5e-10,0.00010250137792030368,12663592.958652807,0.0,0.0,0.0,0.0,0.0,7311328.803586048,857641075630.5931,-36.7074994249025,367.4866074354188,177.02924542510326,315.5626008772309,0.41736016644546486,-43.5227601133719,-66.09675969040286,23.943478878709715,36.30157795643855,401.9023198708916,2.704694962877284e-05
617,9.15416100448249e-08,1.5e-10,0.00010268658527374638,12684377.568343634,0.0,0.0,0.0,0.0,0.0,7323328.803586048,857575611442.865,-30.05578389685186,370.83988035972266,174.0187909197266,299.341955290908,-17.170990859745455,-57.11739862336951,-55.75514415988247,11.854767185616918,47.23961794053075,396.6687274193711,2.7106449937885744e-05
618,9.16916100448249e-08,1.5e-10,0.00010287214055378024,12705162.178034462,0.0,0.0,0.0,0.0,0.0,7335328.803586048,857425095005.1053,-39.4125233485766,373.48758751708084,168.2262647970932,300.9992028889438,2.297721745021177,-45.65984693061065,-70.58885360612584,19.415908027254567,37.13034334988578,396.2443760542467,2.7165886594293883e-05
619,9.18416100448249e-08,1.5e-10,0.00010305781956932324,12725946.787725287,0.0,0.0,0.0,0.0,0.0,7347328.803586048,857368847372.1686,-61.79801481896162,369.4702046130913,168.7194105774603,304.2945750175511,16.984138911812288,-45.89427256407932,-65.89156448722386,39.633467647519964,44.83160396993657,398.66711198266813,2.7225686661091283e-05
620,9.19916100448249e-08,1.5e-10,0.00010324390578512408,12746731.397416113,0.0,0.0,0.0,0.0,0.0,7359328.803586048,857300965817.5806,-36.85871105143004,375.61149247884316,178.34809711753647,304.3202093394485,-13.372290511369604,-51.2552304665041,-62.15665812661603,18.994952629625352,50.25206691819085,402.0669932093817,2.7285996710072692e-05
621,9.21416100448249e-08,1.5e-10,0.00010343103289630163,12767516.007106941,0.0,0.0,0.0,0.0,0.0,7371328.803586048,857237109357.7521,-34.80330133902441,385.9299967453709,190.05651511310944,305.6312778418254,-6.625614384308056,-52.99986786988337,-62.19463650021912,12.336753611477194,41.45356806610373,409.1480087055818,2.7347368911378528e-05
622,9.22916100448249e-08,1.5e-10,0.00010361935604332099,12788300.616797768,0.0,0.0,0.0,0.0,0.0,7383328.803586048,857172003312.0522,-44.02883079295684,381.85071079761696,186.3835880788263,322.7378308060722,-0.49766964382828505,-53.17627091235099,-57.51391464431695,22.409932418515186,44.555443587898324,417.07190411782915,2.74099296969962e-05
623,9.24416100448249e-08,1.5e-10,0.00010380632113819521,12809085.226488594,0.0,0.0,0.0,0.0,0.0,7395328.803586048,857146603673.1924,-53.43604070072966,391.3967036630093,188.13428171428208,296.2061370140263,7.450501591077213,-46.94146613935731,-53.146693472136576,8.33038210206758,46.0275607274672,409.29575485606705,2.7471324060224613e-05
624,9.259161004482489e-08,1.5e-10,0.00010399370507551535,12829869.83617942,0.0,0.0,0.0,0.0,0.0,7407328.803586048,857085380494.4005,-23.906507061408274,386.2095793692813,182.27690160221442,310.0917073716982,-18.667646701149398,-53.33830419867556,-69.2770997755716,19.516334094643614,42.63825131852648,409.9692703805974,2.7532819450781702e-05
625,9.274161004482489e-08,1.5e-10,0.00010418155229278198,12850654.445870247,0.0,0.0,0.0,0.0,0.0,7419328.803586048,856745913748.7135,-41.16714888364895,380.70452000810695,195.46339042654935,318.48202597730653,-11.72875621342951,-54.584162912419764,-63.50185585792094,24.806466470914877,52.89735933388007,414.8988796024572,2.759505428272207e-05
626,9.289161004482489e-08,1.5e-10,0.00010436945485797011,12871439.055561073,0.0,0.0,0.0,0.0,0.0,7431328.803586048,856706614333.1523,-61.617656408950246,380.38238469408367,193.45501322022608,317.5472921447019,-10.787233557299755,-53.74124845088893,-61.60329648248789,30.60993002747391,72.40653732580672,417.66708440427965,2.7657704345382714e-05
627,9.304161004482489e-08,1.5e-10,0.00010455628199291275,12892223.6652519,0.0,0.0,0.0,0.0,0.0,7443328.803586048,856604682575.6846,-27.620491600355567,377.0195999465649,189.7083990177482,312.20311882697644,-29.561029548025605,-58.82945198544519,-70.66307359911943,29.400300691526592,57.18304848784429,408.1989362392619,2.7718934185818604e-05
628,9.319161004482488e-08,1.5e-10,0.00010474315596762705,12913008.274942726,0.0,0.0,0.0,0.0,0.0,7455328.803586048,856542299769.5873,-37.79031038768438,386.2572287512177,195.56696623733,302.15029331483976,-23.690975103023984,-61.14875653352856,-71.94624081547994,16.312397008867357,61.48302757844278,409.3638823051609,2.7780338768164378e-05
629,9.334161004482488e-08,1.5e-10,0.00010493232469211798,12933792.884633554,0.0,0.0,0.0,0.0,0.0,7467328.803586048,856473528873.712,-53.85060844177963,381.7060964832287,187.88572547387218,331.6714252137354,-0.023565104731881205,-69.36207315590094,-61.05748854572231,28.20589768457508,53.87594888905052,423.5924668166134,2.784387763818687e-05
630,9.349161004482488e-08,1.5e-10,0.00010511920698025032,12954577.494324379,0.0,0.0,0.0,0.0,0.0,7479328.803586048,856422768998.8175,-40.31536839538202,375.6777792163115,194.1008180950325,312.73033631459384,-17.638306651874576,-56.345544641824134,-69.28524154802868,29.285005556121522,57.95557840459705,408.5778221140605,2.790516431150398e-05
631,9.364161004482488e-08,1.5e-10,0.00010530638448586839,12975362.104015205,0.0,0.0,0.0,0.0,0.0,7491328.803586048,856357489753.3967,-37.127744130781835,380.99359193014214,193.95397249276766,310.92493234013074,-32.18346180473083,-58.365325957291795,-67.01110453014157,25.456309345241596,69.31307270904595,412.4664966685152,2.7967034286004257e-05
632,9.379161004482488e-08,1.5e-10,0.00010549400155235189,12996146.713706033,0.0,0.0,0.0,0.0,0.0,7503328.803586048,856261209033.6393,-38.46938422807231,378.01597227360304,183.667441871857,320.2543834099022,-30.306813396641346,-56.03625493410935,-82.91688286544809,40.37763215505605,68.77764353394159,413.21297118082873,2.8029016231681383e-05
633,9.394161004482487e-08,1.5e-10,0.0001056812190100958,13016931.32339686,0.0,0.0,0.0,0.0,0.0,7515328.803586048,856154910736.8092,-44.41275556373651,383.19171112779475,217.8546702277945,308.3680001097817,-17.196432680729334,-63.288830964678304,-91.78834627435899,13.54276572414882,61.608628082093006,411.8049253650637,2.8090786970486143e-05
634,9.409161004482487e-08,1.5e-10,0.00010586686248186999,13037715.933087686,0.0,0.0,0.0,0.0,0.0,7527328.803586048,856078462485.4619,-43.41198635355117,377.44807432189396,191.35118325498513,297.55389398486864,-3.925953514829258,-63.55159403503856,-95.19209943231326,27.483956928791343,47.33970888303453,397.68380424680413,2.8150439541123164e-05
635,9.424161004482487e-08,1.5e-10,0.0001060542868510173,13058500.542778512,0.0,0.0,0.0,0.0,0.0,7539328.803586048,856005545859.2516,-48.66073255552002,386.59933345907496,209.28954992710857,307.6481279889545,-19.84986930413405,-48.87665591917266,-91.39267593410909,30.066098155930934,68.51221328355467,412.773005760714,2.821235549198727e-05
636,9.439161004482487e-08,1.5e-10,0.00010624102525987189,13079285.152469339,0.0,0.0,0.0,0.0,0.0,7551328.803586048,855961900962.3235,-33.04570805890195,380.6918932205075,214.6195380535243,306.8831238470425,-23.512778798389064,-53.467209350007614,-91.55369869757655,36.527788090586405,56.56028212384658,407.38164706990267,2.8273462739047755e-05
637,9.454161004482487e-08,1.5e-10,0.00010642817315478339,13100069.762160163,0.0,0.0,0.0,0.0,0.0,7563328.803586048,855899056145.2341,-33.546222363522226,384.5177633210186,218.83477737184066,307.5825373072837,-29.591771314773208,-57.927433123122846,-96.33149802306914,26.608162171835144,63.13981946250011,411.08234935198465,2.8335125091450553e-05
638,9.469161004482486e-08,1.5e-10,0.00010661572149320391,13120854.371850992,0.0,0.0,0.0,0.0,0.0,7575328.803586048,855829308955.9221,-38.88852417044215,384.7094631300873,219.0904541668422,312.00004447203435,-21.040159600250277,-51.71930583869394,-104.0875049651402,30.964183707292843,59.93028249842922,412.3727602465074,2.839698100548753e-05
639,9.484161004482486e-08,1.5e-10,0.00010680418140000047,13141638.981541818,0.0,0.0,0.0,0.0,0.0,7587328.803586048,855781556987.7179,-61.47632154393883,393.47900904275923,214.54661593390114,311.7116467896812,-18.449385363951126,-50.550652672406684,-101.18900983013725,32.23502275319195,79.9272710806756,420.9099046196906,2.8460117491180483e-05
640,9.499161004482486e-08,1.5e-10,0.00010699098214634662,13162423.591232644,0.0,0.0,0.0,0.0,0.0,7599328.803586048,855738461196.6047,-49.43683208662337,374.6864973889088,210.48500865784575,312.2637405772769,-27.392281386943647,-55.26672537701369,-95.25928250710624,31.37767660694008,76.83095030566047,409.8548315368626,2.852159571591101e-05
641,9.514161004482486e-08,1.5e-10,0.00010717822382354704,13183208.20092347,0.0,0.0,0.0,0.0,0.0,7611328.803586048,855681135186.7634,-24.448178486591885,384.45798948885823,204.56474969886605,310.88794394245446,-44.97901818984526,-48.6304895608801,-109.69191864407298,27.288426505395872,69.42888880246653,411.43841057329547,2.8583311477497007e-05
642,9.529161004482486e-08,1.5e-10,0.00010736478518931527,13203992.810614297,0.0,0.0,0.0,0.0,0.0,7623328.803586048,855623163827.4084,-51.14721530012087,366.8084049231214,219.0646489437858,316.8987027745414,-8.05510162916516,-50.91569907850879,-92.66597253496842,39.39377892032951,59.20417008348579,406.58615374821875,2.864429940055924e-05
643,9.544161004482485e-08,1.5e-10,0.00010755055410163152,13224777.420305124,0.0,0.0,0.0,0.0,0.0,7635328.803586048,855570930257.5951,-24.871818175005643,369.8675977770113,212.9113153386175,307.55708603544844,-39.28392003388841,-53.698676297786726,-101.12703404283687,27.33308719808173,64.15753247370928,401.9332935712711,2.8704589394594933e-05
644,9.559161004482485e-08,1.5e-10,0.0001077375970600905,13245562.029995952,0.0,0.0,0.0,0.0,0.0,7647328.803586048,855473935473.1512,-35.20104444360414,377.56026042225005,208.51085001265022,314.2529868735806,-29.998108368313495,-53.26616003955615,-110.09771482246877,25.65210509367786,65.20096848448699,408.9961625721944,2.8765938818980764e-05
645,9.574161004482485e-08,1.5e-10,0.00010792384648799509,13266346.639686778,0.0,0.0,0.0,0.0,0.0,7659328.803586048,855390619556.8369,-51.255666130491626,359.029895994034,217.11411634987493,320.82291411670434,-24.472534815087293,-52.92779022748677,-89.59015545267114,34.16418714261175,75.73005215440116,406.9137725854765,2.8826975884868586e-05
646,9.589161004482485e-08,1.5e-10,0.00010811071174888458,13287131.249377605,0.0,0.0,0.0,0.0,0.0,7671328.803586048,855306723489.9003,-30.44396939907029,378.01584932326165,216.27292984997533,311.6870346494609,-32.90707235248297,-56.06351262516022,-109.06137307647757,21.81668143618253,63.352659158849455,408.41309631496665,2.888823784931583e-05
647,9.604161004482485e-08,1.5e-10,0.0001082976033518361,13307915.859068431,0.0,0.0,0.0,0.0,0.0,7683328.803586048,855240115655.7007,-33.996777416357084,371.9398628782752,213.76979079908168,317.9351861026214,-39.910213527106286,-46.94977496764768,-108.11298334773647,29.278134123420756,73.90883749789114,409.80705851041046,2.894970890809239e-05
648,9.619161004482484e-08,1.5e-10,0.00010848509574794912,13328700.468759257,0.0,0.0,0.0,0.0,0.0,7695328.803586048,855166465491.0176,-41.974406656159395,366.82496218388144,212.37003798518197,328.48020833418525,-25.41643308371897,-57.040396296136215,-92.79210042408448,23.24953342298798,67.39248359941239,413.43648088321913,2.9011724380224875e-05
649,9.634161004482484e-08,1.5e-10,0.00010867258480824508,13349485.078450084,0.0,0.0,0.0,0.0,0.0,7707328.803586048,855105671426.2787,-46.33696453072666,359.5090028638221,204.8911022728874,335.54055640452765,-29.122897428214625,-56.227523743760365,-89.02445215871653,27.950199870879537,75.46151399325007,414.20525208105784,2.9073855168037035e-05
650,9.649161004482484e-08,1.5e-10,0.00010885927342057937,13370269.68814091,0.0,0.0,0.0,0.0,0.0,7719328.803586048,855064900129.9358,-42.543505636451634,373.7776062773221,210.0631877269582,312.59210205555615,-34.831871932202574,-50.41447376036635,-101.33443263760921,16.187976963101608,77.37707468163529,409.1118891387816,2.9135221951407853e-05
651,9.664161004482484e-08,1.5e-10,0.00010904609458201386,13391054.297831737,0.0,0.0,0.0,0.0,0.0,7731328.803586048,855026035493.8542,-44.6938906410347,364.1862873063846,212.7802851497007,323.3049853878326,-29.68688244780962,-49.79560744165435,-98.23554016011413,19.404734275946883,74.38247514418944,409.6793741145123,2.919667385752503e-05
652,9.679161004482484e-08,1.5e-10,0.00010923254995400303,13411838.907522563,0.0,0.0,0.0,0.0,0.0,7743328.803586048,854991867912.463,-21.29567907102804,368.2599291742135,214.15948466608148,317.4450128788648,-40.30026883715013,-51.220270384292846,-108.43255184091377,7.9122098579890165,61.59765225618033,406.1973316607809,2.9257603457274146e-05
653,9.694161004482483e-08,1.5e-10,0.00010941949662323486,13432623.51721339,0.0,0.0,0.0,0.0,0.0,7755328.803586048,854950069229.2301,-49.49684920861204,354.05798573981144,212.5672295413773,334.2081231021751,-25.880575968819194,-51.43327439863139,-92.46351312037203,24.39588252427074,75.37910337020509,410.881030176174,2.9319235611800572e-05
654,9.709161004482483e-08,1.5e-10,0.0001096072990176749,13453408.126904216,0.0,0.0,0.0,0.0,0.0,7767328.803586048,854926987554.8713,-43.39373403261899,360.12609872182,208.0286935204844,338.8677270072349,-28.4066879033018,-50.991086346838095,-94.12710337092065,21.207135324796912,71.80212237100575,415.58955155306904,2.9381574044533532e-05
655,9.724161004482483e-08,1.5e-10,0.00010979509086239348,13474192.736595042,0.0,0.0,0.0,0.0,0.0,7779328.803586048,854909629933.4093,-42.95219431698457,367.1704689392624,208.23052476529773,332.1762054601205,-33.768397570145204,-42.43086837817102,-104.89564584614465,11.556498499996183,76.72230660717914,415.71629384895726,2.9443931488610877e-05
656,9.739161004482483e-08,1.5e-10,0.00010998109800352876,13494977.34628587,0.0,0.0,0.0,0.0,0.0,7791328.803586048,854891386766.2897,-42.77644639781384,349.01914022848035,213.28853981432687,329.45258636809166,-9.175375170970835,-49.50736963764728,-101.15718097206496,20.444298750457687,51.95333782540776,401.2348895972896,2.950411672205047e-05
657,9.754161004482483e-08,1.5e-10,0.0001101677614065569,13515761.955976697,0.0,0.0,0.0,0.0,0.0,7803328.803586048,854826661175.444,-65.76582655051583,351.7607674335244,217.45872133055934,331.7398901254655,-6.866551232643749,-66.52872925063295,-105.89013649491595,3.4093596359427147,72.63413267692428,409.4308139442771,2.9565531344142112e-05
658,9.769161004482483e-08,1.5e-10,0.00011035494255356734,13536546.565667521,0.0,0.0,0.0,0.0,0.0,7815328.803586048,854613467030.1906,-40.04430368682958,356.3153781785218,210.61190192421586,336.20074224262703,-26.1248472733546,-39.86383447184048,-99.48606042688603,34.429836909359985,66.17097595420728,410.400764271649,2.9627091458782858e-05
659,9.784161004482482e-08,1.5e-10,0.00011054268121460378,13557331.175358348,0.0,0.0,0.0,0.0,0.0,7827328.803586048,854419494064.0663,-38.415824451869035,360.6506563949501,216.5571869431493,337.88835672045445,-46.664711181124105,-54.624065492506574,-104.2359252079143,15.492374512436792,85.08232496812813,417.8870874773198,2.9689774521904457e-05
660,9.799161004482482e-08,1.5e-10,0.00011073120778077446,13578115.785049174,0.0,0.0,0.0,0.0,0.0,7839328.803586048,854332330385.8843,-52.45127276135431,358.90608021381945,217.0125672591156,347.6062212785576,-37.70442964413702,-47.45014720991776,-100.80435093338998,38.31349847876712,90.15749978018465,423.2216636086729,2.9753257771445757e-05
661,9.814161004482482e-08,1.5e-10,0.00011091888445974778,13598900.39474,0.0,0.0,0.0,0.0,0.0,7851328.803586048,854246828268.2621,-40.303121990190284,364.80892204024286,221.75154099885515,332.46225543958,-41.51663799529546,-56.84301594809516,-100.28852446881075,21.5921345618782,81.82161629213026,417.2403318223491,2.981584382121911e-05
662,9.829161004482482e-08,1.5e-10,0.00011110622597267138,13619685.004430829,0.0,0.0,0.0,0.0,0.0,7863328.803586048,854194020481.2985,-38.42926601837842,358.9884614551294,217.92587345349472,334.77962086696886,-36.32308757937357,-59.43594004566216,-101.16773185855699,19.768753694532816,74.74301711333607,413.636510687435,2.9877889297822226e-05
663,9.844161004482482e-08,1.5e-10,0.00011129373126171093,13640469.614121655,0.0,0.0,0.0,0.0,0.0,7875328.803586048,854121397577.409,-44.58040150393838,364.06700043941504,217.92816742193764,330.7865433000892,-33.79690472089396,-60.964884863101894,-95.60866028074406,24.298187335806574,78.3791581306095,415.4009414909195,2.9940199439045863e-05
664,9.859161004482481e-08,1.5e-10,0.00011148000462721763,13661254.223812481,0.0,0.0,0.0,0.0,0.0,7887328.803586048,854052066485.0006,-32.34569343612041,355.7360569900887,208.50291195184099,326.30340790240547,-28.30520156298392,-73.44947731789317,-96.73083420064712,13.854490150691968,60.652727973294255,405.0821953592018,3.0000961768349742e-05
665,9.874161004482481e-08,1.5e-10,0.00011166738451865134,13682038.833503308,0.0,0.0,0.0,0.0,0.0,7899328.803586048,853942659832.0514,-40.066716555675434,362.0839488458326,223.39894107100378,332.17446403682976,-27.283487608856586,-65.69871107454695,-111.1637820054997,21.833772467037345,67.35204149047628,412.42682727041955,3.0062825792440306e-05
666,9.889161004482481e-08,1.5e-10,0.00011185660280354458,13702823.443194134,0.0,0.0,0.0,0.0,0.0,7911328.803586048,853841615955.4617,-60.2219523468031,366.6688036412283,212.36214330041474,347.0663602613089,-26.96445404632477,-66.33474754067528,-105.3728961753484,14.451076749588928,87.18813942132036,427.1875358865959,3.0126903922823296e-05
667,9.904161004482481e-08,1.5e-10,0.00011204572350229898,13723608.05288496,0.0,0.0,0.0,0.0,0.0,7923328.803586048,853761055735.1172,-49.997079744012815,371.00379634379686,215.9142453963965,342.4870678764664,-28.71856441019785,-55.940426064342375,-105.18099065860751,12.098383969798718,78.71827764212767,425.1647735505737,3.0190678638855883e-05
668,9.91916100448248e-08,1.5e-10,0.00011223074319289845,13744392.662575789,0.0,0.0,0.0,0.0,0.0,7935328.803586048,853679204655.6565,-35.298705229273196,349.71223042267957,212.664499020412,317.0084400719017,-6.773316215117274,-56.1328450814665,-98.13266239237932,22.26193712008912,65.82271215863993,395.8241377812993,3.0250052259523078e-05
669,9.93416100448248e-08,1.5e-10,0.00011241785175232231,13765177.272266613,0.0,0.0,0.0,0.0,0.0,7947328.803586048,853400509600.5992,-43.48609939146739,369.1244108458869,203.09114483769642,321.76344978310965,-31.339657505591433,-40.848302105827194,-91.84884951664607,7.565647358248229,74.82768689658288,411.4014319931912,3.0311762474322055e-05
670,9.94916100448248e-08,1.5e-10,0.00011260751074311502,13785961.88195744,0.0,0.0,0.0,0.0,0.0,7959328.803586048,853161184978.5925,-59.8224949876085,367.5073966324114,202.61745870677504,350.88926451694607,-16.483287768793662,-46.00133592214207,-77.77920790952821,19.413589084866516,76.30743782637376,428.8479798227721,3.037608967129547e-05
671,9.96416100448248e-08,1.5e-10,0.00011279686868659653,13806746.491648268,0.0,0.0,0.0,0.0,0.0,7971328.803586048,853038272081.0447,-56.26551863297338,376.793327671859,199.50696800656695,338.6524713426475,-19.748897599532945,-51.9707951569466,-83.24510260376196,10.145161661181024,76.01601340874952,426.535430325061,3.0440069985844228e-05
672,9.97916100448248e-08,1.5e-10,0.00011298609039659196,13827531.101339094,0.0,0.0,0.0,0.0,0.0,7983328.803586048,852925683717.647,-65.19127371024139,381.4955534421399,195.13872718106973,331.6320649620361,-14.125341951446899,-56.339460053085276,-80.186129061629,16.30770089774921,79.31889709433132,426.1648630382506,3.0503994715299966e-05
673,9.99416100448248e-08,1.5e-10,0.00011317562150049721,13848315.71102992,0.0,0.0,0.0,0.0,0.0,7995328.803586048,852827057870.0653,-53.0358456662719,386.1332383410301,192.22177074567824,331.31966945454366,-15.43859863697241,-63.330457378852614,-71.49712633563736,10.035802917935946,68.476699136005,427.2524055022236,3.05680825761253e-05
674,1.000916100448248e-07,1.5e-10,0.00011336436419599629,13869100.320720747,0.0,0.0,0.0,0.0,0.0,8007328.803586048,852740477401.2924,-62.94436545109999,380.8370289991467,196.6896156202526,326.67633012839906,-15.490234728165971,-60.96079520497261,-77.22064711852823,16.235793683470156,78.43686977439211,423.30323238700817,3.0631578060983357e-05
675,1.0024161004482479e-07,1.5e-10,0.00011355266489696413,13889884.930411573,0.0,0.0,0.0,0.0,0.0,8019328.803586048,852662218197.6897,-56.646914892297076,379.3165193074588,192.784936976077,323.61969369783327,-21.46646356508883,-62.18467674914563,-73.13320517293613,17.222427711469056,78.09316129432796,420.31492480747295,3.069462529970448e-05
676,1.0039161004482479e-07,1.5e-10,0.00011374089720660009,13910669.5401024,0.0,0.0,0.0,0.0,0.0,8031328.803586048,852528872721.5367,-48.04893563869306,376.09511790785314,188.34417834127302,327.1641170875509,-15.329498831984779,-64.44137635669748,-73.84672042710382,18.407855176360393,63.364026518422946,417.50037595254344,3.075725035609736e-05
677,1.0054161004482479e-07,1.5e-10,0.00011392840498236039,13931454.149793226,0.0,0.0,0.0,0.0,0.0,8043328.803586048,852406807374.7285,-57.703105963189195,377.5493190084223,196.01557106274961,315.8542852124424,-18.63779907323694,-69.19054253266653,-70.04084797627237,26.74279733844735,76.32523230149513,415.3252197299584,3.0819549139056856e-05
678,1.0069161004482479e-07,1.5e-10,0.00011411682692394264,13952238.759484053,0.0,0.0,0.0,0.0,0.0,8055328.803586048,852306738220.2758,-75.65161412739621,375.0429201051413,184.29054334029132,328.18245150357825,-2.455392160166701,-65.8928702728458,-74.95164943347584,28.722642462380673,78.09047510214494,420.9185110269002,3.088268691571089e-05
679,1.0084161004482478e-07,1.5e-10,0.00011430560705522726,13973023.369174879,0.0,0.0,0.0,0.0,0.0,8067328.803586048,852187220158.9537,-34.57272368167705,374.0553364265851,184.30664255694583,336.0245063451699,-11.49206137184003,-77.64833629952014,-53.8034512604025,21.80965634728306,46.04795892242259,420.81584834884745,3.094580929296322e-05
680,1.0099161004482478e-07,1.5e-10,0.00011449578911998302,13993807.978865705,0.0,0.0,0.0,0.0,0.0,8079328.803586048,852066583186.456,-37.42724126258039,377.42937330175147,184.82585755482282,348.7807282976734,-30.97822700335371,-78.78215021241218,-62.88932567099821,21.06799049530855,68.38480662235044,431.91604706312364,3.101059670002269e-05
681,1.0114161004482478e-07,1.5e-10,0.00011468639043402251,14014592.588556532,0.0,0.0,0.0,0.0,0.0,8091328.803586048,851928177078.416,-47.02216921003802,362.5270780760858,182.67506447323183,367.46743507785715,-13.958144658080197,-78.96127234319248,-51.56783860868883,32.415249672678804,60.96904801894744,433.77947706444206,3.107566362158235e-05
682,1.0129161004482478e-07,1.5e-10,0.0001148759331295576,14035377.198247358,0.0,0.0,0.0,0.0,0.0,8103328.803586048,851795580305.4491,-61.11315933557762,373.2985469727227,171.74423642646235,344.1883764468592,-21.338385866547352,-65.17935802914869,-63.47793523983392,30.376295102555307,82.43551353572525,428.054454532104,3.113987178976217e-05
683,1.0144161004482478e-07,1.5e-10,0.00011506599969929964,14056161.807938185,0.0,0.0,0.0,0.0,0.0,8115328.803586048,851660761241.8367,-52.49746841218105,368.96326691790176,184.60727796252337,354.0095232229374,-12.10096353576138,-82.77032111731877,-48.39160745189076,30.260688189612676,64.58120675317143,431.33433485509005,3.120457193999043e-05
684,1.0159161004482477e-07,1.5e-10,0.00011525778956501441,14076946.417629011,0.0,0.0,0.0,0.0,0.0,8127328.803586048,851552004143.2582,-58.30101031871123,373.47322940888273,173.56157869791033,369.5857798059176,-5.554281807182335,-75.17457244436766,-48.4961327097194,32.884995007036714,63.835493206257354,441.4280316587133,3.127078614473924e-05
685,1.0174161004482477e-07,1.5e-10,0.00011544867414603199,14097731.02731984,0.0,0.0,0.0,0.0,0.0,8139328.803586048,851449019972.2468,-54.961377229957236,379.179135696668,179.13004001946382,353.5655425953666,-10.856409605139694,-76.8105521400395,-55.03385350219744,21.996652723951655,65.79713323902318,435.9873642513914,3.133618424937695e-05
686,1.0189161004482477e-07,1.5e-10,0.00011564064038953464,14118515.637010666,0.0,0.0,0.0,0.0,0.0,8151328.803586048,851330979632.904,-52.36630551751352,375.8662946723734,173.7912604828953,369.69276879957107,3.495306994889691,-72.56412969517079,-44.31516636061139,30.070411922101453,48.8633623492837,441.4794229760286,3.1402406162823354e-05
687,1.0204161004482477e-07,1.5e-10,0.00011583195794705035,14139300.24670149,0.0,0.0,0.0,0.0,0.0,8163328.803586048,851226852983.3787,-62.76345013995905,375.5001841182173,173.94630649546068,361.263662815654,-9.135364680321565,-75.30570390885484,-44.36187569200388,21.560269534298467,71.88616542699896,440.031178915686,3.1468410839660704e-05
688,1.0219161004482477e-07,1.5e-10,0.00011602558449770009,14160084.856392318,0.0,0.0,0.0,0.0,0.0,8175328.803586048,851133311409.6179,-56.13087962236045,384.03912682333106,172.7596287191388,379.82529177801484,-17.519265263790974,-73.30218739774128,-38.87372361910516,21.178818120455727,73.6465428716504,455.2998859262839,3.153670582254965e-05
689,1.0234161004482476e-07,1.5e-10,0.00011621707039425012,14180869.466083145,0.0,0.0,0.0,0.0,0.0,8187328.803586048,851049334049.3368,-63.60144261110634,377.6649700407851,176.08147748810907,361.3040825622343,-24.020117214335816,-74.0968221742922,-56.45534185557302,24.21332040682771,87.60696751672636,442.51863138227475,3.160308361725699e-05
690,1.0249161004482476e-07,1.5e-10,0.000116408907640015,14201654.075773971,0.0,0.0,0.0,0.0,0.0,8199328.803586048,850979084702.3552,-61.08382963710698,377.6931695466607,182.4917374743775,365.3481114670735,-14.177772441921377,-74.00871463854482,-57.18396436062596,17.623597835937705,75.24600740710306,443.53882765045563,3.166961444140455e-05
691,1.0264161004482476e-07,1.5e-10,0.00011660220335149883,14222438.685464798,0.0,0.0,0.0,0.0,0.0,8211328.803586048,850878484508.1346,-38.0026942519098,384.22700372756765,178.37086316834393,377.7780997833679,-20.210226633555802,-76.94060652053692,-51.15386883346511,19.593013960481745,58.21388299535644,451.1495377386926,3.173728687206536e-05
692,1.0279161004482476e-07,1.5e-10,0.00011679419484559999,14243223.295155624,0.0,0.0,0.0,0.0,0.0,8223328.803586048,850820425378.571,-62.20664748767017,369.2797657018555,178.1905849494231,375.46937344801904,-9.159794581348656,-69.96955185248206,-48.3858248021477,30.3077739951118,71.3625403187007,443.90914033636443,3.180387324311581e-05
693,1.0294161004482476e-07,1.5e-10,0.00011698664074406717,14264007.90484645,0.0,0.0,0.0,0.0,0.0,8235328.803586048,850773683436.7734,-55.18536177788839,378.27475230240907,184.13222899971902,372.5378849611159,-25.765490602118494,-74.09429401651587,-63.35383891737582,24.897371343284632,80.94658806087912,447.6794398318407,3.187102515909059e-05
694,1.0309161004482475e-07,1.5e-10,0.00011717858163732716,14284792.514537279,0.0,0.0,0.0,0.0,0.0,8247328.803586048,850726938282.734,-60.365576643032426,375.7814118360513,180.5022721421199,368.6820037373892,-14.67863812887978,-69.2684439363086,-55.51972470128353,26.85833492718937,75.03925409603634,443.7062622465255,3.193758109842757e-05
695,1.0324161004482475e-07,1.5e-10,0.00011737029039042745,14305577.124228105,0.0,0.0,0.0,0.0,0.0,8259328.803586048,850541402526.8429,-54.8266958314251,378.80687236567826,185.78133365052443,363.26550167261854,-21.099560171346535,-68.40905287899272,-59.892011309993336,15.579901920828691,75.92019942192056,442.62117676861953,3.2003974274942866e-05
696,1.0339161004482475e-07,1.5e-10,0.00011756347758497698,14326361.733918931,0.0,0.0,0.0,0.0,0.0,8271328.803586048,850470050565.4152,-56.125570714223805,375.4417304535086,184.88375047078856,383.2578214080451,-5.5104675685756845,-70.6781524039036,-45.580462716528324,25.520120482941838,61.64224621009115,451.3055456998572,3.207167010679784e-05
697,1.0354161004482475e-07,1.5e-10,0.00011775644456867021,14347146.343609756,0.0,0.0,0.0,0.0,0.0,8283328.803586048,850401018008.9087,-59.397351043070955,376.2062237322131,189.13295525900224,379.63139180137745,-5.7067018841696875,-64.13289095533577,-49.732352444332506,20.478372651322008,65.10914228087546,450.26968601077004,3.2139210559699456e-05
698,1.0369161004482475e-07,1.5e-10,0.00011794923235261403,14367930.953300582,0.0,0.0,0.0,0.0,0.0,8295328.803586048,850353112814.5433,-48.15489305392975,380.70160891819967,194.79002739156903,372.65335196510136,-44.90135938757911,-76.86584990398174,-36.46443190725738,20.501701291825658,93.05991651854734,455.2574203116185,3.22074991727462e-05
699,1.0384161004482474e-07,1.5e-10,0.00011814090187429457,14388715.562991409,0.0,0.0,0.0,0.0,0.0,8307328.803586048,850294103273.4108,-62.56564058856694,377.54703405731965,185.29221987510226,363.2463274387751,-15.524618654203138,-73.58350757866123,-56.378302619706545,23.54306922333734,78.09354645063512,442.87161356210794,3.2273929914780515e-05
700,1.0399161004482474e-07,1.5e-10,0.00011833211168265449,14409500.172682237,0.0,0.0,0.0,0.0,0.0,8319328.803586048,850201444745.9895,-54.440476918786565,367.31995389913453,184.11804200492176,369.0268043094003,-12.660774882816023,-63.992237038723616,-51.917254239691,31.2163597345731,67.11813774088012,438.18400437342416,3.233965751543653e-05
701,1.0414161004482474e-07,1.5e-10,0.00011852503890624465,14430284.782373063,0.0,0.0,0.0,0.0,0.0,8331328.803586048,850144724403.8268,-49.797608660771736,376.1341416462147,183.84150728660828,379.71187749395034,-27.339259896399863,-73.07741103701055,-43.54866626805304,17.33635992020474,77.15581820328055,451.8306707738946,3.240743211605261e-05
702,1.0429161004482474e-07,1.5e-10,0.00011871928260435572,14451069.39206389,0.0,0.0,0.0,0.0,0.0,8343328.803586048,850107662231.9675,-72.6271532398303,386.80130235601155,180.2371194861286,382.9517847830142,-9.534154851080855,-67.4415672571958,-53.72470797339269,15.31488003597938,82.1828449959942,460.2469061868316,3.2476469151980637e-05
703,1.0444161004482474e-07,1.5e-10,0.00011891263089925436,14471854.001754716,0.0,0.0,0.0,0.0,0.0,8355328.803586048,850068373291.0079,-57.71138210108635,387.6155072981113,178.8145743235215,373.2487220371459,-13.161303425849042,-66.45028849831988,-51.78313806142305,21.85699924087681,70.89641458657727,452.4379047610761,3.25443348376948e-05
704,1.0459161004482473e-07,1.5e-10,0.00011910661383977985,14492638.611445542,0.0,0.0,0.0,0.0,0.0,8367328.803586048,850033025251.6443,-62.27035981841219,390.9290077674238,172.38697123623368,376.7565583890047,-20.305710141887364,-73.67600614661242,-50.16210248094009,11.530012670951118,82.6010041762607,458.3913402565747,3.2613093538733285e-05
705,1.0474161004482473e-07,1.5e-10,0.00011929883671743835,14513423.221136369,0.0,0.0,0.0,0.0,0.0,8379328.803586048,850019791967.2145,-60.81698387786515,382.0432318636382,184.77442776295288,364.4323370356059,-7.995136992758732,-88.35499546705883,-41.37756760236896,15.238920417891151,68.82488967515569,447.26330099939315,3.2680183033883194e-05
706,1.0489161004482473e-07,1.5e-10,0.0001194938624606168,14534207.830827193,0.0,0.0,0.0,0.0,0.0,8391328.803586047,849983874136.7032,-70.62545796082043,393.4766725109307,165.43686586055273,385.8070663483827,-15.21752696250691,-83.29571195431164,-50.452956831682265,17.214522113191258,85.86781705041263,465.49500159328426,3.275000728412219e-05
707,1.0504161004482473e-07,1.5e-10,0.00011968683682423045,14554992.44051802,0.0,0.0,0.0,0.0,0.0,8403328.803586047,849871916335.3673,-55.34405596924674,375.3930101894139,166.37549895891138,381.3776116685143,-17.19128558816263,-85.83353641387369,-45.970275381116956,21.577909319062286,72.5596305218061,450.3978934271804,3.2817566968136266e-05
708,1.0519161004482473e-07,1.5e-10,0.00011988088699762692,14575777.050208846,0.0,0.0,0.0,0.0,0.0,8415328.803586047,849820749287.5814,-51.39662145900858,383.0609183870858,160.61979802054302,387.12114019929595,-9.775921969867978,-83.71636295290884,-50.693766346298375,18.211789868664088,61.19598301464303,455.528720013983,3.2885896276138364e-05
709,1.0534161004482472e-07,1.5e-10,0.00012007238503995014,14596561.659899672,0.0,0.0,0.0,0.0,0.0,8427328.803586047,849589418808.6449,-59.340692907608,372.47435535714624,172.3662805480913,366.20471653720625,-25.43350635654152,-87.33350573508982,-40.54038287669644,27.087564772217227,84.794656626212,443.23471648757913,3.29523814836115e-05
710,1.0549161004482472e-07,1.5e-10,0.00012026180337012779,14617346.2695905,0.0,0.0,0.0,0.0,0.0,8439328.803586047,849505464559.1863,-47.623729217137466,360.99434323389994,171.29272572784294,353.656620979196,-9.001441530806142,-91.41769106262656,-34.116470965447284,22.57813378642939,82.378921460025,429.16697396915407,3.301675652970687e-05
711,1.0564161004482472e-07,1.5e-10,0.00012045397670769508,14638130.879281327,0.0,0.0,0.0,0.0,0.0,8451328.803586047,849208834542.765,-57.00353343708026,373.93169286484203,166.32199135669728,372.986285301466,-32.91991467741209,-83.003638880394,-41.02964441278406,22.757539400048568,89.95850887105324,447.9827171753104,3.308395393728317e-05
712,1.0579161004482472e-07,1.5e-10,0.00012064558272235103,14658915.488972154,0.0,0.0,0.0,0.0,0.0,8463328.803586047,849127111019.354,-61.38090565557248,368.8559247716122,169.58568190663348,370.796740347955,-26.886953165887345,-83.14142771487255,-35.5997701990055,28.67371733078038,88.29823303757412,444.4394314202591,3.315061985199621e-05
713,1.0594161004482472e-07,1.5e-10,0.00012083680679254078,14679700.09866298,0.0,0.0,0.0,0.0,0.0,8475328.803586047,848983131258.0625,-70.23825359125308,375.55131754400855,165.1508424455894,358.8511206622828,-43.20261986075744,-80.26554513276795,-41.34593454636436,9.189212354629689,113.46829501010401,446.8692227599459,3.32176502354102e-05
714,1.0609161004482471e-07,1.5e-10,0.00012102817893123075,14700484.708353804,0.0,0.0,0.0,0.0,0.0,8487328.803586047,848923687384.2198,-66.16139590626281,367.9517038442123,174.17544365537285,368.4213689496967,-27.214484934218497,-79.23861941013483,-37.73475996789296,28.084340275636105,93.43397653930624,443.91209930034427,3.328423705030525e-05
715,1.0624161004482471e-07,1.5e-10,0.000121220041850688,14721269.31804463,0.0,0.0,0.0,0.0,0.0,8499328.803586047,848892303756.971,-58.63064101310006,371.42486679391527,170.16376403224749,371.16180239365286,-35.634414899243495,-81.29299660580932,-34.83444449077281,18.62243858034241,94.17508637759511,447.5225155587,3.3351365427639056e-05
716,1.0639161004482471e-07,1.5e-10,0.0001214114684918408,14742053.927735459,0.0,0.0,0.0,0.0,0.0,8511328.803586047,848687584636.9233,-57.550427517908254,364.0116558880382,160.69453220848985,373.88976823702205,-38.634316376847075,-87.11910356425547,-32.517819167457496,22.83850890375278,96.22355912869884,444.6673090537434,3.3418065523997114e-05
717,1.0654161004482471e-07,1.5e-10,0.00012160302134637518,14762838.537426285,0.0,0.0,0.0,0.0,0.0,8523328.803586047,848532847808.3595,-58.948364241456076,372.774600744799,158.05221346373335,366.536545521029,-39.57897061800594,-81.69651149003906,-30.964654247382057,22.331356455423737,98.56393048339855,445.6339851796415,3.348491062177406e-05
718,1.0669161004482471e-07,1.5e-10,0.00012179203498812596,14783623.147117112,0.0,0.0,0.0,0.0,0.0,8535328.803586047,848506056145.8358,-51.57236686047831,357.8084745441487,169.68161040526832,351.71140716969603,-67.79480184289271,-83.86782978627207,-28.625838924481087,21.43134295135261,119.40198539293091,435.9812169868943,3.355030780432209e-05
719,1.068416100448247e-07,1.5e-10,0.00012198273968398999,14804407.756807938,0.0,0.0,0.0,0.0,0.0,8547328.803586047,848264104249.1357,-69.93009133712083,364.11601174157454,152.60790521705326,364.3235014429648,-46.336514087251544,-70.9862532916444,-26.311838722931075,21.82226759040878,116.29875038622518,443.5152373848407,3.3616835089929815e-05
720,1.069916100448247e-07,1.5e-10,0.00012217278796052081,14825192.366498765,0.0,0.0,0.0,0.0,0.0,8559328.803586047,848229956688.8507,-59.767084709551526,371.1521114083398,151.13532374605984,350.915894670932,-54.454989599541356,-79.61813003859442,-36.78526791649397,13.885888533943488,114.24948382181663,438.92279426104795,3.368267350906897e-05
721,1.071416100448247e-07,1.5e-10,0.00012236450884113827,14845976.976189591,0.0,0.0,0.0,0.0,0.0,8571328.803586047,848179050065.469,-57.78979971605511,365.10421429723465,143.1652047615314,376.25419534932723,-46.55352305303635,-63.84593979120057,-13.845608142055278,25.129320138947886,104.38405233828304,447.45229538863185,3.374979135337727e-05
722,1.072916100448247e-07,1.5e-10,0.00012255503782134357,14866761.58588042,0.0,0.0,0.0,0.0,0.0,8583328.803586047,848088526229.5653,-71.81014084577045,373.21705070246674,146.73291077410826,353.3598086890853,-41.22990336459395,-68.74863416991793,-26.04658942048625,24.45527517939731,113.069370894346,441.10603041453146,3.381595725793945e-05
723,1.074416100448247e-07,1.5e-10,0.00012274601563910193,14887546.195571246,0.0,0.0,0.0,0.0,0.0,8595328.803586047,848023666662.4794,-83.10468246877997,369.289115622301,151.22915641913318,360.8314956650557,-31.26102678289497,-74.79826684667482,-19.474590165897716,18.481389521941814,114.39546935400642,445.55092875067703,3.388278989725205e-05
724,1.075916100448247e-07,1.5e-10,0.00012293722368988976,14908330.805262072,0.0,0.0,0.0,0.0,0.0,8607328.803586047,847970751724.945,-74.23821756941248,373.88990890907274,153.04741750583207,359.81881050341724,-44.3881250049713,-66.68056221829607,-24.417669407911454,19.572371911629904,118.65732361852363,447.2939513365986,3.394988398995254e-05
725,1.0774161004482469e-07,1.5e-10,0.00012312819501140757,14929115.414952898,0.0,0.0,0.0,0.0,0.0,8619328.803586047,847852423846.6321,-59.83027645741872,374.1674150569047,143.35128466270132,359.7996436829833,-39.094869807857975,-71.50645991713999,-49.828179264229206,11.022956439259353,98.97076269514103,440.04508637981615,3.401589075290951e-05
726,1.0789161004482469e-07,1.5e-10,0.00012331966065374657,14949900.024643725,0.0,0.0,0.0,0.0,0.0,8631328.803586047,847745148153.5474,-53.400541028523065,375.3165962265638,148.3863049177006,363.750864615012,-55.89356829110581,-66.47827258804523,-30.08865319111009,21.508832787417173,109.33626063851139,446.5040312966764,3.408286635760401e-05
727,1.0804161004482469e-07,1.5e-10,0.00012351208746821135,14970684.634334551,0.0,0.0,0.0,0.0,0.0,8643328.803586047,847651794606.7294,-64.93877742979878,387.29574961927636,138.88501196436624,361.78902519096306,-66.32613279195029,-75.39509669184844,-31.290078894185555,8.161576077578639,131.30192124760393,457.8710903832074,3.415154702116149e-05
728,1.0819161004482469e-07,1.5e-10,0.00012370315846736859,14991469.244025378,0.0,0.0,0.0,0.0,0.0,8655328.803586047,847601734316.8779,-66.4376490423893,374.19113362114336,140.44561076344704,359.0810000950085,-60.933049029850444,-71.20077212109197,-29.7724647944608,12.956711833435243,127.40454375777912,447.97558295479536,3.421874335860471e-05
729,1.0834161004482469e-07,1.5e-10,0.00012389151395407735,15012253.853716204,0.0,0.0,0.0,0.0,0.0,8667328.803586047,847492917650.245,-54.54528426561182,356.91526739597964,137.536365312678,347.0989315198751,-52.51934954061511,-67.57557084508613,-44.889029692604375,10.610332033057198,107.09700719213208,424.9984461258407,3.4282493125523584e-05
730,1.0849161004482468e-07,1.5e-10,0.0001240821986263068,15033038.46340703,0.0,0.0,0.0,0.0,0.0,8679328.803586047,847214644361.5901,-58.091247629494866,366.74475569257373,151.1812948554077,362.28094938651856,-61.11136097857383,-69.4241922042772,-27.287122231087213,15.849261361419497,119.24453635879165,444.35549573796794,3.434914644988428e-05
731,1.0864161004482468e-07,1.5e-10,0.0001242742195746391,15053823.073097857,0.0,0.0,0.0,0.0,0.0,8691328.803586047,847135420076.6208,-58.914758240465424,388.919514201377,151.5252793997236,355.60589610870426,-61.768625845871384,-74.91508199538751,-33.424374971831476,10.84522846691858,120.72675268055015,453.17155608579463,3.441712218329715e-05
732,1.0879161004482468e-07,1.5e-10,0.00012446531206846017,15074607.682788683,0.0,0.0,0.0,0.0,0.0,8703328.803586047,847077811576.7911,-55.521277011768845,381.4581023750409,153.34837944061368,352.18000192120854,-60.19555215112953,-69.87425429400707,-20.927106297761927,21.07638803183061,115.7737150210208,446.6022962275051,3.448411252773128e-05
733,1.0894161004482468e-07,1.5e-10,0.00012465693578442907,15095392.29247951,0.0,0.0,0.0,0.0,0.0,8715328.803586047,847024703586.7291,-66.28491857791185,391.12017441327015,156.61284348741464,348.0403534576851,-65.54664156853579,-60.15856586638226,-35.13467831610334,15.1832844340242,131.903873278669,452.8853333134104,3.455204532772829e-05
734,1.0909161004482468e-07,1.5e-10,0.00012485015810216924,15116176.902170336,0.0,0.0,0.0,0.0,0.0,8727328.803586047,846952360120.5225,-65.34713501373558,395.57994419499465,155.3337429843486,362.01551526015834,-55.25264275348165,-71.63817559333548,-29.517052792598946,16.69929459061422,120.66497270099127,460.6391490125645,3.462114120008017e-05
735,1.0924161004482467e-07,1.5e-10,0.00012504248380650965,15136961.511861162,0.0,0.0,0.0,0.0,0.0,8739328.803586047,846829716064.3674,-63.329894151924975,392.32176407970167,151.89952498613647,354.89856854270755,-63.194315636220935,-72.4834042549477,-25.813395848375553,15.837494586726583,126.58465965297943,456.61816385626406,3.468963392465861e-05
736,1.0939161004482467e-07,1.5e-10,0.0001252349992672947,15157746.121551989,0.0,0.0,0.0,0.0,0.0,8751328.803586047,846723213713.9028,-46.759438038275725,397.60407997960493,156.5209609558219,353.3273973349845,-71.05917651539336,-69.64854738352693,-29.35164549707786,18.10685876508896,117.8801869113836,456.4317562132318,3.475809868809059e-05
737,1.0954161004482467e-07,1.5e-10,0.00012542882887904599,15178530.731242815,0.0,0.0,0.0,0.0,0.0,8763328.803586047,846621246677.5261,-77.67552678286947,400.06398906328405,152.31776145157752,363.1074883945335,-63.433832068659996,-73.35689218941974,-29.263972825914387,7.827493434540856,141.1619859732285,469.69320859226383,3.482855266937943e-05
738,1.0969161004482467e-07,1.5e-10,0.00012562296011938307,15199315.340933641,0.0,0.0,0.0,0.0,0.0,8775328.803586047,846532623445.108,-72.01495845782611,399.91267137318766,155.3946298367976,367.3794975481711,-62.170925380390806,-70.14688867533644,-31.0123981919116,14.16075132834233,134.24994708748446,469.5712628226942,3.489898835880284e-05
739,1.0984161004482467e-07,1.5e-10,0.00012581790760252947,15220099.950624468,0.0,0.0,0.0,0.0,0.0,8787328.803586047,846370891458.0511,-74.81353135101352,413.97100062028545,170.1478065387475,361.41504336706066,-59.79749752467374,-79.47521108850452,-25.267986945571664,13.756347877279778,134.67966523941413,476.4995568876288,3.4970463292335985e-05
740,1.0999161004482466e-07,1.5e-10,0.00012601292861202137,15240884.560315296,0.0,0.0,0.0,0.0,0.0,8799328.803586047,846271115897.5723,-62.134282975111006,414.23295274512896,161.6812570843993,363.82102438650503,-73.16326377733907,-82.5019701066794,-32.865006463232405,21.04494392809292,135.35297398036099,476.3774776115358,3.5041919913977714e-05
741,1.1014161004482466e-07,1.5e-10,0.00012620770859237706,15261669.170006122,0.0,0.0,0.0,0.0,0.0,8811328.803586047,846063330474.7493,-69.1669952536001,405.1858488599522,164.83681845337247,369.0157783925743,-62.81575846429245,-92.58449846403693,-28.155517021793145,18.979586390482403,132.0484844450574,474.63003517091454,3.511311441925335e-05
742,1.1029161004482466e-07,1.5e-10,0.0001264023039478974,15282453.779696949,0.0,0.0,0.0,0.0,0.0,8823328.803586047,845811433369.6694,-58.37725770261725,408.38026543774976,157.90461184655388,365.8675894843624,-62.19002657865678,-88.20858154593256,-43.09321909711374,19.295889018437183,120.63341417666912,469.41318133219994,3.518352639645318e-05
743,1.1044161004482466e-07,1.5e-10,0.00012659774718736175,15303238.389387775,0.0,0.0,0.0,0.0,0.0,8835328.803586047,845694883652.6537,-57.64544961610056,409.24544023231414,168.74293674183156,374.2134568801628,-64.34358513641013,-92.02260172633844,-39.778004219958156,27.41185682712894,122.0428837043459,475.8604368882903,3.525490546198642e-05
744,1.1059161004482466e-07,1.5e-10,0.00012679375262935515,15324022.999078602,0.0,0.0,0.0,0.0,0.0,8847328.803586047,845582527000.6053,-53.619063289569446,411.67838827658136,166.46019769552944,378.6363906115778,-77.50407026684358,-84.47321976158825,-39.8339353679234,28.935112319599998,131.18598503799157,481.62898461750643,3.532714980967905e-05
745,1.1074161004482465e-07,1.5e-10,0.00012698875787758518,15344807.608769428,0.0,0.0,0.0,0.0,0.0,8859328.803586047,845464687525.5635,-54.020844169932396,404.0012889629354,169.97794544386227,374.6232532369275,-81.79407329167968,-83.34719765898565,-42.710977434976485,33.61559773864345,135.8751948542119,476.4687720117137,3.539862012548081e-05
746,1.1089161004482465e-07,1.5e-10,0.00012718640689679173,15365592.218460256,0.0,0.0,0.0,0.0,0.0,8871328.803586047,845366657139.6705,-55.31285134835598,427.3526760518258,172.5932780737601,381.6629247182989,-83.45743944280953,-82.17455770503474,-46.71194012241975,25.455893678082724,138.8337484805687,494.0203407628983,3.547272317659524e-05
747,1.1104161004482465e-07,1.5e-10,0.00012738184181265266,15386376.828151083,0.0,0.0,0.0,0.0,0.0,8883328.803586047,845288443707.7463,-74.20936192510793,405.373525916715,170.30947429903097,376.33366935884584,-59.47645342915795,-92.90521678187406,-41.449575071131214,29.2135579690368,133.7444544164923,478.04872630690227,3.5544430485541274e-05
748,1.1119161004482465e-07,1.5e-10,0.0001275781396611844,15407161.437841909,0.0,0.0,0.0,0.0,0.0,8895328.803586047,845225995878.5564,-61.70383485000123,412.8559043389308,167.11580740015646,380.37257878513134,-68.99288027101446,-88.50812458354021,-47.74823042783536,26.98677312284398,130.75073207017687,482.5526537617222,3.561681338360553e-05
749,1.1134161004482465e-07,1.5e-10,0.00012777531238581223,15427946.047532735,0.0,0.0,0.0,0.0,0.0,8907328.803586047,845163998751.5016,-50.38805753453428,413.99415849530413,176.52800702513272,389.98670173903207,-67.36743608958321,-74.47071888527013,-42.6501924178673,24.18506472339453,117.81559812902245,486.0565213297119,3.568972186180499e-05
750,1.1149161004482464e-07,1.5e-10,0.00012797135717808466,15448730.657223562,0.0,0.0,0.0,0.0,0.0,8919328.803586047,845089001118.0853,-59.650272571450664,408.74240752088684,171.64182759086316,381.37517176729455,-69.81617536298793,-82.77258131781316,-44.43925301307158,24.53562953230985,129.52971090674765,481.06777948233724,3.576188202872734e-05
751,1.1164161004482464e-07,1.5e-10,0.00012816810853694176,15469515.266914388,0.0,0.0,0.0,0.0,0.0,8931328.803586047,845031370023.2411,-77.36320640940015,413.84774902534605,170.7183279393832,382.5381920815018,-57.27344595072703,-80.60285256227307,-35.155288345172444,25.525229536374678,134.6914751366244,486.6400665234463,3.583487803870585e-05
752,1.1179161004482464e-07,1.5e-10,0.00012836437774625916,15490299.876605215,0.0,0.0,0.0,0.0,0.0,8943328.803586047,844968375578.1066,-48.669809081387825,407.163967412827,162.38349024322412,387.12665005308935,-74.32979127970424,-67.28900070306045,-40.254682186382404,36.11484361538162,123.06288443749236,480.5764393758313,3.590696450461223e-05
753,1.1194161004482464e-07,1.5e-10,0.0001285602065714896,15511084.486296041,0.0,0.0,0.0,0.0,0.0,8955328.803586047,844885992126.1298,-57.091674933607436,409.5227699696733,177.0006566553938,376.9436497993677,-75.21813339615922,-83.48591016737747,-24.140763313558566,24.94544805304325,132.3763618818948,482.4258210226719,3.597932837776563e-05
754,1.1209161004482464e-07,1.5e-10,0.0001287574367416259,15531869.095986867,0.0,0.0,0.0,0.0,0.0,8967328.803586047,844783595700.853,-82.29324735954829,412.5977187978817,160.20561142477558,389.2193963911386,-50.501102722682596,-87.83253517148634,-31.051112848364514,32.31580839734084,132.866174977213,488.748605605788,3.60526406686065e-05
755,1.1224161004482463e-07,1.5e-10,0.00012895489490949444,15552653.705677694,0.0,0.0,0.0,0.0,0.0,8979328.803586047,844504768458.1041,-69.37194783383168,409.1608102945297,160.66815986145983,395.55376102859213,-67.91329106564972,-100.51692360142525,-22.93061981774568,26.592277813717185,137.34735028217577,492.8082717955033,3.612656190937582e-05
756,1.1239161004482463e-07,1.5e-10,0.00012915520579939035,15573438.31536852,0.0,0.0,0.0,0.0,0.0,8991328.803586047,844384054918.5645,-80.42385783424952,419.70194515299954,149.41875571868349,418.52005060664345,-61.39848878231062,-72.25084808788121,-35.44663386939374,25.308175111357887,141.89439593440608,509.42875038054774,3.6202976221932905e-05
757,1.1254161004482463e-07,1.5e-10,0.0001293539141828165,15594222.925059346,0.0,0.0,0.0,0.0,0.0,9003328.803586047,844253322961.5793,-60.015422652018884,414.61040439317475,147.04454713470503,407.3814530832956,-64.07856059740791,-85.60934254878643,-47.807693892491336,8.346667539978405,124.17201736977285,495.89692924793076,3.6277360761320094e-05
758,1.1269161004482463e-07,1.5e-10,0.00012955490987781243,15615007.534750173,0.0,0.0,0.0,0.0,0.0,9015328.803586047,844144273400.2408,-102.48084402975849,423.383201450409,151.3098159661829,420.33742592791225,-57.86329852170331,-60.62058926396265,-26.846071580704706,36.67443387538647,160.39822152026144,518.6795052308211,3.6355162687104714e-05
759,1.1284161004482463e-07,1.5e-10,0.0001297530148815164,15635792.144441,0.0,0.0,0.0,0.0,0.0,9027328.803586047,844035631318.9268,-75.90954890202853,414.52998799671883,157.2504693140842,398.6998125205023,-43.06497403962945,-56.17762084216773,-32.63107717051841,25.3727129984199,119.02854182530541,490.37092574226455,3.6428718325966056e-05
760,1.1299161004482462e-07,1.5e-10,0.00012995438647087133,15656576.754131826,0.0,0.0,0.0,0.0,0.0,9039328.803586047,843948316601.7286,-80.1492783634544,427.47898893618867,139.75381522656775,422.9266606380657,-62.18773467242634,-55.81177813775378,-22.684476338589985,18.06984754818693,142.3920545054423,516.2211699663908,3.6506151501461013e-05
761,1.1314161004482462e-07,1.5e-10,0.00013015381407306277,15677361.363822652,0.0,0.0,0.0,0.0,0.0,9051328.803586047,843881504113.0671,-77.05692430748722,418.826777938851,152.0704748652997,408.8816771375122,-66.05974536816495,-62.45011629966501,-29.46236181912302,14.83910115494571,143.1717351074712,504.6452401782847,3.6581848287487753e-05
762,1.1329161004482462e-07,1.5e-10,0.0001303545070388891,15698145.973513478,0.0,0.0,0.0,0.0,0.0,9063328.803586047,843835953257.235,-75.31267906702362,420.9856130882437,148.7597911018904,421.73363757669983,-64.27396443873018,-54.29403831563091,-24.28626167064711,25.489925679283697,139.6431485238817,511.5681036448275,3.665858350303448e-05
763,1.1344161004482462e-07,1.5e-10,0.00013055472709366063,15718930.583204305,0.0,0.0,0.0,0.0,0.0,9075328.803586047,843783654621.9806,-80.94248020935639,421.7358008206227,136.41612656691228,414.62729035566934,-101.84608160299483,-61.07269627794875,-30.331120991841022,15.983930913066542,182.84183582878293,520.737021982973,3.6736694056331927e-05
764,1.1359161004482462e-07,1.5e-10,0.00013075510046811557,15739715.192895133,0.0,0.0,0.0,0.0,0.0,9087328.803586047,843507892910.9333,-75.63057481809581,422.97842086342763,143.35814341647597,416.68958207577896,-53.247790531435186,-62.14535931250756,-32.83075427048492,17.18529124117561,128.94531115840098,506.50583256246506,3.6812669931216295e-05
765,1.1374161004482461e-07,1.5e-10,0.000130955944745877,15760499.80258596,0.0,0.0,0.0,0.0,0.0,9099328.803586047,843467246124.5823,-95.50433112833753,420.6421606876654,128.9027678790198,423.34205521696856,-30.986838820783305,-65.41840241139721,-26.228228000923394,20.947847957747488,126.55519648482218,508.928287827185,3.688900917439037e-05
766,1.1389161004482461e-07,1.5e-10,0.00013115539766816783,15781284.412276786,0.0,0.0,0.0,0.0,0.0,9111328.803586047,843441614664.0648,-105.26049050349211,417.6068442255835,145.11446122746887,408.47774304118127,-33.403312829663676,-60.62907154968993,-24.389137807820397,28.54153497723094,138.71718317652147,503.6188959893814,3.696455200878878e-05
767,1.1404161004482461e-07,1.5e-10,0.00013135472982062302,15802069.021967612,0.0,0.0,0.0,0.0,0.0,9123328.803586047,843387478054.299,-88.34799298653675,420.3717696960315,143.82747082621236,405.57338136936767,-54.466919677266254,-63.7402318987392,-31.403637868251508,5.594449241209399,142.88108582679317,503.51414366367965,3.704007913033833e-05
768,1.1419161004482461e-07,1.5e-10,0.00013155385066346585,15822853.631658439,0.0,0.0,0.0,0.0,0.0,9135328.803586047,843370445116.2922,-93.72636534217033,417.32446206816724,135.47017328047184,406.40655790563716,-35.38947457501856,-67.70174141837055,-28.10573900694947,15.365757584570416,129.2031453447794,498.7517648067949,3.7114891895059344e-05
769,1.1434161004482461e-07,1.5e-10,0.00013175207083933733,15843638.241349265,0.0,0.0,0.0,0.0,0.0,9147328.803586047,843349620113.0333,-95.52167032905481,411.46264490687884,132.11227440544812,401.34380658078936,-50.493608146763464,-68.60759721154787,-29.477082709035745,6.736598096531329,146.0705695702013,497.00353493290635,3.718944242529928e-05
770,1.144916100448246e-07,1.5e-10,0.0001319514131428821,15864422.851040093,0.0,0.0,0.0,0.0,0.0,9159328.803586047,843337278017.4255,-88.24448697730466,420.5407755387106,135.04851881664013,406.0668268060024,-44.99433751675072,-59.722254362474516,-27.942580525608903,8.008146773950685,133.30245991815016,500.8620603906604,3.726457173435788e-05
771,1.146416100448246e-07,1.5e-10,0.00013215064413155952,15885207.46073092,0.0,0.0,0.0,0.0,0.0,9171328.803586047,843331687649.6294,-92.62178447439422,416.12424563052247,133.86973953811065,408.5634348961893,-40.538194812968605,-65.58701104018836,-22.65867987978918,7.89965167174945,133.21914141766717,500.58114936864786,3.733965890676318e-05
772,1.147916100448246e-07,1.5e-10,0.00013234908390883244,15905992.070421746,0.0,0.0,0.0,0.0,0.0,9183328.803586047,843335218966.2751,-73.87120668022858,416.4434270305048,136.47021020592248,399.9695528764223,-61.85763752228959,-81.68915629124304,-18.643372691194116,10.29993743262102,135.78361874628334,496.97443435271765,3.7414205071916084e-05
773,1.149416100448246e-07,1.5e-10,0.00013254779031148257,15926776.680112572,0.0,0.0,0.0,0.0,0.0,9195328.803586047,843317191636.5055,-96.67672359094188,413.8855368513044,126.96930435889662,404.8799573738001,-33.24865589367882,-75.51113031608047,-22.961880431027527,22.995022490767468,129.98176870363514,496.2011234515002,3.748863524043381e-05
774,1.150916100448246e-07,1.5e-10,0.0001327457252636177,15947561.289803397,0.0,0.0,0.0,0.0,0.0,9207328.803586047,843328238674.4281,-74.3398155982584,414.47537254249085,125.22159433932258,396.71180945748347,-69.23182519709522,-84.29345529341354,-25.554731421429256,15.677677034959812,143.62190975759145,494.8264565691729,3.7562859208919186e-05
775,1.152416100448246e-07,1.5e-10,0.00013294421365721057,15968345.899494223,0.0,0.0,0.0,0.0,0.0,9219328.803586047,843264079549.6053,-91.99702615629924,405.01100233853293,120.1853711614351,411.2514869616979,-41.36888032489101,-81.90496419502657,-13.048455165952488,24.123340968873226,133.42863273687993,495.66707927136747,3.763720927080989e-05
776,1.1539161004482459e-07,1.5e-10,0.0001331421536322972,15989130.509185052,0.0,0.0,0.0,0.0,0.0,9231328.803586047,843260544848.8722,-87.15394706781954,411.7545393332127,127.011171908732,398.3486373344305,-51.94428662677231,-82.24598941836521,-20.95723059165987,19.55658778696916,139.15983046559543,493.546185622835,3.7711241198653314e-05
777,1.1554161004482459e-07,1.5e-10,0.00013334014668433974,16009915.118875878,0.0,0.0,0.0,0.0,0.0,9243328.803586047,843219881174.6816,-101.40386914733254,413.338127308122,111.66280584794347,397.1366085211534,-48.5617987732171,-75.74559581554237,-26.372117695644306,27.820982460733546,150.030914444643,495.5606602636067,3.778557529769286e-05
778,1.1569161004482459e-07,1.5e-10,0.00013353929118719877,16030699.728566704,0.0,0.0,0.0,0.0,0.0,9255328.803586047,843191965686.1516,-101.62942486826131,412.82872314603804,101.30372747949883,410.77375969817655,-45.430119929502375,-77.18551404147165,-10.438133498491048,30.57045936835612,147.10888097436137,502.26735462090187,3.786091540088599e-05
779,1.1584161004482459e-07,1.5e-10,0.00013373948399131598,16051484.33825753,0.0,0.0,0.0,0.0,0.0,9267328.803586047,843132585369.8662,-94.85645811085483,426.01473113763456,118.67271522380815,410.09557054703254,-37.24919622794472,-78.08481632197618,-20.354347024172622,16.084519559973867,132.15508190818295,506.060407061412,3.7936824461945204e-05
780,1.1599161004482459e-07,1.5e-10,0.00013394036983761738,16072268.947948357,0.0,0.0,0.0,0.0,0.0,9279328.803586047,843097828921.0829,-105.47347475271337,431.8972496620707,113.5903000753624,411.7373144751111,-37.903968621397226,-70.35414633162404,-25.511889397278143,21.332146195948326,143.46144485015986,512.5639285253854,3.8013709051224015e-05
781,1.1614161004482458e-07,1.5e-10,0.00013414080618665266,16093053.557639183,0.0,0.0,0.0,0.0,0.0,9291328.803586047,843069799403.236,-110.1133422128169,429.3572978709865,111.68221318136646,409.2587281358567,-22.89780442281281,-67.7930172029218,-30.02152423822929,15.76593253985123,133.06411312821928,507.72786552746936,3.8089868231053134e-05
782,1.1629161004482458e-07,1.5e-10,0.00013434216758235654,16113838.16733001,0.0,0.0,0.0,0.0,0.0,9303328.803586047,843018277575.7296,-83.48246436459628,437.3734443546824,122.1332981872853,413.812673161117,-39.29764666236533,-70.25010567152943,-35.729754427246,-1.6387590780327035,122.84482942332097,511.3251887374466,3.816656700936375e-05
783,1.1644161004482458e-07,1.5e-10,0.00013454277826705491,16134622.777020836,0.0,0.0,0.0,0.0,0.0,9315328.803586047,843000096719.2416,-90.79100297437809,428.56007917495543,118.280628117529,411.4696841802858,-70.24942854818678,-83.4350426342999,-22.489522971320977,-12.757068083790397,161.08654563267615,517.1500712381313,3.824413952004947e-05
784,1.1659161004482458e-07,1.5e-10,0.0001347431300209354,16155407.386711663,0.0,0.0,0.0,0.0,0.0,9327328.803586047,842845011481.371,-90.26950425401547,422.02650940437684,121.87525575116852,416.0973338170007,-43.84743816609247,-64.23272737653599,-20.46921547252952,9.554615583990426,134.17719958664904,507.23888577677224,3.832022535291599e-05
785,1.1674161004482458e-07,1.5e-10,0.0001349418844204672,16176191.996402489,0.0,0.0,0.0,0.0,0.0,9339328.803586047,842842533896.7021,-90.06866241598169,412.9218597543095,121.00388705378519,406.8499685045169,-42.868649924972146,-72.2791452509165,-21.88688997803768,17.449991338538283,132.98447912687726,496.69782202185434,3.8394730026219263e-05
786,1.1689161004482457e-07,1.5e-10,0.000135141868897348,16196976.606093315,0.0,0.0,0.0,0.0,0.0,9351328.803586047,842822277866.1776,-95.568796880443,407.6901453788586,110.66762022895132,426.0684460994507,-44.203990102657464,-75.62069952546815,-21.287507524206806,15.375414378104978,139.9022583753321,505.99464652862116,3.847062922319856e-05
787,1.1704161004482457e-07,1.5e-10,0.0001353413849814585,16217761.215784142,0.0,0.0,0.0,0.0,0.0,9363328.803586047,842812275920.0219,-95.87559542033264,411.02928330439835,108.42111096511476,417.20396345092894,-48.95657882743575,-86.17836363970189,-25.483556894107448,9.62423099709199,144.88935002924416,504.6031722882146,3.854631969904179e-05
788,1.1719161004482457e-07,1.5e-10,0.00013554077806601883,16238545.82547497,0.0,0.0,0.0,0.0,0.0,9375328.803586047,842783609450.0079,-118.51219463734671,406.7104723696303,108.06947202541849,418.55411765466147,-38.63793535939655,-75.69302378795214,-30.487541229462288,24.364315819041295,157.20510427853384,506.6945779827635,3.86223238857392e-05
789,1.1734161004482457e-07,1.5e-10,0.00013574011653736152,16259330.435165796,0.0,0.0,0.0,0.0,0.0,9387328.803586047,842763556374.6979,-110.87315477867602,403.2921541911261,113.9550143292051,420.8549801683515,-54.80287868486383,-87.04695397582537,-26.271055778963117,12.437914845578655,165.72161249561694,509.24559039218695,3.869871072429803e-05
790,1.1749161004482457e-07,1.5e-10,0.0001359387509028807,16280115.044856623,0.0,0.0,0.0,0.0,0.0,9399328.803586047,842562978427.5175,-110.66059821125555,394.207624964025,108.48385459568709,422.23559953453844,-55.887889736304096,-83.18186404617956,-31.08723316864513,8.30103366566673,166.5923726378385,504.78424442855356,3.8774428360962314e-05
791,1.1764161004482456e-07,1.5e-10,0.0001361379420219613,16300899.65454745,0.0,0.0,0.0,0.0,0.0,9411328.803586047,842533903596.4268,-112.75137134876677,396.8625312026664,111.71532006520897,425.07743561297804,-57.87716070766324,-83.74812143861443,-21.84186118809965,5.842016997503941,170.68837524887934,509.9432081464393,3.885091984218428e-05
792,1.1779161004482456e-07,1.5e-10,0.00013633869211549155,16321684.264238276,0.0,0.0,0.0,0.0,0.0,9423328.803586047,842453102035.1943,-97.6227849524328,412.1001949088912,108.06591720586651,429.8283697235261,-52.65059541340779,-84.91369887685731,-23.083694024418044,2.164536871098098,150.33340016195115,514.0421380589132,3.892802616289312e-05
793,1.1794161004482456e-07,1.5e-10,0.00013653857682950724,16342468.873929102,0.0,0.0,0.0,0.0,0.0,9435328.803586047,842386390288.4979,-107.71539103371458,411.12324266116326,112.08170628967048,419.57213875537053,-53.43393453184909,-74.00855161762084,-20.33555911691174,9.334778167219682,161.19968476785115,511.0580944109417,3.900468487705476e-05
794,1.1809161004482456e-07,1.5e-10,0.0001367352682700133,16363253.483619928,0.0,0.0,0.0,0.0,0.0,9447328.803586047,842329898207.8998,-82.28097566570428,392.65545081258813,104.46867087446631,404.6383830992431,-38.97073966109018,-79.0885024074158,-21.027602646047914,13.262317356671918,121.22833739709247,480.60494195262316,3.9076775618347655e-05
795,1.1824161004482456e-07,1.5e-10,0.00013693619671576856,16384038.093310755,0.0,0.0,0.0,0.0,0.0,9459328.803586047,842277320523.3883,-100.71869781930445,423.32047363437965,99.47217225780288,421.6125540669797,-34.343106796957954,-87.12303671973801,-31.18063977283417,1.763789661897463,135.12057746653355,511.541561305159,3.9153506852543425e-05
796,1.1839161004482455e-07,1.5e-10,0.00013713583981191725,16404822.703001581,0.0,0.0,0.0,0.0,0.0,9471328.803586047,842234517080.9235,-84.5220868332486,403.6404542079896,115.00194999850855,426.95434866157086,-67.48770510061642,-82.16184239351308,-40.1055542306299,8.554239521724943,152.0355814942927,506.8010980450085,3.922952701725018e-05
797,1.1854161004482455e-07,1.5e-10,0.00013733539262600412,16425607.312692408,0.0,0.0,0.0,0.0,0.0,9483328.803586047,842190239525.8427,-87.9392999520099,398.5928669839025,110.96413372921774,430.2165660421572,-65.4692961072371,-84.25612463434393,-29.911935682956717,2.270471112391043,153.45583311679877,507.0676044070539,3.930558715791124e-05
798,1.1869161004482455e-07,1.5e-10,0.0001375351822170416,16446391.922383234,0.0,0.0,0.0,0.0,0.0,9495328.803586047,842119290541.354,-69.68339013016168,405.63599073292625,105.07618396298759,428.12645115078817,-59.63313410083162,-76.89732521008813,-22.170115944950194,5.2134054339360825,129.34039530276354,502.4783434020382,3.9380958909421545e-05
799,1.1884161004482455e-07,1.5e-10,0.00013773493552095913,16467176.532074062,0.0,0.0,0.0,0.0,0.0,9507328.803586047,842054273525.2412,-78.35825906773252,389.2084942113643,122.0068557076345,443.19374649956274,-61.67865233533726,-72.7278654679895,-39.99841600107075,4.583060073359972,140.11505905136752,504.452044105927,3.9456626716037434e-05
800,1.1899161004482455e-07,1.5e-10,0.00013793284883998372,16487961.141764889,0.0,0.0,0.0,0.0,0.0,9519328.803586047,842026162447.6954,-50.06577064180726,388.4552230618002,117.73871594324277,425.53368330705814,-74.27830129883529,-72.63249057902983,-40.294467769339676,5.4228543096295105,124.399561873688,489.92886671794315,3.9530116046045124e-05
801,1.1914161004482454e-07,1.5e-10,0.00013813150569809106,16508745.751455715,0.0,0.0,0.0,0.0,0.0,9531328.803586047,841986878341.929,-77.77145133714826,382.4535333416604,113.4977818425886,437.07244424914717,-69.77243327422666,-79.08669096794551,-34.15584879032596,5.899225433149137,147.5973325868359,499.5589730778302,3.96050498920068e-05
802,1.1929161004482456e-07,1.5e-10,0.00013833092987144204,16529530.361146541,0.0,0.0,0.0,0.0,0.0,9543328.803586047,841960831566.7122,-74.7611392539407,396.88428897903015,115.28420091722303,430.88493698464606,-77.12753041150368,-87.87553034487222,-26.47625113174784,-3.818085343291997,151.93441941210278,506.8663091123754,3.968107983837365e-05
803,1.1944161004482457e-07,1.5e-10,0.00013853048736330942,16550314.970837368,0.0,0.0,0.0,0.0,0.0,9555328.803586047,841945014055.8108,-75.50826141633549,396.6113470873967,120.50290142619991,433.48805296689574,-62.02549903838827,-79.12232398819808,-31.854245705370996,14.849355925935287,137.57558532249212,502.661587967806,3.9756479076568824e-05
804,1.1959161004482458e-07,1.5e-10,0.00013873013213299508,16571099.580528192,0.0,0.0,0.0,0.0,0.0,9567328.803586047,841953128655.0056,-71.73201228743505,395.8708887923171,126.97589421804103,435.3540890286934,-66.03026156830907,-78.37587562916723,-38.63133381292295,2.4926448972885966,137.80083555599043,503.8144779023481,3.9832051248254176e-05
805,1.197416100448246e-07,1.5e-10,0.00013893044381363227,16591884.19021902,0.0,0.0,0.0,0.0,0.0,9579328.803586047,841914208467.1052,-62.49470788156682,391.08612211233725,122.02799559174385,449.228406224977,-66.87840259426413,-81.35382481948044,-44.14323963885705,-1.2336133948656767,129.4267204850202,506.38404304110037,3.990800885471034e-05
806,1.198916100448246e-07,1.5e-10,0.00013912885581733613,16612668.799909847,0.0,0.0,0.0,0.0,0.0,9591328.803586047,841416449762.6487,-78.80761155672104,397.19708562365514,111.67663928134024,418.643457685878,-67.29462729118686,-98.95426610448274,-22.358163187519274,8.417281724402745,146.1558013091524,498.6555181471025,3.99828071824324e-05
807,1.200416100448246e-07,1.5e-10,0.0001393274087578034,16633453.409600673,0.0,0.0,0.0,0.0,0.0,9603328.803586047,841437024648.3154,-81.44721203920548,398.3632991346345,104.87037021961349,418.6795728657973,-72.80653443556564,-93.00914987721659,-14.73908969924354,10.132106578251298,154.29106336832857,501.34208241563834,4.005800849479475e-05
808,1.2019161004482462e-07,1.5e-10,0.00013952508460603256,16654238.0192915,0.0,0.0,0.0,0.0,0.0,9615328.803586047,841445354443.6879,-70.29655830252648,406.07521856379435,110.82658145279568,401.2281964079486,-82.7058732078974,-105.92194943242218,-17.614523550409753,1.706906988388214,153.04163046852523,497.2240551610845,4.013259210306891e-05
809,1.2034161004482463e-07,1.5e-10,0.0001397233534433255,16675022.628982326,0.0,0.0,0.0,0.0,0.0,9627328.803586047,841441306676.508,-74.64488629046409,396.84324144161513,110.52724084005298,417.5586091078748,-80.60626415860585,-92.995935068395,-25.898836033655417,7.139545660191981,155.28899770531694,500.05048546428884,4.020759967588855e-05
810,1.2049161004482465e-07,1.5e-10,0.00013992151182623853,16695807.238673152,0.0,0.0,0.0,0.0,0.0,9639328.803586047,841446517446.9285,-72.70736750007778,394.82791400941903,104.9420681882764,418.8491434601847,-69.51710842426307,-97.50619632092564,-21.07290406721618,7.773161448503479,142.2770658137686,495.9435163766968,4.028199120334506e-05
811,1.2064161004482466e-07,1.5e-10,0.00014011910969947912,16716591.84836398,0.0,0.0,0.0,0.0,0.0,9651328.803586047,841471519002.2139,-89.13088816022906,400.24543825656184,94.59047650320332,405.16180387954483,-63.50015127771757,-98.72206406737214,-10.021922896787483,0.40538320175216613,152.66009697296718,495.3322840846141,4.035629104595775e-05
812,1.2079161004482467e-07,1.5e-10,0.00014031789971083377,16737376.458054807,0.0,0.0,0.0,0.0,0.0,9663328.803586047,841487928555.393,-65.65767376039234,404.1308010307387,106.61342205305678,417.7569874628526,-73.88861443777986,-91.34173997219973,-28.887845760444115,3.176523954919285,139.58530646885228,499.2737852449988,4.04311821137445e-05
813,1.2094161004482468e-07,1.5e-10,0.0001405156372041473,16758161.067745633,0.0,0.0,0.0,0.0,0.0,9675328.803586047,841459233894.0535,-86.95695888229274,403.661251310287,95.73571731051788,403.8614058933297,-70.43974837643142,-86.64151854820444,-18.797061865535586,1.4504859760838056,157.42312005171235,496.61538765997136,4.0505674421893494e-05
814,1.210916100448247e-07,1.5e-10,0.00014071421600084452,16778945.67743646,0.0,0.0,0.0,0.0,0.0,9687328.803586047,841483072545.2394,-74.95443856452596,411.42818893323744,99.28233327733747,406.75586627620623,-64.13821333390345,-99.24036227316925,-14.400556551663565,-2.493420974172409,139.1156047252232,498.38067323730246,4.058043152287909e-05
815,1.212416100448247e-07,1.5e-10,0.00014091192941873159,16799730.287127286,0.0,0.0,0.0,0.0,0.0,9699328.803586047,841510516055.0704,-70.43555272418983,406.7415397798485,91.81930796380037,402.09446974875954,-64.49831090036929,-94.01096452623248,-7.789337220324759,3.6197861767956283,134.95734819527146,491.2964690400413,4.06541259932351e-05
816,1.213916100448247e-07,1.5e-10,0.0001411105995197203,16820514.896818113,0.0,0.0,0.0,0.0,0.0,9711328.803586047,841542157083.421,-58.82364341295226,409.92940724144194,104.97092510488962,411.35099601358985,-68.07321004114725,-94.69984425229723,-25.317647567099716,5.486295514198248,126.91922403618054,495.7185180560159,4.07284837709435e-05
817,1.2154161004482472e-07,1.5e-10,0.00014130868645134413,16841299.50650894,0.0,0.0,0.0,0.0,0.0,9723328.803586047,841572584195.3944,-75.30864695314114,406.51191268829734,89.69605314445334,406.73406647609966,-54.22049945056042,-93.6554743676717,-11.302999249035704,4.898497637493715,129.5581057635761,491.9977675137846,4.0802283436070567e-05
818,1.2169161004482474e-07,1.5e-10,0.00014150758535092143,16862084.116199765,0.0,0.0,0.0,0.0,0.0,9735328.803586047,841583371729.1481,-69.22658117550914,408.32582625487254,99.21421917183947,414.89264570885626,-57.78864957109891,-98.30573164880657,-19.804780398046432,15.466398341702812,127.03190241919967,496.4523375165415,4.087675128669805e-05
819,1.2184161004482475e-07,1.5e-10,0.00014170334328524246,16882868.72589059,0.0,0.0,0.0,0.0,0.0,9747328.803586047,841604728876.6737,-73.96351030523645,396.46435300119646,114.83575843365882,388.6381433799278,-46.22304709184714,-100.5130665876833,-4.228364066499383,6.926308218750988,120.20138469262477,476.61637071369216,4.09482437423051e-05
820,1.2199161004482476e-07,1.5e-10,0.00014190222196831922,16903653.335581418,0.0,0.0,0.0,0.0,0.0,9759328.803586047,841588787924.0026,-63.460253270201385,417.39116179353624,98.61113527019232,406.3270639585088,-49.847144073155384,-99.05877182052038,-18.300236393176522,7.2619861875757366,113.3247675756772,493.99632073325216,4.102234319041509e-05
821,1.2214161004482477e-07,1.5e-10,0.00014210026337108778,16924437.945272245,0.0,0.0,0.0,0.0,0.0,9771328.803586047,841612685165.1823,-71.8893756384064,407.7990897434177,96.09237814524148,405.1565455401596,-32.81683259212612,-95.31743694521207,-4.610775815831423,6.415154631219871,109.98414392137826,487.8020232960204,4.1095513493909494e-05
822,1.2229161004482478e-07,1.5e-10,0.00014229881292133478,16945222.55496307,0.0,0.0,0.0,0.0,0.0,9783328.803586047,841433563042.3296,-58.56920295246899,408.5668819113386,97.79722443225252,412.390375739067,-53.947720838747166,-94.71974348382987,-32.534115124300875,0.8084322996451452,112.52704915366691,491.6148616252965,4.116925572315329e-05
823,1.224416100448248e-07,1.5e-10,0.00014249762951327747,16966007.164653897,0.0,0.0,0.0,0.0,0.0,9795328.803586047,841460870260.6366,-63.54630872667498,412.5901221938438,85.25771614731207,411.08339350250986,-53.781242692596905,-93.91927419671897,-22.270500485639168,5.38838381207695,117.3360637445697,493.8420067509885,4.124333202416594e-05
824,1.225916100448248e-07,1.5e-10,0.00014269595586384682,16986791.774344724,0.0,0.0,0.0,0.0,0.0,9807328.803586047,841496037269.8983,-62.31924651331078,403.9428038959963,86.44051963025105,414.3953674966593,-50.10348114817917,-98.31009366411418,-22.978662423649386,16.75315118919497,112.42690691900894,489.3614949984317,4.1316736248415704e-05
825,1.2274161004482481e-07,1.5e-10,0.00014289518360876448,17007576.38403555,0.0,0.0,0.0,0.0,0.0,9819328.803586047,841524491110.7466,-61.00937671425304,408.46584425186626,81.34328520148105,420.72618506224717,-57.484487349308665,-98.53202630189469,-30.886619134523954,13.406797444708324,118.51488604390836,496.48644772050875,4.139120921557378e-05
826,1.2289161004482483e-07,1.5e-10,0.0001430936884127664,17028360.993726376,0.0,0.0,0.0,0.0,0.0,9831328.803586047,841569943547.6472,-59.69956820449471,413.51210574642494,75.99960820899767,407.4218425122276,-52.06144168940862,-104.00442942899485,-24.726231481704893,6.379497752873599,111.77334981041894,491.13051952075375,4.146487879350189e-05
827,1.2304161004482484e-07,1.5e-10,0.00014329370821128927,17049145.603417203,0.0,0.0,0.0,0.0,0.0,9843328.803586047,841610592982.6732,-81.52178520243977,409.90636839619657,67.76861360937274,427.20440263462956,-41.21495486190278,-94.19396534530767,-25.227922036728184,14.653443736137438,122.7429493431789,501.90020892398155,4.1540163824840485e-05
828,1.2319161004482485e-07,1.5e-10,0.00014349516689105154,17069930.21310803,0.0,0.0,0.0,0.0,0.0,9855328.803586047,841614694671.9221,-68.23092466746306,435.22909977235656,81.58836208951857,419.0472730650418,-47.12078584614603,-105.54217766430546,-26.50695426577439,15.340518748256665,115.37509044178513,510.3374373933535,4.161671444044949e-05
829,1.2334161004482486e-07,1.5e-10,0.00014369645868785957,17090714.822798856,0.0,0.0,0.0,0.0,0.0,9867328.803586047,841486120216.4943,-80.19773437410308,426.5650239780503,73.99385973662645,424.3073481889439,-52.804946553839855,-109.94001319933258,-21.37716266054118,18.427066708224142,133.00264530666783,512.8178413366347,4.169363711664999e-05
830,1.2349161004482487e-07,1.5e-10,0.0001438965778478478,17111499.432489682,0.0,0.0,0.0,0.0,0.0,9879328.803586047,841475107515.0431,-75.12023627082392,423.7677416965094,73.33823232112603,414.17226240840375,-57.80944060862055,-104.62806535139771,-24.234031779294906,21.212214182998096,132.93845164666038,504.91850950112,4.1769374893075154e-05
831,1.2364161004482488e-07,1.5e-10,0.00014409684832308568,17132284.04218051,0.0,0.0,0.0,0.0,0.0,9891328.803586047,841501173675.3064,-71.5744292256258,415.42452758690547,73.47225921805045,424.45785070458317,-51.93138638883557,-98.56674827534258,-15.625794004491596,14.570783561982335,123.50064606067733,503.96702926801646,4.184496994746536e-05
832,1.237916100448249e-07,1.5e-10,0.00014429627962972834,17153068.651871335,0.0,0.0,0.0,0.0,0.0,9903328.803586047,841504619064.7834,-58.48019517975734,419.4310263958599,70.67031048035355,412.41240930977574,-71.50844631837457,-102.13635780558307,-37.4184106349132,6.628437664919892,129.98731651460233,501.0160144929095,4.1920122349639296e-05
833,1.239416100448249e-07,1.5e-10,0.00014449591745379197,17173853.26156216,0.0,0.0,0.0,0.0,0.0,9915328.803586047,841529000066.5974,-67.65523845321958,420.59499539133554,85.12780946828,411.62332636119805,-68.0862850522759,-94.81198274210294,-27.826810167224952,0.9845467530952249,135.74001350323718,503.3060622398846,4.199561825897528e-05
834,1.2409161004482492e-07,1.5e-10,0.00014469754437350588,17194637.871252988,0.0,0.0,0.0,0.0,0.0,9927328.803586047,841542965227.3823,-56.25549920526969,429.6636782351443,76.43690545413165,427.62417378757124,-71.0990429585711,-87.25875939907455,-35.11893365555715,3.1109511214840873,127.35871458189156,514.007290550764,4.2072719352557894e-05
835,1.2424161004482493e-07,1.5e-10,0.0001448968746446559,17215422.480943818,0.0,0.0,0.0,0.0,0.0,9939328.803586047,841522354488.4954,-70.10905050353531,427.2947823318455,82.19500128860872,400.77557573808065,-77.33655568169584,-92.91156655423978,-25.249515384883853,3.861505684332315,147.42993363513904,504.02937543280655,4.214832375887282e-05
836,1.2439161004482494e-07,1.5e-10,0.00014509644122607761,17236207.090634644,0.0,0.0,0.0,0.0,0.0,9951328.803586047,841498629616.211,-55.51668774147762,431.03854359298685,75.94464679211163,401.6660072609643,-82.90543223781924,-91.9439355561148,-30.353482410469233,0.7669403340545933,138.4126550887282,503.9892923936477,4.2223922152731866e-05
837,1.2454161004482495e-07,1.5e-10,0.000145296095147639,17256991.70032547,0.0,0.0,0.0,0.0,0.0,9963328.803586047,841496639923.6812,-75.84336380900984,425.06354753511414,73.49161873006844,407.35039216041974,-59.41694794655548,-86.66990479028814,-23.63557632329052,13.978525649167773,135.24452823356458,501.93956225621514,4.2299213087070297e-05
838,1.2469161004482496e-07,1.5e-10,0.000145497152871418,17277776.310016297,0.0,0.0,0.0,0.0,0.0,9975328.803586047,841492996528.0975,-79.13091044000984,443.9417479816217,71.38182572887986,404.55560111910756,-68.99071959684645,-89.72088845313819,-36.96283419833201,8.910433882463062,148.09840269035755,514.3189226186561,4.2376360925463096e-05
839,1.2484161004482497e-07,1.5e-10,0.00014569679509692773,17298560.919707123,0.0,0.0,0.0,0.0,0.0,9987328.803586047,841429015082.9077,-41.99050923991606,435.4869048345738,77.02616911375124,400.1391923508862,-75.7403834496886,-112.24565376267381,-48.672961048197664,-12.12147405125653,117.72789420898138,502.4146336901848,4.245172312051662e-05
840,1.2499161004482498e-07,1.5e-10,0.0001458976429209987,17319345.52939795,0.0,0.0,0.0,0.0,0.0,9999328.803586047,841363846908.7822,-73.6711090372132,428.6369770192934,55.36747499937869,417.71746825112825,-65.89294073500788,-94.44607391914036,-13.08544967961113,10.677342226802102,139.555390143457,511.0808334078649,4.2528385245527804e-05
841,1.25141610044825e-07,1.5e-10,0.0001460969658862334,17340130.139088776,0.0,0.0,0.0,0.0,0.0,10011328.803586047,841393751135.4609,-69.67364161958764,425.3673436160607,64.66490414277291,403.2498145322623,-74.0135264012558,-100.36969691136204,-24.046333092782127,-0.631831298803646,143.66238502488164,503.4547879034018,4.260390346371331e-05
842,1.25291610044825e-07,1.5e-10,0.00014629670392133517,17360914.748779602,0.0,0.0,0.0,0.0,0.0,10023328.803586047,841394202933.3438,-57.95822196000963,426.6530407117381,61.677838408277864,408.68300947306255,-66.98020372100736,-101.77926929373604,-25.20325834486559,9.505576511653217,124.93378571288764,501.510735711092,4.267913007406997e-05
843,1.2544161004482502e-07,1.5e-10,0.00014649670407599784,17381699.35847043,0.0,0.0,0.0,0.0,0.0,10035328.803586047,841372091357.853,-66.66414994625353,427.7170239532501,52.475519906897645,409.5392515620741,-78.86764231884614,-107.48265374128312,-28.76666079660279,0.8825736416180204,145.51187127773096,508.78928025880987,4.275544846610879e-05
844,1.2559161004482503e-07,1.5e-10,0.00014669562033920943,17402483.968161255,0.0,0.0,0.0,0.0,0.0,10047328.803586047,841338797980.9869,-57.84763570998434,426.6354257220797,73.43014134898229,397.80863651231186,-70.37326680482816,-110.27053738129297,-13.953324699694862,8.370420334910857,128.1854606629643,497.69122062216275,4.283010214920212e-05
845,1.2574161004482504e-07,1.5e-10,0.00014689568575910867,17423268.57785208,0.0,0.0,0.0,0.0,0.0,10059328.803586047,841313860783.5181,-78.03888101095228,424.2432864180906,55.55004464587797,412.88661868462026,-62.34820582002038,-109.08110925067534,-26.495404474094087,3.8500651713097467,140.34679736237064,507.2978747795033,4.290619683041904e-05
846,1.2589161004482505e-07,1.5e-10,0.00014709583348243826,17444053.187542908,0.0,0.0,0.0,0.0,0.0,10071328.803586047,841301956791.4991,-77.32565486741032,437.5210622585541,58.55622149974601,401.0277032681764,-53.15806613746068,-121.99443140899136,-37.76135235689994,-6.209907141537069,130.4355955725276,507.1718230045472,4.2982272603869724e-05
847,1.2604161004482506e-07,1.5e-10,0.00014729611710595904,17464837.797233734,0.0,0.0,0.0,0.0,0.0,10083328.803586047,841276217860.4911,-86.8596273545233,426.82047609090887,52.82697661396621,411.9116093458158,-61.31733086283651,-115.23477142121318,-28.85502026520309,-0.2856127704831276,148.12054712985866,511.1683798960759,4.305894786085414e-05
848,1.2619161004482507e-07,1.5e-10,0.00014749716317371045,17485622.40692456,0.0,0.0,0.0,0.0,0.0,10095328.803586047,841261718428.2118,-72.61003660280412,433.4866553459751,50.195949567994724,416.09444883438493,-58.43569414017082,-111.62666211305302,-30.909294858661816,2.020277077972087,131.07306023046925,511.8293260574349,4.313572225976275e-05
849,1.2634161004482508e-07,1.5e-10,0.00014769711036563088,17506407.016615387,0.0,0.0,0.0,0.0,0.0,10107328.803586047,841262347945.673,-67.60192243803019,425.130897543132,49.69758675507662,411.56646752961177,-77.80782800991474,-96.70276789335243,-25.388196590704688,8.075304333883139,145.35422191535065,507.28430889654334,4.3211814906097236e-05
850,1.264916100448251e-07,1.5e-10,0.00014789774365323708,17527191.626306213,0.0,0.0,0.0,0.0,0.0,10119328.803586047,841232093374.752,-70.96674739586275,433.3531911382913,54.35030611471852,411.73590112735485,-52.04559605048087,-110.06130205072384,-32.15666789367784,0.6260310053863306,122.9646014850374,507.4034696497357,4.3287925426544695e-05
851,1.266416100448251e-07,1.5e-10,0.00014809887799333135,17547976.23599704,0.0,0.0,0.0,0.0,0.0,10131328.803586047,841210181127.004,-44.373188731664925,433.6386848648191,65.37460628023047,416.8081500811316,-78.45351731686313,-107.60713859444115,-3.1812900661554924,-34.48357078698149,122.64348282752664,514.3436962509094,4.3365076980982335e-05
852,1.2679161004482512e-07,1.5e-10,0.0001483006515336966,17568760.845687866,0.0,0.0,0.0,0.0,0.0,10143328.803586047,841146219818.5946,-80.98007511677204,439.2429935163871,51.114691452582484,418.3016805424667,-34.78196076997223,-87.31289940180253,-20.64864246539843,-17.0371981053905,115.7691481546276,513.0107526644694,4.3442028593882004e-05
853,1.2694161004482513e-07,1.5e-10,0.00014850393072250292,17589545.455378693,0.0,0.0,0.0,0.0,0.0,10155328.803586047,841144340558.4872,-69.50775979602741,440.76401793339573,56.07109609989272,434.97525904982484,-49.798844009781185,-69.75886258184958,-26.042616248422398,-29.491350948959735,119.31469197599334,523.0570696252922,4.35204871543258e-05
854,1.2709161004482514e-07,1.5e-10,0.0001487037354052463,17610330.06506952,0.0,0.0,0.0,0.0,0.0,10167328.803586047,841103627353.4952,-88.6751890759461,428.4022303744081,66.25952600103177,402.9404516229867,-68.22136858557138,-75.67889184390346,-13.74434435601128,-32.801053395051326,156.9029117974346,509.87852598195417,4.359696893322309e-05
855,1.2724161004482515e-07,1.5e-10,0.0001489060307429169,17631114.674760345,0.0,0.0,0.0,0.0,0.0,10179328.803586047,840936019066.2134,-71.65413545141372,442.7358193959509,53.13599905011101,421.7458364270921,-50.059731695084466,-66.1488943134544,-34.21369469833182,-38.51337352716458,121.72028017839587,517.5432394524585,4.367460041914096e-05
856,1.2739161004482516e-07,1.5e-10,0.00014911123529044785,17651899.28445117,0.0,0.0,0.0,0.0,0.0,10191328.803586047,840673732209.2563,-49.82382313763139,456.5829991167571,71.21672139288235,442.58988764440045,-64.74051012586149,-78.54293893295463,-34.697212231450095,-28.67256130841024,114.57135098805882,535.7055787367606,4.375495625595148e-05
857,1.2754161004482518e-07,1.5e-10,0.00014931668531170775,17672683.894142,0.0,0.0,0.0,0.0,0.0,10203328.803586047,840574334808.8904,-84.68295162686347,463.37779111784954,59.51890307039563,436.01318735154695,-44.21820919913445,-73.12264792437131,-36.26782008117925,-41.26267887481068,128.8809311450275,539.7537220705126,4.3835919314262054e-05
858,1.2769161004482519e-07,1.5e-10,0.000149520072872928,17693468.503832825,0.0,0.0,0.0,0.0,0.0,10215328.803586047,840296854263.7944,-81.26815054527901,453.7211495387162,61.18814962523456,422.7472003911965,-38.09657318638646,-59.20296361431073,-34.30850501983188,-26.047903310547536,118.94077067786937,523.0017623477315,4.391436957861421e-05
859,1.278416100448252e-07,1.5e-10,0.00014972462167911555,17714253.113523655,0.0,0.0,0.0,0.0,0.0,10227328.803586047,840153830535.7792,-78.1727385931696,452.60313791630614,61.368028201175186,436.77940907436533,-52.01841655874213,-60.22284878382049,-35.619428383808064,-42.28401861892038,130.6705201951767,533.5276682253439,4.3994398728848014e-05
860,1.279916100448252e-07,1.5e-10,0.00014992652375608238,17735037.72321448,0.0,0.0,0.0,0.0,0.0,10239328.803586047,839719694670.9941,-68.98444800333873,448.41955460711563,60.71548723017532,413.45656230426687,-43.87101220986817,-71.20646437376602,-51.6597289305801,-35.94790214709471,93.10169710656547,511.56537460707904,4.407113353503908e-05
861,1.2814161004482522e-07,1.5e-10,0.00015012833656693033,17755822.332905307,0.0,0.0,0.0,0.0,0.0,10251328.803586047,839325154254.124,-57.19703120684613,445.6558180610086,73.95349436013323,414.17608227133144,-49.55569962103941,-70.74757836792125,-39.803140085241616,-31.283567799622478,106.76053234209752,511.5784906652604,4.4147870308638866e-05
862,1.2829161004482523e-07,1.5e-10,0.00015033116104648983,17776606.942596134,0.0,0.0,0.0,0.0,0.0,10263328.803586047,839254751256.3274,-60.33649126381597,450.8914836132455,70.71756302452786,420.9537278796655,-40.01016986298303,-69.61307497370632,-42.028305379863625,-32.086561524875364,100.35347016673154,517.0119960121044,4.4225422108040684e-05
863,1.2844161004482524e-07,1.5e-10,0.0001505329539626953,17797391.552286956,0.0,0.0,0.0,0.0,0.0,10275328.803586047,839193661895.3125,-61.877037911106115,443.87530831673695,81.99059107197587,415.42386997352264,-27.928230386696082,-70.16912044132103,-33.15411324305473,-33.206409784681114,89.81084701479593,508.86018507246723,4.4301751135801556e-05
864,1.2859161004482525e-07,1.5e-10,0.0001507365640302122,17818176.161977783,0.0,0.0,0.0,0.0,0.0,10287328.803586047,839131265411.2188,-67.40655110057085,455.5872889918357,77.36629466933215,424.18289875167534,-34.898507739422776,-82.76504189210247,-40.35272456646084,-30.542269148210433,102.31102157588305,523.0240028170872,4.438020473622412e-05
865,1.2874161004482527e-07,1.5e-10,0.00015093976763696376,17838960.771668613,0.0,0.0,0.0,0.0,0.0,10299328.803586047,839090958514.7559,-66.60481505905429,449.04930137471297,79.75903406606096,426.3656154451821,-26.92717241343085,-72.97581492147526,-35.470983685804754,-24.98111496215039,93.53834126418067,518.2437195917474,4.4457941294162886e-05
866,1.2889161004482528e-07,1.5e-10,0.00015114374645153642,17859745.38135944,0.0,0.0,0.0,0.0,0.0,10311328.803586047,839049640218.2003,-41.86975898323129,455.23259662258374,69.86001438454028,430.6124514036257,-50.91435641827481,-82.35383431258434,-25.59691549714834,-35.39993795141295,92.79095637833771,524.8674886428919,4.453667141745932e-05
867,1.290416100448253e-07,1.5e-10,0.00015134837282857966,17880529.991050266,0.0,0.0,0.0,0.0,0.0,10323328.803586047,838993070247.8892,-54.352427318666926,463.83714918544,72.24178918277234,428.66543997517897,-43.812902651082496,-82.14546680642174,-37.93759812144369,-45.45509739054618,98.17290068208409,530.1078203570548,4.4616187590512874e-05
868,1.291916100448253e-07,1.5e-10,0.0001515515315788246,17901314.600741092,0.0,0.0,0.0,0.0,0.0,10335328.803586047,838784024296.3352,-68.50330818170076,460.51205931237325,86.20411501053911,413.8367553657446,-35.32413832129244,-66.88776394777213,-45.10833447596178,-35.74294755378529,103.83463759791911,519.6640054689926,4.469413719133322e-05
869,1.293416100448253e-07,1.5e-10,0.0001517567447187787,17922099.21043192,0.0,0.0,0.0,0.0,0.0,10347328.803586047,838734274366.9974,-60.773003464624495,468.76190620775634,87.68709181452296,429.92077063741965,-29.498309556241,-65.49183964704106,-34.638350863175056,-40.267507175259304,90.27931218072156,531.3685120728791,4.477384246814415e-05
870,1.2949161004482532e-07,1.5e-10,0.00015195965665665338,17942883.820122745,0.0,0.0,0.0,0.0,0.0,10359328.803586047,838693499575.0308,-52.460540309304804,461.5760518758642,81.18767958059262,411.197948408165,-43.88420314100856,-65.37263931008775,-39.89549024657677,-46.5356764354787,96.35217752629221,517.6505639208233,4.4851490052732275e-05
871,1.2964161004482533e-07,1.5e-10,0.0001521630909400047,17963668.42981357,0.0,0.0,0.0,0.0,0.0,10371328.803586047,838656433607.6404,-59.08338914318055,456.67750157564893,72.00918471137427,422.38911894167956,-48.4684064440044,-53.01482494998994,-48.38985391371007,-33.35008020786271,107.55548721937794,521.4055763644196,4.4929700889186936e-05
872,1.2979161004482534e-07,1.5e-10,0.00015236710491575971,17984453.039504398,0.0,0.0,0.0,0.0,0.0,10383328.803586047,838492952256.8312,-94.04440662337855,463.95175155451966,76.43033954919531,417.5286812998159,-41.04272668141013,-75.6886380606346,-52.00396228480641,-44.83937048407221,135.09558649142727,532.1938083365194,4.5009529960437414e-05
873,1.2994161004482536e-07,1.5e-10,0.00015256827642249644,18005237.649195224,0.0,0.0,0.0,0.0,0.0,10395328.803586047,838387532067.3353,-37.7330241882195,436.02452980454007,78.93083334340861,419.10557987971106,-33.73542040601737,-55.173099633272564,-31.317491531028757,-15.661312796467909,71.47613591411853,501.2894852978515,4.508472338323209e-05
874,1.3009161004482537e-07,1.5e-10,0.00015277298314598392,18026022.25888605,0.0,0.0,0.0,0.0,0.0,10407328.803586047,838351859826.384,-52.58423412930257,459.8329272497596,72.07031807156058,433.8586017497998,-40.755334208251824,-80.91263610907282,-34.19087084220869,-37.3008788923195,93.34715809709883,529.2678648842344,4.5164113562964726e-05
875,1.3024161004482538e-07,1.5e-10,0.00015298092804193363,18046806.868576877,0.0,0.0,0.0,0.0,0.0,10419328.803586047,838162081605.7993,-104.22420111798696,468.4240281156354,82.0431303175296,458.3790971048735,-29.783552219169792,-52.24941333338765,-58.08920341033635,-25.101777800219686,138.4220008323398,555.9801612450967,4.524751058715149e-05
876,1.303916100448254e-07,1.5e-10,0.00015318429845810911,18067591.478267703,0.0,0.0,0.0,0.0,0.0,10431328.803586047,837780473823.5885,-85.20948744529353,443.7005261101471,97.28225642147136,431.3039634884614,-25.13296683183103,-70.62358378957506,-51.44023836908074,-34.64461804463158,110.35290327716757,522.4799561777668,4.532588258057816e-05
877,1.305416100448254e-07,1.5e-10,0.00015338833901832214,18088376.08795853,0.0,0.0,0.0,0.0,0.0,10443328.803586047,837702541596.7137,-114.33766167931793,438.89942887417254,89.46603419527726,441.2894873293692,-7.816873626429781,-79.67763634700714,-52.80206326654462,-49.811002994268414,122.16288806333301,531.964921748732,4.540567731884047e-05
878,1.306916100448254e-07,1.5e-10,0.00015359280968504276,18109160.697649356,0.0,0.0,0.0,0.0,0.0,10455328.803586047,837364471080.7389,-90.62519895388714,442.51439839418697,101.78920490010982,444.34328272130864,-28.60515809677089,-87.00599879539335,-62.336386528242215,-40.55839533207697,119.23866033148386,532.5547939964445,4.548556053793993e-05
879,1.3084161004482542e-07,1.5e-10,0.00015379794739438173,18129945.307340182,0.0,0.0,0.0,0.0,0.0,10467328.803586047,837340584092.4954,-105.9380495527319,436.4319762329316,99.36049661940156,456.91490022345005,-16.079386232479017,-83.29577825867531,-52.65890468425382,-26.31553403477968,122.02582199510793,536.9691973235238,4.556610591753846e-05
880,1.3099161004482543e-07,1.5e-10,0.00015400109746823847,18150729.91703101,0.0,0.0,0.0,0.0,0.0,10479328.803586047,837335770491.6892,-90.97031626057915,431.43503578144106,86.46394227706921,440.69596306341623,-39.17752465937823,-78.61090924308996,-64.05521832318688,-28.39236862103158,130.1560647776183,524.7432666500827,4.564481740753598e-05
881,1.3114161004482545e-07,1.5e-10,0.0001542047577715221,18171514.526721835,0.0,0.0,0.0,0.0,0.0,10491328.803586047,837314210176.6887,-96.47594429369755,427.42379280580013,85.73234746768067,449.6782214397265,-35.11311118674541,-89.18285268825225,-53.912857241223165,-20.816593438456596,131.5972522223068,528.5631630165198,4.572410188198845e-05
882,1.3129161004482546e-07,1.5e-10,0.00015440886991726998,18192299.13641266,0.0,0.0,0.0,0.0,0.0,10503328.803586047,837291090880.4762,-95.38231268087559,432.94063242741527,82.50855486885906,449.59275075718364,-35.604607520927814,-86.80324419123963,-54.59470681093506,-27.063126526413825,130.9958664271987,531.5576754750242,4.58038355333097e-05
883,1.3144161004482547e-07,1.5e-10,0.00015461231400990764,18213083.746103488,0.0,0.0,0.0,0.0,0.0,10515328.803586047,837280343906.4241,-99.55368263924335,428.1323912439865,77.7639248638591,446.00758389093676,-37.62659859668925,-95.01071647512128,-51.851574455674424,-28.0838454086618,137.1875686210586,529.2254303741837,4.5883219347865833e-05
884,1.3159161004482548e-07,1.5e-10,0.00015481504056817657,18233868.355794314,0.0,0.0,0.0,0.0,0.0,10527328.803586047,837273904597.7938,-80.64970259289497,430.37628582365795,77.55654182637893,437.96287690276137,-38.78165910028651,-90.31948509005709,-57.959012009414636,-26.613665952710235,119.43877637534221,520.4544015691163,4.59612875081012e-05
885,1.317416100448255e-07,1.5e-10,0.00015501787741731328,18254652.96548514,0.0,0.0,0.0,0.0,0.0,10539328.803586047,837267906011.9602,-110.00759862211787,434.40587540529003,68.45233623169372,432.4145974367809,-31.257783331867216,-83.60254811627952,-51.01315147789116,-22.730240534204707,141.27276667276055,525.6938113892356,4.604014157980958e-05
886,1.318916100448255e-07,1.5e-10,0.00015522124916057703,18275437.575175967,0.0,0.0,0.0,0.0,0.0,10551328.803586047,837261383824.6047,-91.0218622517614,439.45742982959746,71.6470494092957,434.71396159148935,-43.4268024662731,-89.49904391311493,-48.83721424033012,-30.279147648938753,134.45597300984485,527.7440275518317,4.611930318394236e-05
887,1.320416100448255e-07,1.5e-10,0.0001554237196950706,18296222.184866793,0.0,0.0,0.0,0.0,0.0,10563328.803586047,837265623347.0553,-105.5617319577525,431.31476107022405,63.229123909432666,431.69484518821434,-37.99865858299492,-84.15084093816748,-51.3912455085547,-21.540882073637793,143.56759384892084,523.6073970688902,4.619784429350269e-05
888,1.3219161004482552e-07,1.5e-10,0.00015562674427224146,18317006.79455762,0.0,0.0,0.0,0.0,0.0,10575328.803586047,837162364932.8113,-98.56695745925039,433.50804690331427,62.63105735152324,436.5800183509122,-38.87158172296706,-83.78022727620434,-50.79634599947155,-27.321318609604823,137.4455077325205,525.9189672428586,4.6276732138589116e-05
889,1.3234161004482554e-07,1.5e-10,0.00015583010048237102,18337791.40424845,0.0,0.0,0.0,0.0,0.0,10587328.803586047,837176000823.149,-103.37385580914086,435.8960382296647,59.83883317470221,437.79984199860985,-29.397894725502198,-88.34264131535107,-45.27939676340012,-21.40124072141697,132.77904035757857,527.2448879587217,4.635581887178292e-05
890,1.3249161004482555e-07,1.5e-10,0.00015603224585029955,18358576.013939276,0.0,0.0,0.0,0.0,0.0,10599328.803586047,837124469374.1937,-104.85750281968973,439.7170648572024,70.70835986366991,419.8245120966363,-30.464430926581294,-86.32653391971293,-61.22275305270689,-30.34985446155938,135.32915243790097,520.5732073884857,4.64339048528912e-05
891,1.3264161004482556e-07,1.5e-10,0.00015623459932502106,18379360.623630103,0.0,0.0,0.0,0.0,0.0,10611328.803586047,837126806266.0765,-106.46031650997342,434.0200594211443,60.04886587969575,427.5853070439971,-43.105008481537574,-76.50081005145775,-51.953483902214224,-17.659560813876002,149.57240810275962,523.5847623829721,4.651244256724864e-05
892,1.3279161004482557e-07,1.5e-10,0.0001564365705795698,18400145.23332093,0.0,0.0,0.0,0.0,0.0,10623328.803586047,837109157862.6969,-101.64895260309163,434.7427016995956,65.1053994797923,422.9726467158893,-35.18603480812458,-87.84465350107777,-53.04426955336774,-18.128756749438764,136.84202112586826,518.8590252197592,4.6590271421031605e-05
893,1.3294161004482558e-07,1.5e-10,0.00015663906221724603,18420929.843011755,0.0,0.0,0.0,0.0,0.0,10635328.803586047,837105597362.8555,-114.78005821529021,436.6574847681892,66.18737182834123,425.21049627936173,-24.309102716464416,-81.86854097111576,-30.41790923906213,-11.874384986043182,139.0960865567307,522.5290545173164,4.66686507792092e-05
894,1.330916100448256e-07,1.5e-10,0.00015684236689043378,18441714.452702582,0.0,0.0,0.0,0.0,0.0,10647328.803586047,837000260175.0361,-109.53413170797296,445.3654860699929,73.05904865401845,426.40901002655363,-46.74931447796227,-86.41724259370531,-62.885766287582015,-17.48161850304068,156.29030947385124,531.6982263003824,4.674840551315426e-05
895,1.332416100448256e-07,1.5e-10,0.00015704353208084398,18462499.06239341,0.0,0.0,0.0,0.0,0.0,10659328.803586047,836866353487.6105,-107.04734980700212,428.6951149543389,57.45520078009833,420.43787898691465,-30.932532469556147,-79.60714763145914,-65.8426387992785,-7.3542181820607055,137.98772903015043,513.6706499037028,4.682545611063982e-05
896,1.3339161004482561e-07,1.5e-10,0.00015724567626415468,18483283.672084235,0.0,0.0,0.0,0.0,0.0,10671328.803586047,836834493357.1185,-93.29999626338953,427.4260249506873,67.066253628336,433.1579861198403,-44.62687843979216,-73.9834542288711,-50.81172357621311,1.5673213829933088,137.9337761084751,518.1883488015234,4.6903184362960047e-05
897,1.3354161004482563e-07,1.5e-10,0.0001574500211267045,18504068.28177506,0.0,0.0,0.0,0.0,0.0,10683328.803586047,836820691860.3246,-90.37987252372582,444.56609726855197,71.06852257472892,441.1002871251661,-82.91655983872836,-79.33311814116828,-41.074276799003336,-3.0712671372809983,139.22675277205238,535.7084449021701,4.698354062969537e-05
898,1.3369161004482564e-07,1.5e-10,0.00015765259495422474,18524852.891465887,0.0,0.0,0.0,0.0,0.0,10695328.803586047,836509927830.4929,-93.01707080446597,437.9763446384366,58.95107282731845,427.68510425137237,-44.952253556668204,-77.72328827479159,-48.11815007302442,-1.7451390146256498,137.97641446032236,521.2878508276857,4.7061733807319524e-05
899,1.3384161004482565e-07,1.5e-10,0.00015785388235159303,18545637.501156714,0.0,0.0,0.0,0.0,0.0,10707328.803586047,836393433372.9825,-88.19940561477867,434.26977683524154,50.7624054151266,417.57535642451944,-40.571883185490535,-72.91487825103131,-45.296865285159384,-1.816278458625725,128.778186931947,510.97058543566834,4.713837939513487e-05
900,1.3399161004482566e-07,1.5e-10,0.0001580553612146532,18566422.11084754,0.0,0.0,0.0,0.0,0.0,10719328.803586047,836399892759.0824,-88.81635272691831,430.2901592118258,54.04557221983453,423.22866429071865,-44.74805305900923,-66.37287725036997,-36.19443374369543,7.988235701929194,133.57214548681057,512.4081424070952,4.721524061649593e-05
901,1.3414161004482567e-07,1.5e-10,0.00015825623340143033,18587206.720538367,0.0,0.0,0.0,0.0,0.0,10731328.803586047,836216219600.3224,-96.61862321473228,428.5788125898248,55.23706318307668,416.9380379892543,-41.60481623613347,-70.43408929257406,-37.099065803785834,1.5533352851860425,138.23031814237206,510.0064606499643,4.729174158559343e-05
902,1.3429161004482568e-07,1.5e-10,0.00015845699746828588,18607991.330229193,0.0,0.0,0.0,0.0,0.0,10743328.803586047,836233820353.4055,-87.70422245694452,432.0677007164187,57.517881871748244,412.9428343667393,-48.24644121837628,-72.98034546004648,-40.433698551208266,3.1665960160057907,135.95769613531672,508.6639765318447,4.7368041182073205e-05
903,1.344416100448257e-07,1.5e-10,0.00015866003055329313,18628775.93992002,0.0,0.0,0.0,0.0,0.0,10755328.803586047,836233369503.6938,-83.76264806193926,437.7720199404487,69.88766989681514,433.9835307563239,-28.283716734967935,-62.283083307842716,-22.363559626676608,14.003977865957683,112.05414737448083,518.1028587783504,4.744575661088996e-05
904,1.345916100448257e-07,1.5e-10,0.00015886035776867816,18649560.549610846,0.0,0.0,0.0,0.0,0.0,10767328.803586047,836187313445.6332,-80.17038727562161,431.2227843642471,59.68438824789652,409.9122507070011,-44.34171891975375,-61.18729796516054,-38.374191042628574,9.057816548654152,124.51940916201819,502.81768702100845,4.752117926394311e-05
905,1.3474161004482572e-07,1.5e-10,0.00015906136061811024,18670345.159301672,0.0,0.0,0.0,0.0,0.0,10779328.803586047,836194530103.6112,-92.25597907283255,424.99344106076154,50.882508319654036,422.89943039419455,-37.327063477338484,-62.06423469294712,-32.3476584915695,4.774100861615964,129.59047759856847,508.5745949908098,4.759746545319173e-05
906,1.3489161004482573e-07,1.5e-10,0.00015926302502097318,18691129.7689925,0.0,0.0,0.0,0.0,0.0,10791328.803586047,836191177720.1111,-81.27232106993941,433.106998478974,61.769610139524,422.7429427567722,-49.93216351309144,-54.28370241629054,-31.16311671330924,5.585389566535146,131.21282001095722,512.6460232780297,4.7674362356683434e-05
907,1.3504161004482574e-07,1.5e-10,0.00015946398446447412,18711914.378683325,0.0,0.0,0.0,0.0,0.0,10803328.803586047,836220110599.7318,-102.60062923270935,428.5184463926284,48.87095545544264,417.4462011444035,-40.66019511105016,-55.2836671620112,-27.864589786408597,3.2425465472274246,143.2685029803453,511.2787040285073,4.775105416228771e-05
908,1.3519161004482575e-07,1.5e-10,0.00015966402825845995,18732698.98837415,0.0,0.0,0.0,0.0,0.0,10815328.803586047,836250257048.605,-111.1238151028501,417.9128875040129,53.905811280357895,416.73108286046096,-27.426256866994535,-36.97777545545908,-16.635014624423757,5.5718225331211455,138.5578373443806,504.5142732386924,4.782673130327351e-05
909,1.3534161004482576e-07,1.5e-10,0.00015986539333248697,18753483.598064978,0.0,0.0,0.0,0.0,0.0,10827328.803586047,836267127070.3516,-98.10435159282284,417.1947723974938,37.04255289037273,434.1088235524888,-43.691724531827695,-47.240917186874945,-21.677047513902313,-2.5864158691498065,141.8039526907474,513.3940194229599,4.7903740406186955e-05
910,1.3549161004482577e-07,1.5e-10,0.00016006604597413606,18774268.207755804,0.0,0.0,0.0,0.0,0.0,10839328.803586047,836292904934.6909,-89.97850563925081,430.65540952479546,48.27820332570639,414.21028002169885,-35.60929577108667,-56.471938293219566,-45.91884586108976,0.811153819676205,125.59562274397996,505.69376458432384,4.79795944708746e-05
911,1.3564161004482578e-07,1.5e-10,0.0001602657714168978,18795052.81744663,0.0,0.0,0.0,0.0,0.0,10851328.803586047,836314642373.643,-83.94514256530806,413.21516053780215,53.877886367952186,420.515400372941,-43.919473616828775,-57.80967616530898,-34.94657419641145,3.6794656133821997,127.8727847801301,499.68304450338115,4.805454692755011e-05
912,1.357916100448258e-07,1.5e-10,0.00016046401015324172,18815837.42713746,0.0,0.0,0.0,0.0,0.0,10863328.803586047,836060281535.1718,-64.24338813045715,405.2175141781979,41.31701577471851,412.78884595228277,-69.28850313493683,-62.26637412869404,-31.073335498889588,10.774703573224189,133.5402632761707,491.736024488127,4.812830733122333e-05
913,1.359416100448258e-07,1.5e-10,0.0001606661091142263,18836622.036828287,0.0,0.0,0.0,0.0,0.0,10875328.803586047,835986587006.971,-117.93239141298353,412.70410698470556,34.89099439747465,445.0033671665671,-37.81640472194162,-68.18301054770663,-26.92369241388382,1.5630398447524017,155.7590464117961,522.6094237929182,4.8206698744792264e-05
914,1.3609161004482582e-07,1.5e-10,0.0001608682536396508,18857406.646519113,0.0,0.0,0.0,0.0,0.0,10887328.803586047,835921490607.7333,-87.11095820098444,424.45830369920304,63.12200922848058,436.51246419368067,-48.769604836470386,-57.40262626074939,-33.013158951875965,24.094805684259192,135.8874564112691,516.4465139623669,4.828416572188662e-05
915,1.3624161004482583e-07,1.5e-10,0.00016107085146931243,18878191.25620994,0.0,0.0,0.0,0.0,0.0,10899328.803586047,835882907478.7961,-76.33765588645029,429.6836929704639,55.35248320493272,437.06095983328805,-68.35529692414086,-55.40449625715975,-40.10765256163329,-1.0142982894888077,144.70077339583895,522.0275135449265,4.836246984891836e-05
916,1.3639161004482584e-07,1.5e-10,0.0001612732033745517,18898975.865900766,0.0,0.0,0.0,0.0,0.0,10911328.803586047,835869052281.7712,-60.372053442104345,429.5605419130967,67.02813852827275,436.05910296775016,-72.91917110469932,-47.436032104595924,-43.35586435313823,15.379365461407557,133.29927027488094,517.7987857778334,4.844013966678503e-05
917,1.3654161004482585e-07,1.5e-10,0.0001614767143074151,18919760.475591592,0.0,0.0,0.0,0.0,0.0,10923328.803586047,835841294573.7922,-80.83916624785097,427.43128964485004,49.61893478246994,450.00331806387,-59.77985324721235,-44.7208482928952,-32.325697582098634,7.677384899439124,140.62706527115125,526.4129910122442,4.851910161543687e-05
918,1.3669161004482586e-07,1.5e-10,0.00016167928459122658,18940545.08528242,0.0,0.0,0.0,0.0,0.0,10935328.803586047,835816230322.414,-71.90420751953593,426.40001459416874,64.47416018262757,440.64343432140714,-65.29178167847563,-39.15042106231361,-37.2093818397775,11.066036936391635,137.20525104838336,519.5554088305558,4.859703492676146e-05
919,1.3684161004482587e-07,1.5e-10,0.00016188020432519803,18961329.694973245,0.0,0.0,0.0,0.0,0.0,10947328.803586047,835456409706.9111,-68.09379774648367,427.13799868574773,70.090318283722,420.2804908569544,-75.49723569502262,-51.57401162701855,-38.187368369407515,10.146548733878616,143.60077793852176,510.80579869495983,4.86736557965657e-05
920,1.3699161004482589e-07,1.5e-10,0.00016208004495044925,18982114.30466407,0.0,0.0,0.0,0.0,0.0,10959328.803586047,835415864741.7488,-60.437008798825495,415.3274287695636,75.09463765274018,422.1054929634254,-52.379754379736035,-49.7728057680856,-49.92905048013091,16.544190530735168,112.82632088596739,497.08599015420947,4.874821869508883e-05
921,1.371416100448259e-07,1.5e-10,0.00016228130091113847,19002898.914354898,0.0,0.0,0.0,0.0,0.0,10971328.803586047,835394595366.0402,-85.37717225940335,423.1773993206117,58.77851281325622,427.6801268084869,-57.760346896453235,-53.88361213347805,-43.24142692340869,14.026144096662795,143.0632111958742,512.5016265975343,4.8825093939078454e-05
922,1.372916100448259e-07,1.5e-10,0.00016248273501898565,19023683.524045724,0.0,0.0,0.0,0.0,0.0,10983328.803586047,835363591983.2096,-76.3421797546504,426.3815889801475,75.51684702848095,426.58235472019265,-64.22145345084999,-62.325158539755165,-45.13871551774583,19.544673611048115,140.5730000949692,513.0714939509303,4.890205466317109e-05
923,1.3744161004482592e-07,1.5e-10,0.00016268637072703405,19044468.13373655,0.0,0.0,0.0,0.0,0.0,10995328.803586047,835347026443.3013,-96.8205933797519,431.3510255460364,65.60796850252481,445.4015924770295,-52.42782285179983,-73.46800773262424,-50.09849874560966,3.29244313939015,149.2579348642109,529.9880428811741,4.8981552869603266e-05
924,1.3759161004482593e-07,1.5e-10,0.00016288810230204227,19065252.743427377,0.0,0.0,0.0,0.0,0.0,11007328.803586047,835338490651.8768,-66.42924313654979,433.8470521545273,56.77943141111722,424.19482025331274,-76.70198719813152,-60.10830494975516,-53.13837366174653,15.766979469662749,143.14088900170455,516.3286975780992,4.905900217423998e-05
925,1.3774161004482594e-07,1.5e-10,0.00016309071697395263,19086037.353118204,0.0,0.0,0.0,0.0,0.0,11019328.803586047,835334377453.0309,-98.67768436282184,433.1454269668329,76.01167955256975,432.77147539486765,-38.644894630069786,-50.4981074167063,-57.198891364024476,18.46132494234079,137.33196916130197,520.0557419733059,4.913701053553598e-05
926,1.3789161004482595e-07,1.5e-10,0.00016329280259322928,19106821.96280903,0.0,0.0,0.0,0.0,0.0,11031328.803586047,835238615787.2733,-67.06577301903096,440.18626534127526,78.50142308397515,422.3303810765009,-47.32159237440447,-54.540676576292334,-46.03806844955859,21.065645409309262,114.39722437488533,511.78027979913804,4.921377757750585e-05
927,1.3804161004482596e-07,1.5e-10,0.00016349871151664496,19127606.572499856,0.0,0.0,0.0,0.0,0.0,11043328.803586047,835212523503.606,-112.5267101381232,451.41531679189853,65.3883410094592,451.86970840369435,-31.98979407390409,-35.01405013368298,-46.13645782888895,35.84313854211595,144.52636863858055,543.2746746777667,4.929526877870751e-05
928,1.3819161004482598e-07,1.5e-10,0.00016370116919313223,19148391.182190683,0.0,0.0,0.0,0.0,0.0,11055328.803586047,834837643662.8796,-64.68197846040873,450.1543306127763,70.08200015758885,417.97195685848794,-44.34688451375623,-56.04472702294466,-62.1925069328986,12.841919194484966,109.02768571672547,513.694740489263,4.93723229897809e-05
929,1.3834161004482599e-07,1.5e-10,0.00016390347012017512,19169175.79188151,0.0,0.0,0.0,0.0,0.0,11067328.803586047,834865046104.3123,-81.51682807483606,442.3614174699391,74.82519883967828,421.6094881102345,-41.61637361332264,-52.96744650382239,-50.34603570298857,24.386958495414458,123.13197297056466,514.7616265713534,4.94495372337666e-05
930,1.38491610044826e-07,1.5e-10,0.00016410701698566348,19189960.401572336,0.0,0.0,0.0,0.0,0.0,11079328.803586047,834900530900.9253,-68.69261959449388,460.6769373888209,64.00728903510725,420.2063783811519,-42.97200989678302,-60.90028500783846,-64.07412712860493,31.03289964129885,111.66376206980279,521.1895406790364,4.952771566486846e-05
931,1.38641610044826e-07,1.5e-10,0.00016431153427824157,19210745.011263162,0.0,0.0,0.0,0.0,0.0,11091328.803586047,834915987999.3562,-38.77192222567375,458.4361872802205,75.7160955999124,436.61609870223214,-26.75818443918009,-78.30607068329162,-52.15807580655581,19.75782700013998,65.51793186473365,522.2148968078669,4.960604789938964e-05
932,1.3879161004482602e-07,1.5e-10,0.00016451467147971882,19231529.62095399,0.0,0.0,0.0,0.0,0.0,11103328.803586047,834834490689.4305,-82.0602406057974,460.1823339119967,82.80789008138923,414.34834276595865,-28.205537274110277,-56.73104996183581,-63.27142451543532,31.0685067606857,110.2639695704631,518.0795630256162,4.968375983384348e-05
933,1.3894161004482603e-07,1.5e-10,0.00016471799075899182,19252314.230644815,0.0,0.0,0.0,0.0,0.0,11115328.803586047,834684075253.4906,-77.51407935989444,455.3885852095849,81.04262715701445,421.6599395118178,-32.752661142794686,-63.96004025723581,-65.06664735392545,35.81287470806167,110.26545431454714,519.2112251699336,4.976164151761897e-05
934,1.3909161004482604e-07,1.5e-10,0.00016492240675658812,19273098.84033564,0.0,0.0,0.0,0.0,0.0,11127328.803586047,834564432491.4323,-82.72725718491871,462.13172180677765,88.00117461859358,426.8543751628028,-27.49428289051191,-66.39290401345535,-63.01642645781802,36.98003524575157,110.22004594202481,526.3971952483353,4.9840601096906215e-05
935,1.3924161004482605e-07,1.5e-10,0.00016512631345212014,19293883.450026467,0.0,0.0,0.0,0.0,0.0,11139328.803586047,834559640319.7957,-77.21750655444433,458.931309058302,85.45682882452155,424.9879559035693,-22.845717005954285,-70.0583646803823,-63.6555021321161,28.92112848158716,100.06163678440464,521.6877864324316,4.991885426487108e-05
936,1.3939161004482607e-07,1.5e-10,0.00016533155722122026,19314668.059717298,0.0,0.0,0.0,0.0,0.0,11151328.803586047,834492309027.1373,-77.54922338410027,456.60955806531314,67.00079524009978,443.61666015989266,-18.513234796824452,-86.53176979089326,-70.70277011724622,20.539025434965172,96.07242451399412,531.0207328751885,4.999850737480236e-05
937,1.3954161004482608e-07,1.5e-10,0.00016553736659576695,19335452.669408124,0.0,0.0,0.0,0.0,0.0,11163328.803586047,834442049803.712,-70.28973258111148,453.759942762579,74.44618400494781,453.77053049285905,-21.28337722684526,-82.08598869193796,-74.61217903641835,26.418950351086217,91.57118786501806,533.6254081901338,5.007855118603088e-05
938,1.396916100448261e-07,1.5e-10,0.00016574193221940433,19356237.27909895,0.0,0.0,0.0,0.0,0.0,11175328.803586047,834182506928.2898,-71.57287211014771,458.45945395963827,74.68946088018221,435.67165979057273,-8.534013779736549,-74.7546791694679,-80.09493511505222,34.55906366274128,80.10475722379901,524.1945918327802,5.01571803748058e-05
939,1.398416100448261e-07,1.5e-10,0.00016595079312712514,19377021.888789777,0.0,0.0,0.0,0.0,0.0,11187328.803586047,834150028259.5571,-90.48910209730444,473.23754662179437,63.10071466938319,466.007173722172,-36.76191763884819,-79.02466934686697,-56.574977640641904,19.0501963088757,127.24868541862682,558.9526084887787,5.0241023266079115e-05
940,1.399916100448261e-07,1.5e-10,0.00016615926160922433,19397806.498480603,0.0,0.0,0.0,0.0,0.0,11199328.803586047,834069058500.38,-104.85794788418657,463.6447913224551,80.9647455414202,470.24830120993056,-14.158438552481988,-68.23847459384872,-56.56122905106994,36.317312010531715,119.01375965185775,555.1248063045111,5.032429198702479e-05
941,1.4014161004482612e-07,1.5e-10,0.0001663665749042822,19418591.10817143,0.0,0.0,0.0,0.0,0.0,11211328.803586047,834062999928.5773,-73.13213462477388,469.48869335396495,83.47679135481074,453.2390559638971,-36.176192576946825,-82.85436294718322,-62.40019968858405,21.162160571142156,110.38178123305745,545.698016982569,5.0406146689572176e-05
942,1.4029161004482613e-07,1.5e-10,0.00016657390495107745,19439375.717862256,0.0,0.0,0.0,0.0,0.0,11223328.803586047,833755685079.1797,-92.33585940126532,474.06412863123336,73.20774253555713,448.5634207008291,-6.633654316028922,-80.66163129828259,-54.28805090695317,36.735260068297826,98.96661345724453,544.7500005713765,5.048785918965788e-05
943,1.4044161004482614e-07,1.5e-10,0.00016678093922087338,19460160.327553082,0.0,0.0,0.0,0.0,0.0,11235328.803586047,833557121505.1023,-90.10434369764738,478.9026949331297,74.30370798426335,440.48100287897995,-11.726164924975441,-83.0397344623258,-63.93625452172659,29.343419402191785,101.82725989981718,543.294682241745,5.0569353391994145e-05
944,1.4059161004482616e-07,1.5e-10,0.00016698741999126768,19480944.937243905,0.0,0.0,0.0,0.0,0.0,11247328.803586047,833512516555.0363,-86.53061594079563,475.86393454628666,87.79169557605606,435.34171416863717,-37.630542836482576,-73.14836290534338,-46.70264503416049,46.09987127722565,124.15762841498027,542.0187909133668,5.065065621063115e-05
945,1.4074161004482617e-07,1.5e-10,0.00016719290886187005,19501729.546934735,0.0,0.0,0.0,0.0,0.0,11259328.803586047,833477862495.8842,-79.43431963439853,478.59411651092887,62.64648097004983,424.5916529689153,-8.702971722437367,-81.67379876832328,-62.27977864156377,15.585274339688812,87.14025600735776,531.6860965713599,5.073040912511685e-05
946,1.4089161004482618e-07,1.5e-10,0.00016740170331879355,19522514.156625558,0.0,0.0,0.0,0.0,0.0,11271328.803586047,833169403267.0997,-106.0911773605586,471.53703031709307,91.48875977137564,465.0673505134853,-15.01465205599344,-83.0540275980856,-51.4354389364477,40.993042385116006,121.10154530099841,557.6420252894701,5.081405542891027e-05
947,1.410416100448262e-07,1.5e-10,0.00016760930690502758,19543298.766316388,0.0,0.0,0.0,0.0,0.0,11283328.803586047,833158320637.1499,-90.94706135091897,475.10638576602656,82.90893621462259,448.7319511864042,-42.227224951352206,-75.70546427789725,-55.34655297221243,40.88664922540037,133.17119594112094,551.0678892001091,5.0896715612290286e-05
948,1.411916100448262e-07,1.5e-10,0.00016781748609804884,19564083.376007214,0.0,0.0,0.0,0.0,0.0,11295328.803586047,833147624155.629,-91.01549764421917,479.17096707210186,91.57529474710708,451.3725004105054,-30.22869887898337,-83.69842297761708,-52.215376259097326,43.63763994791897,121.23988283524585,552.8286723357066,5.097963991314064e-05
949,1.413416100448262e-07,1.5e-10,0.00016802539065457117,19584867.98569804,0.0,0.0,0.0,0.0,0.0,11307328.803586047,832949930727.7594,-93.12104181584371,474.90444752548734,84.36284020195419,452.61061815344004,-24.428121643567216,-84.91296914062409,-48.89919576381582,41.44985921062757,117.54477950752279,550.6362933170294,5.106223535713819e-05
950,1.4149161004482622e-07,1.5e-10,0.0001682316033815032,19605652.595388867,0.0,0.0,0.0,0.0,0.0,11319328.803586047,832638210448.1185,-108.42808797271353,473.7828258827422,99.40257725745154,432.3789123739725,-6.477722404306133,-79.43772895205319,-38.78725329126408,46.5536413348474,114.90025359921331,540.3350921575212,5.114328562096182e-05
951,1.4164161004482623e-07,1.5e-10,0.00016843877229740046,19626437.205079693,0.0,0.0,0.0,0.0,0.0,11331328.803586047,832609613287.654,-103.23260921277826,474.54700520154,88.02280306591402,443.3991476210888,-25.072686884572313,-79.06225681165174,-54.13216758049934,44.50209233174812,128.29941035479422,547.8627624640145,5.122546503533142e-05
952,1.4179161004482625e-07,1.5e-10,0.000168645920934899,19647221.81477052,0.0,0.0,0.0,0.0,0.0,11343328.803586047,832601995291.8328,-78.41640588455454,495.1235822259109,95.46574121372595,424.12170924154657,-42.855934980247234,-95.77439469475982,-65.15794350322932,23.407278954515718,121.2660636248734,546.6717211305829,5.130746579350101e-05
953,1.4194161004482626e-07,1.5e-10,0.0001688531242926502,19668006.424461346,0.0,0.0,0.0,0.0,0.0,11355328.803586047,832587267101.107,-115.12686101019678,479.57841078882115,112.02785296176462,434.53693654182393,-41.266786466312084,-89.5345256255627,-32.347415911128294,55.39857898423779,156.3682252998373,554.3577155822106,5.139061945083834e-05
954,1.4209161004482627e-07,1.5e-10,0.00016906266420257314,19688791.034152173,0.0,0.0,0.0,0.0,0.0,11367328.803586047,832446354839.9226,-100.95833468911889,498.9606356643115,102.07599090380988,446.00906746408447,-21.55854039568604,-70.3511793246338,-42.18820092809641,47.404276779626855,122.50968840139242,562.2611513860654,5.1474958623546255e-05
955,1.4224161004482628e-07,1.5e-10,0.00016927161667772768,19709575.643843,0.0,0.0,0.0,0.0,0.0,11379328.803586047,832345316900.0594,-117.1641751756607,494.26395395951914,106.73253126479557,442.64809290196314,-5.652360031417504,-63.02855296181733,-43.94995142026505,39.09869817396369,122.80903374529447,559.7622643028068,5.155892296319168e-05
956,1.423916100448263e-07,1.5e-10,0.00016948033621650089,19730360.253533825,0.0,0.0,0.0,0.0,0.0,11391328.803586047,832035682582.891,-100.04375855440041,500.1130709507336,107.78289973109581,435.7854012036677,-10.91440090796654,-61.11933193103923,-41.74709676439763,38.53947129412439,110.95023796812112,555.4734298226721,5.1642243977665075e-05
957,1.425416100448263e-07,1.5e-10,0.00016969096235289796,19751144.86322465,0.0,0.0,0.0,0.0,0.0,11403328.803586047,831968608527.9062,-97.55013298380358,513.7771842131076,102.54438178200097,444.591064155937,-11.734807379621191,-69.23214452148048,-48.22858724052879,26.62268119311844,109.2799310479208,567.5758822519442,5.172738036000287e-05
958,1.4269161004482631e-07,1.5e-10,0.00016990140856715683,19771929.472915478,0.0,0.0,0.0,0.0,0.0,11415328.803586047,831875877410.9937,-89.20188880515695,512.8884179987319,97.73343162387022,443.2161296809553,-33.133704583330356,-70.40775932774844,-41.55685237419653,30.312312188911996,122.33003949673447,567.7259535049836,5.1812539253028615e-05
959,1.4284161004482632e-07,1.5e-10,0.000170112504292073,19792714.082606304,0.0,0.0,0.0,0.0,0.0,11427328.803586047,831801394075.3469,-90.92734810680699,521.2412344377116,96.40494757640276,441.83558228518007,-40.03976458236509,-76.73185812867888,-45.16250328545457,27.39871728490063,130.96100006299392,573.4747886436437,5.189856047132516e-05
960,1.4299161004482634e-07,1.5e-10,0.00017032351638559,19813498.692297135,0.0,0.0,0.0,0.0,0.0,11439328.803586047,831741952348.0007,-99.18751268875525,519.8612525423663,102.61803403917733,440.90095245133347,-31.20212851769393,-83.17863687864957,-33.95041324360994,28.717895486574918,130.37933944750176,573.401036026102,5.198457062672908e-05
961,1.4314161004482635e-07,1.5e-10,0.00017053229492884799,19834283.301987957,0.0,0.0,0.0,0.0,0.0,11451328.803586047,831667181100.2461,-75.87586213072363,517.2142989953286,76.4662038541386,421.7378762196918,-39.167548159203555,-63.531212894560305,-32.34811691850101,44.99005200928462,115.0361074035885,555.2688436429572,5.2067860953275525e-05
962,1.4329161004482636e-07,1.5e-10,0.000170742229151973,19855067.911678784,0.0,0.0,0.0,0.0,0.0,11463328.803586047,831428260527.5824,-79.68217830668954,520.0991673266705,69.94543077128158,431.1065850425566,-47.89328456796236,-79.67675893504148,-29.351925484534,42.5283410005364,127.5763503226392,564.9948978480285,5.215261018795273e-05
963,1.4344161004482637e-07,1.5e-10,0.00017095076094949697,19875852.52136961,0.0,0.0,0.0,0.0,0.0,11475328.803586047,831343704641.1606,-93.50319466323636,511.5466644989218,69.17367028365035,422.02283841412725,-41.862545891368654,-81.24643475334685,-24.027934217550133,53.1756880785328,135.35703331134766,557.3783318143144,5.223621693772488e-05
964,1.4359161004482638e-07,1.5e-10,0.00017115878176337008,19896637.131060436,0.0,0.0,0.0,0.0,0.0,11487328.803586047,831237977746.4733,-96.86389456904404,508.8890182956962,75.56951759762609,419.0676106026686,-28.191176504515983,-84.18139016287853,-34.357711255456856,45.3057920897024,125.04566425945309,552.5518918411519,5.231909972150105e-05
965,1.437416100448264e-07,1.5e-10,0.00017136581846529845,19917421.740751263,0.0,0.0,0.0,0.0,0.0,11499328.803586047,831139521270.8131,-74.69163369854115,491.2311645654156,71.48386671548558,426.8399149036948,-44.28868354894396,-82.13075467158097,-25.32835246801301,39.30364606571152,119.62114779349109,544.8296654164924,5.240082417131352e-05
966,1.438916100448264e-07,1.5e-10,0.00017157257603822557,19938206.350442093,0.0,0.0,0.0,0.0,0.0,11511328.803586047,830954552717.479,-75.33463580330785,492.6714257843278,75.8376881867564,419.7015174964538,-77.03049153787573,-90.87661108525906,-22.13546413699435,30.851492709391586,152.35426320038636,550.3189930460928,5.248337202027043e-05
967,1.4404161004482641e-07,1.5e-10,0.0001717800634509379,19958990.960132916,0.0,0.0,0.0,0.0,0.0,11523328.803586047,830900001743.545,-79.51610735887886,492.15542441104844,59.74945978495465,430.82765745125465,-34.981835898455685,-95.46202233500775,-14.299441043329375,36.53532307601595,114.48638671370857,547.3399843252213,5.2565473017919215e-05
968,1.4419161004482643e-07,1.5e-10,0.0001719896575542546,19979775.569823746,0.0,0.0,0.0,0.0,0.0,11535328.803586047,830873896199.1617,-64.33713245088674,510.41057509050734,61.80053413943244,438.19007319279683,-35.47547809373935,-103.25241989709735,-10.45387804067455,23.636488016577786,99.80034889665819,559.6231283107667,5.264941648716583e-05
969,1.4434161004482644e-07,1.5e-10,0.00017219816661803443,20000560.17951457,0.0,0.0,0.0,0.0,0.0,11547328.803586047,830841960087.2919,-92.45499013813648,500.1706302553212,55.17445286039881,433.81677758965066,-25.299744568668427,-84.31788715002509,-8.488340512397336,41.52175290282829,117.74173419631843,554.510539936535,5.2732593068156314e-05
970,1.4449161004482645e-07,1.5e-10,0.00017240697640035207,20021344.7892054,0.0,0.0,0.0,0.0,0.0,11559328.803586047,830831165839.0343,-91.13268119905042,503.01893362732767,62.26107381073923,433.71114691092157,-31.615769094729526,-88.10119974477503,-5.699983818333817,37.34559615840987,122.73467782116357,557.3674967013618,5.281619819266152e-05
971,1.4464161004482646e-07,1.5e-10,0.00017261567505731385,20042129.39889622,0.0,0.0,0.0,0.0,0.0,11571328.803586047,830678134219.5944,-93.22317761464704,507.1552130248115,56.71923131842819,428.42904770028656,-38.89400172365451,-81.65372214140146,-19.289898674413845,32.02762538922567,132.10268514867664,558.1190018308057,5.289991604293614e-05
972,1.4479161004482647e-07,1.5e-10,0.00017282358397576806,20062914.00858705,0.0,0.0,0.0,0.0,0.0,11583328.803586047,830566346552.7712,-84.2702319464791,500.595754658303,58.56694419098827,426.99639402388704,-29.4875919441031,-87.09545564872721,-12.621275532569024,31.087781126532516,113.74239263055772,549.9974855322201,5.2982415665765976e-05
973,1.4494161004482648e-07,1.5e-10,0.00017303101703536336,20083698.618277878,0.0,0.0,0.0,0.0,0.0,11595328.803586047,830397209172.6542,-90.17468268147317,498.5890259398554,59.64522645431882,421.6703293475223,-40.919320161566844,-89.35236777640255,3.4609947931192115,47.70790886016078,131.10636250624583,549.722178926202,5.3064873992604904e-05
974,1.450916100448265e-07,1.5e-10,0.00017324015810695333,20104483.227968704,0.0,0.0,0.0,0.0,0.0,11607328.803586047,830291215714.7323,-90.80841516900233,508.0002608024819,55.92062795207664,432.2356543180309,-36.05162606167658,-94.15462367089368,0.7782421102746722,38.08682929045188,126.871558184513,560.2637759967083,5.314891355900441e-05
975,1.452416100448265e-07,1.5e-10,0.00017344910357282867,20125267.83765953,0.0,0.0,0.0,0.0,0.0,11619328.803586047,830226978258.6028,-81.03709296973595,503.849999559152,53.941076801007846,435.4520740372202,-30.953778273093956,-97.42882487102067,-8.27935087504269,34.293707276528956,120.03313043255376,557.442260150849,5.323252989802704e-05
976,1.4539161004482652e-07,1.5e-10,0.00017365853546230425,20146052.447350357,0.0,0.0,0.0,0.0,0.0,11631328.803586047,830067013290.2555,-106.9178600888056,509.98017178380553,59.194361060460935,432.1049501096632,-23.701242932201733,-98.69057225267555,-1.315992208177023,33.09022997035623,130.6311027208277,563.7058963746699,5.331708578248324e-05
977,1.4554161004482653e-07,1.5e-10,0.00017386741916078496,20166837.057041183,0.0,0.0,0.0,0.0,0.0,11643328.803586047,829906065264.7747,-86.34703608504351,498.304355156379,71.2676210176364,438.613717607957,-33.94691721266816,-96.89730122452517,8.394566629167665,38.24536177137512,120.30590449455606,557.9023266322597,5.340077113147808e-05
978,1.4569161004482654e-07,1.5e-10,0.00017407500153072484,20187621.66673201,0.0,0.0,0.0,0.0,0.0,11655328.803586047,829833755430.5579,-106.64884897176086,497.0078606044179,54.30369257365835,423.68987748296354,-34.81284788637679,-91.51292932923269,-2.8083676181979937,46.99363910356233,141.47361567228032,553.0278628322402,5.3483725310902914e-05
979,1.4584161004482655e-07,1.5e-10,0.0001742826854785834,20208406.276422836,0.0,0.0,0.0,0.0,0.0,11667328.803586047,829503139360.1976,-105.05170976753669,497.3085445989948,51.210242880454565,425.6447539177907,-29.074103044742238,-79.76953412655527,-7.4459482773157895,49.32358521510533,134.10272211186495,552.0913182532233,5.35665390086409e-05
980,1.4599161004482656e-07,1.5e-10,0.0001744927099855384,20229190.886113662,0.0,0.0,0.0,0.0,0.0,11679328.803586047,829178657426.8851,-114.8770561596425,513.5631582154185,59.13659005100132,434.43189295643765,-35.64618857345191,-87.33640220853904,-5.597917232229176,52.87941608036105,150.50616534664417,570.6684033145417,5.365213926913808e-05
981,1.4614161004482657e-07,1.5e-10,0.0001747024251008098,20249975.49580449,0.0,0.0,0.0,0.0,0.0,11691328.803586047,829064000307.797,-109.39079484258448,504.32181058271294,51.14162137757041,442.2231118750157,-11.504755513379664,-96.38711229605073,-11.106415752673021,36.02687966051495,120.82310171273862,564.0884446639418,5.373675253583767e-05
982,1.4629161004482658e-07,1.5e-10,0.0001749093616128048,20270760.105495315,0.0,0.0,0.0,0.0,0.0,11703328.803586047,829016715688.5082,-122.86714092717003,481.34659765249717,55.06177724752819,429.5047211616635,-35.390605065127914,-85.50310807401546,3.993376848969171,41.70778526446056,158.27019845641973,553.1281456235089,5.3819721757681197e-05
983,1.464416100448266e-07,1.5e-10,0.00017511491693547213,20291544.71518614,0.0,0.0,0.0,0.0,0.0,11715328.803586047,828959574936.0775,-82.17441492680179,469.3156663732823,46.65367918212927,431.2356560847958,-44.478032041064886,-79.13076835032366,-13.30830124685038,42.92169318080555,126.6647365129938,536.3349284084527,5.390017199694246e-05
984,1.465916100448266e-07,1.5e-10,0.00017532342691463585,20312329.324876968,0.0,0.0,0.0,0.0,0.0,11727328.803586047,828877880283.2776,-89.34873834691145,497.1592738247984,64.34752248055662,435.59371686980404,-46.343918202174564,-103.3137291083861,-20.95049554863496,32.94075718057473,135.6981350966795,557.9586836880399,5.398386579949567e-05
985,1.4674161004482662e-07,1.5e-10,0.0001755340935392654,20333113.934567794,0.0,0.0,0.0,0.0,0.0,11739328.803586047,828831995346.2106,-110.7821163624671,492.2958106958743,49.232199696945024,466.25921656633506,3.027800937462011,-98.53489547498106,-16.44527675494052,42.110007813526835,107.76141529312714,568.8805456255736,5.406919788133951e-05
986,1.4689161004482663e-07,1.5e-10,0.00017574105634822652,20353898.54425862,0.0,0.0,0.0,0.0,0.0,11751328.803586047,828711394707.0023,-111.18037449353315,477.85830869391356,62.09389988494884,434.3457548979925,-43.121621308912744,-94.58901800271938,-12.212684121409074,33.80926796815292,154.3091415506947,552.0755653168585,5.4152009216137035e-05
987,1.4704161004482664e-07,1.5e-10,0.00017594745583416802,20374683.153949447,0.0,0.0,0.0,0.0,0.0,11763328.803586047,828571283687.9055,-107.71511826115407,468.277469196786,58.25501521638882,438.52221052414865,-37.40195081861586,-94.56071360153206,-18.47906272627715,31.602899101492884,145.12409488347927,546.4907388756951,5.423398282696839e-05
988,1.4719161004482665e-07,1.5e-10,0.00017615317603812585,20395467.763640273,0.0,0.0,0.0,0.0,0.0,11775328.803586047,828571498094.788,-106.23223978690507,470.0994194760839,56.378400318963365,429.2123505256811,-38.9712489119206,-92.71050049629585,-22.621190181691027,32.420809681894426,145.18278656462778,542.0025315966677,5.431528320670789e-05
989,1.4734161004482666e-07,1.5e-10,0.0001763605364178835,20416252.373331103,0.0,0.0,0.0,0.0,0.0,11787328.803586047,828434022612.5688,-101.18906510882344,473.3764699398704,66.23247898373586,444.2869826223417,-50.74718649642742,-91.46075670620894,-18.976680897302916,29.34140827763551,151.94312748627772,553.7750962622521,5.439834947114723e-05
990,1.4749161004482667e-07,1.5e-10,0.00017656713834691732,20437036.983021926,0.0,0.0,0.0,0.0,0.0,11799328.803586047,828408919692.1771,-112.68650055811511,470.16585591772747,51.46073966218268,439.25117455967774,-28.868824514352422,-115.20934619483083,-37.57772322828847,17.10744104694002,141.5622346205452,548.9380968975661,5.448069018568186e-05
991,1.4764161004482669e-07,1.5e-10,0.00017677411050310632,20457821.592712756,0.0,0.0,0.0,0.0,0.0,11811328.803586047,828306878381.3096,-96.94320302494165,463.4635282004837,63.15154700166135,450.1567326593403,-56.959332370480176,-100.09631076704568,-26.47207090189492,30.863006508133687,153.908203094498,551.8154237642449,5.45634624992465e-05
992,1.477916100448267e-07,1.5e-10,0.0001769802296003505,20478606.20240358,0.0,0.0,0.0,0.0,0.0,11823328.803586047,828307670548.7906,-90.37712240987122,455.8984041990364,65.26451712421627,448.2207188967378,-62.419399613308926,-106.64981013402645,-25.753268331571928,37.57959487339186,152.80339257953156,546.0736785266115,5.464537355102549e-05
993,1.479416100448267e-07,1.5e-10,0.00017718614847430503,20499390.81209441,0.0,0.0,0.0,0.0,0.0,11835328.803586047,828250166284.2443,-103.31487133850622,454.2681640792357,72.12202035982331,445.9125657119972,-65.24821902715546,-107.54749195468487,-40.21726573121363,30.71691846952086,168.5699381702975,548.9202826879749,5.4727711593428685e-05
994,1.4809161004482672e-07,1.5e-10,0.00017739221321040561,20520175.42178523,0.0,0.0,0.0,0.0,0.0,11847328.803586047,828260292893.3069,-99.39415347983494,460.4534528433404,73.59923590725775,441.51894450065765,-71.82529377670022,-110.77167202448511,-43.88378956064598,29.63363974638391,171.22630943416232,550.6764424575382,5.4810313059797316e-05
995,1.4824161004482673e-07,1.5e-10,0.00017760076791890818,20540960.03147606,0.0,0.0,0.0,0.0,0.0,11859328.803586047,828263802865.8289,-129.6372204446289,459.9931592806627,72.39962630039253,467.7336853483831,-56.27784935693839,-110.21865223916453,-27.675077864132515,52.67922993131973,185.92192038056177,570.1076214363414,5.489582920301277e-05
996,1.4839161004482674e-07,1.5e-10,0.0001778064927376232,20561744.641166884,0.0,0.0,0.0,0.0,0.0,11871328.803586047,828071839252.5226,-136.63512694096627,445.7976702106514,60.86486968202169,448.25721148460985,-48.276192326550024,-116.9919232559357,-8.767622675293046,49.696930887527984,184.89065363347603,552.8548560421466,5.4978757431419086e-05
997,1.4854161004482675e-07,1.5e-10,0.00017801113442936328,20582529.250857715,0.0,0.0,0.0,0.0,0.0,11883328.803586047,827792300686.9485,-96.49659721857267,464.52276858655927,61.71662256665149,422.71669478131065,-55.39785861274873,-114.73786333906759,-40.15493277198576,41.817800445358564,151.9012466306808,536.620634737963,5.505925052662978e-05
998,1.4869161004482676e-07,1.5e-10,0.00017821897055110393,20603313.86054854,0.0,0.0,0.0,0.0,0.0,11895328.803586047,827571798992.9943,-106.91866349293207,471.4438496281731,72.69511254565046,450.7686224066794,-55.64901730282116,-114.55855537473958,-29.69657120798443,51.754983277841355,162.57445677416234,559.22170387439,5.514313378221094e-05
999,1.4884161004482678e-07,1.5e-10,0.00017842586533100974,20624098.470239367,0.0,0.0,0.0,0.0,0.0,11907328.803586047,827469285912.8541,-116.35811150877554,475.9959629878888,68.80859102431165,435.343561710763,-42.028142699353076,-122.66222063905468,-46.23576570837399,37.44308138530386,158.39208923887108,553.5036347571289,5.522615932742451e-05
1000,1.4899161004482679e-07,1.5e-10,0.0001786367872558541,20644883.079930194,0.0,0.0,0.0,0.0,0.0,11919328.803586047,827430422826.4419,-108.43259919462871,502.3142203479666,79.892524710186,453.67374793105637,-42.28442426938615,-132.13539022504622,-35.64843075850003,29.702281366925362,179.54168630069526,582.5017063154942,5.531353458337183e-05
1001,1.491416100448268e-07,1.5e-10,0.0001788442323138558,20665667.68962102,0.0,0.0,0.0,0.0,0.0,11931328.803586047,827166201547.7458,-109.3807332767503,475.7453103635343,71.38324538387309,442.047186362345,-44.29790142179886,-122.68677608459762,-35.46290951254575,32.13614035185139,153.68545359570786,555.8549241981351,5.539691282200155e-05
1002,1.492916100448268e-07,1.5e-10,0.00017905086737796504,20686452.299311846,0.0,0.0,0.0,0.0,0.0,11943328.803586047,827011902066.695,-121.47898773965709,470.62468937295984,68.38912098838439,436.1920073223224,-42.97490497008705,-118.73247874949251,-24.660105931941906,38.05803848219521,164.46075801054153,553.1846494511801,5.547989051941923e-05
1003,1.4944161004482682e-07,1.5e-10,0.00017925842268831413,20707236.909002673,0.0,0.0,0.0,0.0,0.0,11955328.803586047,826941255884.1896,-118.51684860042182,476.0430207140154,69.72457658056739,441.1996170838426,-50.05745978334994,-116.02525213015714,-23.61086518272055,31.22328822721674,168.58112057250992,559.9390079423212,5.556388137061058e-05
1004,1.4959161004482683e-07,1.5e-10,0.0001794670877504166,20728021.5186935,0.0,0.0,0.0,0.0,0.0,11967328.803586047,826818468710.8447,-109.11075156049473,480.3980616818268,81.84267662495499,452.06219066615256,-36.49953570746494,-117.9057860250877,-40.74114808453853,43.30220169581127,145.59007840844978,561.4281904036827,5.564809559917113e-05
1005,1.4974161004482684e-07,1.5e-10,0.0001796725964409481,20748806.128384326,0.0,0.0,0.0,0.0,0.0,11979328.803586047,826681470486.7482,-108.63426848587117,455.49740017386836,77.22780676391915,440.219527651267,-56.723223011754015,-105.99089601799993,-55.99371551433243,40.76419011611472,165.36447380614567,545.2042123881887,5.572987623102936e-05
1006,1.4989161004482685e-07,1.5e-10,0.00017988086901516893,20769590.738075152,0.0,0.0,0.0,0.0,0.0,11991328.803586047,826578303210.5851,-104.75793688070067,475.5004872471799,92.15493146599708,452.28508102315254,-44.6142359473984,-115.13238904798914,-47.92059682112814,38.01466662472265,149.37967361297743,559.5378345023421,5.581380690620471e-05
1007,1.5004161004482687e-07,1.5e-10,0.00018008842799661863,20790375.34776598,0.0,0.0,0.0,0.0,0.0,12003328.803586047,826534412488.6663,-112.67520571735568,472.24206002722633,83.5229465579447,447.1130802585655,-39.803824815460786,-110.35917055815966,-51.27239808714351,37.44620939344024,152.48676895192273,555.7681753123192,5.589717213250156e-05
1008,1.5019161004482688e-07,1.5e-10,0.00018029634217627677,20811159.957456805,0.0,0.0,0.0,0.0,0.0,12015328.803586047,826349915256.4174,-100.2700353249618,477.8899600726629,89.2709987046186,446.49384325612556,-43.505976038634245,-106.18085183469645,-45.28219071401718,42.077889915693845,145.53756545635596,555.8134239113074,5.598054414608826e-05
1009,1.503416100448269e-07,1.5e-10,0.00018050451561307446,20831944.56714763,0.0,0.0,0.0,0.0,0.0,12027328.803586047,826211336737.4508,-103.39607296491118,477.4722209047984,89.76418929396732,449.81995285313076,-38.305986904559084,-105.13692716421622,-46.295318651881495,33.15896514491841,141.5485278052764,557.1742126619323,5.6064120277987545e-05
1010,1.504916100448269e-07,1.5e-10,0.00018071211458274206,20852729.17683846,0.0,0.0,0.0,0.0,0.0,12039328.803586047,826192697923.3077,-96.81163537556334,483.7664564173434,89.44450546520798,437.592570650785,-40.9400053061697,-101.45132148434752,-47.15218343993681,30.00633558464924,137.67069675714825,552.5091487389577,5.614699665029839e-05
1011,1.506416100448269e-07,1.5e-10,0.00018091795421662258,20873513.786529284,0.0,0.0,0.0,0.0,0.0,12051328.803586047,826164965607.8076,-67.71623175866223,478.48133299808296,84.33757264168555,425.1075353901161,-53.66516031642236,-92.04399912288056,-35.16942754229467,19.073619950505766,121.39090780725512,538.0884083963156,5.622770991155784e-05
1012,1.5079161004482692e-07,1.5e-10,0.00018112529841639123,20894298.396220114,0.0,0.0,0.0,0.0,0.0,12063328.803586047,826165880735.3097,-91.03658263005282,489.5121207411087,74.49698060945262,429.8587847238245,-49.331412851087066,-93.50545056229187,-53.44461036653857,16.765811018183307,140.35179853261792,551.4873182071618,5.6310433009288915e-05
1013,1.5094161004482693e-07,1.5e-10,0.00018133507254562407,20915083.005910937,0.0,0.0,0.0,0.0,0.0,12075328.803586047,826048063822.4177,-101.23891907084737,491.7432571150869,81.07704697179409,454.7743632970151,-41.70890265422703,-79.88867744443235,-60.66170912033621,-6.534399019168097,142.95923134503792,568.223525900282,5.639566653817396e-05
1014,1.5109161004482694e-07,1.5e-10,0.00018154435034302372,20935867.615601767,0.0,0.0,0.0,0.0,0.0,12087328.803586047,826004217081.5631,-121.4802219251276,498.1264175216548,79.80246677349619,440.710074053798,-30.400231208125252,-85.71275799600484,-64.39071221739667,-13.770035773042913,151.89347093584257,568.3469586227367,5.648091858196737e-05
1015,1.5124161004482696e-07,1.5e-10,0.00018175529445752672,20956652.22529259,0.0,0.0,0.0,0.0,0.0,12099328.803586047,825909911002.9098,-94.8838691395143,501.6933930424982,99.96026429671228,456.64601948873127,-62.701750771895796,-84.97925905996293,-55.77431167293473,-17.383202937393513,157.60090810325087,579.1919401089655,5.656779737298371e-05
1016,1.5139161004482697e-07,1.5e-10,0.00018196688427084048,20977436.83498342,0.0,0.0,0.0,0.0,0.0,12111328.803586047,825749589016.1768,-131.53337233174398,510.29369123254565,89.62009465129806,454.0772415848032,-33.287757426396,-84.72877194226442,-79.2273812995174,-12.62012305302826,164.84063432818033,586.1624311357543,5.6655721737654076e-05
1017,1.5154161004482698e-07,1.5e-10,0.00018217694034876775,20998221.444674242,0.0,0.0,0.0,0.0,0.0,12123328.803586047,825673005104.8925,-110.74284734918977,491.89654650792306,85.4088617379226,457.8678857448417,-38.29419492898339,-73.40893679407338,-87.31242335392255,-5.284221067595505,149.06284577900627,571.5910614549198,5.6741460396872316e-05
1018,1.51691610044827e-07,1.5e-10,0.00018238801886090138,21019006.054365072,0.0,0.0,0.0,0.0,0.0,12135328.803586047,825531909441.7748,-115.16424229603614,500.9513929513607,91.82582622999587,459.51536635559,-37.15389954465691,-70.77567621924977,-79.1987530669149,-10.78904963163539,152.36168280009488,578.7985365953438,5.6828280177361616e-05
1019,1.51841610044827e-07,1.5e-10,0.00018260240913154328,21039790.664055895,0.0,0.0,0.0,0.0,0.0,12147328.803586047,825515326093.583,-123.61611656703882,520.4831075283024,75.24889751859861,478.1112947431785,-43.03501968804665,-76.39133385520924,-96.01571055135067,-11.074668645445596,166.65505483527733,604.1760426008711,5.691890658375175e-05
1020,1.51991610044827e-07,1.5e-10,0.00018281205181499522,21060575.273746725,0.0,0.0,0.0,0.0,0.0,12159328.803586047,825406639158.7802,-110.88468884203505,493.9037848368016,114.85927366708572,448.850083447684,-42.81886616830076,-82.15379649795481,-74.12756980915795,-7.227963559227518,153.6820463114954,569.7739635596721,5.70043726782857e-05
1021,1.5214161004482702e-07,1.5e-10,0.00018301998860958347,21081359.883437548,0.0,0.0,0.0,0.0,0.0,12171328.803586047,825360340404.1045,-99.33037884576699,475.15563276288884,90.38416688421155,452.411513325815,-12.701453384299263,-74.5623278766238,-84.07914969960353,-20.92186215364879,112.03677426036408,552.1768961795209,5.708719921271263e-05
1022,1.5229161004482703e-07,1.5e-10,0.00018322729953142034,21102144.493128378,0.0,0.0,0.0,0.0,0.0,12183328.803586047,825351934042.3678,-109.05365397188645,476.4497121434783,91.81516850320648,442.65318949557116,-17.228635515600434,-66.44151242538979,-87.80244678571579,-16.915987023323368,126.28726363423445,550.1486814236034,5.716972151492617e-05
1023,1.5244161004482705e-07,1.5e-10,0.00018343547765929932,21122929.102819204,0.0,0.0,0.0,0.0,0.0,12195328.803586047,825362993383.834,-105.60012920358517,479.1196325530168,85.13303796594411,450.5354463023415,-14.464860493335957,-73.30415782576746,-84.21112266241842,-21.92732310975322,120.06988793469911,555.2426633048758,5.72530079144219e-05
1024,1.5259161004482706e-07,1.5e-10,0.00018364370095932134,21143713.71251003,0.0,0.0,0.0,0.0,0.0,12207328.803586047,825383597187.6381,-124.69979352828113,476.1391537167206,98.6379670942543,451.7107374573153,-6.1283285903508355,-73.63976950277494,-86.32952088484888,-18.195420179073796,130.83295980511267,558.2413865706627,5.73367441224075e-05
1025,1.5274161004482707e-07,1.5e-10,0.00018385354639196324,21164498.322200857,0.0,0.0,0.0,0.0,0.0,12219328.803586047,825399456646.11,-100.19213945227636,489.48915677737085,103.86666265743003,459.6050770560991,-28.10091466668653,-83.06476918703824,-94.2058596449522,-37.322554274485825,110.88577943156096,566.160715712292,5.742166822976434e-05
1026,1.5289161004482708e-07,1.5e-10,0.00018406097347384108,21185282.931891683,0.0,0.0,0.0,0.0,0.0,12231328.803586047,824981799906.8638,-120.9187724912948,465.3294478240103,107.58194613065615,453.13456184013575,-2.216677414280808,-72.95279397662408,-71.74947131768297,-15.821021752426006,123.1399603011241,551.4587683903195,5.750438704502289e-05
1027,1.530416100448271e-07,1.5e-10,0.0001842688546890329,21206067.54158251,0.0,0.0,0.0,0.0,0.0,12243328.803586047,824977898371.9379,-113.58714777425931,476.2405693207539,108.25211640154659,448.6423005073069,-4.999834143598859,-76.55527523341887,-87.28598577027351,-22.515193529737598,118.59152837526403,553.6680225197108,5.7587437248400846e-05
1028,1.531916100448271e-07,1.5e-10,0.00018447549053382894,21226852.151273336,0.0,0.0,0.0,0.0,0.0,12255328.803586047,825042754447.7622,-107.40502479330418,473.0789142912521,100.10392675236658,439.0296213825087,-2.5066669719796764,-66.96137754369019,-91.21845037440886,-19.5976620770162,109.89071923779463,543.6756342063319,5.7668988593531795e-05
1029,1.5334161004482711e-07,1.5e-10,0.00018468296082353055,21247636.760964163,0.0,0.0,0.0,0.0,0.0,12267328.803586047,825102431790.7573,-126.34587334420246,468.94289595412164,105.46317537358603,450.24334200852553,-3.3410638549228935,-58.45134109811944,-86.14835643462948,-11.00832801981429,129.69136216809565,552.4761326984054,5.7751860013436554e-05
1030,1.5349161004482712e-07,1.5e-10,0.0001848893721995076,21268421.37065499,0.0,0.0,0.0,0.0,0.0,12279328.803586047,825181238075.1881,-114.17518694053575,466.195363904038,101.06568608590845,441.856918355775,-7.78511157494682,-66.72650168045696,-81.31000292480047,-9.959798074091903,121.96462627342041,543.6830956782248,5.783341247778829e-05
1031,1.5364161004482714e-07,1.5e-10,0.00018509706973596769,21289205.980345815,0.0,0.0,0.0,0.0,0.0,12291328.803586047,825239834466.6608,-108.25527000253668,466.88785143313044,95.0047494346546,457.28571763752524,-1.1505191652901146,-74.30611404397584,-81.2356325198751,-11.880136295253097,109.4101618992955,550.4836254016241,5.791598502159853e-05
1032,1.5379161004482715e-07,1.5e-10,0.00018530626227351323,21309990.59003664,0.0,0.0,0.0,0.0,0.0,12303328.803586047,825289998717.9767,-123.71084797694641,480.8896644950681,91.24713054138708,458.66128967632767,-0.7379432229680354,-70.01935791366759,-74.1066270711335,-7.288443532574519,124.46932568091367,562.9154322257531,5.8000422336432394e-05
1033,1.5394161004482716e-07,1.5e-10,0.00018551406802805534,21330775.19972747,0.0,0.0,0.0,0.0,0.0,12315328.803586047,825312241922.5947,-117.92455647255628,471.80929983189367,91.96465324250637,452.3421327182904,-0.5879651842534476,-75.33767099639464,-73.37715235242631,-3.515723604846665,118.52350111536438,552.7289743903839,5.808333168259095e-05
1034,1.5409161004482717e-07,1.5e-10,0.0001857202106879557,21351559.809418295,0.0,0.0,0.0,0.0,0.0,12327328.803586047,825101132543.2264,-99.81925282889814,460.93818010225476,92.73055016503108,445.22564195926236,-15.850282910008918,-67.1218586492644,-66.17483274684456,-0.4488358594473742,115.68800906369653,539.629977418681,5.8164276179203754e-05
1035,1.5424161004482718e-07,1.5e-10,0.00018592687232960714,21372344.419109125,0.0,0.0,0.0,0.0,0.0,12339328.803586047,825101922169.0265,-120.468003784264,462.6621575574148,93.65446669428913,448.23556763067637,-1.5610146369646996,-67.12450707900881,-78.5373342476328,2.3331817778217636,122.03680291668822,545.5813490268006,5.8246113381557775e-05
1036,1.543916100448272e-07,1.5e-10,0.00018613452440831098,21393129.028799947,0.0,0.0,0.0,0.0,0.0,12351328.803586047,825131654627.9034,-121.93999923664417,465.91496245994165,89.73492885082833,455.7672497229937,-10.734169429753075,-71.71499533304393,-79.39604098985882,1.0987157464398434,132.66105372152336,553.7023068288149,5.8329168727582094e-05
1037,1.545416100448272e-07,1.5e-10,0.0001863427380807502,21413913.638490777,0.0,0.0,0.0,0.0,0.0,12363328.803586047,825164939142.6964,-119.46339690285379,463.08362322035026,86.48147421938506,465.68980634180747,-5.879832143002199,-75.46844602649942,-75.76190162205305,4.334654265697363,125.35798798646064,556.1284056111548,5.841258798842377e-05
1038,1.5469161004482721e-07,1.5e-10,0.000186549294017692,21434698.2481816,0.0,0.0,0.0,0.0,0.0,12375328.803586047,825224622838.6923,-131.24318315688626,470.1924383220501,94.93585801673943,437.8614621033878,-17.700224762309823,-55.168711596490105,-85.26573627286936,21.896932328794026,148.9399007274152,549.304025972561,5.849498359231965e-05
1039,1.5484161004482723e-07,1.5e-10,0.00018675792982216408,21455482.857872427,0.0,0.0,0.0,0.0,0.0,12387328.803586047,825155506766.3483,-132.67989814992723,467.6163675813197,103.27497386128077,463.87205721570894,-17.90749462905918,-70.48501933859558,-97.77643596451384,4.518107891424654,150.58829190254738,563.6948014797588,5.8579537812541615e-05
1040,1.5499161004482724e-07,1.5e-10,0.00018696720195361506,21476267.467563253,0.0,0.0,0.0,0.0,0.0,12399328.803586047,825178310414.867,-139.36939013334884,470.4622141415257,107.94478563597822,467.2173197836932,-10.862207597691754,-79.30223298443137,-87.57370882814189,4.693618711551034,150.24749595236392,568.4647697779905,5.8664807528008315e-05
1041,1.5514161004482725e-07,1.5e-10,0.00018717688174545207,21497052.07725408,0.0,0.0,0.0,0.0,0.0,12411328.803586047,824964205934.3478,-142.35472035278258,481.81195150204934,109.53924481674665,460.39475195504383,-18.133903026552105,-62.65203736490737,-104.65673998987413,-9.002403463572527,160.49682097192138,573.1833733803072,5.875078503401536e-05
1042,1.5529161004482726e-07,1.5e-10,0.00018738683544287026,21517836.686944906,0.0,0.0,0.0,0.0,0.0,12423328.803586047,824980794784.6498,-127.5480476385199,486.86311255608433,103.52639171372289,461.076252694714,-13.178769259353238,-65.38287877946543,-108.7038676483793,-8.764986679920977,140.7419616892338,570.5595852005789,5.883636897179544e-05
1043,1.5544161004482727e-07,1.5e-10,0.00018759729076056177,21538621.296635732,0.0,0.0,0.0,0.0,0.0,12435328.803586047,824946345159.7004,-147.85729304220658,482.87099588400156,114.50713787552198,468.0252246799922,-0.840844266916255,-64.72292255943694,-89.99032494490797,-0.21015929784585896,148.6812255090049,576.4715047615296,5.8922839697509675e-05
1044,1.5559161004482728e-07,1.5e-10,0.0001878037733774664,21559405.90632656,0.0,0.0,0.0,0.0,0.0,12447328.803586047,824919982961.8367,-158.48516730453343,467.8025371399678,124.3025530758815,435.9328246811153,9.614794063293497,-60.32962860627132,-87.22753982157731,-0.5277337045759735,148.8758053261596,552.7397745850515,5.900575066369743e-05
1045,1.557416100448273e-07,1.5e-10,0.0001880129023014079,21580190.516017385,0.0,0.0,0.0,0.0,0.0,12459328.803586047,824884347140.7112,-162.2115867646635,479.627791941519,109.2435965782833,454.4200291472123,-4.301552700976918,-68.21282369913705,-104.92651678735155,-5.363557514948633,166.51877904716758,573.2936028349715,5.9091744704122676e-05
1046,1.558916100448273e-07,1.5e-10,0.00018822374629743168,21600975.125708215,0.0,0.0,0.0,0.0,0.0,12471328.803586047,824870412972.7407,-163.61894324969327,491.93682250596635,110.2904416490947,460.5306585014077,-22.24500436366227,-63.363820660186775,-92.73786261149372,11.230290300843498,185.869389233146,587.0397935749355,5.9179800673158915e-05
1047,1.5604161004482732e-07,1.5e-10,0.00018843124878579237,21621759.73539904,0.0,0.0,0.0,0.0,0.0,12483328.803586047,824847620764.6931,-139.0091110512107,466.93423181377,102.76653648392472,451.2926370872541,-0.70534943396728,-74.1555395305374,-92.0617835963411,3.1889740779732687,139.72000787475883,555.5726325349623,5.9263136568039156e-05
1048,1.5619161004482733e-07,1.5e-10,0.00018863911156456842,21642544.345089868,0.0,0.0,0.0,0.0,0.0,12495328.803586047,824859110044.0043,-176.5290090373513,473.6020312634024,112.03745680906826,443.20253999998994,-0.564541857363156,-77.73382807275419,-90.05084288921205,-7.187923074734673,177.0991862731053,569.5845269242888,5.93485742470778e-05
1049,1.5634161004482734e-07,1.5e-10,0.00018884800603368324,21663328.954780694,0.0,0.0,0.0,0.0,0.0,12507328.803586047,824814733129.5928,-160.54407957648567,479.69669281076114,125.06656877856952,450.28329564364384,-12.506329979348298,-73.12239591176645,-99.37742916912826,-8.810530516709052,173.0504947307133,572.7100145387652,5.943448074925861e-05
1050,1.5649161004482735e-07,1.5e-10,0.00018905607050477902,21684113.56447152,0.0,0.0,0.0,0.0,0.0,12519328.803586047,824689699105.4694,-189.00648017689852,468.37822957719385,118.78183133685951,450.03212077468345,3.6517460061631803,-61.99565812948019,-99.8606472448068,6.791969929442161,185.33477327565245,573.6010681061571,5.952052090947454e-05
1051,1.5664161004482736e-07,1.5e-10,0.0001892659840956472,21704898.174162347,0.0,0.0,0.0,0.0,0.0,12531328.803586047,824682298068.2366,-177.41761651447135,480.59930438718516,121.2476829653502,460.4855984896996,10.669809521631793,-75.12696570060449,-97.61114205868145,-6.767109992536542,166.74914487206672,580.7174831543593,5.9607628531947694e-05
1052,1.5679161004482737e-07,1.5e-10,0.00018947436982631635,21725682.783853173,0.0,0.0,0.0,0.0,0.0,12543328.803586047,824702950280.5466,-175.59738844926406,472.2693233434412,116.46952950539915,451.43997003362875,13.42960920153331,-78.96997931730391,-93.24948136485855,-7.759771361252264,162.16964062326994,570.3588513986482,5.969318235965749e-05
1053,1.5694161004482738e-07,1.5e-10,0.00018968334711894153,21746467.393544,0.0,0.0,0.0,0.0,0.0,12555328.803586047,824699314693.2601,-180.87019437359484,474.0195512793756,112.14006962495344,456.35182704086276,13.155566115729997,-71.70201371544432,-100.50014818029965,-10.094971955404786,167.71697582846522,575.745689363166,5.977954421306197e-05
1054,1.570916100448274e-07,1.5e-10,0.00018989265891149944,21767252.003234826,0.0,0.0,0.0,0.0,0.0,12567328.803586047,824717153758.3177,-189.69281420244684,478.0454654478117,115.00764909895156,454.94886318080364,20.66547858510372,-81.05730716081545,-96.19140052715726,-15.201405020679596,169.030116486187,580.2474817476232,5.986658133532411e-05
1055,1.572416100448274e-07,1.5e-10,0.00019010269101259138,21788036.612925652,0.0,0.0,0.0,0.0,0.0,12579328.803586047,824595382840.2943,-171.13127776359715,464.1273754118852,112.69870916417874,477.5935662356836,-2.6179877541235235,-99.70979601875834,-95.16960276128029,-28.78465748027102,173.7520007970186,583.8440082272492,5.9954157936558196e-05
1056,1.5739161004482742e-07,1.5e-10,0.0001903158270512623,21808821.22261648,0.0,0.0,0.0,0.0,0.0,12591328.803586047,824432255645.3955,-164.70904321141956,487.30504992820505,105.88793022851972,495.6076359007437,45.258775634684895,-83.26862655652249,-100.46820683024241,2.363715114604964,119.4571977058294,594.3027347525892,6.0043303346771084e-05
1057,1.5754161004482743e-07,1.5e-10,0.00019052725941106063,21829605.832307305,0.0,0.0,0.0,0.0,0.0,12603328.803586047,824453410405.2067,-189.73977560579038,477.51620358340796,100.01406412123498,481.5055836787134,36.51520000590374,-92.6415231636221,-96.59552368520391,-7.3281244053710966,153.22890173517354,591.9897753925494,6.0132101813079966e-05
1058,1.5769161004482744e-07,1.5e-10,0.00019073915072255888,21850390.44199813,0.0,0.0,0.0,0.0,0.0,12615328.803586047,824448777150.9504,-190.8334347936036,481.1378446960017,99.1737879274045,483.3151183689827,36.36863523011209,-82.9681845833527,-98.2852135512419,-6.781896175773822,154.45103942887695,594.8153177287024,6.022132411073927e-05
1059,1.5784161004482745e-07,1.5e-10,0.00019094900135957485,21871175.051688958,0.0,0.0,0.0,0.0,0.0,12627328.803586047,824326149459.4691,-205.03924747688382,464.3207220317264,94.59599146258691,475.44649804443037,43.57067444099937,-75.42145489314991,-94.17097543990289,5.659008911927111,161.47400166364662,585.3933456000257,6.0309133112579276e-05
1060,1.5799161004482746e-07,1.5e-10,0.00019115858771600233,21891959.661379784,0.0,0.0,0.0,0.0,0.0,12639328.803586047,824373937184.2446,-201.4638368018808,467.5226621306411,110.62851228230774,469.552629608505,41.1286569508859,-74.46101240556054,-85.42241609010973,5.288842943701558,144.85023856858487,580.2447500411946,6.0396169825085454e-05
1061,1.5814161004482747e-07,1.5e-10,0.0001913678543060833,21912744.27107061,0.0,0.0,0.0,0.0,0.0,12651328.803586047,824235660172.1467,-210.23572550700084,462.14146512326795,103.00589791655004,469.79593379672673,48.19803933093194,-84.14090796175238,-95.76944978798608,-4.71707058542615,162.0429190684333,583.670986038314,6.04837204729912e-05
1062,1.5829161004482749e-07,1.5e-10,0.00019157701242197034,21933528.880761437,0.0,0.0,0.0,0.0,0.0,12663328.803586047,824300351236.617,-180.01941984078155,466.07828077417196,105.26294987835989,468.36931939788417,44.04843855423127,-73.81722348792208,-91.10407577813983,1.176051874234359,135.9762085152174,572.8126809812007,6.056964237513838e-05
1063,1.584416100448275e-07,1.5e-10,0.00019178991102367283,21954313.490452264,0.0,0.0,0.0,0.0,0.0,12675328.803586047,824355964373.2366,-199.96310486980542,483.676986991605,113.38820990993996,491.61568757817327,55.14355025624692,-75.4221326247245,-93.28474277037913,-12.677537291359366,144.82491791753196,602.0415613802583,6.065994860934542e-05
1064,1.585916100448275e-07,1.5e-10,0.00019199946672252412,21975098.10014309,0.0,0.0,0.0,0.0,0.0,12687328.803586047,824443343907.9054,-199.26668779317268,467.87694453026364,101.41733396055203,468.55589550077224,43.949412444373955,-77.25447132730983,-94.27233632645682,-10.21667465383911,155.3224138487865,581.9897903409191,6.074724707789656e-05
1065,1.5874161004482752e-07,1.5e-10,0.0001922086175932402,21995882.709833916,0.0,0.0,0.0,0.0,0.0,12699328.803586047,824539267637.3466,-201.22615075446691,462.1900305229774,102.03132643961443,470.1388217335528,56.40924217073034,-72.39709789770801,-93.55938902040454,-8.617714297436542,144.80426069863861,578.8369784320562,6.083407262466137e-05
1066,1.5889161004482753e-07,1.5e-10,0.00019241895849568267,22016667.319524743,0.0,0.0,0.0,0.0,0.0,12711328.803586047,824622416624.7183,-199.00401945364476,473.9078363820567,109.42657000202156,471.90609629591245,51.2139184565252,-72.16692553120653,-97.44719240988748,-14.412992629108812,147.7977379752104,586.0440415958064,6.092197923090074e-05
1067,1.5904161004482754e-07,1.5e-10,0.00019262720236897706,22037451.92921557,0.0,0.0,0.0,0.0,0.0,12723328.803586047,824703610710.9475,-204.2103450404194,465.8309775064454,117.67939074630823,455.65216671068987,73.4435801559097,-69.16697040336732,-86.84638970437952,-18.817089230485045,130.77433610095034,573.3581070383443,6.100798294695649e-05
1068,1.5919161004482755e-07,1.5e-10,0.00019283636740481934,22058236.538906395,0.0,0.0,0.0,0.0,0.0,12735328.803586047,824669238365.2457,-192.16222071752676,470.87453915922424,109.00371380175869,462.5787667618642,61.125138269277436,-72.88491792007014,-98.53340999329511,-29.609560994101113,131.0446858944697,576.6629409531354,6.109448238809946e-05
1069,1.5934161004482756e-07,1.5e-10,0.00019304401410971832,22079021.14859722,0.0,0.0,0.0,0.0,0.0,12747328.803586047,824743931582.5065,-206.0951422509228,452.87423017906224,118.20370518322592,460.99022706535146,69.0530544735213,-69.01644520743183,-83.01571753899218,-16.760821782097928,137.04994496201067,570.3205587014357,6.118003047190467e-05
1070,1.5949161004482758e-07,1.5e-10,0.00019325279338482782,22099805.758288052,0.0,0.0,0.0,0.0,0.0,12759328.803586047,824647361240.0674,-209.13041974954933,460.3003756392645,107.7657470137941,466.3028848921857,57.604567474263646,-60.50276992497472,-89.3892683318344,-17.692411550406103,151.53378546537337,578.8144197104405,6.126685263486124e-05
1071,1.5964161004482759e-07,1.5e-10,0.00019346075647658348,22120590.36797888,0.0,0.0,0.0,0.0,0.0,12771328.803586047,824569851211.95,-204.79181608978817,456.5833441074905,114.97193579440857,459.6845696677421,49.789632797455596,-63.90436369549193,-89.90606188226126,-50.209112221882634,155.01022041328264,574.4826081043153,6.135302502607688e-05
1072,1.597916100448276e-07,1.5e-10,0.00019366969046553345,22141374.977669705,0.0,0.0,0.0,0.0,0.0,12783328.803586047,824545109741.095,-218.04002246054645,461.6672816152606,108.62936202405936,466.497378086552,67.02691613307427,-44.98597926027284,-104.84429464762299,-40.4065624801218,151.02193863205252,582.6603407639506,6.144042407719148e-05
1073,1.599416100448276e-07,1.5e-10,0.00019387889408755736,22162159.58736053,0.0,0.0,0.0,0.0,0.0,12795328.803586047,824547266000.086,-223.08783441778044,461.16481231641376,107.83531924032278,468.91363922352684,62.5326059825321,-51.583055120743644,-102.56807318108126,-41.980124989465814,160.5633599285919,586.7270634709686,6.152843313671212e-05
1074,1.6009161004482762e-07,1.5e-10,0.00019408788771278226,22182944.197051357,0.0,0.0,0.0,0.0,0.0,12807328.803586047,824309512865.8875,-212.86153364281682,455.1468230870375,121.12912550730734,473.1390098663405,58.260676281083356,-43.94982142651071,-94.52576830821141,-30.336063587552804,154.59204704304315,581.1330309024064,6.161560309134749e-05
1075,1.6024161004482763e-07,1.5e-10,0.0001942994058571584,22203728.806742184,0.0,0.0,0.0,0.0,0.0,12819328.803586047,824355983312.063,-235.4259225730113,465.84857852883624,113.2712984755552,488.5491766651935,53.440702374801575,-36.62304764333687,-89.07525945198216,-27.82511647552607,182.37139622440105,605.1708543827745,6.17063787195049e-05
1076,1.6039161004482764e-07,1.5e-10,0.00019450843431666312,22224513.41643301,0.0,0.0,0.0,0.0,0.0,12831328.803586047,824355449503.6028,-220.38635612491433,463.4103776736706,119.76306895007772,463.72767811644025,52.67579154660037,-36.76049271068086,-91.95822037192605,-41.40005089951818,167.70592377746036,584.6387712021905,6.179407453518523e-05
1077,1.6054161004482765e-07,1.5e-10,0.00019471782653154783,22245298.026123837,0.0,0.0,0.0,0.0,0.0,12843328.803586047,824377819727.6777,-212.50869684931612,456.21420154310357,121.22068950202357,475.67867781563774,49.17858168391387,-47.8787543711509,-90.01081243006942,-37.89417554232673,163.32671983170678,584.5977487755592,6.188176419750157e-05
1078,1.6069161004482767e-07,1.5e-10,0.00019492713946011448,22266082.635814663,0.0,0.0,0.0,0.0,0.0,12855328.803586047,824415264724.121,-203.0684074080258,463.0667925110614,122.88094172126605,469.222695068051,51.94210938052757,-41.87475058634004,-89.83889624410246,-46.47444083278475,151.1269725829896,580.6919121062139,6.19688679843175e-05
1079,1.6084161004482768e-07,1.5e-10,0.00019513643250582501,22286867.24550549,0.0,0.0,0.0,0.0,0.0,12867328.803586047,824439279710.6036,-217.58663013504994,456.22287375867404,127.40465897400934,474.2644133315934,53.19865767523497,-36.75835131424969,-95.76280445814524,-36.48501039785291,164.38931647815116,584.9695606772926,6.20566134184191e-05
1080,1.609916100448277e-07,1.5e-10,0.00019534499779225785,22307651.855196316,0.0,0.0,0.0,0.0,0.0,12879328.803586047,824476486106.8607,-211.27066149702756,451.3265417308086,133.67540940095108,470.4535294850736,47.92753049074217,-43.71136564620219,-88.29473869242608,-42.762492644845814,163.34525106568603,579.2074056848553,6.214349452927183e-05
1081,1.611416100448277e-07,1.5e-10,0.00019555331990494547,22328436.464887142,0.0,0.0,0.0,0.0,0.0,12891328.803586047,824505685095.9421,-182.28517996631626,464.2935564857844,135.12976338578244,458.7391553858061,51.3800607668036,-50.22653546870392,-97.49408668482987,-55.50159314234062,130.9065396878169,568.7978280991516,6.22288142034867e-05
1082,1.612916100448277e-07,1.5e-10,0.00019576240331632547,22349221.07457797,0.0,0.0,0.0,0.0,0.0,12903328.803586047,824536528668.5565,-210.52748646178395,447.9537899880848,133.31045303760726,480.4632909453282,59.4794516859576,-47.07593342605528,-78.28281787411989,-30.06475070950444,150.78984747219963,580.841749420168,6.231594046589973e-05
1083,1.6144161004482772e-07,1.5e-10,0.0001959710939651688,22370005.684268795,0.0,0.0,0.0,0.0,0.0,12915328.803586047,824574497688.7633,-207.4774031713986,444.2294439758631,130.9310466027736,480.94518168536604,66.34011536567388,-54.43399434728384,-80.83266767445052,-31.512096206494498,134.0531175277477,576.3913341139252,6.240239916601681e-05
1084,1.6159161004482773e-07,1.5e-10,0.000196179277774127,22390790.29395962,0.0,0.0,0.0,0.0,0.0,12927328.803586047,824396351010.3137,-189.37637254551245,450.21555135242875,130.35255504592914,470.40308628245793,60.428660155401154,-65.12070796556853,-82.64462067861002,-39.942097166951946,129.0295230014319,569.5554460834422,6.248783248292933e-05
1085,1.6174161004482774e-07,1.5e-10,0.00019638873423458535,22411574.903650448,0.0,0.0,0.0,0.0,0.0,12939328.803586047,824406193043.5765,-194.33204456724985,451.23258484851107,136.63785926150646,483.3387022430187,61.22358506112888,-55.087450617807065,-80.3458661135871,-40.83322085194256,133.1903805732355,578.5899385993008,6.257462097371922e-05
1086,1.6189161004482776e-07,1.5e-10,0.0001965982906244199,22432359.513341274,0.0,0.0,0.0,0.0,0.0,12951328.803586047,824444281165.3046,-198.53087502239222,456.0640027505936,135.483120223022,479.3034577149512,62.089230630847744,-48.474493971196736,-82.57623879999997,-44.90894347541346,136.52357736884912,580.3011938465427,6.26616661527962e-05
1087,1.6204161004482777e-07,1.5e-10,0.00019680607032339725,22453144.1230321,0.0,0.0,0.0,0.0,0.0,12963328.803586047,824485073530.1005,-195.7424107904206,447.7345882535138,132.52031503400838,468.03052975633125,63.12843858525794,-39.28393122795021,-91.1473924457442,-48.095356884659914,132.69558535418918,567.9757709338328,6.274686251843628e-05
1088,1.6219161004482778e-07,1.5e-10,0.00019701690536397945,22473928.732722927,0.0,0.0,0.0,0.0,0.0,12975328.803586047,824522263120.6587,-178.7330538670912,479.6338267912545,144.02577898343029,472.5005035316221,54.38165063336356,-40.17794930779333,-93.03210874179445,-68.88581725821773,124.43049589327525,583.6170765489688,6.283440507991863e-05
1089,1.623416100448278e-07,1.5e-10,0.00019722751978114896,22494713.342413753,0.0,0.0,0.0,0.0,0.0,12987328.803586047,824384543533.5222,-206.13096087195336,450.66465865828053,150.0108379979876,496.38127684851383,84.96577541847321,-49.460108535922856,-66.28482214739734,-33.25671569993814,121.24550169775654,588.661583059575,6.292270431737756e-05
1090,1.624916100448278e-07,1.5e-10,0.00019743775487007873,22515497.95210458,0.0,0.0,0.0,0.0,0.0,12999328.803586047,824447629961.2491,-192.97510263644844,460.1469588954315,153.48502161304452,481.6007571317604,50.60239130534695,-57.01376366321456,-67.24646439344316,-46.00415403359354,142.45195075559005,584.5578505147339,6.301038799495478e-05
1091,1.626416100448278e-07,1.5e-10,0.0001976467335599216,22536282.561795406,0.0,0.0,0.0,0.0,0.0,13011328.803586047,824497131036.1854,-205.7463567383781,459.96826477967727,148.20915804401545,467.3522634789302,64.8439185475578,-50.079935508554485,-83.18191997743294,-42.930756838188465,140.9804729469317,578.972214181685,6.309723382708203e-05
1092,1.6279161004482782e-07,1.5e-10,0.0001978566786761304,22557067.171486232,0.0,0.0,0.0,0.0,0.0,13023328.803586047,824565662732.0844,-211.41218389961873,472.8292099726398,142.3410326566179,465.55912879712133,66.1457328892893,-51.106033224521994,-86.38961149830837,-29.061058224614502,145.34236753251204,586.0942884841901,6.318514797035465e-05
1093,1.6294161004482783e-07,1.5e-10,0.0001980665764874947,22577851.781177063,0.0,0.0,0.0,0.0,0.0,13035328.803586047,824589580851.2222,-189.7425529681175,470.48882128033875,143.66932253835859,470.48194560741194,71.22483262501677,-64.92533372427422,-91.84961037255786,-31.68826779062137,118.59204399330353,579.5757146049764,6.32720843275454e-05
1094,1.6309161004482785e-07,1.5e-10,0.00019827305288141087,22598636.39086789,0.0,0.0,0.0,0.0,0.0,13047328.803586047,824638147907.051,-160.65996919441722,452.79757577379235,155.37807702740196,447.84746478526847,57.512043983631706,-66.26260996721638,-73.27187630551674,-30.088184858667635,143.00514313363954,555.6755218287594,6.335543565581971e-05
1095,1.6324161004482786e-07,1.5e-10,0.00019848267537600028,22619421.000558715,0.0,0.0,0.0,0.0,0.0,13059328.803586047,824436349705.6385,-191.38876609990737,471.3154349583602,156.68469270545435,464.57060639117066,54.44277528354246,-65.01873715580078,-88.51520203136641,-29.00717613903117,137.01146755229377,579.1091635273074,6.34423020303488e-05
1096,1.6339161004482787e-07,1.5e-10,0.0001986938675175123,22640205.61024954,0.0,0.0,0.0,0.0,0.0,13071328.803586047,824382880989.5493,-200.9128467758897,472.78937392710225,164.46945068174227,479.6775255239552,58.20641733037724,-60.13568093534917,-78.85044471571668,-26.579885167057345,142.7695462870275,591.6974460164163,6.353105664725126e-05
1097,1.6354161004482788e-07,1.5e-10,0.0001989049405162428,22660990.219940368,0.0,0.0,0.0,0.0,0.0,13083328.803586047,824410577282.3298,-192.16220206887076,471.90045133894523,160.22736075327,480.5621704564509,48.089546029864714,-68.37605041424179,-108.29932174603539,-40.340475220009665,144.13316466237103,589.2728346847754,6.361944757245398e-05
1098,1.636916100448279e-07,1.5e-10,0.00019911665394989892,22681774.829631194,0.0,0.0,0.0,0.0,0.0,13095328.803586047,824409453845.2424,-215.09201935746998,455.69887383821236,161.95217257069447,502.08074428703895,68.86282754378725,-53.62460169802279,-85.9205336719381,-21.176879716062686,146.28717064859256,598.2003769199373,6.370917762899197e-05
1099,1.638416100448279e-07,1.5e-10,0.00019932663870749,22702559.43932202,0.0,0.0,0.0,0.0,0.0,13107328.803586047,824131180681.6222,-196.47102226952975,461.99300459404145,159.3361104592833,478.0063996962581,62.00133831865795,-60.70554185603371,-97.26044696276837,-34.51680356557986,134.52286358642223,582.4094842053722,6.379653905162278e-05
1100,1.6399161004482791e-07,1.5e-10,0.00019953614032572716,22723344.049012847,0.0,0.0,0.0,0.0,0.0,13119328.803586047,824037688119.5929,-195.29839282454742,458.7201459215881,153.07576433918615,475.4698376697425,53.825929979416344,-56.46702845952617,-92.16905236500448,-32.49447110168917,141.5243096124538,579.2150860686729,6.388342131453308e-05
1101,1.6414161004482792e-07,1.5e-10,0.00019974643683406894,22744128.658703674,0.0,0.0,0.0,0.0,0.0,13131328.803586047,824028309616.3522,-190.91278709810555,459.7620910755113,150.40829386870718,484.2849766532303,55.532669180867266,-59.204891288677835,-91.23638463456913,-35.87772718145257,135.42907161630185,582.9557134094973,6.39708646715445e-05
1102,1.6429161004482794e-07,1.5e-10,0.00019995619841508901,22764913.2683945,0.0,0.0,0.0,0.0,0.0,13143328.803586047,823961523645.445,-223.22480548560486,461.0066223610954,136.11166916643296,474.63811637669465,83.69199307597253,-70.35335469618342,-104.72331904567397,-51.66749396828532,139.57890091120095,589.8975219751295,6.405934929984077e-05
1103,1.6444161004482795e-07,1.5e-10,0.000200165152423522,22785697.878085326,0.0,0.0,0.0,0.0,0.0,13155328.803586047,823949278769.975,-206.67187434109525,451.44443387424053,150.771902178133,475.1564276076208,61.58400032487793,-47.4465490337644,-82.13311916347934,-32.01704091537953,145.13105946387824,578.7206163834825,6.414615739229828e-05
1104,1.6459161004482796e-07,1.5e-10,0.00020037555528016482,22806482.48777615,0.0,0.0,0.0,0.0,0.0,13167328.803586047,823987116504.066,-175.9476831104643,474.9667114797407,153.60789799248448,471.2849810381492,38.66078248793204,-50.40076034849734,-98.87171239828857,-52.13891239744955,137.32719296444253,580.6676337163527,6.423325753735573e-05
1105,1.6474161004482797e-07,1.5e-10,0.00020058417472463056,22827267.09746698,0.0,0.0,0.0,0.0,0.0,13179328.803586047,824027476306.2797,-175.49111465922257,454.7715433449045,157.6842040611924,471.04800692467694,45.39529673500645,-50.89224205150481,-88.68010134071929,-37.58386158711721,130.1332306842801,568.4236890458112,6.43185210907126e-05
1106,1.6489161004482798e-07,1.5e-10,0.00020079300326015717,22848051.707157806,0.0,0.0,0.0,0.0,0.0,13191328.803586047,824073794555.072,-177.91390570040303,461.02088907280285,151.64436948850363,466.3042768208614,39.04733544558147,-59.81267914452407,-85.16377265286197,-41.45627389805999,138.90109847182717,571.4164181263317,6.440423355343155e-05
1107,1.65041610044828e-07,1.5e-10,0.00020100033933912896,22868836.316848632,0.0,0.0,0.0,0.0,0.0,13203328.803586047,823955673338.8772,-167.9080381728961,452.4650289969904,153.5230540440696,459.8506110667375,46.53338847905489,-44.39218719528869,-85.53532586309137,-33.257825460644455,121.40635671666736,557.7238327071989,6.448789212833763e-05
1108,1.65191610044828e-07,1.5e-10,0.00020120728107487796,22889620.92653946,0.0,0.0,0.0,0.0,0.0,13215328.803586047,824014612299.4393,-153.08252052801762,452.92556252187575,147.51258701123697,455.0954405112401,29.568629965257355,-74.76805314306345,-86.01266166151893,-50.64881412650029,123.54290320873781,554.724134192829,6.457110074846655e-05
1109,1.6534161004482801e-07,1.5e-10,0.00020141828058219447,22910405.536230285,0.0,0.0,0.0,0.0,0.0,13227328.803586047,824039730009.5386,-178.39311913922802,472.1106881861899,161.04091776853798,480.1809353295424,43.85258043606438,-63.06540977959495,-82.32611582962777,-35.093428914181885,134.5665017677733,584.921962945059,6.465883904290832e-05
1110,1.6549161004482803e-07,1.5e-10,0.00020162632698203135,22931190.14592111,0.0,0.0,0.0,0.0,0.0,13239328.803586047,824048370097.8593,-179.1566761769996,460.9711616053975,161.22901251475525,456.9575274695354,36.06025034475825,-54.53946247437672,-84.30513596804235,-23.280379645709978,143.12050590878138,566.3709502343256,6.474379468544347e-05
1111,1.6564161004482804e-07,1.5e-10,0.0002018359453520044,22951974.755611937,0.0,0.0,0.0,0.0,0.0,13251328.803586047,824100935741.0709,-185.73552093615504,468.8408006978272,163.54996264102704,466.2306838394589,40.847583083310134,-62.97823254733521,-81.92984790910599,-28.22125699937795,144.91008766160041,578.4082052759763,6.483055591623487e-05
1112,1.6579161004482805e-07,1.5e-10,0.00020204555657964913,22972759.365302764,0.0,0.0,0.0,0.0,0.0,13263328.803586047,824175452200.9373,-187.9645203882764,468.4305128194136,167.62007269597385,466.3240088874575,47.08425727219684,-70.32969398352328,-79.44642346623287,-24.079982289105644,140.9001601170136,578.8651777115784,6.491738569289161e-05
1113,1.6594161004482806e-07,1.5e-10,0.0002022558798302822,22993543.97499359,0.0,0.0,0.0,0.0,0.0,13275328.803586047,824250269468.7349,-184.21260209801363,476.13914429255254,162.9939207690552,467.20046555927826,40.22250176404176,-70.4184058271088,-84.06318338944745,-28.091645355501957,144.00838174280028,582.6391118198906,6.500478155966459e-05
1114,1.6609161004482807e-07,1.5e-10,0.00020246554091474163,23014328.584684417,0.0,0.0,0.0,0.0,0.0,13287328.803586047,824343705138.7316,-185.66535305940928,477.60502184356363,180.80046101678423,456.337681369475,34.330322842609256,-72.8442092025771,-78.9743369900453,-39.41399457604302,151.35035670784544,580.8997866735933,6.509191652766563e-05
1115,1.6624161004482808e-07,1.5e-10,0.00020267490200851963,23035113.194375243,0.0,0.0,0.0,0.0,0.0,13299328.803586047,824420627724.5583,-182.1966265050112,460.12785648384187,173.96396269080702,472.24444866406014,52.265876776235,-72.19457716771703,-70.09694096458952,-22.459591449721845,129.9417987992865,575.8154486077764,6.51782888449568e-05
1116,1.663916100448281e-07,1.5e-10,0.00020288577472998978,23055897.80406607,0.0,0.0,0.0,0.0,0.0,13311328.803586047,824506299883.5115,-175.71327880050382,487.70881819841946,187.43456756816852,462.6162681477649,45.60072688083146,-70.40880210252449,-87.45252070682001,-33.38037157269198,130.08168714971274,584.1341249938096,6.526590896370588e-05
1117,1.665416100448281e-07,1.5e-10,0.00020309602019053525,23076682.413756896,0.0,0.0,0.0,0.0,0.0,13323328.803586047,824615889680.278,-186.7591863240357,475.3963483636223,179.70342756415616,467.0955751623034,57.33299788600866,-77.27826844783262,-80.3370854608592,-15.017160314037357,129.4196989018391,582.0979847639163,6.535322366142046e-05
1118,1.6669161004482812e-07,1.5e-10,0.00020330834329238822,23097467.023447722,0.0,0.0,0.0,0.0,0.0,13335328.803586047,824694025365.7902,-183.15015743877484,490.5135228918084,184.28079420059072,475.576187738338,47.07087352028486,-79.478904431958,-83.70326164952223,-26.07140326748302,136.07117799922244,595.297142069057,6.544251823273082e-05
1119,1.6684161004482813e-07,1.5e-10,0.00020351827858110038,23118251.63313855,0.0,0.0,0.0,0.0,0.0,13347328.803586047,824593536169.7533,-184.09591696363844,488.3972318417481,193.81161081944424,449.46580891716394,36.07538106376732,-68.29248606142339,-96.30953290972568,-28.31553454399473,148.0110121435146,580.9838916350478,6.552966581647608e-05
1120,1.6699161004482814e-07,1.5e-10,0.00020373082502281022,23139036.242829375,0.0,0.0,0.0,0.0,0.0,13359328.803586047,824705951742.477,-169.95349955344216,497.87132665018726,187.94184757997616,472.171088037164,35.094077001364134,-63.58269964009293,-85.34778439967815,-23.675895151233195,134.84859135882775,593.2177082494718,6.56186484727135e-05
1121,1.6714161004482815e-07,1.5e-10,0.00020394301589330568,23159820.8525202,0.0,0.0,0.0,0.0,0.0,13371328.803586047,824830843787.7699,-178.13813015144964,495.3337875357055,180.3761057090587,469.96418078555183,36.85391689086582,-65.6617377150968,-94.67068257368659,-31.45608181605215,141.27189587726588,592.9237624990434,6.570758703708835e-05
1122,1.6729161004482816e-07,1.5e-10,0.00020415452402379366,23180605.462211028,0.0,0.0,0.0,0.0,0.0,13383328.803586047,824789432728.0897,-178.37130505547862,489.30881076176405,188.56964186848634,466.9958342486074,31.047250913711622,-72.83830601002954,-90.61952264145691,-34.57252691649082,147.3103320060247,590.0878644460242,6.579610021675526e-05
1123,1.6744161004482817e-07,1.5e-10,0.0002043645516352059,23201390.071901854,0.0,0.0,0.0,0.0,0.0,13395328.803586047,824862188157.4904,-178.63347727045448,482.13247080788705,195.46510456997325,455.89397074902337,23.15296562491635,-67.6850145699341,-74.95177007409873,-25.991311363083447,155.46542170077967,582.0719530604073,6.588341100971432e-05
1124,1.6759161004482818e-07,1.5e-10,0.00020457664370201683,23222174.68159268,0.0,0.0,0.0,0.0,0.0,13407328.803586047,824934553348.9172,-169.70316954318892,493.35517183593527,187.3767004525612,471.30036813353837,35.161572028594286,-71.61706603185628,-91.8155571924112,-34.702692744726264,134.5252919969705,590.8359180506004,6.597203639742191e-05
1125,1.677416100448282e-07,1.5e-10,0.00020478409039045715,23242959.291283507,0.0,0.0,0.0,0.0,0.0,13419328.803586047,825042338002.5609,-171.34606391423475,464.5001009164536,207.65549534630043,442.5911830369125,-3.8865886533830722,-77.06996875323527,-86.70737046538692,-30.529784213382417,175.21447858572736,568.3807815679885,6.605729351465711e-05
1126,1.678916100448282e-07,1.5e-10,0.0002049964666619239,23263743.900974333,0.0,0.0,0.0,0.0,0.0,13431328.803586047,825065030767.3119,-192.76686372121745,499.054174788252,197.89827110244315,466.9217812127992,44.31557541518833,-76.7777594991111,-113.42445343785934,-13.285051162445642,148.4313463010452,597.4016740249123,6.614690376576085e-05
1127,1.6804161004482822e-07,1.5e-10,0.00020521204462685023,23284528.51066516,0.0,0.0,0.0,0.0,0.0,13443328.803586047,824922746442.0677,-182.6448492426832,520.0805623620805,230.55406283605882,479.733248277671,4.911998392406179,-97.712662180308,-99.21549981884819,-11.588352600556606,177.71315760918182,621.4913933580964,6.624012747476457e-05
1128,1.6819161004482823e-07,1.5e-10,0.00020542788829301518,23305313.120355986,0.0,0.0,0.0,0.0,0.0,13455328.803586047,824939993945.533,-200.4611193864899,510.2068218308532,215.31230494987292,492.7785338830728,21.780398204488666,-86.50950254808714,-90.841781463933,-12.419370343038679,162.85364785939956,623.3298138199527,6.633362694683756e-05
1129,1.6834161004482824e-07,1.5e-10,0.00020563881831354026,23326097.730046816,0.0,0.0,0.0,0.0,0.0,13467328.803586047,824381318238.0306,-180.23225827812684,490.38411913149736,203.36883259529748,460.9045132260367,60.19589863875364,-69.68420753575222,-94.76856201006538,-10.734834034157021,120.03172020867336,584.306128970452,6.642127286618313e-05
1130,1.6849161004482825e-07,1.5e-10,0.00020584803452801503,23346882.339737643,0.0,0.0,0.0,0.0,0.0,13479328.803586047,824446406315.3104,-169.20936302685277,478.2090322177524,207.5349948174275,450.57207527164405,5.661392831788875,-75.93758385995905,-87.9019215135294,-17.739244006194,163.54281085128287,576.3511625471072,6.65077255405652e-05
1131,1.6864161004482826e-07,1.5e-10,0.0002060578384219629,23367666.94942847,0.0,0.0,0.0,0.0,0.0,13491328.803586047,824363917176.1648,-157.73231483700684,493.5926051565508,191.12086140581704,446.02433896005687,21.053477346153603,-78.17666052915189,-112.66447795345849,-22.553676595083914,136.6724287779346,573.6393106802533,6.659377143716724e-05
1132,1.6879161004482827e-07,1.5e-10,0.00020626791125234707,23388451.559119295,0.0,0.0,0.0,0.0,0.0,13503328.803586047,824393593094.2023,-177.76582577405964,458.01577760291855,188.7251847046346,483.43570760263987,62.846190047675655,-80.45921207226007,-64.04125275688718,9.879019309365438,114.91221751573356,578.6100718659617,6.668056294794713e-05
1133,1.6894161004482829e-07,1.5e-10,0.00020647821756093732,23409236.16881012,0.0,0.0,0.0,0.0,0.0,13515328.803586047,824258900050.0594,-158.97272936978018,478.16156633220885,178.6816717545402,467.4621000575138,35.545802011602326,-76.3168099879562,-77.88019945327811,-10.963697258349518,123.41868254968726,576.0552491014694,6.676697123531235e-05
1134,1.690916100448283e-07,1.5e-10,0.00020669175981595435,23430020.778500948,0.0,0.0,0.0,0.0,0.0,13527328.803586047,824292065871.1042,-159.1146442767319,496.6091783937965,178.42915893603617,486.04069853101885,23.34296181929463,-76.84022341379092,-88.36071697889952,-13.007415153640013,135.75743056231875,597.319175064294,6.6856569111572e-05
1135,1.692416100448283e-07,1.5e-10,0.00020690138523497665,23450805.388191774,0.0,0.0,0.0,0.0,0.0,13539328.803586047,824255867802.4603,-169.74924174545606,465.46518803521184,180.46980063563794,470.4799312054179,27.520148541668494,-89.15554889831522,-88.84711691464834,-0.6079600397924305,142.2187902549027,575.0484518254198,6.694282637934581e-05
1136,1.6939161004482832e-07,1.5e-10,0.00020711178787513157,23471589.9978826,0.0,0.0,0.0,0.0,0.0,13551328.803586047,824298230242.931,-162.80695900089327,477.91604801958243,186.98299566632699,467.66363814963887,22.110901776059993,-85.9881591031699,-98.10662071664647,-9.214398654332092,140.68480206349423,578.6933277479178,6.702963037850799e-05
1137,1.6954161004482833e-07,1.5e-10,0.00020732284369257104,23492374.607573427,0.0,0.0,0.0,0.0,0.0,13563328.803586047,824365250404.4993,-160.50175094637967,483.78795068294056,192.7644695250929,470.6757695758652,39.747120947695,-83.02431859644365,-100.1422898333119,-12.844041024697848,120.74248151192596,580.978883403367,6.71167772110185e-05
1138,1.6969161004482834e-07,1.5e-10,0.00020753199121092064,23513159.217264254,0.0,0.0,0.0,0.0,0.0,13575328.803586047,824420372506.9154,-160.75012718138848,459.5924697900071,190.03551669074855,472.20378266186464,34.774379801143105,-83.24562052949906,-87.48199808646592,-3.7103008254504717,125.96266785672827,569.2555728510998,6.720216554694616e-05
1139,1.6984161004482835e-07,1.5e-10,0.00020774432407318503,23533943.82695508,0.0,0.0,0.0,0.0,0.0,13587328.803586047,824465954514.7463,-156.42035917924792,476.6019152204845,204.27114498420022,492.0450952790822,28.99775601951836,-83.13320867811765,-96.48745114334878,-8.930365570338978,127.40916949299717,589.1951141155146,6.729054481406348e-05
1140,1.6999161004482836e-07,1.5e-10,0.0002079545819774529,23554728.436645906,0.0,0.0,0.0,0.0,0.0,13599328.803586047,824555022019.8497,-170.61683339605858,465.42866621827716,197.12855908895216,477.3143228698621,27.94392563838698,-89.56208108762416,-96.88728763025775,-3.5963866298600764,142.65864865482334,579.6481892189346,6.737749204244633e-05
1141,1.7014161004482838e-07,1.5e-10,0.00020816167788421602,23575513.046336733,0.0,0.0,0.0,0.0,0.0,13611328.803586047,824598652175.4388,-164.30085502232473,447.1583022271164,188.81297528920896,460.95302092629,31.035670291643346,-72.97763825950372,-109.42060829919691,-14.039351211258099,133.25028484014422,556.7670141196878,6.746100709456429e-05
1142,1.702916100448284e-07,1.5e-10,0.00020836774470224328,23596297.65602756,0.0,0.0,0.0,0.0,0.0,13623328.803586047,824628951343.7297,-158.912831319067,446.4250527465655,190.9717394435141,451.4089368581574,41.79953067212681,-79.4024075192725,-116.30696138635791,-7.567226298495476,117.09806223837843,547.9261838918103,6.754319602214806e-05
1143,1.704416100448284e-07,1.5e-10,0.00020857829984557774,23617082.265718386,0.0,0.0,0.0,0.0,0.0,13635328.803586047,824655557909.5032,-165.62813174477978,463.16881854722936,208.94340633147127,483.07678217064546,21.44341026153048,-79.86940405525944,-103.62825528667932,-14.421136267066482,144.1702952614114,581.0100021288048,6.763034752246737e-05
1144,1.705916100448284e-07,1.5e-10,0.00020878826630202463,23637866.875409212,0.0,0.0,0.0,0.0,0.0,13647328.803586047,824726090828.4637,-166.46049945087066,462.15925778338095,212.16027245271295,476.253915898463,16.732495653554015,-83.85071169359672,-93.62838675223665,-14.36858269979767,149.71049389465824,578.8266104224135,6.771717151403074e-05
1145,1.7074161004482842e-07,1.5e-10,0.00020899781179190425,23658651.48510004,0.0,0.0,0.0,0.0,0.0,13659328.803586047,824745693643.5624,-146.7703295336171,465.343459666087,224.0880325105734,471.2281565874393,23.315479732149505,-89.05634609264025,-106.13369724459689,-21.40442560154813,123.4367222924928,570.9421251863093,6.780281283280868e-05
1146,1.7089161004482843e-07,1.5e-10,0.00020920837602845263,23679436.094790865,0.0,0.0,0.0,0.0,0.0,13671328.803586047,824762376388.3625,-168.13751411722103,472.50263036631065,227.79288136152186,472.56793390416317,26.10800757836469,-90.90447958334447,-99.00714291942097,-18.820787867208693,142.00874162270625,583.1010321304175,6.789027798762824e-05
1147,1.7104161004482844e-07,1.5e-10,0.00020941820189191004,23700220.70448169,0.0,0.0,0.0,0.0,0.0,13683328.803586047,824773726087.2631,-144.70055271789016,477.436850815526,225.22062932987083,462.79806373280485,26.980981428510933,-78.6305737216958,-99.05578766843027,-22.26623516646655,117.69859243202741,571.8909545835219,6.797606163081577e-05
1148,1.7119161004482845e-07,1.5e-10,0.00020962829295996673,23721005.314172518,0.0,0.0,0.0,0.0,0.0,13695328.803586047,824281832558.8711,-144.0973797786535,471.98076261194734,225.68968772095516,471.7543630921942,28.024640816230697,-83.45423442143738,-98.21096754486251,-1.6222099122698246,116.05152409988126,572.7592851456674,6.806197552358762e-05
1149,1.7134161004482847e-07,1.5e-10,0.00020984071577930015,23741789.923863344,0.0,0.0,0.0,0.0,0.0,13707328.803586047,824175271630.5819,-164.83613568271366,481.5855048312517,218.00976176113775,486.9185626269122,43.0850286888058,-79.93744913794521,-86.22693583038345,-8.109551697523369,121.72774317217467,591.8358290981423,6.815075089795234e-05
1150,1.7149161004482848e-07,1.5e-10,0.00021005337369999839,23762574.53355417,0.0,0.0,0.0,0.0,0.0,13719328.803586047,824168563965.8468,-161.65661132623225,488.17361452397,223.55921646958978,482.2697421731586,25.273377249449645,-86.80494463778385,-95.21767243928434,-11.219227563263098,136.3599702658688,594.0179259262967,6.823985358684129e-05
1151,1.716416100448285e-07,1.5e-10,0.00021026543198484154,23783359.143245,0.0,0.0,0.0,0.0,0.0,13731328.803586047,824067032279.2177,-163.90395941414533,480.2984382148266,217.9621760304846,484.0033648909818,38.82499052492908,-90.51369818083386,-97.4806449507413,-9.332524670487741,125.05515372195379,589.4586198563165,6.832827237981974e-05
1152,1.717916100448285e-07,1.5e-10,0.000210477309143845,23804143.752935823,0.0,0.0,0.0,0.0,0.0,13743328.803586047,824037500645.2659,-155.91014751601224,480.93801909291835,221.78750586890575,481.08314398383555,25.084060800730843,-85.91927705393793,-85.12160334698467,-5.7619443900286935,130.80009551479154,587.837685042375,6.841644803257609e-05
1153,1.719416100448285e-07,1.5e-10,0.00021069091108315952,23824928.362626653,0.0,0.0,0.0,0.0,0.0,13755328.803586047,824022847176.751,-150.17207916128484,496.15428312401315,226.5635309028618,487.5221750507639,40.780991408092,-88.83460070575799,-95.95908877975077,-22.65151836939287,109.36568995628431,597.0642742996575,6.850600767372104e-05
1154,1.7209161004482852e-07,1.5e-10,0.00021090485345694985,23845712.97231748,0.0,0.0,0.0,0.0,0.0,13767328.803586047,824038331349.2706,-163.96469264222,488.06217413803216,217.81457940129218,497.2176606743541,33.659422617599645,-90.91696092975018,-83.43110531942229,-7.2397086108817215,130.28080173637292,602.3429066846957,6.859635910972375e-05
1155,1.7224161004482853e-07,1.5e-10,0.00021111760437700895,23866497.582008306,0.0,0.0,0.0,0.0,0.0,13779328.803586047,824084923055.872,-193.50833463909794,477.0441581497451,227.60017358636466,489.33946364169435,36.35258331565981,-98.05856457545815,-76.16970832330793,-15.37454924464624,157.1314444783117,604.5963157491038,6.868704855708611e-05
1156,1.7239161004482854e-07,1.5e-10,0.00021132894842802006,23887282.191699132,0.0,0.0,0.0,0.0,0.0,13791328.803586047,824062442475.3948,-178.6472416786293,473.60263782265565,210.80833083473118,479.1841815138083,10.745004500629161,-88.64050636466231,-111.96716397952876,-12.598836983542077,167.8877793814736,591.1161479499766,6.877571597927861e-05
1157,1.7254161004482856e-07,1.5e-10,0.00021154307479130037,23908066.80138996,0.0,0.0,0.0,0.0,0.0,13803328.803586047,824042070180.0155,-170.89079477587563,497.5694587200065,226.24524769093546,489.3492420314344,39.69027811213534,-96.63318464355288,-95.16883212114557,-0.10243253635370381,131.21557545506008,604.577082639376,6.886640254167451e-05
1158,1.7269161004482857e-07,1.5e-10,0.00021175831299193918,23928851.411080785,0.0,0.0,0.0,0.0,0.0,13815328.803586047,824085333769.4357,-168.0923990036786,507.56688490182404,224.64280916317333,493.5595015594314,47.51538924276994,-92.68211077367685,-103.21093247327154,-1.7965314815868059,120.5532416934591,609.9228524955188,6.895789096954884e-05
1159,1.7284161004482858e-07,1.5e-10,0.0002119713128324262,23949636.02077161,0.0,0.0,0.0,0.0,0.0,13827328.803586047,824077144677.7278,-170.06011755036576,486.5491588083799,238.11198456228294,487.47335212970285,47.57730834174207,-92.90258359813662,-92.84299975121893,-0.42589657997182556,122.45936187826267,597.4651491365728,6.904751074191933e-05
1160,1.729916100448286e-07,1.5e-10,0.0002121851083199,23970420.630462438,0.0,0.0,0.0,0.0,0.0,13839328.803586047,824157531334.4021,-162.3291306758955,492.7676604298171,240.00716458330967,491.484572360348,38.922838511395966,-94.58233931340014,-106.79733133173994,1.2891712486121514,123.3829537288022,600.3829631227446,6.913756818638774e-05
1161,1.731416100448286e-07,1.5e-10,0.00021239947932819985,23991205.240153264,0.0,0.0,0.0,0.0,0.0,13851328.803586047,824193855484.6375,-173.68020905165858,503.3510932530647,242.06844391894256,485.68862221489997,43.718518308526875,-95.33608078147127,-99.98940898558008,-7.291061061302567,129.9387055917335,607.409450953725,6.922867960403079e-05
1162,1.732916100448286e-07,1.5e-10,0.0002126135444742894,24011989.84984409,0.0,0.0,0.0,0.0,0.0,13863328.803586047,824263200294.7322,-178.17956810708415,505.48314711760065,238.39118827481624,479.67454033443846,45.71113593836763,-94.17206438510289,-98.68544429727667,-3.1483864064976372,132.44550865560282,606.1581731401292,6.931960333000181e-05
1163,1.7344161004482862e-07,1.5e-10,0.00021282576947675267,24032774.459534917,0.0,0.0,0.0,0.0,0.0,13875328.803586047,824331765935.3107,-171.29048394396844,489.5357864428328,231.54782076114452,475.0954223938197,37.34899541007149,-93.66365154941312,-97.45516298126756,2.827558755753389,133.91873573894128,592.7575715658088,6.940851696573668e-05
1164,1.7359161004482863e-07,1.5e-10,0.00021303918168777557,24053559.069225743,0.0,0.0,0.0,0.0,0.0,13887328.803586047,824398377111.9424,-178.39130116328317,501.97100705904387,236.64127763268795,475.98189214369063,51.06513352340029,-94.04531827313875,-96.3245825823327,0.8599461406790574,127.30353462343277,601.6750922185428,6.949876822956947e-05
1165,1.7374161004482865e-07,1.5e-10,0.00021325298567656436,24074343.67891657,0.0,0.0,0.0,0.0,0.0,13899328.803586047,824486350079.9288,-181.49120418531732,503.3954757864525,237.9240461624558,478.6639334493825,51.32935717469078,-98.71086727332028,-101.62811989535392,-1.0671112655701738,130.13636477817707,604.9769623358993,6.958951477391985e-05
1166,1.7389161004482866e-07,1.5e-10,0.0002134663194813362,24095128.2886074,0.0,0.0,0.0,0.0,0.0,13911328.803586047,824557820846.3477,-131.82450175848558,505.30807890533345,224.88813515264312,475.9460060683868,7.410698084131741,-115.27320816477973,-113.01200986406917,-17.037963393599448,124.35920875445757,594.0476282337279,6.967862191815491e-05
1167,1.7404161004482867e-07,1.5e-10,0.0002136778168065968,24115912.898298223,0.0,0.0,0.0,0.0,0.0,13923328.803586047,824604397463.0497,-161.6152376700161,489.84452251153465,234.87743959309074,468.2875218357859,48.71632729198334,-91.30301708697756,-96.0306749201795,-0.2308575595400158,112.88057080627709,585.4182170004984,6.976643465070498e-05
1168,1.7419161004482868e-07,1.5e-10,0.0002138912768855938,24136697.50798905,0.0,0.0,0.0,0.0,0.0,13935328.803586047,824690947423.5322,-159.26417561151476,499.0553465596824,233.21261626993643,481.8938714429541,47.01614561503099,-101.32491727637476,-99.3488651759627,-6.571464024350464,112.2303010363478,597.8196420770961,6.985610759701655e-05
1169,1.743416100448287e-07,1.5e-10,0.00021410550966977025,24157482.117679875,0.0,0.0,0.0,0.0,0.0,13947328.803586047,824763100826.6893,-179.99560208103586,496.69025102621856,250.77871078977358,490.5290307370091,60.16553038766456,-90.59808541950925,-89.20870096742303,9.14188256160674,119.8123115870875,607.752276010957,6.994727043841819e-05
1170,1.744916100448287e-07,1.5e-10,0.0002143204131924354,24178266.727370705,0.0,0.0,0.0,0.0,0.0,13959328.803586047,824867357115.0612,-170.420910019528,499.69541514149785,243.16805989168992,497.411771762584,62.027634275132414,-100.36222628880918,-107.04958150125348,1.503731934546947,108.37533587172948,608.7681110414754,7.003858565507441e-05
1171,1.7464161004482871e-07,1.5e-10,0.00021453498310419669,24199051.337061528,0.0,0.0,0.0,0.0,0.0,13971328.803586047,824928278937.8749,-167.40083563363615,496.8295160422782,251.20778380476958,495.7447855342262,53.78426716685402,-109.97699077588061,-101.94282604487913,8.021342649423605,113.59853058448864,607.0473766747189,7.012964276157562e-05
1172,1.7479161004482872e-07,1.5e-10,0.0002147475190108241,24219835.946752355,0.0,0.0,0.0,0.0,0.0,13983328.803586047,825008010115.4432,-158.11246180903436,498.7567602464106,257.2723671319143,470.16385820036794,35.94936313923245,-130.78481512324944,-116.94278880318394,-0.21337442924980704,122.14496994780515,593.8806510338587,7.02187248592307e-05
1173,1.7494161004482874e-07,1.5e-10,0.00021496042426084828,24240620.55644318,0.0,0.0,0.0,0.0,0.0,13995328.803586047,825091535472.6515,-143.647008127365,490.32058896010636,253.2648312087805,484.9903273002078,34.915007619848986,-119.85013750030905,-103.58699198328023,8.311684883924663,108.71380706067016,592.5706963272061,7.030761046367979e-05
1174,1.7509161004482875e-07,1.5e-10,0.0002151744723002536,24261405.16613401,0.0,0.0,0.0,0.0,0.0,14007328.803586047,825168311795.2155,-151.9761091935097,495.84388324961304,240.99068492661485,493.2419891159637,50.30256186624187,-107.72374708509004,-99.52803151482125,17.306367859935555,101.65521723409346,599.55527547871,7.03975437550016e-05
1175,1.7524161004482876e-07,1.5e-10,0.00021538590232831795,24282189.775824834,0.0,0.0,0.0,0.0,0.0,14019328.803586047,825256844908.3018,-166.98062207413219,481.54390305338956,257.4607948596748,473.4424412448976,44.91054799145345,-115.39269231396449,-95.80258865336653,4.965102852466767,122.05171417668404,588.7610604055415,7.048585791406242e-05
1176,1.7539161004482877e-07,1.5e-10,0.0002155991344205492,24302974.38551566,0.0,0.0,0.0,0.0,0.0,14031328.803586047,825339674501.2515,-151.3552257850049,480.894943965542,251.3353859083182,498.26326694439393,52.93357691862899,-111.69804185631232,-106.46183635519846,-6.636159136423691,98.40303818263106,595.6870493248003,7.057521097146115e-05
1177,1.7554161004482878e-07,1.5e-10,0.00021581451444382894,24323758.99520649,0.0,0.0,0.0,0.0,0.0,14043328.803586047,825166878417.3452,-167.01908432374904,505.48444784368894,250.023113934335,496.41727554394373,55.95475494603724,-114.19514297212672,-100.34161236654339,3.0759761356526942,111.04572475153508,612.4470068795465,7.066707802249308e-05
1178,1.756916100448288e-07,1.5e-10,0.00021602839608249555,24344543.604897317,0.0,0.0,0.0,0.0,0.0,14055328.803586047,825240869793.211,-146.49966096609737,499.76018933786355,254.3655618669646,484.668699586648,12.267388467961943,-124.67646937312101,-103.88064687807328,2.0307177964179743,134.21352496700337,601.675368423406,7.07573293277566e-05
1179,1.758416100448288e-07,1.5e-10,0.00021623950007323867,24365328.214588143,0.0,0.0,0.0,0.0,0.0,14067328.803586047,825308436019.0013,-157.9351619313414,465.04362866634244,247.4973705177977,487.32324315165033,37.97421937969282,-131.2200363952691,-101.13096419165491,8.103149852965501,119.94208639368414,584.5587717214814,7.084501314351482e-05
1180,1.7599161004482882e-07,1.5e-10,0.00021645264843797097,24386112.82427897,0.0,0.0,0.0,0.0,0.0,14079328.803586047,825380117704.1438,-173.37748213945338,483.224837249551,251.58905795058632,490.97616131548074,40.09168091236491,-130.0094144034099,-113.980314373377,4.947551303012555,133.26708493840124,600.6936661768332,7.093511719344134e-05
1181,1.7614161004482883e-07,1.5e-10,0.0002166669554956986,24406897.433969796,0.0,0.0,0.0,0.0,0.0,14091328.803586047,825471402310.2493,-158.33069864299003,489.97562205731793,254.94516038356232,499.19903800266763,33.29979694456396,-128.43556661383766,-107.34076694532231,10.660538415054488,125.01219946517179,604.9064929345625,7.102585316738152e-05
1182,1.7629161004482884e-07,1.5e-10,0.00021688132204962602,24427682.043660622,0.0,0.0,0.0,0.0,0.0,14103328.803586047,825487126243.9204,-168.8004883010447,479.841599506566,249.29833637688438,508.9344971252935,37.90216757794722,-124.18436058762828,-98.9501738766072,19.094354422935346,130.86028450839646,607.0243913474521,7.111690682608363e-05
1183,1.7644161004482885e-07,1.5e-10,0.00021709513154892152,24448466.65335145,0.0,0.0,0.0,0.0,0.0,14115328.803586047,825581615136.5723,-168.92632008690282,482.67659550245185,255.44312319021859,498.64146098807976,28.85419701510642,-128.39114986244576,-100.87827456561996,12.733868031025368,139.98421573432984,605.0290684977654,7.120766118635829e-05
1184,1.7659161004482886e-07,1.5e-10,0.00021730841601760157,24469251.263042275,0.0,0.0,0.0,0.0,0.0,14127328.803586047,825697600133.7863,-154.40613820323682,488.54301028495587,267.5269231768413,487.86879111894916,15.143905436485099,-128.3997662439912,-115.13951611804485,6.026984500951043,139.2434526614893,599.5819906273729,7.12975984849524e-05
1185,1.7674161004482887e-07,1.5e-10,0.00021752178669827652,24490035.8727331,0.0,0.0,0.0,0.0,0.0,14139328.803586047,825821897269.9691,-159.51526568934872,481.00349156771796,267.44131809792395,496.52098135938866,34.566204469992115,-130.59693239521698,-102.73248541274017,11.942897961275587,124.93007053153221,600.3490108895606,7.138765083658584e-05
1186,1.7689161004482888e-07,1.5e-10,0.0002177357663984046,24510820.482423928,0.0,0.0,0.0,0.0,0.0,14151328.803586047,825951742231.4458,-170.10973417814046,485.45225231183485,264.7307246946582,497.08714018769746,19.90674356848782,-122.29142155376422,-108.78029642599601,11.105636309584764,150.18423929933627,607.1365262174158,7.147872131551845e-05
1187,1.770416100448289e-07,1.5e-10,0.00021794988562824847,24531605.092114754,0.0,0.0,0.0,0.0,0.0,14163328.803586047,826081350808.1748,-175.73381855318777,478.82846157003365,276.43954856919584,503.5507326105783,13.413795449957453,-134.1587464302361,-113.26458720682369,12.239136412717393,162.30090392413177,611.3828906923169,7.15704287491223e-05
1188,1.771916100448289e-07,1.5e-10,0.00021816567911541726,24552389.70180558,0.0,0.0,0.0,0.0,0.0,14175328.803586047,826208906188.4619,-181.61578657817535,488.78754234826005,275.96810051177437,511.77803473233206,9.047436426091634,-134.89728632934444,-111.58558444248249,13.038076874654461,172.54902924233073,624.1477890217827,7.166405091747557e-05
1189,1.7734161004482892e-07,1.5e-10,0.0002183812523556494,24573174.31149641,0.0,0.0,0.0,0.0,0.0,14187328.803586047,826310580486.0068,-176.76940656996635,490.2068750504301,278.0542511249432,509.3067962494605,17.34223307978193,-136.7459145953867,-121.61861898648847,12.4323508141562,159.4079757363355,619.9117426454696,7.175703767887239e-05
1190,1.7749161004482893e-07,1.5e-10,0.0002185954214503152,24593958.921187233,0.0,0.0,0.0,0.0,0.0,14199328.803586047,826434324561.2838,-179.0963841546176,482.23894944646594,292.62484946560454,498.90506582665824,1.4167444862635898,-136.991004037522,-119.37226119078812,10.538365066097079,177.66037716333122,615.3404941290794,7.184933875299175e-05
1191,1.7764161004482894e-07,1.5e-10,0.00021880955308349102,24614743.53087806,0.0,0.0,0.0,0.0,0.0,14211328.803586047,826462972077.6787,-172.39217880014704,479.3277729472965,282.3965943587139,503.5152812714344,9.060721692635553,-136.00229201874524,-124.6501155077523,12.052914838251798,163.31138303647458,610.7840329052464,7.194095635792754e-05
1192,1.7779161004482895e-07,1.5e-10,0.0002190253250314239,24635528.140568886,0.0,0.0,0.0,0.0,0.0,14223328.803586047,826601120365.2273,-181.84337429607695,482.2583384833361,278.9475022258536,518.4922927990883,14.875749901670279,-133.4374881947023,-117.44715906098409,13.148228118486672,166.9483446876147,622.9964670721482,7.203440582798836e-05
1193,1.7794161004482896e-07,1.5e-10,0.00021924131763597255,24656312.750259712,0.0,0.0,0.0,0.0,0.0,14235328.803586047,826761110132.1466,-176.16931539678606,487.8954313566283,285.1209390781715,515.8273169217831,8.319900390366818,-136.08934829783297,-123.79355951149866,16.137538613821267,167.82998530041414,623.5430539124828,7.212793728607523e-05
1194,1.7809161004482897e-07,1.5e-10,0.00021945613693804712,24677097.35995054,0.0,0.0,0.0,0.0,0.0,14247328.803586047,826906514573.1378,-189.03670314896087,477.0128091162973,288.483343933545,512.282679482958,22.055015064936555,-142.0742671467735,-137.82422952624887,12.520047148915364,166.96212828558984,618.1648460438572,7.222066201298181e-05
1195,1.7824161004482898e-07,1.5e-10,0.0002196710011765842,24697881.969641365,0.0,0.0,0.0,0.0,0.0,14259328.803586047,827054780880.8414,-204.03044833386843,481.89888399174947,286.3175793688028,505.7073035059263,21.747328279450517,-141.61571424682256,-137.3881739434002,12.083983036285078,182.26363108082876,623.1552031057273,7.231413529344767e-05
1196,1.78391610044829e-07,1.5e-10,0.00021988415510731298,24718666.57933219,0.0,0.0,0.0,0.0,0.0,14271328.803586047,827021896592.8838,-164.44380954715717,469.57054557242265,292.9525997985452,503.4159166865535,11.031913202279666,-131.13105171850728,-133.0962827113573,21.296262778132473,153.39218629815159,601.5828132415122,7.24043727154339e-05
1197,1.78541610044829e-07,1.5e-10,0.00022009962335291206,24739451.189023018,0.0,0.0,0.0,0.0,0.0,14283328.803586047,827164231466.9598,-186.55255876735757,479.3383182855148,293.75589886639233,515.8315228504879,4.548248212344313,-148.73145693458855,-126.41491534604933,11.136227679445998,181.98482865392074,625.3480385074326,7.249817492121001e-05
1198,1.7869161004482902e-07,1.5e-10,0.00022031543641729055,24760235.798713844,0.0,0.0,0.0,0.0,0.0,14295328.803586047,827319219258.533,-182.85663399565072,485.6410308597763,295.6254657108472,514.4184058260159,9.676677188440964,-152.6405082203226,-130.45832749531505,12.023171164883621,173.16134888128022,625.620325431541,7.259201797002475e-05
1199,1.7884161004482903e-07,1.5e-10,0.0002205314275419491,24781020.40840467,0.0,0.0,0.0,0.0,0.0,14307328.803586047,827462790454.4415,-192.85214007285398,486.5515959851938,314.27152398625503,511.9961405104046,-1.5481726584662932,-146.4965125898529,-112.90799768963608,9.537067211870816,194.38114311199857,634.129189938168,7.268713734851547e-05
1200,1.7899161004482904e-07,1.5e-10,0.00022074803830542754,24801805.0180955,0.0,0.0,0.0,0.0,0.0,14319328.803586047,827619685934.8165,-184.52110014833568,486.07121248566546,297.9344529467854,522.1268600958934,2.357471160346274,-153.48642281809074,-119.86130805902818,20.242995795183877,182.13873877827237,632.5565686956708,7.278202083381983e-05
1201,1.7914161004482905e-07,1.5e-10,0.00022096497048942014,24822589.627786323,0.0,0.0,0.0,0.0,0.0,14331328.803586047,827645560077.9327,-163.90581620577493,495.61281318008207,290.80516679887194,519.0684754414342,-17.673955849713607,-146.76809785614654,-136.91166031410737,16.846275602065585,181.56112891661115,629.9272091240607,7.287650991518844e-05
1202,1.7929161004482906e-07,1.5e-10,0.00022118080936911935,24843374.237477154,0.0,0.0,0.0,0.0,0.0,14343328.803586047,827813012708.2422,-184.35032236706326,480.70442325974597,298.47580256835556,519.0484145802104,7.466889403594614,-145.31286954429592,-120.90312890266793,18.959902760741713,176.86480259179802,626.5372486391414,7.29704905024843e-05
1203,1.7944161004482907e-07,1.5e-10,0.00022139362255082216,24864158.847167976,0.0,0.0,0.0,0.0,0.0,14355328.803586047,827953843426.0298,-192.401930051438,460.3261715122506,291.1922060885905,508.8630350370341,65.10822268688729,-111.54751437289569,-117.9767540307543,64.30629821365712,127.27510825993494,601.7962325379248,7.3060759937365e-05
1204,1.7959161004482909e-07,1.5e-10,0.0002216088683948794,24884943.456858806,0.0,0.0,0.0,0.0,0.0,14367328.803586047,827986780024.6521,-170.9667759595995,484.63758037188444,294.1000949444846,511.483289962855,29.281800244600234,-150.59084884995008,-121.12868224053145,7.158977877822617,141.6665955573134,617.2685997598811,7.315335022732899e-05
1205,1.797416100448291e-07,1.5e-10,0.00022182509703685285,24905728.06654963,0.0,0.0,0.0,0.0,0.0,14379328.803586047,828108233341.48,-170.64380385797404,492.70221377475036,280.48242926752016,514.8444432797953,16.352281145008796,-159.37424594149164,-127.02588899706959,20.54162812460569,154.27327081881293,622.9894503197878,7.324679864487695e-05
1206,1.798916100448291e-07,1.5e-10,0.00022204304370496687,24926512.67624046,0.0,0.0,0.0,0.0,0.0,14391328.803586047,828187390276.8523,-182.9958373086125,495.0008539639998,298.68929134040843,530.4782507116838,13.183505337008981,-178.94793777904493,-147.26329812528866,41.28137265859774,169.79410311831126,637.3047272636262,7.334239435396649e-05
1207,1.8004161004482912e-07,1.5e-10,0.00022226010161993147,24947297.28593128,0.0,0.0,0.0,0.0,0.0,14403328.803586047,828293623947.7396,-175.41325921862867,501.2137033777814,304.58312141842765,514.1554575656576,-1.5486725847444942,-162.18438738374488,-138.83852062520918,51.66972978632513,176.9438138332443,631.0895186188254,7.343705778175931e-05
1208,1.8019161004482913e-07,1.5e-10,0.00022247782921040962,24968081.89562211,0.0,0.0,0.0,0.0,0.0,14415328.803586047,828243338479.6389,-209.2579211840883,513.4364675641472,276.61841581488164,509.18695699987893,52.49169901034313,-196.38269042155048,-159.19003452981525,46.96763401456764,156.74853099463928,638.7753043399798,7.35328740774103e-05
1209,1.8034161004482914e-07,1.5e-10,0.00022269545188256784,24988866.505312935,0.0,0.0,0.0,0.0,0.0,14427328.803586047,828282640753.8177,-149.3397188103153,505.5813998618131,281.5951977987803,520.1047178087128,-25.981322740616307,-152.97106445909174,-155.09514763879494,40.69381788303788,175.309839716079,629.3018078434653,7.362726934858683e-05
1210,1.8049161004482915e-07,1.5e-10,0.00022291295380111396,25009651.115003765,0.0,0.0,0.0,0.0,0.0,14439328.803586047,828356119836.2039,-193.80236325043066,512.3655003525291,280.12185632944363,506.21147309483126,7.822963996775449,-172.49993830725907,-136.11573304684657,35.45954462522734,185.96212046768844,638.0757044720648,7.372298070425764e-05
1211,1.8064161004482916e-07,1.5e-10,0.00022313126050471353,25030435.724694587,0.0,0.0,0.0,0.0,0.0,14451328.803586047,828362499696.051,-180.6027085248636,512.3012910655449,286.36534995259984,518.487780687801,14.81950927696076,-173.59777049808991,-146.3016781934865,49.1560788129251,165.76687771477233,637.2495338249365,7.381856813433139e-05
1212,1.8079161004482918e-07,1.5e-10,0.00022334815052675117,25051220.334385417,0.0,0.0,0.0,0.0,0.0,14463328.803586047,828486410158.2328,-198.964343383394,500.0281688632786,275.1140857466967,513.1930058299868,32.06533730508362,-184.83796607480366,-157.70609897579007,43.10455351226099,166.8827394425246,631.7752325729072,7.391333441921732e-05
1213,1.809416100448292e-07,1.5e-10,0.00022356429328782988,25072004.944076244,0.0,0.0,0.0,0.0,0.0,14475328.803586047,828599881261.5254,-177.6848417954551,509.9949652685806,272.1866045568537,497.8041334152635,29.669169629893563,-177.58732537125226,-153.68911178615696,46.14028925163797,147.99953900108974,620.6692771397175,7.400643481078827e-05
1214,1.810916100448292e-07,1.5e-10,0.0002237815964690605,25092789.55376707,0.0,0.0,0.0,0.0,0.0,14487328.803586047,828596546859.0769,-159.5267204821998,505.6711868325548,272.52973794526787,515.4876582491922,0.35397865234125236,-178.51207197907829,-137.4134929763423,36.771395327477215,159.1567708216998,627.8725351149468,7.410061569105551e-05
1215,1.812416100448292e-07,1.5e-10,0.00022399825089659435,25113574.163457897,0.0,0.0,0.0,0.0,0.0,14499328.803586047,828624199472.9225,-180.14722002552253,506.64987595480176,278.8556417791032,504.55981847889194,7.473935629525278,-172.77493501648382,-137.98276880697233,51.761485618626864,172.65747952905252,627.6074779295737,7.419475681274495e-05
1216,1.8139161004482922e-07,1.5e-10,0.0002242145270790791,25134358.773148723,0.0,0.0,0.0,0.0,0.0,14511328.803586047,828732218482.6196,-189.71824633937797,498.1502656967835,264.86754870775644,507.26252036284615,6.549215196948771,-186.60591693373493,-138.32171530464277,45.9362998205555,183.15337387315853,628.7073475665381,7.428906291487992e-05
1217,1.8154161004482923e-07,1.5e-10,0.00022443088375338454,25155143.38283955,0.0,0.0,0.0,0.0,0.0,14523328.803586047,828824111328.1442,-169.08113299775027,505.17768616888617,269.22823685897447,502.71212441273644,0.7227404043797981,-174.8596822024027,-104.84275706143931,46.82865545427222,168.34296014373692,625.330048398872,7.438286242213976e-05
1218,1.8169161004482924e-07,1.5e-10,0.0002246459815689611,25175927.992530376,0.0,0.0,0.0,0.0,0.0,14535328.803586047,828954969607.0767,-165.17161241998215,496.3699988339247,267.5738177299536,497.4842966233637,10.994751051310232,-185.42531122465988,-99.72337542962335,31.395066576074747,154.1614875271578,616.9770575202908,7.44754089807678e-05
1219,1.8184161004482925e-07,1.5e-10,0.0002248613060563141,25196712.602221202,0.0,0.0,0.0,0.0,0.0,14547328.803586047,828887866181.6643,-148.1012310309068,501.78940769654025,262.7403378414967,499.0865266514676,13.593793834011073,-179.77680233843466,-119.25043519135232,56.0342760205237,134.49216968719543,610.4828744747244,7.456698141193901e-05
1220,1.8199161004482927e-07,1.5e-10,0.00022507967807305012,25217497.21191203,0.0,0.0,0.0,0.0,0.0,14559328.803586047,828928205548.5393,-170.04709665579568,520.4442175363077,261.3006424686537,512.3813210410214,20.447839365115385,-199.14416215014992,-93.3432071415928,57.55582351171609,137.72911441566274,635.503062464314,7.466230687130866e-05
1221,1.8214161004482928e-07,1.5e-10,0.0002252972729362161,25238281.821602855,0.0,0.0,0.0,0.0,0.0,14571328.803586047,828880036805.0568,-172.46534253960337,508.15460764190925,264.0494882796953,515.3986595376908,20.197307896408862,-182.8327721981227,-113.93923120192053,54.84659276562263,152.2530197493987,630.6719320038666,7.475690766110924e-05
1222,1.822916100448293e-07,1.5e-10,0.00022551554189029205,25259066.43129368,0.0,0.0,0.0,0.0,0.0,14583328.803586047,828977191708.4568,-180.08942250455962,524.9812601261269,259.2643796618667,505.35416841249076,17.317504157038716,-193.96786784271356,-125.99205757671879,51.723108237490855,162.7570998891908,637.1891707586168,7.485248603672303e-05
1223,1.824416100448293e-07,1.5e-10,0.00022573267816332443,25279851.040984508,0.0,0.0,0.0,0.0,0.0,14595328.803586047,829097952659.2507,-178.97241069387772,511.5074267232474,261.5864785078073,505.0516646326996,12.545086590580452,-194.9804280594911,-116.61740923013703,51.615858927043156,166.41264210691452,631.0639581501729,7.494714563044555e-05
1224,1.825916100448293e-07,1.5e-10,0.0002259497977145614,25300635.650675334,0.0,0.0,0.0,0.0,0.0,14607328.803586047,829223431956.1786,-175.68018783967125,518.9837502194197,251.4986225830951,499.51952373943647,22.86255225824822,-193.38258018754328,-115.22967815979153,77.0885517595679,152.803175914211,626.8738618085732,7.504117670971683e-05
1225,1.8274161004482932e-07,1.5e-10,0.00022616667807128234,25321420.260366164,0.0,0.0,0.0,0.0,0.0,14619328.803586047,829375690731.5836,-182.1425551416806,508.8019057842955,260.0520369211908,504.1557491317213,11.233460292792932,-194.22521765909926,-113.43408538301011,52.0988791098691,170.89498734605053,630.5538110589803,7.513575978137568e-05
1226,1.8289161004482933e-07,1.5e-10,0.00022638621643208343,25342204.870056987,0.0,0.0,0.0,0.0,0.0,14631328.803586047,829517138074.8965,-197.46441308520542,513.8502746278042,252.84686138621473,529.9770648773127,43.24316241743857,-188.37149914499224,-102.95321301812429,63.16056393948077,154.20987525092806,647.3039216952551,7.523285536962997e-05
1227,1.8304161004482934e-07,1.5e-10,0.00022660290271354027,25362989.479747817,0.0,0.0,0.0,0.0,0.0,14643328.803586047,829660374821.9849,-177.4146121820973,504.62707018533115,254.70594059144068,507.3428075271506,12.285242137333931,-192.0582129708649,-106.12461677740662,75.09738821259741,165.11519951657286,626.5298821058923,7.532683485194585e-05
1228,1.8319161004482936e-07,1.5e-10,0.00022681994477448714,25383774.08943864,0.0,0.0,0.0,0.0,0.0,14655328.803586047,829817746142.7268,-181.69558615544017,511.0482056266436,249.1874231321366,504.72705333374074,14.742227554367709,-196.65785863178826,-111.8722406757496,68.30669557361352,166.93973153115496,629.636891030089,7.542128038560037e-05
1229,1.8334161004482937e-07,1.5e-10,0.0002270381762407261,25404558.69912947,0.0,0.0,0.0,0.0,0.0,14667328.803586047,829975861541.864,-174.40804835236304,510.21915972516484,252.5456180073666,519.978753400051,19.22282923959155,-205.23254698597066,-101.79021293658887,65.87763763448204,155.1754423980147,635.9216219946487,7.551666862889956e-05
1230,1.8349161004482938e-07,1.5e-10,0.00022725528475598715,25425343.308820292,0.0,0.0,0.0,0.0,0.0,14679328.803586047,830010154748.7927,-177.60733136889306,514.9862943636726,265.11424192215287,501.2513720495072,19.581044055321538,-193.80553075275662,-100.73434836051996,57.62498389960144,158.0358316967505,630.3731954089269,7.56112246082109e-05
1231,1.836416100448294e-07,1.5e-10,0.00022747584438661324,25446127.918511122,0.0,0.0,0.0,0.0,0.0,14691328.803586047,829322507576.113,-168.39347186963712,535.8202288864312,245.1936305578147,522.4086754978721,20.205510396448773,-196.54129454907672,-92.61133108583424,64.33566540847045,148.44476790107743,648.6419266012169,7.570852089720108e-05
1232,1.837916100448294e-07,1.5e-10,0.0002276952117826391,25466912.528201945,0.0,0.0,0.0,0.0,0.0,14703328.803586047,829080893192.5616,-177.1365044925688,517.7323242840434,263.6241382943291,523.4584824209863,6.839171299398628,-191.10804694556242,-94.6023887166067,45.313728670725645,170.55390176233317,646.7684100786868,7.580553615871288e-05
1233,1.839416100448294e-07,1.5e-10,0.0002279138148158059,25487697.137892775,0.0,0.0,0.0,0.0,0.0,14715328.803586047,829233781793.2871,-178.8614427130405,524.5903143401442,263.3485273692263,507.6001145341058,2.488271924439056,-183.6843740236794,-95.6478419245748,54.981373147663604,176.70889942930242,642.0156665899613,7.590183850870137e-05
1234,1.8409161004482942e-07,1.5e-10,0.00022813357162492827,25508481.747583598,0.0,0.0,0.0,0.0,0.0,14727328.803586047,829379307216.6185,-178.57963541042102,527.1686640554412,259.6286928684017,518.7714117643628,8.65554704055287,-190.0788314583813,-96.42437639057495,49.40226959142677,169.96708997808778,648.6203355041782,7.599913155902701e-05
1235,1.8424161004482943e-07,1.5e-10,0.00022835257844734636,25529266.357274428,0.0,0.0,0.0,0.0,0.0,14739328.803586047,829533557845.0416,-169.3182670889564,531.7185673271345,259.99594674800096,508.08391398109,29.3640574172269,-209.0015488022715,-101.47399401515047,48.652282483550714,140.00207176278877,640.3887631519085,7.60951898734998e-05
1236,1.8439161004482945e-07,1.5e-10,0.00022856779249204323,25550050.966965254,0.0,0.0,0.0,0.0,0.0,14751328.803586047,829568799746.6722,-184.6226941287627,490.4491116974329,282.39642333778346,498.6673638589778,-26.220725016088583,-182.56262391034832,-92.5452164506269,51.68744535820598,210.8999145428701,629.8218992854368,7.618966315839262e-05
1237,1.8454161004482946e-07,1.5e-10,0.0002287871953250353,25570835.57665608,0.0,0.0,0.0,0.0,0.0,14763328.803586047,829698018187.7063,-177.89210280921284,526.0272318116023,266.8790933626321,516.5558720497371,14.699847083187809,-197.0471540103249,-109.86149072033935,57.58653541128116,163.25635406430106,645.0095518449701,7.628641459116936e-05
1238,1.8469161004482947e-07,1.5e-10,0.00022900619466288954,25591620.186346907,0.0,0.0,0.0,0.0,0.0,14775328.803586047,829828027851.8457,-170.86582646145146,531.9509205373616,261.6105804791218,507.5422898606079,22.079627633700657,-205.4408254359701,-110.7501456411284,56.198205549326055,148.9483794052953,640.1340707294938,7.638243470177878e-05
1239,1.8484161004482948e-07,1.5e-10,0.0002292240267286542,25612404.796037734,0.0,0.0,0.0,0.0,0.0,14787328.803586047,829803501402.7062,-173.87555248238786,514.0743545855106,277.5399256388064,510.04064345782314,13.314754511371241,-188.85463835999067,-103.68298281157053,45.07038219087964,160.5900093325263,635.6387761354672,7.64777805181991e-05
1240,1.849916100448295e-07,1.5e-10,0.00022944382508514814,25633189.40572856,0.0,0.0,0.0,0.0,0.0,14799328.803586047,829988570934.2058,-170.41897425403286,524.5631297419168,273.84043976450414,521.5464927882673,-6.137877808799892,-195.68862324534152,-101.4215562868308,49.62952260049097,176.58889760914948,649.5985305782663,7.657522029778584e-05
1241,1.851416100448295e-07,1.5e-10,0.00022966603859582262,25653974.015419386,0.0,0.0,0.0,0.0,0.0,14811328.803586047,829956384375.5939,-190.934784349149,529.6402451815882,263.79409399421536,543.1917405927718,14.26451301735457,-198.89417855245011,-101.87709039103406,57.36787148134748,176.70375106837304,666.5790398357364,7.667520715376119e-05
1242,1.8529161004482951e-07,1.5e-10,0.00022988551854492468,25674758.625110213,0.0,0.0,0.0,0.0,0.0,14823328.803586047,830118176685.2771,-192.29862325611478,523.3709857387197,282.6249341002312,516.0316902161434,-4.701954250161597,-191.61045803655054,-114.18802944271904,52.072033362587504,197.03845004627055,653.158971192168,7.677318099944002e-05
1243,1.8544161004482953e-07,1.5e-10,0.00023010740087806437,25695543.23480104,0.0,0.0,0.0,0.0,0.0,14835328.803586047,830275269797.3206,-196.37568491506235,526.9989211411104,280.1074943734822,540.2637839567187,5.684966805908119,-193.30325691993562,-104.7930976661221,63.21709701368197,190.7318950744569,667.4968157050218,7.687330552179578e-05
1244,1.8559161004482954e-07,1.5e-10,0.00023032828839060704,25716327.844491865,0.0,0.0,0.0,0.0,0.0,14847328.803586047,830296335042.6299,-209.86343236514108,534.4166977374274,273.3144923168291,522.1601309555323,29.10729899446587,-192.62611188725552,-125.00346112039811,74.92767018490723,180.80200897638133,660.1419552343864,7.697232681508093e-05
1245,1.8574161004482955e-07,1.5e-10,0.0002305471854973942,25737112.454182692,0.0,0.0,0.0,0.0,0.0,14859328.803586047,830466485756.4679,-218.22145176195377,504.4421054720753,288.92816931600396,524.046630318223,3.3109616597023397,-197.1316418405248,-111.43602668380831,46.34825985410478,214.9611031085929,658.2066163140305,7.707105780752803e-05
1246,1.8589161004482956e-07,1.5e-10,0.00023076879388358835,25757897.06387352,0.0,0.0,0.0,0.0,0.0,14871328.803586047,830619612520.9656,-213.3349048606992,524.6534296111238,285.6963082782464,536.7615260456681,7.744559884017789,-201.03254791264254,-110.91227003932202,64.1082785112069,205.33840505641956,671.1608511943573,7.717173193520718e-05
1247,1.8604161004482957e-07,1.5e-10,0.00023098771637409136,25778681.673564345,0.0,0.0,0.0,0.0,0.0,14883328.803586047,830558252801.9915,-208.74557143418474,522.9769256074838,282.79822472657804,508.2806154362116,3.6547103775090517,-205.28022174608043,-121.42902561073652,71.12805983600853,205.1541009423579,652.9118082859056,7.726966870645007e-05
1248,1.8619161004482958e-07,1.5e-10,0.0002312076404276408,25799466.283255175,0.0,0.0,0.0,0.0,0.0,14895328.803586047,830638466012.2621,-192.61869788834855,510.4663609719709,293.34882696047913,532.1530159733557,-21.845584704441034,-188.3642557765794,-109.52337895877487,50.06803270461422,214.5347692862683,660.0963376636392,7.736868315709961e-05
1249,1.863416100448296e-07,1.5e-10,0.00023143017608953797,25820250.892945997,0.0,0.0,0.0,0.0,0.0,14907328.803586047,830726648411.3226,-214.70674957793833,525.5590748489591,291.3137371273505,545.9820820295128,13.443438908245241,-198.7755729814002,-105.55005910370123,49.9949547752593,201.34161366848045,677.859520065033,7.747036208510936e-05
1250,1.864916100448296e-07,1.5e-10,0.00023165067576701317,25841035.502636828,0.0,0.0,0.0,0.0,0.0,14919328.803586047,830795606887.1464,-220.077771369612,533.6298506313063,309.83763106309283,513.9071933130966,10.189698756495066,-168.00134774464516,-116.60538849769794,61.553894435187,209.9801904727106,666.1489047563207,7.757028442082281e-05
1251,1.8664161004482962e-07,1.5e-10,0.0002318735751721362,25861820.11232765,0.0,0.0,0.0,0.0,0.0,14931328.803586047,830873623638.7764,-200.01648890985243,549.3632378628054,297.5069693114201,529.549171975245,20.12217238047177,-191.29006023423335,-107.30572414998863,68.42383110341848,179.84616958608223,673.5074601834231,7.767131053985033e-05
1252,1.8679161004482963e-07,1.5e-10,0.00023209552851897263,25882604.72201848,0.0,0.0,0.0,0.0,0.0,14943328.803586047,830976968399.152,-180.98187725776984,529.0030307563251,307.71631074263024,539.4430334456289,5.978814516355166,-185.6851814221951,-93.93173196720956,40.63558358171699,175.2915983554283,667.1718632181792,7.777138631933305e-05
1253,1.8694161004482964e-07,1.5e-10,0.00023231829785535032,25903389.331709303,0.0,0.0,0.0,0.0,0.0,14955328.803586047,831046193132.0962,-169.37120028730402,538.2967506938173,285.6866531992268,541.1844081226703,-14.27707851663447,-203.35003612998622,-107.2997654305084,47.69988626080184,183.7769506690976,669.989361913512,7.787188472362008e-05
1254,1.8709161004482965e-07,1.5e-10,0.00023254049806920653,25924173.941400133,0.0,0.0,0.0,0.0,0.0,14967328.803586047,831085116791.527,-193.7905656511315,535.8194439182922,291.5219465001986,535.3027143899144,13.440544955563624,-190.69461733054868,-102.14659662817141,60.93953204011524,180.56654933638757,668.5011852304098,7.797215990140464e-05
1255,1.8724161004482966e-07,1.5e-10,0.00023276284602428103,25944958.551090956,0.0,0.0,0.0,0.0,0.0,14979328.803586047,830867078898.7162,-205.14702131692522,528.9197099645628,297.4543796380105,541.1313154969044,4.034045717678027,-182.5941841071331,-90.48313377573645,63.763286550126615,199.81321033781146,674.789068704744,7.807337826171035e-05
1256,1.8739161004482967e-07,1.5e-10,0.00023298719045179055,25965743.160781786,0.0,0.0,0.0,0.0,0.0,14991328.803586047,830830370974.0184,-175.68528998391494,537.5092121142018,288.8213357170107,560.2475913363003,10.386602703812803,-207.10468043100252,-89.44475515134575,58.46014081225853,165.29112075502167,679.0937426757836,7.817524232311172e-05
1257,1.8754161004482968e-07,1.5e-10,0.00023321103057285578,25986527.77047261,0.0,0.0,0.0,0.0,0.0,15003328.803586047,830947663697.9296,-177.1898537974996,537.7618750670582,299.97656430095896,552.2482866265483,-3.3769953902845935,-210.18954928170828,-87.69280284675342,54.10426063271064,180.55869021661644,679.5997212339727,7.827718228129681e-05
1258,1.876916100448297e-07,1.5e-10,0.00023343574246472736,26007312.38016344,0.0,0.0,0.0,0.0,0.0,15015328.803586047,831083820455.611,-189.71738569431716,540.2937372143773,294.2493811470966,558.5149146936433,1.0530529199504512,-204.56163770041172,-85.77415375373054,57.72245067697737,188.65631341243915,686.9192385041495,7.838022016707243e-05
1259,1.878416100448297e-07,1.5e-10,0.00023365956511911117,26028096.98985426,0.0,0.0,0.0,0.0,0.0,15027328.803586047,830932983683.3889,-175.03492301551313,542.5641419013764,301.9693302262726,546.6252794205686,-13.894554816814589,-215.4113529495533,-83.29325909207778,62.14998584730249,188.92161684447066,680.8536765786116,7.848234821855922e-05
1260,1.8799161004482972e-07,1.5e-10,0.00023388854001149274,26048881.59954509,0.0,0.0,0.0,0.0,0.0,15039328.803586047,831029201885.0029,-180.39660601773724,565.7267584866261,303.3898074728269,581.1469669750811,-20.627967606594584,-218.4357508778239,-70.9589720258781,57.885724539402894,201.0168100269832,716.9082133778106,7.858988445056589e-05
1261,1.8814161004482973e-07,1.5e-10,0.00023411227381313815,26069666.209235918,0.0,0.0,0.0,0.0,0.0,15051328.803586047,831087882469.1213,-166.7364084690053,547.1956963381173,298.6170905693456,543.7974728922683,2.452578034034413,-220.2613801506903,-92.11667839779923,64.11048358277496,164.2759931965705,675.0009659279742,7.869113459545508e-05
1262,1.8829161004482974e-07,1.5e-10,0.0002343364501509291,26090450.818926744,0.0,0.0,0.0,0.0,0.0,15063328.803586047,831191446504.9022,-175.92310782418903,538.823314541597,288.4214291996406,557.8544597464738,28.130606864924562,-224.0407559740657,-90.9699993403839,61.884637776978025,147.78483467933773,677.0389134508858,7.879269043247272e-05
1263,1.8844161004482975e-07,1.5e-10,0.00023456293841821408,26111235.42861757,0.0,0.0,0.0,0.0,0.0,15075328.803586047,831319886495.4712,-172.5856662633002,556.0029556206229,312.3783062034269,563.2714140199042,-18.792117206388248,-217.28260644318996,-74.82965334189099,62.30092497820157,191.37000596033718,699.2249682565347,7.889757417771121e-05
1264,1.8859161004482976e-07,1.5e-10,0.00023478898339176718,26132020.038308397,0.0,0.0,0.0,0.0,0.0,15087328.803586047,831477614936.622,-186.1135340580237,558.5908102142848,302.57145210889814,555.6743351750803,0.1387872638161667,-217.40048706300982,-87.47151638400008,64.87953222300588,185.9668199720457,695.1166060807637,7.900184166862332e-05
1265,1.8874161004482977e-07,1.5e-10,0.00023501138080062777,26152804.647999223,0.0,0.0,0.0,0.0,0.0,15099328.803586047,831513199218.1656,-162.51091260091542,544.045843062001,287.73514532766154,532.4787503222394,-8.31399464113097,-201.71969454016093,-97.55411601172864,67.16343971329651,170.81705312151075,664.4532036450695,7.910150964917008e-05
1266,1.8889161004482978e-07,1.5e-10,0.00023524090691869027,26173589.25769005,0.0,0.0,0.0,0.0,0.0,15111328.803586047,831597888691.3584,-177.4065538059647,584.750464737939,285.26392423885727,568.6228992286194,-52.90483781721075,-208.44053234401153,-101.08615941172702,50.582639457235025,230.2971895383343,721.9714411537724,7.920980536534315e-05
1267,1.890416100448298e-07,1.5e-10,0.00023546567443391296,26194373.867380876,0.0,0.0,0.0,0.0,0.0,15123328.803586047,831632392009.8062,-170.26283522313392,558.3132464251281,302.1255844141621,541.7063218991688,-12.065862085373315,-214.17512716470807,-69.40181582171122,48.17623423156892,182.31612182686857,687.1456440346589,7.931287721194835e-05
1268,1.891916100448298e-07,1.5e-10,0.0002356926547927894,26215158.477071702,0.0,0.0,0.0,0.0,0.0,15135328.803586047,831761015717.8959,-184.97648490633605,567.4731994171339,288.06972422428703,556.3667415073891,-20.989874184285902,-213.43095269196166,-82.59579706830839,49.06960193178648,205.95993360129424,703.8946747094807,7.941846141315477e-05
1269,1.8934161004482982e-07,1.5e-10,0.00023591979735952404,26235943.08676253,0.0,0.0,0.0,0.0,0.0,15147328.803586047,831913317398.0857,-186.224367715008,568.8404053492483,286.5912856821699,556.8838928982972,-18.85660311748996,-212.9420121578848,-83.8115009599914,47.05471459662513,205.0803728962229,704.7646236315493,7.95241761066995e-05
1270,1.8949161004482983e-07,1.5e-10,0.00023614647248385297,26256727.696453355,0.0,0.0,0.0,0.0,0.0,15159328.803586047,832083730584.5233,-181.84275824490723,570.3096090081725,285.9451084460613,550.058501108203,-33.34883717233558,-210.98720881195692,-87.28621460164169,55.329818744446975,215.18265138155127,702.3494608803537,7.962952852583156e-05
1271,1.8964161004482984e-07,1.5e-10,0.00023637081232766376,26277512.30614418,0.0,0.0,0.0,0.0,0.0,15171328.803586047,832254150148.3492,-169.95325145564047,555.2771831561771,296.47570724707333,538.7346065798874,-28.582234532981893,-220.56118393215402,-71.59972374458083,47.66563118869904,198.58147503560303,686.9243491276416,7.97325671782007e-05
1272,1.8979161004482985e-07,1.5e-10,0.00023659734675484707,26298296.915835008,0.0,0.0,0.0,0.0,0.0,15183328.803586047,832297570405.384,-186.1902438869819,565.3139489117154,283.54207832569364,552.8182092179925,-25.433126287332236,-208.13884433058786,-79.23478758789747,44.109456550401035,211.61365478516353,702.1525502799493,7.98378900607427e-05
1273,1.8994161004482986e-07,1.5e-10,0.00023682560628270275,26319081.525525834,0.0,0.0,0.0,0.0,0.0,15195328.803586047,832326543468.0985,-172.9873626954803,574.5065871576936,290.608775582744,564.5448994421553,-38.267415947108745,-205.02264221751818,-85.26180728627219,32.10998424775361,211.23115197151125,712.1609599141858,7.994471420472983e-05
1274,1.9009161004482987e-07,1.5e-10,0.00023705384057292443,26339866.13521666,0.0,0.0,0.0,0.0,0.0,15207328.803586047,832375811208.4735,-176.20889730671158,576.79715458886,295.70823898744896,561.0172909342534,-40.832410476803666,-207.543140020752,-85.77470904957937,33.002030710089805,217.02935063635243,713.8617043514571,8.005179346038254e-05
1275,1.9024161004482989e-07,1.5e-10,0.00023728034608591907,26360650.744907487,0.0,0.0,0.0,0.0,0.0,15219328.803586047,832572720994.8134,-194.97752043811394,563.7677767136231,299.0574106866993,552.0657364049077,-31.751987781004846,-209.95813927029548,-97.80096611222099,38.94490818800412,226.71913187878198,706.0892494613377,8.015770684780175e-05
1276,1.903916100448299e-07,1.5e-10,0.00023751036433994663,26381435.354598314,0.0,0.0,0.0,0.0,0.0,15231328.803586047,832771962428.8646,-198.657386264579,573.8108740813057,281.4098713024031,584.774690772203,-6.284940351854047,-210.5409549150271,-103.31316035014878,34.14359848787023,204.93355985861967,722.9935499923167,8.02661558803006e-05
1277,1.905416100448299e-07,1.5e-10,0.00023773637917576525,26402219.96428914,0.0,0.0,0.0,0.0,0.0,15243328.803586047,832918487696.7557,-213.5589285415745,548.4486735005516,306.6959759738255,556.8124294287293,-39.74090139020802,-208.6614636088988,-71.6453857276415,41.18884291129838,253.28949080186916,713.5784486222603,8.037319264759395e-05
1278,1.9069161004482992e-07,1.5e-10,0.00023796475975537118,26423004.573979966,0.0,0.0,0.0,0.0,0.0,15255328.803586047,833087530319.0167,-206.63278927944114,556.2834239543042,289.75416116315233,579.0744108134355,-34.09416972934097,-206.63714401675315,-83.75526476520467,39.16835397462944,240.72088351983794,721.8335185435416,8.048146767537548e-05
1279,1.9084161004482993e-07,1.5e-10,0.00023819408105746464,26443789.183670793,0.0,0.0,0.0,0.0,0.0,15267328.803586047,833196265617.5051,-194.48959638134968,557.091338785564,287.01763689726914,590.5552941386732,-31.686859319063213,-215.2867392283658,-69.53325626225715,37.972903668292815,226.171565600816,724.7528591743945,8.059018060425165e-05
1280,1.9099161004482994e-07,1.5e-10,0.00023842045435636087,26464573.79336162,0.0,0.0,0.0,0.0,0.0,15279328.803586047,833329889277.461,-212.41414921281037,553.9347668036701,290.8949389954587,559.6937916029833,-3.4792370121205574,-200.5904510840455,-89.0297434863247,39.9782906027533,215.88963491494263,704.791886547767,8.069589938723381e-05
1281,1.9114161004482995e-07,1.5e-10,0.00023864994947123824,26485358.403052446,0.0,0.0,0.0,0.0,0.0,15291328.803586047,833473502361.2487,-212.9783024180861,567.6100859757166,291.83584885364434,581.5654091205316,-10.11881463192167,-192.03773943010614,-89.5347764531524,29.495358154175623,223.09459093520456,725.3543402055137,8.080470253826463e-05
1282,1.9129161004482996e-07,1.5e-10,0.00023887485886880515,26506143.012743272,0.0,0.0,0.0,0.0,0.0,15303328.803586047,833632948804.9735,-200.02976483015226,538.2647644331714,289.78033306501,560.2729987772183,-7.783658677838152,-185.61323526297204,-88.73021874320193,35.67229959653256,208.30305650781673,692.0052892087026,8.090850333164594e-05
1283,1.9144161004482998e-07,1.5e-10,0.00023910358212056307,26526927.6224341,0.0,0.0,0.0,0.0,0.0,15315328.803586047,833766516146.7098,-205.52945665365328,565.4577000642352,289.1421337289389,575.0921731296258,-23.419351207976135,-202.9315674941371,-90.79068458044979,39.3331168208733,228.94731563757415,720.5037953836027,8.101657890095349e-05
1284,1.9159161004483e-07,1.5e-10,0.00023933678729011219,26547712.23212493,0.0,0.0,0.0,0.0,0.0,15327328.803586047,833907060730.5626,-211.9103144589819,592.4263854688016,301.54645785496245,598.0262727339128,-19.262876583768094,-204.2715428315269,-69.18301243123749,43.5859629442245,231.17206265377533,751.5373759733634,8.11293095073495e-05
1285,1.9174161004483e-07,1.5e-10,0.00023956702105594515,26568496.841815755,0.0,0.0,0.0,0.0,0.0,15339328.803586047,834053581758.6212,-222.57097914245057,573.9128060416277,297.9285830039457,581.5922606047022,-15.346403353883483,-203.82306341741665,-86.03953007816779,48.70308857484992,237.91678061826946,734.1449972801611,8.123943125694152e-05
1286,1.9189161004483e-07,1.5e-10,0.00023979541212852367,26589281.45150658,0.0,0.0,0.0,0.0,0.0,15351328.803586047,834115013472.4392,-215.3185107671583,570.2828533853445,294.2493307654097,565.6473398325055,-14.982104219227269,-207.75373681901553,-102.64519184623585,44.33367780585875,230.30055866691774,719.4918135506008,8.134735502897411e-05
1287,1.9204161004483002e-07,1.5e-10,0.0002400243122269986,26610066.061197404,0.0,0.0,0.0,0.0,0.0,15363328.803586047,834303345244.4598,-210.8931376991122,567.2083576438494,292.1974078098117,575.3725329540124,-13.842408400188996,-210.6669040559886,-96.75644288513931,52.68105175832022,224.7360754603981,720.8780420849708,8.145548673528685e-05
1288,1.9219161004483003e-07,1.5e-10,0.0002402540522453876,26630850.670888234,0.0,0.0,0.0,0.0,0.0,15375328.803586047,834510610100.3754,-202.5689264510184,569.3781622447855,296.76476248007447,583.0078304177019,-23.628733124217863,-207.1309563222151,-86.38350788124806,51.9207260896729,226.19863643965584,726.1452068238116,8.156440851631043e-05
1289,1.9234161004483004e-07,1.5e-10,0.00024048532176287651,26651635.28057906,0.0,0.0,0.0,0.0,0.0,15387328.803586047,834683969007.3983,-204.55866840802017,576.1582496686096,297.94664618575564,594.4670373373225,-8.367389224329354,-213.67098340875464,-89.81427435829055,44.03175644406037,212.92852682098743,734.1584191486024,8.167453227918272e-05
1290,1.9249161004483005e-07,1.5e-10,0.000240713666714195,26672419.890269887,0.0,0.0,0.0,0.0,0.0,15399328.803586047,834895627854.1367,-222.20553547367584,564.9830498219352,304.37759212769873,568.7113091318131,-9.563743420486599,-215.70591046689546,-100.40304621330239,37.43438820706587,231.77201512124316,722.2694130093947,8.178287269113413e-05
1291,1.9264161004483007e-07,1.5e-10,0.0002409424126636441,26693204.49996071,0.0,0.0,0.0,0.0,0.0,15411328.803586047,835103422163.7684,-219.30509993280046,564.4400896411814,316.2027218539532,573.2092204813001,-15.594551385272016,-218.4497523080816,-90.30408789536047,48.57552704709106,234.902503545321,725.9861348944951,8.18917706113683e-05
1292,1.9279161004483008e-07,1.5e-10,0.00024117199802494184,26713989.10965154,0.0,0.0,0.0,0.0,0.0,15423328.803586047,835322094265.2228,-203.08425879906986,565.3216383939097,301.70714856520334,587.8036087681784,19.131709415317886,-218.0859793748519,-88.8973178735817,50.582062329124994,183.95260413257213,719.7080472885826,8.199972681846159e-05
1293,1.929416100448301e-07,1.5e-10,0.00024140246265053273,26734773.719342366,0.0,0.0,0.0,0.0,0.0,15435328.803586047,835428014367.9762,-212.12421380095736,564.595434623207,309.1835736544841,595.3259656577064,-7.579348111776246,-205.86841459734322,-91.8408188667563,47.442328997617885,219.70494851989574,731.3009272276387,8.210942195754574e-05
1294,1.930916100448301e-07,1.5e-10,0.00024163121406975852,26755558.329033192,0.0,0.0,0.0,0.0,0.0,15447328.803586047,835669662388.0928,-188.97682575303932,559.7829730404377,310.08082332926756,583.4378828622358,-8.145485980420524,-222.84852595172964,-94.31797958985015,40.59509994041839,197.12146752254117,715.5405338031304,8.22167530376162e-05
1295,1.932416100448301e-07,1.5e-10,0.00024186064840570122,26776342.93872402,0.0,0.0,0.0,0.0,0.0,15459328.803586047,835857775358.0273,-183.7331410724386,570.1215413927353,311.1600743163759,582.3966544693229,-7.224066875793209,-216.9176105836248,-87.58308569994092,66.72462351458353,190.9604668543673,716.7972059423467,8.232427261850755e-05
1296,1.9339161004483012e-07,1.5e-10,0.00024209076796835447,26797127.548414845,0.0,0.0,0.0,0.0,0.0,15471328.803586047,835753680712.5126,-210.71786967227956,557.1406706514102,305.7637315328178,597.7505519524666,-15.267551727576654,-225.64655595719182,-80.81686364180773,54.78294142920377,225.98806419739827,731.4325332251209,8.243398749849132e-05
1297,1.9354161004483013e-07,1.5e-10,0.0002423209899405174,26817912.15810567,0.0,0.0,0.0,0.0,0.0,15483328.803586047,835897779404.1549,-186.88072380074829,568.7002136517065,319.4645220270847,592.1213858880094,-3.3939045375051506,-219.54870152459904,-96.51507403663908,45.82431301584283,190.27946807622948,723.3435800630473,8.254248903550077e-05
1298,1.9369161004483014e-07,1.5e-10,0.00024255439836292855,26838696.767796498,0.0,0.0,0.0,0.0,0.0,15495328.803586047,835972666804.408,-192.6196360900441,575.6538623964359,301.36194020921437,623.4105105770873,30.008788765757213,-227.90258637210084,-71.0881461706891,57.63203261466443,162.6143040622721,741.3199892140059,8.265368703388288e-05
1299,1.9384161004483016e-07,1.5e-10,0.0002427879482309131,26859481.377487324,0.0,0.0,0.0,0.0,0.0,15507328.803586047,835927051144.8129,-199.14093224811197,575.7872155239894,311.26513626671453,622.4890400975999,3.844110423197447,-215.62542102012978,-88.31598759010733,56.109486532505414,195.2857397077962,745.3487902691841,8.276548935242326e-05
1300,1.9399161004483017e-07,1.5e-10,0.0002430204804051562,26880265.98717815,0.0,0.0,0.0,0.0,0.0,15519328.803586047,836104803497.8998,-195.23641574800433,570.9624947269714,305.3830595591268,615.3558789044539,-2.7920132390638948,-223.7264769240088,-80.18493794190162,56.69016765726997,198.03595306103114,739.5163262481277,8.287641680136047e-05
1301,1.9414161004483018e-07,1.5e-10,0.00024325103489546983,26901050.596868977,0.0,0.0,0.0,0.0,0.0,15531328.803586047,836291029522.5059,-204.2117116190375,563.5986619270155,315.69240004754096,598.7167700557767,-2.213255844589807,-207.29297147879353,-87.41845756173124,60.49579574034876,206.43276220227594,728.7613191794891,8.29857309992374e-05
1302,1.942916100448302e-07,1.5e-10,0.0002434833442597978,26921835.206559803,0.0,0.0,0.0,0.0,0.0,15543328.803586047,836480544166.3586,-200.8994228095301,573.2896809701244,320.5174947707143,609.5432704092104,0.3565280772720005,-224.9627052102389,-90.89720053802228,58.60908768082714,200.54829119266577,739.5163827468414,8.309665845664943e-05
1303,1.944416100448302e-07,1.5e-10,0.00024371374189609315,26942619.81625063,0.0,0.0,0.0,0.0,0.0,15555328.803586047,836699610211.9589,-217.9397059778358,571.1041050873799,335.0435395638477,587.3049728113147,5.572642819952488,-210.28013762357642,-91.77231510724005,73.57071313608515,212.37279179881065,731.4469431938023,8.32063754981285e-05
1304,1.945916100448302e-07,1.5e-10,0.0002439458852277972,26963404.425941456,0.0,0.0,0.0,0.0,0.0,15567328.803586047,836880551404.1559,-225.58116053806725,573.5797354513422,331.8001591293697,603.8755170084337,11.442957068728106,-217.59164172636892,-94.41207889020502,56.85834077968734,214.13870970727592,744.386893741088,8.331803353218966e-05
1305,1.9474161004483022e-07,1.5e-10,0.0002441777576951698,26984189.035632282,0.0,0.0,0.0,0.0,0.0,15579328.803586047,837052685151.3488,-226.06001410249544,573.4651237079954,330.3698711574468,601.7684330826046,9.500263610869665,-216.34819097013005,-115.13894423940805,65.17974068972696,216.56474151173,740.8413032425452,8.342915972767604e-05
1306,1.9489161004483023e-07,1.5e-10,0.00024440967248686227,27004973.64532311,0.0,0.0,0.0,0.0,0.0,15591328.803586047,837227247507.5785,-228.80270183957265,573.8513678216117,336.48996905838135,601.4409186339941,16.677048770085882,-218.1702238866149,-107.98861244695564,69.65217326797959,212.13072755682975,741.808360636803,8.354043098177155e-05
1307,1.9504161004483025e-07,1.5e-10,0.0002446418679175107,27025758.25501394,0.0,0.0,0.0,0.0,0.0,15603328.803586047,837416472999.7799,-201.1461391304238,587.6605780611015,341.9968951650378,595.3177518961851,8.136863849653613,-210.79903824460646,-118.11457918074329,76.0377143805182,193.01560215542594,735.5912895986545,8.365076967521136e-05
1308,1.9519161004483026e-07,1.5e-10,0.0002448758841560942,27046542.864704765,0.0,0.0,0.0,0.0,0.0,15615328.803586047,837557657835.214,-253.09813248611323,588.7630392361624,340.6268416947491,607.2072520063948,24.4637627668562,-238.37524991414094,-111.66985950193235,81.40298354389179,228.632537567444,761.8544228441242,8.376504783863798e-05
1309,1.9534161004483027e-07,1.5e-10,0.000245110246789992,27067327.47439559,0.0,0.0,0.0,0.0,0.0,15627328.803586047,837559110555.9524,-213.2261122004361,598.2451438141419,345.36412061405315,604.3371645959352,-16.960230422368294,-248.66974676999436,-101.66322103492428,82.06393146865355,230.18801007445919,759.5680621890916,8.387898304796634e-05
1310,1.9549161004483028e-07,1.5e-10,0.00024534306121047985,27088112.084086414,0.0,0.0,0.0,0.0,0.0,15639328.803586047,837746610697.6666,-202.27050405641864,587.0481470689384,330.16104992543245,600.4052607352802,-8.530083427514848,-256.9611368284123,-98.46165178265473,87.22350806834066,210.8096157384869,744.6239981510404,8.3990676647689e-05
1311,1.956416100448303e-07,1.5e-10,0.0002455758686759525,27108896.693777245,0.0,0.0,0.0,0.0,0.0,15651328.803586047,837959379768.3678,-202.10114831024643,591.1586506210425,333.7344392160024,598.4276206386149,17.47174632472266,-258.49481617968706,-102.8266733396635,98.09312644210685,184.63435839807929,740.4148746750434,8.410173887889025e-05
1312,1.957916100448303e-07,1.5e-10,0.0002458073388524179,27129681.30346807,0.0,0.0,0.0,0.0,0.0,15663328.803586047,838138697345.5962,-217.29477236717344,580.9774574131889,342.659295077894,589.4511609829004,7.918572117906149,-258.08738211828364,-108.80274723000677,86.6496389159761,209.38348127910947,738.5177189831682,8.421251653673773e-05
1313,1.9594161004483031e-07,1.5e-10,0.00024603839056299315,27150465.913158897,0.0,0.0,0.0,0.0,0.0,15675328.803586047,838341433063.6129,-226.67905185809406,588.6053432785525,336.12751792695036,575.2897130269422,-22.04861718115242,-249.66182655566993,-140.41766569839038,98.706588917206,248.73293918681588,740.0938567364223,8.432353061524819e-05
1314,1.9609161004483033e-07,1.5e-10,0.00024627121474866986,27171250.52284972,0.0,0.0,0.0,0.0,0.0,15687328.803586047,838543935844.6288,-237.95923613810865,595.9631891771941,368.76716876110277,587.9873286574033,29.93470629255251,-244.8492633792258,-116.72042124911376,89.32091680813156,208.02468283225608,750.7874454958941,8.443614873207257e-05
1315,1.9624161004483034e-07,1.5e-10,0.00024650471807484474,27192035.13254055,0.0,0.0,0.0,0.0,0.0,15699328.803586047,838758082060.5806,-229.24136051568803,597.4746967544322,351.338289684002,595.1679853952996,7.083768286720182,-251.7392074795128,-124.64612149646777,97.56336830187932,222.16114755005398,753.098224899196,8.454911346580745e-05
1316,1.9639161004483035e-07,1.5e-10,0.00024673693383113975,27212819.742231376,0.0,0.0,0.0,0.0,0.0,15711328.803586047,838998126141.009,-242.19608861050781,588.6791400966233,363.9990578119996,586.4774874884035,4.829661946783397,-250.29607537776306,-133.668008663557,94.09405985574453,237.3762927317463,750.223102785567,8.466164693122529e-05
1317,1.9654161004483036e-07,1.5e-10,0.0002469698429938032,27233604.351922203,0.0,0.0,0.0,0.0,0.0,15723328.803586047,839232943547.5725,-200.7618011130951,590.5508202242454,342.1022703678268,599.6095596496529,-16.609655122165446,-244.80090115882058,-138.32854133724382,111.77592852662349,217.36432654947328,741.924966911507,8.477293567626201e-05
1318,1.9669161004483037e-07,1.5e-10,0.0002472015414322255,27254388.961613026,0.0,0.0,0.0,0.0,0.0,15735328.803586047,839432205521.4414,-234.51398431728754,580.7686591020595,355.78021643681564,587.9867344783261,-19.84815055455211,-250.73043605243237,-132.13061438800074,92.52082251510168,254.3687339501137,748.6047060587325,8.488522638217082e-05
1319,1.9684161004483038e-07,1.5e-10,0.0002474350196782163,27275173.571303856,0.0,0.0,0.0,0.0,0.0,15747328.803586047,839675598812.6049,-244.4927672839513,590.8574475260865,364.34428752394484,599.1720539090693,9.705500969303644,-243.20854979606455,-142.73339056388141,93.96212203040604,237.5260705409282,757.2175355686428,8.499880901250612e-05
1320,1.969916100448304e-07,1.5e-10,0.00024766923218746506,27295958.180994682,0.0,0.0,0.0,0.0,0.0,15759328.803586047,839844074832.6667,-237.54296975059955,593.6040642012952,365.59044888385887,605.1115671007649,1.4358587032791077,-256.2076777170707,-135.05398514708446,100.04437803526298,236.11238930612572,761.3165725924309,8.511300649839499e-05
1321,1.971416100448304e-07,1.5e-10,0.0002479019381935046,27316742.79068551,0.0,0.0,0.0,0.0,0.0,15771328.803586047,840001606145.9706,-253.13492799411154,585.5520274310603,370.02627465547,592.8396058387142,3.930764178652552,-258.5795028711521,-135.19016281579746,93.76809819748111,249.2099095344749,757.9169442778184,8.522669404003666e-05
1322,1.9729161004483042e-07,1.5e-10,0.0002481333202876005,27337527.400376335,0.0,0.0,0.0,0.0,0.0,15783328.803586047,840251749739.4545,-251.78056893713094,579.8193892651844,363.4417597205935,584.819474028504,14.810739682426556,-268.3621190924456,-146.33180971831524,97.39504876366658,236.97612714180192,746.6126052377183,8.533868593082232e-05
1323,1.9744161004483043e-07,1.5e-10,0.0002483657465244978,27358312.01006716,0.0,0.0,0.0,0.0,0.0,15795328.803586047,840509297424.522,-239.32464764203618,590.2006280617322,367.3016148936653,588.2566904025097,10.638257095377794,-268.0219392777528,-145.8126572330621,103.16864468866333,228.69205791128053,749.3051563979806,8.545108170428202e-05
1324,1.9759161004483044e-07,1.5e-10,0.0002485975249670083,27379096.619757988,0.0,0.0,0.0,0.0,0.0,15807328.803586047,840776131919.8594,-212.02171746107481,590.0084195958719,390.63271502198387,584.8125962302801,0.8482608313643357,-250.95880498065657,-153.87648613240677,114.4380985801804,211.1779784886159,738.0144461235454,8.556178387120055e-05
1325,1.9774161004483045e-07,1.5e-10,0.0002488290454662682,27399881.229448814,0.0,0.0,0.0,0.0,0.0,15819328.803586047,841041045632.0378,-225.99642987553761,591.6868182865891,384.98464017261955,579.0214314541104,10.979023395660432,-241.98552956596671,-157.45306644842393,108.52839062635617,215.02199655245767,738.240701382126,8.567251997640787e-05
1326,1.9789161004483046e-07,1.5e-10,0.0002490611725207516,27420665.83913964,0.0,0.0,0.0,0.0,0.0,15831328.803586047,841307006077.9816,-213.50764602946444,594.8661819744132,381.9643055709143,584.9130288288886,12.747320130262741,-250.1220070013009,-156.2719634578927,107.09526504939232,200.76493295124968,738.3273445697902,8.578326907809333e-05
1327,1.9804161004483047e-07,1.5e-10,0.0002492925817453179,27441450.448830467,0.0,0.0,0.0,0.0,0.0,15843328.803586047,841340535920.6486,-223.0643545772821,597.3362681363149,366.6537696066132,574.8206743166419,19.564514693298324,-252.11961162189044,-181.0319522653372,112.84964850704385,203.50313562296887,732.7827065128382,8.589318648407026e-05
1328,1.9819161004483048e-07,1.5e-10,0.00024952270456291746,27462235.058521293,0.0,0.0,0.0,0.0,0.0,15855328.803586047,841492212441.4347,-230.83897618123757,580.7034786390168,392.457132383685,571.6955712514668,2.036117712569223,-250.18217764315008,-162.92860050209478,99.29799355429128,228.80441303503426,733.6569203636589,8.600323502212482e-05
1329,1.983416100448305e-07,1.5e-10,0.0002497530017732563,27483019.66821212,0.0,0.0,0.0,0.0,0.0,15867328.803586047,841773286871.0564,-227.29240510903236,575.7047124886948,387.2445733307577,580.7643133664075,14.546369012137617,-243.4966173016264,-163.47497743173923,103.4347441869513,212.75645544918868,730.6134991282844,8.611282704699406e-05
1330,1.984916100448305e-07,1.5e-10,0.00024998242223862063,27503804.277902946,0.0,0.0,0.0,0.0,0.0,15879328.803586047,842063148135.4633,-227.24872175424818,575.7143140161645,390.0401724476122,571.0201774272107,15.262591723792925,-244.03170288846724,-174.95931466838675,104.95577754661345,211.98783408730557,724.3915659252309,8.622148578188285e-05
1331,1.9864161004483052e-07,1.5e-10,0.0002502098258711334,27524588.887593776,0.0,0.0,0.0,0.0,0.0,15891328.803586047,842150593980.4637,-216.4189942714779,554.4646386583095,400.16321138642087,567.4335146263894,-6.698788644408867,-253.4346820140265,-156.57082435807038,101.24384310398143,223.11826789465692,715.188180702141,8.632876400898817e-05
1332,1.9879161004483053e-07,1.5e-10,0.0002504383625350271,27545373.497284602,0.0,0.0,0.0,0.0,0.0,15903328.803586047,842387249958.4562,-217.4563659096905,573.6821034558043,366.2963422123659,563.3739571794979,-15.824966309221743,-246.84681096634577,-175.04740232170127,120.00925251027309,233.2877717897377,718.6752114067913,8.643656529069919e-05
1333,1.9894161004483054e-07,1.5e-10,0.0002506663557808367,27566158.106975425,0.0,0.0,0.0,0.0,0.0,15915328.803586047,842619268183.4703,-224.27465738631616,567.7816227650325,399.6021331561795,561.4212403425241,-3.2267887912297306,-234.80993043717305,-170.226805350634,119.47351928063888,227.50800094206446,717.6706496258778,8.654421588814307e-05
1334,1.9909161004483055e-07,1.5e-10,0.00025089772307764115,27586942.716666255,0.0,0.0,0.0,0.0,0.0,15927328.803586047,842842102916.8746,-210.72054724307156,582.636189486508,401.08517605886647,587.5074502304197,-10.37915351072152,-242.944314946789,-164.89421399111814,113.03336747637222,211.93028446063045,735.016962403883,8.665446843250366e-05
1335,1.9924161004483056e-07,1.5e-10,0.0002511279567982727,27607727.32635708,0.0,0.0,0.0,0.0,0.0,15939328.803586047,842980345459.2263,-224.94299470598295,581.409571235617,394.5484474698315,575.6187865832816,14.622271506074696,-231.91590551569382,-177.98244034085585,119.33984130243559,210.3274344298062,727.6424051242175,8.676361479327229e-05
1336,1.9939161004483057e-07,1.5e-10,0.00025135718298908624,27628511.936047908,0.0,0.0,0.0,0.0,0.0,15951328.803586047,843255109721.0948,-200.58928927386685,574.7766726744951,396.5644554061347,572.9840128001247,-2.6399281239711145,-237.48121125008728,-179.8262379402311,111.71433490217485,203.23519433490623,717.2267205550049,8.687119880135555e-05
1337,1.9954161004483058e-07,1.5e-10,0.0002515851541457306,27649296.54573873,0.0,0.0,0.0,0.0,0.0,15963328.803586047,843496564530.1229,-207.20544287744667,566.5603866983324,394.64772734336907,566.3727900591831,1.3077286427909942,-224.10632074837503,-180.67384473508596,115.48079232400633,205.90354301334875,709.8793466350921,8.697768070335081e-05
1338,1.996916100448306e-07,1.5e-10,0.0002518141872919569,27670081.15542956,0.0,0.0,0.0,0.0,0.0,15975328.803586047,843778978553.2446,-208.92471383596094,573.4317643482505,394.8197927238244,572.1925767975606,14.146266160833278,-228.37308389448646,-175.78791783262648,116.3253568894599,194.78477128889875,715.6736468574485,8.708503175037944e-05
1339,1.998416100448306e-07,1.5e-10,0.0002520404946318895,27690865.765120387,0.0,0.0,0.0,0.0,0.0,15987328.803586047,843919090372.8119,-178.5973151476107,561.9089106322219,398.0860936745775,556.7697393776608,2.5168547264920784,-216.0972455857002,-178.31098594862559,122.59960878702562,176.0868616856459,691.4488809349833,8.718874908251968e-05
1340,1.9999161004483062e-07,1.5e-10,0.00025226809306010557,27711650.374811213,0.0,0.0,0.0,0.0,0.0,15999328.803586047,844214145157.2548,-187.75150020419775,568.6953043680115,387.85485237543844,563.6849228470724,12.540234191334456,-220.97665998584873,-164.49762962437134,114.79934948030237,175.21767337797633,701.3475795309886,8.729395121944932e-05
1341,2.0014161004483063e-07,1.5e-10,0.0002524964441764917,27732434.984502036,0.0,0.0,0.0,0.0,0.0,16011328.803586047,844533165935.3102,-188.59133787708015,576.1711975379699,382.85462665111413,565.4399289771827,18.11751732824259,-227.18840832325225,-167.52806472252882,116.25751576954869,170.48022871010423,705.1865111332494,8.739972919611931e-05
1342,2.0029161004483064e-07,1.5e-10,0.00025272311410359045,27753219.594192866,0.0,0.0,0.0,0.0,0.0,16023328.803586047,844857776295.3666,-196.0476778093798,572.3559417567636,399.22280857381685,548.1272552926829,16.071012305514788,-217.13049902274443,-176.34998892439435,111.5200497224706,179.98306953990985,697.2522750229416,8.750431703737275e-05
1343,2.0044161004483065e-07,1.5e-10,0.0002529522134436583,27774004.203883693,0.0,0.0,0.0,0.0,0.0,16035328.803586047,844895742095.3627,-185.91275635785516,587.1323737378551,380.17380157947497,563.6930769899745,16.592695495139516,-224.164101122451,-156.48631159452663,135.3446143359032,169.3265430364505,709.3059776630942,8.761071293402221e-05
1344,2.0059161004483066e-07,1.5e-10,0.0002531804459153941,27794788.81357452,0.0,0.0,0.0,0.0,0.0,16047328.803586047,845141363539.7947,-182.81966758881572,586.1232498282907,366.8168331882999,559.0058387598011,50.60472144633451,-222.9379681674429,-171.0341062833937,134.9152077194426,132.22137126424965,698.6492280249773,8.771551031822596e-05
1345,2.0074161004483067e-07,1.5e-10,0.00025340718872858184,27815573.423265345,0.0,0.0,0.0,0.0,0.0,16059328.803586047,845354692435.5162,-177.76868764046452,581.5504614545407,372.0719872592825,544.2226651539845,28.821481001965083,-219.69637653881952,-158.70753169421693,113.2556410122442,148.95368412245037,691.2448485267649,8.781919704550497e-05
1346,2.0089161004483069e-07,1.5e-10,0.0002536362391516775,27836358.03295617,0.0,0.0,0.0,0.0,0.0,16071328.803586047,845593761668.2772,-209.47376267208446,597.6735426893741,373.81842424460086,551.4435379398161,48.96871371246674,-209.5607660589265,-156.39683428635024,125.66376452811664,160.51182026676292,711.539034504689,8.792592790068067e-05
1347,2.010416100448307e-07,1.5e-10,0.000253865953521178,27857142.642647,0.0,0.0,0.0,0.0,0.0,16083328.803586047,845761233820.9362,-204.53836881694085,602.3817173152299,383.2383415202647,553.8318057894152,38.433359790432796,-227.58103937190222,-167.05248129553235,117.88473149339156,166.11215902734224,715.8705541304103,8.803330848380023e-05
1348,2.011916100448307e-07,1.5e-10,0.00025409409092138567,27877927.252337825,0.0,0.0,0.0,0.0,0.0,16095328.803586047,846012952810.3809,-184.3595586167655,590.1678059587236,373.9761935427344,552.7611930668018,46.41385395100784,-221.93000407216098,-167.01213590956948,134.1989369007604,137.9531043895809,699.3246889006231,8.813820718713533e-05
1349,2.0134161004483072e-07,1.5e-10,0.0002543243765070809,27898711.86202865,0.0,0.0,0.0,0.0,0.0,16107328.803586047,846267371235.3567,-209.0041127047677,605.5905026069604,383.85065727113994,557.4522771283962,50.58879902619265,-228.92171868060234,-164.70053454814922,125.9829668935641,158.4230665844526,719.7155220141736,8.824616451543746e-05
1350,2.0149161004483073e-07,1.5e-10,0.0002545547231626756,27919496.471719477,0.0,0.0,0.0,0.0,0.0,16119328.803586047,846549060827.6343,-238.0481942979839,603.0586808451451,376.89194310332664,555.3555450135242,47.502783526658824,-225.53943231718208,-157.6453957932207,117.52474520218685,190.55441550184955,728.4981411206708,8.835543923660556e-05
1351,2.0164161004483074e-07,1.5e-10,0.0002547836540568111,27940281.081410304,0.0,0.0,0.0,0.0,0.0,16131328.803586047,846841507487.3969,-210.30236186021259,603.3477485825929,380.0439772703371,543.6943844796851,49.83719733869932,-218.74964262868227,-156.6957303289521,123.8087556055928,160.4732825819918,711.6948959095187,8.846219347099199e-05
1352,2.0179161004483075e-07,1.5e-10,0.0002550116021166917,27961065.69110113,0.0,0.0,0.0,0.0,0.0,16143328.803586047,847144030607.3639,-204.72613624745333,600.5356942783415,377.7745258417669,535.709721874159,41.628910645280996,-212.25324375030493,-157.26859016273949,124.08793899749693,163.10866404606182,704.2608468131292,8.856783259801395e-05
1353,2.0194161004483076e-07,1.5e-10,0.00025523840672768026,27981850.300791956,0.0,0.0,0.0,0.0,0.0,16155328.803586047,847251797824.267,-185.78770868916365,580.1718603997666,383.91441887440175,545.8120507617768,46.259835999782325,-203.91042466843808,-148.9905084969651,118.00703524579954,139.53074657510274,693.4599610909951,8.86718515921776e-05
1354,2.0209161004483078e-07,1.5e-10,0.00025546609544917237,28002634.910482783,0.0,0.0,0.0,0.0,0.0,16167328.803586047,847542111645.2764,-216.22898433831344,591.081457415677,393.1807928175357,540.3714154436167,50.26086664021495,-206.0241333251931,-163.82813512951466,115.06609861097078,165.97070159712138,705.8603293176516,8.877773064157524e-05
1355,2.022416100448308e-07,1.5e-10,0.0002556942592207674,28023419.52017361,0.0,0.0,0.0,0.0,0.0,16179328.803586047,847522179950.1511,-146.93970392614827,591.5067706226645,384.08592629387516,552.0261474092922,-7.830935019161498,-215.20316559540404,-119.398044113896,153.24791107266284,154.77370090329535,700.6617492075007,8.888282990395637e-05
1356,2.023916100448308e-07,1.5e-10,0.00025592208635112667,28044204.129864436,0.0,0.0,0.0,0.0,0.0,16191328.803586047,847688846092.6147,-197.15846783616175,573.1681528612047,363.5113877553064,561.515483560211,25.369363415447413,-223.4757011476518,-142.14772060546443,130.87813507985197,171.79061374065924,703.1209708995634,8.89882980495913e-05
1357,2.025416100448308e-07,1.5e-10,0.00025615164099355205,28064988.739555262,0.0,0.0,0.0,0.0,0.0,16203328.803586047,847832701259.2081,-192.0301001721607,596.5495184505733,376.07488964715725,560.054590890312,41.85772995130277,-224.22063394030232,-151.3699824603128,127.22407703236416,150.17526734451087,711.8038523853016,8.909506862744909e-05
1358,2.0269161004483082e-07,1.5e-10,0.0002563804310424389,28085773.349246092,0.0,0.0,0.0,0.0,0.0,16215328.803586047,847978565893.7726,-198.46928805782687,585.7441071230245,377.3354110236962,560.7368192438738,41.26498181429078,-217.66572485585877,-143.62714125837363,132.1815268968052,157.21832826635594,708.9820255170716,8.920141593127665e-05
1359,2.0284161004483083e-07,1.5e-10,0.00025661082093597604,28106557.958936915,0.0,0.0,0.0,0.0,0.0,16227328.803586047,848122674467.1268,-186.57564346968667,588.2691506483081,374.7036272285476,576.8038579068377,42.17847102496165,-228.50288606412803,-128.77899189399523,117.3760243781487,154.7446317950794,719.0952675326123,8.930928022140654e-05
1360,2.0299161004483084e-07,1.5e-10,0.0002568389044508694,28127342.56862774,0.0,0.0,0.0,0.0,0.0,16239328.803586047,847995957837.1885,-184.6285641638106,595.2779613085575,375.8292883608202,546.5327334336907,56.48541789154885,-208.54537647235335,-150.70464198138788,109.0315580391183,128.14428710805453,700.4080486902884,8.941434142871009e-05
1361,2.0314161004483085e-07,1.5e-10,0.0002570671663653121,28148127.178318568,0.0,0.0,0.0,0.0,0.0,16251328.803586047,848068426714.3436,-191.88815510028152,589.0821192533906,374.61989607504,551.8690597106327,24.567648075336656,-198.4589442447303,-152.71992105506826,123.26439942754281,167.32226752320594,704.1557972686688,8.951996479830038e-05
1362,2.0329161004483087e-07,1.5e-10,0.000257295484818061,28168911.788009398,0.0,0.0,0.0,0.0,0.0,16263328.803586047,848295997366.841,-205.21493531428484,584.5688016937064,386.97830369707447,555.0877427582786,42.49639127024911,-186.47079983317408,-130.9174167168804,128.98292238342108,162.71952918668893,709.103328027389,8.962633029750449e-05
1363,2.0344161004483088e-07,1.5e-10,0.0002575257103987794,28189696.39770022,0.0,0.0,0.0,0.0,0.0,16275328.803586047,848486557212.2806,-197.8488933775493,608.8431545108335,394.32093000373,553.977134436878,38.14610376518131,-195.52057439976568,-146.64549976228992,128.5146732448247,159.70352689121364,718.8400347348178,8.973415630271471e-05
1364,2.035916100448309e-07,1.5e-10,0.0002577586964396867,28210481.007391047,0.0,0.0,0.0,0.0,0.0,16287328.803586047,848629423996.9431,-168.72417513154076,625.1707395863028,375.603268196139,572.9741272168782,21.815828990847187,-218.1643218217473,-127.90082488074353,134.66961884380825,146.9070759411775,731.4209733927812,8.984386944872363e-05
1365,2.037416100448309e-07,1.5e-10,0.0002579892181119295,28231265.617081873,0.0,0.0,0.0,0.0,0.0,16299328.803586047,848364598605.6766,-175.27422670589797,626.6630666974345,382.75897701832935,542.1603214105623,20.02037339432535,-202.41529545338747,-144.21543904353743,124.3674603835969,155.2525061950179,716.3781631263697,8.995132617319259e-05
1366,2.038916100448309e-07,1.5e-10,0.000258220043765981,28252050.226772703,0.0,0.0,0.0,0.0,0.0,16311328.803586047,848544530876.867,-191.07143651460404,632.7733259735538,390.25390938012754,537.4089580666042,20.53537406538752,-189.18325099793998,-151.54245160373526,130.88131129012748,170.53490104675262,721.5107183215035,9.005955278094081e-05
1367,2.0404161004483092e-07,1.5e-10,0.0002584540450903216,28272834.83646353,0.0,0.0,0.0,0.0,0.0,16323328.803586047,848675433062.5693,-184.81757629594372,644.8904924344014,399.15323178572265,563.9921838918871,47.57328445044014,-187.39767169544248,-130.18513656492476,130.45909507102263,137.2418390376966,741.0567489389833,9.017071129328167e-05
1368,2.0419161004483093e-07,1.5e-10,0.00025868613183057363,28293619.446154356,0.0,0.0,0.0,0.0,0.0,16335328.803586047,848810761800.0128,-189.6343649491197,635.1902577563918,393.6913829983629,548.5170200415662,8.640785273945951,-181.24194056768766,-139.37107315639773,133.373592369989,180.98518970805497,731.6000973063713,9.028045130787762e-05
1369,2.0434161004483094e-07,1.5e-10,0.00025891714612886774,28314404.055845182,0.0,0.0,0.0,0.0,0.0,16347328.803586047,849008251163.5261,-163.47437886158292,637.2528484520776,394.3047964548801,539.819770330895,10.690793695187924,-158.15710928695927,-149.45862778968163,138.61567629091414,152.77973508775338,717.9115753204258,9.038813804417569e-05
1370,2.0449161004483096e-07,1.5e-10,0.00025914887234004,28335188.66553601,0.0,0.0,0.0,0.0,0.0,16359328.803586047,849212007343.7615,-181.21465897496125,637.2462310888363,407.10749672375624,544.8840161321323,24.852551899095822,-170.08350607440985,-148.25054902045335,127.18405193330267,156.35852103536251,726.1973978797438,9.049706765385765e-05
1371,2.0464161004483097e-07,1.5e-10,0.00025938281044435985,28355973.275226835,0.0,0.0,0.0,0.0,0.0,16371328.803586047,849159608390.021,-187.1163645093115,639.5036763065043,408.50570187591455,567.6543442153253,37.824458658876594,-169.25724904699183,-142.42771726164983,115.11245271510353,149.28765731892486,741.2646166545331,9.060825734635584e-05
1372,2.0479161004483098e-07,1.5e-10,0.0002596151946074824,28376757.88491766,0.0,0.0,0.0,0.0,0.0,16383328.803586047,849342934480.8339,-185.14788657005198,643.0700387703715,418.48362734871074,545.5789839063391,24.982651685414577,-161.24034737346136,-153.25187710354572,112.71196383038128,160.1013298956838,731.8155509187711,9.071802967899366e-05
1373,2.04941610044831e-07,1.5e-10,0.00025984665409459337,28397542.494608488,0.0,0.0,0.0,0.0,0.0,16395328.803586047,849394712929.2334,-176.01355816857208,639.0872696168817,415.3342581127287,540.5401808950751,24.492597156154122,-146.71185154271743,-150.76679392952173,104.32515458648355,151.5194207884192,723.968481562072,9.082662495122798e-05
1374,2.05091610044831e-07,1.5e-10,0.0002600786358187184,28418327.104299314,0.0,0.0,0.0,0.0,0.0,16407328.803586047,849428073817.2708,-188.24211805244923,628.1218596461986,414.569282000799,556.429670733149,46.23895385952282,-153.72336819569895,-135.99060410572508,108.60061164656273,142.0323392272155,729.9080109983984,9.093611115287774e-05
1375,2.05241610044831e-07,1.5e-10,0.0002603102737349133,28439111.71399014,0.0,0.0,0.0,0.0,0.0,16419328.803586047,849438710913.824,-190.83214876237312,642.3042163190686,414.78776671093664,539.1190507766293,40.43231054638637,-145.42600639100382,-165.29335747534074,117.9479390632115,150.3382986124411,725.7341133852206,9.104497126988553e-05
1376,2.0539161004483102e-07,1.5e-10,0.000260539935028446,28459896.323680967,0.0,0.0,0.0,0.0,0.0,16431328.803586047,849573885274.9196,-165.41073586832968,605.7738868055237,416.91826440733695,551.6781898781095,-0.6681961674496563,-138.07554479570874,-137.25702242749017,77.4227539503089,166.07431198979376,714.4853978870175,9.115214407956859e-05
1377,2.0554161004483104e-07,1.5e-10,0.00026077316225679546,28480680.933371793,0.0,0.0,0.0,0.0,0.0,16443328.803586047,849731775074.7562,-192.94888741257765,644.7025629510763,409.63936545999724,553.40534886683,30.56084451796879,-140.47115258879,-150.85225369199765,105.85797270767239,162.3878058240318,737.7211500069798,9.126280225206963e-05
1378,2.0569161004483105e-07,1.5e-10,0.00026100579603700034,28501465.54306262,0.0,0.0,0.0,0.0,0.0,16455328.803586047,849926744756.3501,-188.96596574483704,634.1889439964982,408.73441399410984,556.718265220496,22.608091188302655,-139.1063603923029,-141.8434276118382,102.27313202724851,165.7733248582057,734.4493585337947,9.13729696558497e-05
1379,2.0584161004483106e-07,1.5e-10,0.0002612378792879283,28522250.152753446,0.0,0.0,0.0,0.0,0.0,16467328.803586047,850074320410.9686,-180.00968712621597,636.6910990018771,416.38752066498364,547.5043933062531,-5.2487663950876,-131.7746508481509,-151.12360706204032,105.48409824366935,185.2584553048598,731.8648703959119,9.148274938640909e-05
1380,2.0599161004483107e-07,1.5e-10,0.0002614705738454054,28543034.762444273,0.0,0.0,0.0,0.0,0.0,16479328.803586047,850242703276.3517,-197.61180141793255,633.4102917091157,406.1014150313128,556.2589939075034,18.903939116217177,-147.97348708607706,-139.1270244776431,107.96849533005431,178.70860794716225,737.3099377179145,9.159334587706678e-05
1381,2.0614161004483108e-07,1.5e-10,0.00026170266220756764,28563819.372135103,0.0,0.0,0.0,0.0,0.0,16491328.803586047,850418569666.4059,-190.9644877850418,632.3959098900907,396.61071265160007,551.6070340327075,14.701729868533457,-138.47142715795496,-135.55966954892466,109.66913708362198,176.26501159072848,731.7435916518831,9.170310741581456e-05
1382,2.062916100448311e-07,1.5e-10,0.00026193625214816665,28584603.981825925,0.0,0.0,0.0,0.0,0.0,16503328.803586047,850569674706.9403,-203.91724266102898,629.3107032646816,404.5234822932473,571.0344604482574,40.70914019077111,-156.46736101699196,-135.16700377873696,109.596013601768,163.21083158539446,742.8173509838491,9.181453001846214e-05
1383,2.064416100448311e-07,1.5e-10,0.0002621702041324875,28605388.59151675,0.0,0.0,0.0,0.0,0.0,16515328.803586047,850464789074.2136,-207.77030237855868,635.1330833169421,399.52450270771027,568.1644000519734,30.668648749215727,-151.87698002627445,-136.78682251460765,101.7058909600976,177.11174046105774,746.196651159455,9.192645951613607e-05
1384,2.0659161004483111e-07,1.5e-10,0.0002624039668667972,28626173.20120758,0.0,0.0,0.0,0.0,0.0,16527328.803586047,850658200455.8127,-214.08027315670932,635.4684520064411,390.53105937392723,565.0369625592668,38.48567068878641,-159.3028825682725,-130.72650045195425,100.47105329797893,175.59799621687367,745.7580430521033,9.203832322259389e-05
1385,2.0674161004483113e-07,1.5e-10,0.0002626358348460574,28646957.81089841,0.0,0.0,0.0,0.0,0.0,16539328.803586047,850841492769.567,-230.14690227046307,617.3716849666854,390.8976416724576,558.2416744679035,41.72279899227494,-169.57279333724077,-128.83121247837875,101.22111469968502,188.43007570591422,738.4321454239243,9.214908804440747e-05
1386,2.0689161004483114e-07,1.5e-10,0.0002628686843651166,28667742.42058923,0.0,0.0,0.0,0.0,0.0,16551328.803586047,851011188857.9216,-213.94193455357313,631.9937424085568,392.6665619408926,558.2009605560476,41.45524323273875,-168.17632702515533,-131.21765605081265,114.7359460297583,172.49271238797755,739.8787478217857,9.226006985658074e-05
1387,2.0704161004483115e-07,1.5e-10,0.00026310150374957993,28688527.030280057,0.0,0.0,0.0,0.0,0.0,16563328.803586047,851171590801.9529,-217.55933421927074,635.8343575729411,396.8479797555588,554.3376622735242,41.284854010108866,-161.0964809789176,-142.74475486700732,132.53538527030204,176.28356449937948,739.8464746803003,9.237104682778278e-05
1388,2.0719161004483116e-07,1.5e-10,0.0002633364649621689,28709311.639970884,0.0,0.0,0.0,0.0,0.0,16575328.803586047,851335309647.7224,-235.483622269146,647.066411085698,397.62666394594976,564.2716062737946,43.457936776171785,-177.08545079867127,-143.607842711833,121.4106709274997,192.34574767499598,757.9888005998254,9.248474514787276e-05
1389,2.0734161004483117e-07,1.5e-10,0.0002635711561888737,28730096.249661714,0.0,0.0,0.0,0.0,0.0,16587328.803586047,851520514730.7703,-239.84814844652126,646.1349984561724,410.7006786377243,559.6415175428941,38.15875903119982,-186.79285440056856,-131.18087268439794,127.02188262432949,201.7016580545502,760.4679405151517,9.259881533895003e-05
1390,2.0749161004483118e-07,1.5e-10,0.0002638050304574093,28750880.85935254,0.0,0.0,0.0,0.0,0.0,16599328.803586047,851700255481.3635,-255.71734355413952,648.5401539502269,401.9104318790247,545.9564555820023,31.774839417104182,-181.28308502164356,-147.5735343568525,134.5070973173548,223.95530683928203,758.6855650844641,9.271261817371269e-05
1391,2.076416100448312e-07,1.5e-10,0.0002640383907206693,28771665.469043367,0.0,0.0,0.0,0.0,0.0,16611328.803586047,851896029064.4249,-222.42773848690797,647.356274798507,394.29152203496454,547.3520226619996,39.50287737952074,-201.16598523848066,-156.79588681056552,115.99956306025878,182.39585933491895,743.7721567753199,9.282418399722898e-05
1392,2.077916100448312e-07,1.5e-10,0.00026427495552448386,28792450.078734193,0.0,0.0,0.0,0.0,0.0,16623328.803586047,851923938433.2233,-227.21054539205582,671.6552587262663,405.8112782657459,556.8838699418809,27.712922676708715,-210.0268745267043,-141.3654007257635,133.9766558972949,206.22720426116908,769.1701684643001,9.293955952249863e-05
1393,2.0794161004483122e-07,1.5e-10,0.000264509609810375,28813234.68842502,0.0,0.0,0.0,0.0,0.0,16635328.803586047,851948782223.749,-212.97394227649522,661.8181787651155,405.61415975859416,548.4343539326231,36.57156677083421,-211.7160432640029,-140.9623113881144,131.8472943932525,173.08265117420228,751.5399253617188,9.305229051130288e-05
1394,2.0809161004483123e-07,1.5e-10,0.00026474223772877443,28834019.298115846,0.0,0.0,0.0,0.0,0.0,16647328.803586047,851874116342.4695,-207.09284011582537,655.6308727099787,409.6268947885037,533.1918860597023,65.50350460420488,-222.6938994389322,-128.08992842252812,138.30960811152784,141.67918569696985,738.0572728966671,9.316299910223738e-05
1395,2.0824161004483124e-07,1.5e-10,0.00026497759728322945,28854803.907806672,0.0,0.0,0.0,0.0,0.0,16659328.803586047,851606973337.5066,-221.46441554142132,662.9712181313117,401.3571970796109,553.0701664948089,22.25448221980951,-207.35215108764123,-137.99894807622488,144.92606124422917,199.28265408825953,759.5002488995755,9.327692413957233e-05
1396,2.0839161004483125e-07,1.5e-10,0.0002652154214237926,28875588.5174975,0.0,0.0,0.0,0.0,0.0,16671328.803586047,851430703329.0636,-218.87104221580802,678.0858214480152,403.2195195981587,567.7076660141078,35.41206573696154,-225.17335304393285,-143.97062027877817,143.53108780219313,183.5275678992942,772.7782554036222,9.339284087788287e-05
1397,2.0854161004483126e-07,1.5e-10,0.0002654532882689116,28896373.127188325,0.0,0.0,0.0,0.0,0.0,16683328.803586047,851502712138.012,-217.39847941433243,676.8833651768273,399.08589975946325,568.1214066305141,17.013589208736796,-220.40886645050458,-138.11407986828067,138.2831361163436,200.44924991550548,774.6721314865015,9.350904169760585e-05
1398,2.0869161004483127e-07,1.5e-10,0.00026569126892982115,28917157.73687915,0.0,0.0,0.0,0.0,0.0,16695328.803586047,851554768701.2677,-204.8303430122937,676.5169295741542,402.9225172423762,571.6218853199542,12.864008303571769,-223.12615018196115,-150.13776322519757,125.00364562865451,192.02665423610995,772.3058623669714,9.362488757696089e-05
1399,2.0884161004483128e-07,1.5e-10,0.00026592956046543647,28937942.346569978,0.0,0.0,0.0,0.0,0.0,16707328.803586047,851623647607.9904,-232.54176845385587,678.9872496972415,405.90887445629886,568.3776990767855,17.616220333544643,-222.86850865185954,-154.4177258725404,126.66557391501108,214.9823215270426,780.945778234161,9.374202944369601e-05
1400,2.089916100448313e-07,1.5e-10,0.000266165436878358,28958726.956260804,0.0,0.0,0.0,0.0,0.0,16719328.803586047,851713593346.9154,-215.92771686581082,665.0238075268576,414.6146260147409,556.6334990080344,17.902725096607664,-213.80013240112123,-147.14800536989492,123.13784256975501,198.07845934035868,762.575754407294,9.38564158068571e-05
1401,2.091416100448313e-07,1.5e-10,0.0002664031645594363,28979511.56595163,0.0,0.0,0.0,0.0,0.0,16731328.803586047,851735773994.4243,-217.15167443297062,674.386288183904,400.04772301632477,567.9882142042774,8.101468375829134,-211.6533159113144,-143.7457977821346,110.10853494836442,209.10056568140854,774.8942903687342,9.39726499504124e-05
1402,2.0929161004483132e-07,1.5e-10,0.00026664196417913277,29000296.175642457,0.0,0.0,0.0,0.0,0.0,16743328.803586047,851797529537.1542,-227.3255760078479,678.2666871999638,402.0919443887375,577.0509399040188,22.069328034972497,-206.23796472002263,-150.32824157637577,114.4989568038289,196.51763293814682,780.8520257067205,9.408977775426842e-05
1403,2.0944161004483133e-07,1.5e-10,0.0002668798152413588,29021080.785333283,0.0,0.0,0.0,0.0,0.0,16755328.803586047,851740085086.344,-204.44121933540944,682.2902228382176,399.81505681810796,565.0768818081779,12.37635806275581,-206.74631327898783,-160.04101469408107,115.47661637290895,192.11492028127833,770.1648093314423,9.420530247566814e-05
1404,2.0959161004483134e-07,1.5e-10,0.0002671174083770827,29041865.395024113,0.0,0.0,0.0,0.0,0.0,16767328.803586047,851903919435.854,-201.76578870624792,675.8730306168212,395.4818367353817,569.9154463991159,23.14887139963192,-204.6527346417437,-156.6633143238088,116.0479702878588,178.66653184559195,766.6394387326349,9.432029839147804e-05
1405,2.0974161004483135e-07,1.5e-10,0.0002673542101586161,29062650.004714936,0.0,0.0,0.0,0.0,0.0,16779328.803586047,852086057840.0127,-194.84784473229644,670.6122346702492,390.6623365167568,567.0182168818822,20.958717578106295,-205.38418665047644,-153.01255093285602,114.54796394762909,173.93725773544492,760.2140081774913,9.443433049270465e-05
1406,2.0989161004483136e-07,1.5e-10,0.0002675927672897517,29083434.614405762,0.0,0.0,0.0,0.0,0.0,16791328.803586047,852276522233.4999,-199.5406820665566,684.6043437507237,401.5066154584396,571.7968905109136,11.811451926377426,-194.22289298227105,-156.5189604849741,114.23768064824122,187.77497509418077,773.6044462280265,9.455037115963885e-05
1407,2.1004161004483137e-07,1.5e-10,0.0002678304022934757,29104219.22409659,0.0,0.0,0.0,0.0,0.0,16803328.803586047,852495285659.948,-186.1084247210842,681.5036885579118,404.608118461364,565.7631642544716,11.899215880059325,-194.0204675636755,-159.2207184596911,119.4064010094221,184.99204347728906,765.8234834940979,9.466524468216296e-05
1408,2.1019161004483138e-07,1.5e-10,0.0002680679047571611,29125003.83378742,0.0,0.0,0.0,0.0,0.0,16815328.803586047,852529384892.8463,-182.94500543256794,675.320206027158,405.16348608250166,569.6007323860593,-12.532534701693569,-198.05674231826873,-158.09469047840935,113.34872499661233,195.5591789857805,766.3300517636416,9.478019418992751e-05
1409,2.103416100448314e-07,1.5e-10,0.0002683074558018407,29145788.44347824,0.0,0.0,0.0,0.0,0.0,16827328.803586047,852650779541.81,-183.69578046171213,691.1670477485217,410.9111124006884,578.3517631010446,6.307557899683527,-191.62966106061657,-148.0434301247899,114.89314392282523,177.45343517380462,778.2915511877274,9.489693792260566e-05
1410,2.104916100448314e-07,1.5e-10,0.00026854799846798847,29166573.053169068,0.0,0.0,0.0,0.0,0.0,16839328.803586047,852795452217.027,-203.5932181720828,689.9675204855919,402.862679815726,587.2584186513756,6.4023734760572655,-202.6064195387957,-139.33517470869663,115.72089581677726,197.24898661511784,789.3243192692637,9.501533657049605e-05
1411,2.1064161004483142e-07,1.5e-10,0.0002687893364715204,29187357.662859894,0.0,0.0,0.0,0.0,0.0,16851328.803586047,852906997956.6694,-198.43782909827485,693.223978117825,417.8450723491035,592.8425684304203,4.228924010904339,-210.01097255877494,-137.4273912139568,110.39933847460401,194.25214273324883,795.1482916690512,9.513460881424641e-05
1412,2.1079161004483143e-07,1.5e-10,0.00026902975998843536,29208142.272550724,0.0,0.0,0.0,0.0,0.0,16863328.803586047,853058362871.421,-215.23741675749304,691.6736875460264,410.70093474567614,578.2510679516478,-16.366338023353645,-228.38789045825416,-141.7537573126527,101.35943726597141,240.31962317623643,797.8877833689072,9.525429198175174e-05
1413,2.1094161004483144e-07,1.5e-10,0.00026926636263132725,29228926.882241547,0.0,0.0,0.0,0.0,0.0,16875328.803586047,853035897668.7795,-196.9977125176447,669.1721440199257,403.3545369445684,561.1764314553135,-7.400629422493104,-213.17103180058672,-123.42126698097965,111.10786129200692,204.5638342462785,766.8019310204052,9.536931227140481e-05
1414,2.1109161004483145e-07,1.5e-10,0.00026950652160126053,29249711.491932373,0.0,0.0,0.0,0.0,0.0,16887328.803586047,853187765940.1229,-189.86606912147218,697.3633740204549,406.3701447330929,575.3628631526956,-6.097398820282086,-223.400975744835,-125.75263999612638,112.54651328183802,195.9857137127259,787.3712329671621,9.548741795634988e-05
1415,2.1124161004483146e-07,1.5e-10,0.00026974745206395753,29270496.1016232,0.0,0.0,0.0,0.0,0.0,16899328.803586047,853372714290.1266,-173.224703753383,693.7147433543744,397.4953412280257,590.9747345963101,-7.385605090499227,-224.31514680063114,-126.68888360384261,103.14362955517198,180.63074837126808,788.2096492812168,9.560564940374206e-05
1416,2.1139161004483147e-07,1.5e-10,0.0002699830551590941,29291280.71131403,0.0,0.0,0.0,0.0,0.0,16911328.803586047,853568565835.3802,-180.43139158486088,669.7447135111821,415.6488808861409,553.4596284733161,6.5622458538549715,-206.87332758622557,-128.76537238789848,134.62718691032512,173.88775796640823,754.8557300485774,9.571887776324935e-05
1417,2.1154161004483149e-07,1.5e-10,0.00027022260806291656,29312065.321004853,0.0,0.0,0.0,0.0,0.0,16923328.803586047,853673286217.4418,-197.65740476237573,693.2005814156233,412.7649646726755,572.0844890041822,6.426862801430909,-216.87684212080347,-127.22757358192175,115.58400544794658,191.2505485014196,784.0304422128264,9.583648232958127e-05
1418,2.116916100448315e-07,1.5e-10,0.0002704635093679514,29332849.93069568,0.0,0.0,0.0,0.0,0.0,16935328.803586047,853843022480.4806,-189.85649460211522,699.5283726227734,428.0409653227035,577.8019941719331,-46.04440990537994,-208.46670779466845,-119.35721021618065,117.11376187592816,235.95300321124407,800.600332923505,9.59565723795198e-05
1419,2.118416100448315e-07,1.5e-10,0.0002707038025633116,29353634.540386505,0.0,0.0,0.0,0.0,0.0,16947328.803586047,854064420027.173,-198.9010903151189,702.4718717782172,420.1374502350501,570.786432913814,-6.843684422648584,-202.6029318566882,-141.50620672780536,119.78529645984578,207.2333022098763,789.6811769395719,9.607502455606073e-05
1420,2.1199161004483152e-07,1.5e-10,0.00027094201848005167,29374419.150077336,0.0,0.0,0.0,0.0,0.0,16959328.803586047,854264279619.8275,-201.7928037075817,684.2367712788607,426.3985827116112,561.1965276895638,-25.935621690102877,-209.57694000872715,-119.56644420169741,108.72398058444593,227.73924442905013,783.5682684433741,9.619255979632724e-05
1421,2.1214161004483153e-07,1.5e-10,0.00027118222524561797,29395203.759768162,0.0,0.0,0.0,0.0,0.0,16971328.803586047,854504850372.5769,-209.31591104139576,708.6947373446693,409.7878650840818,560.8253470343236,-14.707605096666393,-207.6840072008357,-126.58542530177654,119.49622647313159,224.03518217539917,793.3272560215908,9.631155888473048e-05
1422,2.1229161004483154e-07,1.5e-10,0.00027142483839270995,29415988.36945899,0.0,0.0,0.0,0.0,0.0,16983328.803586047,854739474065.3937,-223.35827658576886,721.6982538610015,415.8963913284363,575.8506731459535,13.853321076496057,-231.25085417125464,-146.33714547886197,131.48098822239353,209.5179318549432,807.0949194771159,9.643262312265204e-05
1423,2.1244161004483155e-07,1.5e-10,0.0002716666860652457,29436772.979149815,0.0,0.0,0.0,0.0,0.0,16995328.803586047,854987459182.612,-224.98547812222705,725.0479388159889,413.7355364856276,563.5131760432996,11.851687234984844,-228.78170292920086,-149.67416808527156,133.02966154971182,213.139715912362,802.4258094777425,9.65529869940737e-05
1424,2.1259161004483156e-07,1.5e-10,0.0002719081220060068,29457557.58884064,0.0,0.0,0.0,0.0,0.0,17007328.803586047,855250504362.8037,-230.89213889674443,709.727371351351,421.5661891565644,570.8413682491768,2.1068595255345963,-240.6068020272643,-137.4680109099418,128.6126829446692,228.7972114086961,805.0752179462819,9.667374827676565e-05
1425,2.1274161004483158e-07,1.5e-10,0.00027215012454959793,29478342.198531467,0.0,0.0,0.0,0.0,0.0,17019328.803586047,855490090433.1204,-227.703157998237,717.7914841636925,413.411449503349,571.372491289039,6.461683827533053,-226.61341086296073,-143.50168848445222,132.00608240522988,221.24769855624746,805.2799994556063,9.6794540276684e-05
1426,2.128916100448316e-07,1.5e-10,0.0002723929554847323,29499126.808222294,0.0,0.0,0.0,0.0,0.0,17031328.803586047,855784125504.4546,-228.82715218263752,712.7723311743704,412.152939433664,585.5778814789389,3.7788617073762802,-233.2231260619747,-144.18958023368978,135.25942269798455,225.05875424935678,811.0013769449057,9.691619048322573e-05
1427,2.130416100448316e-07,1.5e-10,0.0002726345526811136,29519911.41791312,0.0,0.0,0.0,0.0,0.0,17043328.803586047,856067596653.5941,-214.84947727070536,711.7028884722298,396.67252241711464,576.2059513292097,8.792360460514953,-215.59706685743782,-140.42145127036093,135.09827453817365,206.06227333822306,797.5488228787768,9.703582280665755e-05
1428,2.131916100448316e-07,1.5e-10,0.00027287649503260656,29540696.027603947,0.0,0.0,0.0,0.0,0.0,17055328.803586047,856364374772.1755,-230.09187755936608,712.5480809036776,415.7378973102841,574.9897048040178,-4.545182467628928,-220.07392729188172,-144.6559415496618,144.02099638067472,234.6591698479561,806.8619746186756,9.715685210285035e-05
1429,2.1334161004483162e-07,1.5e-10,0.00027311861451178205,29561480.637294773,0.0,0.0,0.0,0.0,0.0,17067328.803586047,856449232728.5743,-243.6443432344884,708.3230200255866,407.7061584475616,580.9037290507665,10.406441776845751,-208.47162732600603,-149.24317657203898,143.07972758611274,233.27708810871272,808.4889081489741,9.727812543907269e-05
1430,2.1349161004483163e-07,1.5e-10,0.00027336208934424536,29582265.2469856,0.0,0.0,0.0,0.0,0.0,17079328.803586047,856728018224.6829,-217.0304981241532,701.1727359604997,413.46583823588577,605.8429895284595,-6.681545358743396,-217.43077743545246,-140.6854584766148,128.06585307618423,223.71499702307923,813.4445058059484,9.740014211494357e-05
1431,2.1364161004483164e-07,1.5e-10,0.0002736041624446158,29603049.856676426,0.0,0.0,0.0,0.0,0.0,17091328.803586047,857042364795.3776,-213.15570403970275,701.0126246457206,419.131704020808,590.451873314062,-4.720317066158362,-220.03887050432803,-148.50465627845279,122.82705762621971,217.90306624274282,803.4194522362972,9.752065503277902e-05
1432,2.1379161004483165e-07,1.5e-10,0.0002738468733136652,29623834.466367252,0.0,0.0,0.0,0.0,0.0,17103328.803586047,857343418356.6388,-227.15169471507284,698.859748069613,426.8361174703571,597.0623153045208,-12.032927217363365,-207.0112588557246,-149.96835052724217,126.86937456245252,239.19544328693206,812.4872848250561,9.764252812550279e-05
1433,2.1394161004483167e-07,1.5e-10,0.0002740883467808678,29644619.07605808,0.0,0.0,0.0,0.0,0.0,17115328.803586047,857670257912.3062,-248.17308285341556,689.9732857371147,436.9250241566823,587.3133882762415,-8.832165969859492,-214.85631514694168,-155.46934370163163,114.7831852857272,257.0162418324142,811.6123147869363,9.776426997272082e-05
1434,2.1409161004483168e-07,1.5e-10,0.00027433001030966104,29665403.685748905,0.0,0.0,0.0,0.0,0.0,17127328.803586047,857965249893.355,-223.59571637587,689.5912241967915,431.53785860379605,593.7957806664335,-31.49801668792601,-210.33474303244446,-168.6003415710255,127.9405067349707,255.10336386190852,807.2870087875289,9.788536302403895e-05
1435,2.142416100448317e-07,1.5e-10,0.0002745693978800878,29686188.29543973,0.0,0.0,0.0,0.0,0.0,17139328.803586047,858283546987.0643,-238.4973205042967,672.1279818804463,469.1424369323216,578.9457873194297,-34.178310988964725,-213.0237363304472,-147.13367467613162,123.78611512327758,272.6363736289603,804.4870030230728,9.80060360744924e-05
1436,2.143916100448317e-07,1.5e-10,0.00027481241852878393,29706972.905130558,0.0,0.0,0.0,0.0,0.0,17151328.803586047,858249631059.4893,-228.48867113519893,690.2538381317496,437.28756281694035,609.0683771682563,-10.953254736890177,-221.11934548461247,-168.0985163669737,129.25742078270326,239.45044652196023,814.138952317672,9.812815691734005e-05
1437,2.145416100448317e-07,1.5e-10,0.0002750549002375204,29727757.514821384,0.0,0.0,0.0,0.0,0.0,17163328.803586047,858409901366.4003,-222.94662484957723,682.0229178976939,448.28498834495815,610.396471245154,-10.925200052623707,-232.25884862005788,-158.86174218927627,115.50410402891944,233.879914669618,811.7458771602433,9.824991879891408e-05
1438,2.1469161004483172e-07,1.5e-10,0.00027529717972353876,29748542.12451221,0.0,0.0,0.0,0.0,0.0,17175328.803586047,858632294669.6807,-220.88880416563842,685.7549063588536,440.8842683433541,605.1155898103922,-23.321854090771154,-216.74656472924414,-165.03709994783645,130.48813082688594,244.2183508051479,809.9044319587413,9.83714044637079e-05
1439,2.1484161004483173e-07,1.5e-10,0.0002755411073853722,29769326.734203037,0.0,0.0,0.0,0.0,0.0,17187328.803586047,858874458412.9712,-239.82240107502173,693.2218290459982,434.44351283367314,613.8077722177003,-17.891160232046136,-220.80423200265918,-160.2769888265505,131.84271564832926,257.72066319997447,824.6044402584583,9.849509512974666e-05
1440,2.1499161004483175e-07,1.5e-10,0.0002757854768978111,29790111.343893863,0.0,0.0,0.0,0.0,0.0,17199328.803586047,859010301779.3217,-238.83184329584512,697.482137897931,441.8633884883046,613.915610876649,-26.985326553004622,-222.6598164892441,-166.10013872273407,129.87554974953485,265.823506965504,828.9109991871134,9.861943177962474e-05
1441,2.1514161004483176e-07,1.5e-10,0.0002760297836504523,29810895.95358469,0.0,0.0,0.0,0.0,0.0,17211328.803586047,859275547081.7614,-235.6776752445668,701.9215597685368,450.32200240774483,608.3724200080624,-32.87411026699298,-234.15563034356566,-172.29290364586998,128.94665482805254,268.55776469135685,829.2034963640829,9.874381230407935e-05
1442,2.1529161004483177e-07,1.5e-10,0.00027627203579361036,29831680.563275516,0.0,0.0,0.0,0.0,0.0,17223328.803586047,859538484857.4468,-223.94205525037407,692.8066642255797,446.2761873750942,596.1750752567365,-36.11684548352232,-236.25895054033163,-182.41250379212255,132.73425815645044,260.06494183815505,812.4021621888714,9.886567262840768e-05
1443,2.1544161004483178e-07,1.5e-10,0.0002765167923776626,29852465.172966342,0.0,0.0,0.0,0.0,0.0,17235328.803586047,859762191867.3491,-251.64958350351495,693.2966007646717,443.40236266236053,621.1623401009886,-20.068204535288434,-214.12126102822313,-170.46698086357594,131.27090021158125,271.722416529208,833.5240142225936,9.899070123054107e-05
1444,2.155916100448318e-07,1.5e-10,0.00027676185413995087,29873249.782657173,0.0,0.0,0.0,0.0,0.0,17247328.803586047,860043890822.5101,-242.5875156808539,700.3936841761773,449.3487722705896,617.9200925423652,-31.298449364335763,-220.44223991441444,-172.66718021649174,130.0272870792389,273.8903619095446,835.1381588398428,9.911597195436705e-05
1445,2.157416100448318e-07,1.5e-10,0.0002770071209089671,29894034.392348,0.0,0.0,0.0,0.0,0.0,17259328.803586047,860311783901.9916,-250.03329281804932,701.8313089874028,451.42482922559094,617.9399074981653,-25.72369615229441,-221.73213044981276,-172.70355620118792,134.9069231418799,275.7603392319735,837.7478678045513,9.924163413453773e-05
1446,2.158916100448318e-07,1.5e-10,0.00027725122934880325,29914819.002038825,0.0,0.0,0.0,0.0,0.0,17271328.803586047,860573019519.6964,-246.31081551205043,698.2054479419354,466.17649964838597,606.7623876365619,-41.41537673762637,-227.4536401156834,-171.18913288135383,143.14072083824465,287.7294379989845,834.1487134244795,9.93667564415514e-05
1447,2.1604161004483182e-07,1.5e-10,0.00027749521000974153,29935603.61172965,0.0,0.0,0.0,0.0,0.0,17283328.803586047,860844102885.553,-227.22100643826428,701.0132340932998,464.51728646292895,606.3898873802052,-39.832460581101564,-225.88289695642345,-177.68880678155858,140.69585862227197,267.0567442333851,826.2164690002518,9.949068891190144e-05
1448,2.1619161004483184e-07,1.5e-10,0.0002777426519688442,29956388.221420478,0.0,0.0,0.0,0.0,0.0,17295328.803586047,861054855160.03,-234.5330814298927,715.1983711716053,447.93335532266656,632.2008720540863,-24.984502779360458,-230.17528408609124,-163.75940571731385,137.91300830047194,259.5168700956345,846.7014186180288,9.961769412469414e-05
1449,2.1634161004483185e-07,1.5e-10,0.00027798763400875066,29977172.831111304,0.0,0.0,0.0,0.0,0.0,17307328.803586047,861327225844.4265,-252.7016303580234,720.0830002443822,479.00861613905124,594.4682730689797,-32.77601552894552,-232.02209281881096,-193.0860136667066,130.7554137451806,285.4795538461237,839.228542323726,9.97435784060427e-05
1450,2.1649161004483186e-07,1.5e-10,0.00027823277521572316,29997957.44080213,0.0,0.0,0.0,0.0,0.0,17319328.803586047,861549546245.2004,-244.08548185817108,713.5185760240964,473.7087387021123,604.3153873063171,-35.016651426116816,-234.64850951012687,-188.3596291163831,135.68925782091355,279.1058786167706,837.7174070775797,9.986923601710434e-05
1451,2.1664161004483187e-07,1.5e-10,0.0002784779418487448,30018742.050492957,0.0,0.0,0.0,0.0,0.0,17331328.803586047,861828439387.3547,-240.65423147188312,710.4282150002521,466.27479542450226,609.0819872740876,-26.215527417883592,-232.82429124444783,-179.84541746556707,138.24195150673512,266.8690932020781,835.0122620404069,9.99944878564104e-05
1452,2.1679161004483188e-07,1.5e-10,0.00027872295118539506,30039526.660183784,0.0,0.0,0.0,0.0,0.0,17343328.803586047,862095938722.7869,-248.2636599121004,708.0497591585134,471.03787754610926,608.549271088825,-30.213427780311815,-216.40213775012194,-189.21204063076408,138.21263282064643,278.47583041632373,836.4937488981174,0.00010011996191874512
1453,2.169416100448319e-07,1.5e-10,0.0002789681623658937,30060311.26987461,0.0,0.0,0.0,0.0,0.0,17355328.803586047,862367328667.3257,-236.73963051491913,711.7044115471946,461.2959619213578,609.7781610692737,-16.594881045108952,-233.36863021281098,-179.01291661213833,132.7243439882911,253.7053686267977,832.1666686736761,0.00010024478691904617
1454,2.170916100448319e-07,1.5e-10,0.00027921272711260784,30081095.879565436,0.0,0.0,0.0,0.0,0.0,17367328.803586047,862602500702.591,-253.31176554585903,704.4784834440305,476.1633353376932,606.0585642753738,-19.870357392575514,-227.72081990544316,-187.2991775958162,133.30489698121298,273.2296426053033,834.3253682077177,0.00010036993572427733
1455,2.1724161004483191e-07,1.5e-10,0.0002794568168174072,30101880.489256263,0.0,0.0,0.0,0.0,0.0,17379328.803586047,862822849607.2615,-271.12407480275306,693.9405381618575,467.3652011158178,608.5557548599496,-19.796766793873346,-226.17865152591816,-181.69699704456704,154.16279266826754,290.9701076405528,836.7430427928751,0.00010049544718069626
1456,2.1739161004483193e-07,1.5e-10,0.00027970215769708244,30122665.09894709,0.0,0.0,0.0,0.0,0.0,17391328.803586047,863029782650.1698,-239.51272566784732,704.7283592609456,477.3918608153763,617.759774225684,-12.138731552473029,-243.00058805047976,-187.4719530613721,146.4791798210075,252.25596270269904,833.5942915933106,0.00010062048632443525
1457,2.1754161004483194e-07,1.5e-10,0.00027995041859267604,30143449.708637916,0.0,0.0,0.0,0.0,0.0,17403328.803586047,862974525442.2434,-251.29730804895323,713.8415281160105,476.16054232463654,641.0351562499371,4.185348209759375,-241.18813504823447,-168.27867573777527,149.6032459477201,247.23572273949947,853.9040888891146,0.00010074857193776862
1458,2.1769161004483195e-07,1.5e-10,0.00028019454511197807,30164234.318328742,0.0,0.0,0.0,0.0,0.0,17415328.803586047,863016862184.6562,-239.58912818348395,694.568395541287,477.2618083044467,614.570410780256,-2.3426915651304707,-245.80167389568916,-197.60070795932003,130.38384333244963,242.4319114291752,824.1640939619883,0.00010087219655186293
1459,2.1784161004483196e-07,1.5e-10,0.0002804385718099137,30185018.92801957,0.0,0.0,0.0,0.0,0.0,17427328.803586047,863155427422.4615,-210.07392884363895,681.457155477952,474.34803407491756,635.2154866363954,30.569093936987528,-245.23622409345407,-206.7495382141334,128.97099088087643,179.79275904224943,811.0765127305018,0.0001009938580287725
1460,2.1799161004483197e-07,1.5e-10,0.0002806886468478528,30205803.537710395,0.0,0.0,0.0,0.0,0.0,17439328.803586047,862908299127.7275,-295.5138730142307,706.6906404021738,501.8202215903741,660.6283648011323,-2.7458029948400116,-248.3519897123248,-209.59789259934632,134.26930190536964,298.9119253966369,879.6474041063124,0.00010112580513938845
1461,2.1814161004483198e-07,1.5e-10,0.00028093673831027297,30226588.14740122,0.0,0.0,0.0,0.0,0.0,17451328.803586047,863054572411.7854,-259.95838922051246,698.5736462548848,519.0552640909906,652.573148945718,-5.691228575781247,-223.66021703878502,-219.73243986971778,145.10978328573327,265.9320817842166,855.9640254483589,0.0001012541997432057
1462,2.18291610044832e-07,1.5e-10,0.0002811857363652554,30247372.757092047,0.0,0.0,0.0,0.0,0.0,17463328.803586047,863016072434.3033,-247.11477419528188,684.5014072230618,505.9921518469721,681.9131295845945,30.04078258907561,-244.4689665429039,-201.32491506892205,153.78201903503134,217.1399889117567,853.6921389023571,0.00010138225356404106
1463,2.18441610044832e-07,1.5e-10,0.00028143362079799974,30268157.366782874,0.0,0.0,0.0,0.0,0.0,17475328.803586047,863083605782.8684,-265.03496558614586,682.5036850650546,516.4596834541511,664.78737142711,-0.8308482603175568,-233.03239748413984,-211.5911369106756,131.24478525225783,265.92991633891916,856.4314775025075,0.00010151071828566644
1464,2.1859161004483202e-07,1.5e-10,0.0002816849394670225,30288941.9764737,0.0,0.0,0.0,0.0,0.0,17487328.803586047,862949310970.8372,-240.56338519805948,710.0657460929687,511.05704835243034,681.9207835691279,-4.795416369241308,-217.63976610406203,-213.10270996224986,128.60474825285453,245.41335836642452,869.9757526298467,0.00010164121464856091
1465,2.1874161004483203e-07,1.5e-10,0.0002819356244083959,30309726.586164527,0.0,0.0,0.0,0.0,0.0,17499328.803586047,863073985190.1251,-249.00048604927235,705.7936409542102,517.1525371233826,677.7038716977675,-1.4482927760088802,-215.19249903891952,-219.63853450194495,131.9271541242624,250.61036453311092,867.7808586208291,0.00010177138177735403
1466,2.1889161004483204e-07,1.5e-10,0.0002821861892799837,30330511.195855353,0.0,0.0,0.0,0.0,0.0,17511328.803586047,863205989576.7089,-242.8164475994572,697.4575241091454,515.2033938717783,685.6871716385168,-4.547855258240817,-211.81227198056547,-221.0676631106781,129.1112589347796,247.43973360978487,865.4205911975905,0.00010190119486603367
1467,2.1904161004483205e-07,1.5e-10,0.00028243573113850574,30351295.805546183,0.0,0.0,0.0,0.0,0.0,17523328.803586047,863367338935.8481,-224.68809483770684,684.6091501389983,507.6470623084789,688.4749064340916,-29.423299863617515,-217.9556323813844,-225.70737275416673,134.90579803729304,254.1799354804545,857.0614350248949,0.0001020297540812874
1468,2.1919161004483206e-07,1.5e-10,0.0002826887117605805,30372080.41523701,0.0,0.0,0.0,0.0,0.0,17535328.803586047,863595721057.0588,-265.09064254718146,715.1535291511457,507.78076634639376,694.6567570451598,34.415389634429935,-207.87243707843442,-208.2498840851275,122.58801816926972,232.67988804303187,882.374074267969,0.0001021621101924276
1469,2.1934161004483207e-07,1.5e-10,0.00028293752498964456,30392865.024927836,0.0,0.0,0.0,0.0,0.0,17547328.803586047,863473951720.2506,-246.68841013204684,691.6568231134868,506.91221673016184,667.3146861067287,-26.657995058590906,-211.97327085804764,-188.51297454246918,129.2479670398949,273.428364770377,861.7197723737919,0.00010229136815828367
1470,2.1949161004483208e-07,1.5e-10,0.0002831864149157414,30413649.634618662,0.0,0.0,0.0,0.0,0.0,17559328.803586047,863386548937.1089,-243.26509966081557,700.452032802561,490.5869736703402,662.7896453805142,-9.335346722862749,-211.90203003420658,-201.80536024815478,124.28371533450618,252.68672241176512,855.5175697876675,0.00010241969579375182
1471,2.196416100448321e-07,1.5e-10,0.0002834351758028052,30434434.24430949,0.0,0.0,0.0,0.0,0.0,17571328.803586047,863592453531.832,-235.64178503458763,696.7066358526761,501.87841113746117,663.7319212013451,-23.760563671817888,-220.96208825390437,-190.25646787001224,120.11365976028404,259.4937622143494,857.3076002446136,0.00010254829193378851
1472,2.197916100448321e-07,1.5e-10,0.00028368443520195355,30455218.854000315,0.0,0.0,0.0,0.0,0.0,17583328.803586047,863528052377.4326,-273.1756746703742,705.4941886619847,473.4551635608564,654.715987742291,-23.663356152429127,-230.6632137367783,-198.2697023628238,97.90545013904709,296.9436013336465,869.9126772080841,0.00010267877883536973
1473,2.1994161004483212e-07,1.5e-10,0.0002839357126095645,30476003.46369114,0.0,0.0,0.0,0.0,0.0,17595328.803586047,863706512123.6675,-262.07669560733177,725.6481759094081,483.04886145086084,659.41592705078,-37.91945118541444,-211.23283226829392,-202.46767305057702,110.95220213075397,300.111327572105,880.825815842783,0.00010281090270774615
1474,2.2009161004483213e-07,1.5e-10,0.00028418684600319585,30496788.073381968,0.0,0.0,0.0,0.0,0.0,17607328.803586047,863941110921.2517,-265.50110356081655,713.1627194124172,491.5887386442453,668.8203802718987,-38.085821984069725,-200.76635790605752,-198.4566407184222,96.56525702065977,303.7175451651975,882.2382539525945,0.00010294323844583904
1475,2.2024161004483214e-07,1.5e-10,0.0002844369813571508,30517572.683072794,0.0,0.0,0.0,0.0,0.0,17619328.803586047,864147341535.2548,-264.3278413440358,714.6568795162037,489.35110270857024,658.2171406527145,-24.104671434936684,-201.54591405336112,-209.27336130647055,115.60231282987435,288.69266045401935,871.4356563097738,0.0001030739537942855
1476,2.2039161004483215e-07,1.5e-10,0.0002846888893488022,30538357.29276362,0.0,0.0,0.0,0.0,0.0,17631328.803586047,864109565679.221,-255.6169918429898,725.2962758806955,488.0574461974696,668.5672700095278,-19.23192325189151,-211.39774985820608,-190.05246729570877,98.02658944706897,274.881121893322,880.7297468866727,0.0001032060632563185
1477,2.2054161004483216e-07,1.5e-10,0.00028494148284372045,30559141.902454447,0.0,0.0,0.0,0.0,0.0,17643328.803586047,864129624369.8162,-264.1319653051264,723.3049479230436,484.74729436106645,676.2068936064572,-30.208411326744535,-214.46229210712704,-189.2198505768269,105.09335667325911,294.37404286184346,889.3068591684575,0.00010333945928519377
1478,2.2069161004483217e-07,1.5e-10,0.00028519065882569924,30579926.512145273,0.0,0.0,0.0,0.0,0.0,17655328.803586047,864416049835.9453,-272.2742880702871,702.9317322878982,474.390200906136,656.838544716781,-20.37057583602487,-202.02305999722475,-187.31159456480432,101.95600805821205,292.6784546474439,868.2972992329693,0.00010346970388007872
1479,2.2084161004483218e-07,1.5e-10,0.0002854406301556525,30600711.1218361,0.0,0.0,0.0,0.0,0.0,17667328.803586047,864577379208.3005,-253.35093900244962,704.866950371985,473.05159356295286,666.753562116003,-32.01526890006169,-208.8621628799239,-181.63240360130303,121.09826913521357,285.3922652019225,869.3467503720727,0.00010360010589263453
1480,2.209916100448322e-07,1.5e-10,0.00028569389879357294,30621495.731526926,0.0,0.0,0.0,0.0,0.0,17679328.803586047,864738240478.8658,-288.52663976365614,722.2145623013848,462.18717841117257,679.9301138618346,-36.64675163329756,-238.1983934101372,-183.17759118118764,97.76440378606551,325.20838778801533,902.6405618320356,0.00010373550197690933
1481,2.211416100448322e-07,1.5e-10,0.0002859445468826535,30642280.341217753,0.0,0.0,0.0,0.0,0.0,17691328.803586047,864827059714.0833,-275.9487446918454,710.0228005595139,456.4055639717589,664.65637717214,-36.246410520727004,-219.68943961644052,-177.11789930094795,103.58307690421786,312.22954014588254,881.4992388374889,0.00010386772686273496
1482,2.2129161004483222e-07,1.5e-10,0.0002861942187483824,30663064.95090858,0.0,0.0,0.0,0.0,0.0,17703328.803586047,865032783551.362,-262.2598180028715,715.1784148290886,472.8386411014157,650.5601477241726,-35.37331882800243,-217.32827562152323,-189.63566909933238,101.29977050632915,297.6753024871089,871.0515671042531,0.00010399838459780059
1483,2.2144161004483223e-07,1.5e-10,0.00028644317059253526,30683849.560599405,0.0,0.0,0.0,0.0,0.0,17715328.803586047,865215786457.9417,-262.0209103186073,710.0174012308169,463.24808796565037,648.6436915562805,-17.237095105361853,-244.13502594818522,-193.18897033684317,93.40448055667068,279.3003883853805,863.2367680364558,0.00010412787011300606
1484,2.2159161004483224e-07,1.5e-10,0.0002866922717060067,30704634.17029023,0.0,0.0,0.0,0.0,0.0,17727328.803586047,865405513579.893,-293.88836243742014,705.849170733203,481.07751443988997,649.5352630133449,1.4359553843079136,-226.29484067243868,-184.79319175438172,101.14062772409224,292.4855547404911,872.6120563538175,0.00010425876192145913
1485,2.2174161004483225e-07,1.5e-10,0.00028694462768316057,30725418.779981058,0.0,0.0,0.0,0.0,0.0,17739328.803586047,865593125592.1996,-278.67088569766173,720.5250726454573,460.53026000517247,676.5892472486798,0.7884660604089591,-227.68212255503008,-182.40457384521892,112.29771794915975,277.91781107277944,885.5109012754385,0.00010439158855665045
1486,2.2189161004483226e-07,1.5e-10,0.00028719642422725064,30746203.389671884,0.0,0.0,0.0,0.0,0.0,17751328.803586047,865820450685.3334,-273.5391805559441,714.8913030952981,469.168215385767,674.303989240217,-20.61105807334515,-226.27543958981684,-186.84150887077877,99.53115908900126,294.1789126161908,884.9134619427966,0.00010452432557594186
1487,2.2204161004483227e-07,1.5e-10,0.0002874463302489083,30766987.99936271,0.0,0.0,0.0,0.0,0.0,17763328.803586047,865990284167.9047,-257.3455461352064,718.2562534143677,467.27415458658714,653.6070940734643,-8.84051211538637,-223.77141417870098,-199.02367591444423,93.63808502382075,266.201932224112,865.1086162683404,0.00010465409186838211
1488,2.2219161004483229e-07,1.5e-10,0.00028769809316448987,30787772.609053537,0.0,0.0,0.0,0.0,0.0,17775328.803586047,866155947771.3365,-294.7453503450023,721.2280411473141,466.82908153814856,664.8192448097477,-3.8917061286426007,-238.767692399869,-184.52211187844165,106.30571385368116,298.63633368925673,888.9165189974547,0.00010478742934623173
1489,2.223416100448323e-07,1.5e-10,0.0002879501729861445,30808557.218744364,0.0,0.0,0.0,0.0,0.0,17787328.803586047,866318193806.9492,-287.68083148904924,717.0506570119734,460.8818947163824,674.9637944812947,-1.7922207748230778,-236.18483584584553,-191.19194939878807,110.83355608800619,289.5395536636505,886.8188644631259,0.00010492045217590119
1490,2.224916100448323e-07,1.5e-10,0.0002882021944288547,30829341.82843519,0.0,0.0,0.0,0.0,0.0,17799328.803586047,866499109417.5306,-279.1387166371249,717.2546054947594,471.8981162293022,675.8906526742547,5.665491864917103,-241.3168700109252,-194.9299861740405,114.30913167044923,273.53929614737814,883.0335131324048,0.00010505290720287105
1491,2.2264161004483232e-07,1.5e-10,0.000288452912669089,30850126.43812602,0.0,0.0,0.0,0.0,0.0,17811328.803586047,866663665981.8893,-279.11739172020185,712.6120324626429,461.0695499863411,666.7052695350991,8.066370317677679,-230.89737736042076,-198.29386074312077,119.33313659308492,271.07013137891914,873.1008082114995,0.00010518387232410278
1492,2.2279161004483233e-07,1.5e-10,0.0002887036469742957,30870911.047816847,0.0,0.0,0.0,0.0,0.0,17823328.803586047,866806630405.6785,-281.04527654824045,715.120644423832,442.31891459989197,667.0980468070354,36.47086877229042,-240.05836433894328,-198.03562124341926,118.3087112348589,244.59622329220332,868.9675069122368,0.00010531421745013962
1493,2.2294161004483234e-07,1.5e-10,0.00028895436918998583,30891695.657507673,0.0,0.0,0.0,0.0,0.0,17835328.803586047,866929734587.2145,-277.86942221705823,701.5772142704051,450.2242368807787,676.0133522021586,-10.621528153901181,-247.66205719010722,-195.95986065690542,107.76052264708854,288.5093431101316,876.1853549466607,0.00010544564525338161
1494,2.2309161004483235e-07,1.5e-10,0.000289206868316997,30912480.2671985,0.0,0.0,0.0,0.0,0.0,17847328.803586047,866982199042.1057,-282.1019504667323,711.2838672300387,465.7783707725476,684.9372012398502,-3.6457259851952655,-259.69390988778895,-176.16967405357772,119.27308112550706,285.7653241598056,889.857240037084,0.00010557912383938718
1495,2.2324161004483236e-07,1.5e-10,0.0002894584881055564,30933264.876889326,0.0,0.0,0.0,0.0,0.0,17859328.803586047,867172437361.3185,-297.9300047533189,703.70718397248,454.98640323494504,681.2131489265703,-8.832065138247579,-264.30396792670484,-210.74999946276176,128.16189145919031,306.77953777466695,887.336533339707,0.00010571222431938813
1496,2.2339161004483238e-07,1.5e-10,0.0002897108308735186,30954049.486580152,0.0,0.0,0.0,0.0,0.0,17871328.803586047,866949054479.2732,-299.18979709912514,694.6626255296471,462.2708221968169,697.7538476794514,1.5093425553869535,-265.3961822437273,-185.6072720506424,133.04721135356303,297.69783303304536,892.4057802985343,0.00010584608518643292
1497,2.235416100448324e-07,1.5e-10,0.00028996322367740626,30974834.09627098,0.0,0.0,0.0,0.0,0.0,17883328.803586047,866782279606.7064,-301.79670673921015,709.8577207381114,460.3726500680034,682.8093111274068,-1.0256747028657744,-271.3901824913516,-197.1044190151315,129.73645982551372,302.839166043708,893.3989645666833,0.00010598009503111792
1498,2.236916100448324e-07,1.5e-10,0.0002902171328958717,30995618.705961805,0.0,0.0,0.0,0.0,0.0,17895328.803586047,866877426294.4948,-315.27242942125207,696.6401995546788,447.75660018569226,711.0420568694342,2.188652071187952,-268.6025311732437,-183.04418793368382,119.01818498789302,313.1004908406317,907.1722176644449,0.00010611617086376758
1499,2.238416100448324e-07,1.5e-10,0.00029047110202999864,31016403.31565263,0.0,0.0,0.0,0.0,0.0,17907328.803586047,866942340461.5447,-282.1005742751514,721.582983033605,455.8447474832844,693.8990764354484,10.612139252107534,-290.93687659842504,-204.2828025109454,121.1193311856473,271.5052663309425,894.8980936154433,0.0001062504055778099
1500,2.2399161004483242e-07,1.5e-10,0.0002907236854980316,31037187.925343458,0.0,0.0,0.0,0.0,0.0,17919328.803586047,867114740091.7772,-295.66816240564543,705.14621536749,453.5370143006093,692.3764925857242,24.186531763658056,-298.2524077402735,-209.57630523325204,98.16340131727799,271.497348235904,889.9537588476719,0.00010638389864163704
1501,2.2414161004483243e-07,1.5e-10,0.0002909790068346036,31057972.535034284,0.0,0.0,0.0,0.0,0.0,17931328.803586047,866944401327.5935,-294.3952013374411,702.7103253060124,440.55437893745716,725.2571289362804,-11.546878276023474,-266.98531270594947,-191.2184605270413,133.93791932331442,305.9573541502247,909.1726265355725,0.00010652027453561737
1502,2.2429161004483244e-07,1.5e-10,0.000291231984307639,31078757.14472511,0.0,0.0,0.0,0.0,0.0,17943328.803586047,866643025118.0387,-305.2881456569658,692.2884640478762,436.55682135616325,709.3902824192991,13.576501401749015,-263.582767348618,-202.7051318238102,133.3105061262085,291.72665590834015,893.1853135663421,0.00010665425233265233
1503,2.2444161004483246e-07,1.5e-10,0.0002914851046082729,31099541.754415937,0.0,0.0,0.0,0.0,0.0,17955328.803586047,866632971509.7799,-285.9551478879295,683.4582044615396,442.6059224346376,720.3182385787673,-10.309415702454544,-261.0482910748048,-191.15628654201203,122.1350326103818,296.2779132813747,893.0148524167693,0.00010678820456051484
1504,2.2459161004483247e-07,1.5e-10,0.00029173863254998607,31120326.364106763,0.0,0.0,0.0,0.0,0.0,17967328.803586047,866763372686.4746,-336.46023893596185,692.0271285920534,442.7545143994072,709.2740481852022,19.641688311465177,-281.22924656424067,-192.15582745289373,134.6149135943789,316.8337431878718,908.4584508611003,0.00010692447332814401
1505,2.2474161004483248e-07,1.5e-10,0.00029199412806745455,31141110.97379759,0.0,0.0,0.0,0.0,0.0,17979328.803586047,866867715267.7056,-331.41325396210726,685.615268621434,438.7607400967265,738.1782996013281,-7.165027924000213,-272.4104073920081,-200.38931865753355,142.3709621446001,338.5937486558634,921.9513608108921,0.00010706276603226564
1506,2.248916100448325e-07,1.5e-10,0.00029225303118802755,31161895.583488416,0.0,0.0,0.0,0.0,0.0,17991328.803586047,866889346193.934,-320.9729579080752,711.6991270668203,435.3488200137974,754.0904707061172,20.90551199473021,-280.9135189987202,-200.49325437836697,123.40769869371073,315.5724126031528,937.1228344515697,0.00010720333445743337
1507,2.250416100448325e-07,1.5e-10,0.00029250808436023416,31182680.193179242,0.0,0.0,0.0,0.0,0.0,18003328.803586047,866809882765.328,-330.6061095371878,682.1144262986728,440.3239264142186,737.2541141109167,7.89297248162416,-252.94074816021052,-197.40971914728223,106.67452021989851,322.7262022570588,916.8856663791854,0.00010734086730739025
1508,2.251916100448325e-07,1.5e-10,0.00029276348938860964,31203464.80287007,0.0,0.0,0.0,0.0,0.0,18015328.803586047,866820274074.2993,-322.56730054607465,700.8950870131994,436.47219976201546,721.5077433409738,-21.7976531864624,-255.93466439307412,-189.94319111949775,118.87422629446728,344.3885738715032,921.7824235961073,0.00010747913467092967
1509,2.2534161004483252e-07,1.5e-10,0.0002930201642977405,31224249.412560895,0.0,0.0,0.0,0.0,0.0,18027328.803586047,866790164001.0887,-324.36992189403713,697.1521066384183,439.1287617438711,743.688706863272,23.599078874509967,-239.41880214031988,-187.41565893833635,114.63524617182458,300.7969725060157,921.4944084946027,0.00010761735883220387
1510,2.2549161004483253e-07,1.5e-10,0.00029327867586809945,31245034.02225172,0.0,0.0,0.0,0.0,0.0,18039328.803586047,866864770528.4906,-305.70125727620797,711.2146874845912,449.80956367165646,753.0760249347287,20.989631797863407,-253.33180276817532,-194.92980134755157,90.10278155656074,284.7275539680229,928.3824470100902,0.00010775661619925539
1511,2.2564161004483255e-07,1.5e-10,0.00029353724669652754,31265818.631942548,0.0,0.0,0.0,0.0,0.0,18051328.803586047,867006755645.334,-344.31576521606024,710.8723077378814,452.32208688948873,747.3162954167141,17.117620241231716,-241.68838183154006,-195.37685952055617,119.36965587506545,327.21359947553657,941.4752467128031,0.0001078978374862623
1512,2.2579161004483256e-07,1.5e-10,0.00029379542379542336,31286603.241633374,0.0,0.0,0.0,0.0,0.0,18063328.803586047,867143777973.9747,-349.0737477842411,701.8659022248034,447.72635011244284,750.1083170467376,21.111134425087513,-263.0924876503608,-192.3254116414824,100.28794396447243,327.9782395806916,941.5766682008107,0.00010803907398649243
1513,2.2594161004483257e-07,1.5e-10,0.0002940540384372798,31307387.8513242,0.0,0.0,0.0,0.0,0.0,18075328.803586047,867281828176.7361,-337.0185754272863,702.699645522533,445.9300833060847,755.9787541137744,10.67056230829614,-256.41358521975536,-188.7526060365733,106.86031898239712,326.3635420193803,941.0395303612221,0.00010818022991604661
1514,2.2609161004483258e-07,1.5e-10,0.0002943126044995289,31328172.461015027,0.0,0.0,0.0,0.0,0.0,18087328.803586047,867377309201.9835,-346.47460206895136,699.674198324553,450.2978424950454,757.0005537429179,7.115232907602689,-252.14366535379733,-193.72313995971263,128.86200355421386,339.3742131772732,944.011042556126,0.00010832183157243002
1515,2.262416100448326e-07,1.5e-10,0.00029456933736843457,31348957.070705857,0.0,0.0,0.0,0.0,0.0,18099328.803586047,867459420778.7743,-326.0148539146991,691.4307576102033,454.9357880401782,745.9462925533749,-13.222856022631314,-251.32830837251737,-206.26462011730712,110.036598703156,339.2523122704454,929.3292925303509,0.00010846123096630957
1516,2.263916100448326e-07,1.5e-10,0.0002948282121922195,31369741.680396684,0.0,0.0,0.0,0.0,0.0,18111328.803586047,867558762852.973,-303.65308768370045,697.7382733465261,437.1241214114065,769.3237524247265,11.90561807283509,-250.2969651175833,-194.3370040786648,109.72710686707764,313.42009917279955,933.1192593992507,0.00010860119885521945
1517,2.265416100448326e-07,1.5e-10,0.0002950911064838118,31390526.290087506,0.0,0.0,0.0,0.0,0.0,18123328.803586047,867471110468.0028,-346.7361225308831,720.7400250950881,454.5765808048178,787.8228355270948,26.7976672210616,-247.60616504556847,-198.39447218457474,124.85544131804456,319.9597672605412,966.6256652232122,0.00010874619270500293
1518,2.2669161004483262e-07,1.5e-10,0.0002953516710717145,31411310.899778336,0.0,0.0,0.0,0.0,0.0,18135328.803586047,866994442030.6249,-317.650606266279,708.2489910785744,457.28581240662174,777.993684430056,19.15731871286038,-266.5154864241172,-208.43894080405616,124.28195092405306,298.51694750811345,943.7222387215086,0.00010888775104081116
1519,2.2684161004483264e-07,1.5e-10,0.00029560924861183257,31432095.509469163,0.0,0.0,0.0,0.0,0.0,18147328.803586047,867010274053.3887,-307.05169076950364,687.2711045525305,456.16572743712214,764.1773715927173,-8.953509557737851,-267.4319553182983,-221.91596625201035,112.88355401550689,316.03086262930225,926.270957911157,0.00010902669168449783
1520,2.2699161004483265e-07,1.5e-10,0.00029587118425242003,31452880.11915999,0.0,0.0,0.0,0.0,0.0,18159328.803586047,867047908275.0295,-325.63583053978215,707.5162585742596,452.7483214858423,789.8284407712088,-11.281430542440933,-280.9379415881929,-217.68052439323975,95.45867542329296,336.93744498238965,961.0907326817738,0.0001091708552944001
1521,2.2714161004483266e-07,1.5e-10,0.00029613297362298936,31473664.72885081,0.0,0.0,0.0,0.0,0.0,18171328.803586047,867106883217.3514,-299.4997070133948,707.9909770435409,440.00359897420066,795.4322687325505,14.217007647577923,-268.9579634567868,-195.5311668141195,117.57948072876945,285.31040485715715,946.1451828188332,0.00010931277707182292
1522,2.2729161004483267e-07,1.5e-10,0.00029639367286217217,31494449.33854164,0.0,0.0,0.0,0.0,0.0,18183328.803586047,867261604292.2072,-311.0134860324751,706.7100935893504,462.6026158342436,780.6186460336467,7.921912024545192,-253.56640990523724,-201.60718890743456,111.30268712801471,303.1148502590392,944.7831981760311,0.00010945449455154932
1523,2.2744161004483268e-07,1.5e-10,0.00029665347550590475,31515233.94823247,0.0,0.0,0.0,0.0,0.0,18195328.803586047,867433007395.0286,-335.45613050818133,695.0400514998304,456.2687778589373,776.0346759229277,5.218867376259402,-277.7293486753253,-199.6390952370229,98.6056376867422,330.2610331579041,949.607946416549,0.0001095969357435118
1524,2.275916100448327e-07,1.5e-10,0.00029691376314074054,31536018.557923295,0.0,0.0,0.0,0.0,0.0,18207328.803586047,867371708101.2706,-286.5358345992117,698.1510471087104,449.95191559856016,788.5270000297296,-8.466641770929959,-268.78854947086876,-213.41130361077563,114.07984462291816,295.02481122150374,936.0423914645297,0.00010973734210223148
1525,2.277416100448327e-07,1.5e-10,0.00029717704378294746,31556803.167614117,0.0,0.0,0.0,0.0,0.0,18219328.803586047,867553457861.4175,-306.9054008361508,710.5224743447294,463.8573721983788,807.4716833815085,9.213515788153966,-260.99287896788144,-203.17422708982818,112.93529649969041,297.7150914046579,959.1668592989652,0.00010988121713112633
1526,2.2789161004483271e-07,1.5e-10,0.00029743838159604726,31577587.777304947,0.0,0.0,0.0,0.0,0.0,18231328.803586047,867737436273.9152,-347.17287921066134,702.4847414900613,472.6707735196177,786.1212966983954,18.11580201470572,-279.22932171304046,-231.74465393663317,105.31808397776568,329.0963350884258,959.6113148666742,0.00011002515882835633
1527,2.2804161004483273e-07,1.5e-10,0.0002976996545450239,31598372.386995774,0.0,0.0,0.0,0.0,0.0,18243328.803586047,867608980216.1696,-337.5486908444377,702.3714555556209,488.8432346992257,787.1089590349993,20.285336886186087,-255.9144266959654,-223.39339685422559,112.8398947678537,317.3126290901736,955.6083018814817,0.00011016850007363855
1528,2.2819161004483274e-07,1.5e-10,0.0002979621337661084,31619156.9966866,0.0,0.0,0.0,0.0,0.0,18255328.803586047,867733512082.5789,-320.2603320414451,722.2328210067005,473.4788793985295,784.9835207294165,13.632292726998916,-266.94324341972236,-226.07445222621058,125.66875116072879,306.6742903117052,956.8127322154637,0.00011031202198347087
1529,2.2834161004483275e-07,1.5e-10,0.0002982218349137681,31639941.606377427,0.0,0.0,0.0,0.0,0.0,18267328.803586047,867792134456.6182,-305.22747077655464,712.672153392569,476.80003068337885,764.6472779484866,7.381997296511202,-248.81122442916174,-225.74788437048764,115.81788043379787,297.89480981438203,935.7895691096741,0.00011045239041883732
1530,2.2849161004483276e-07,1.5e-10,0.0002984856455274429,31660726.216068253,0.0,0.0,0.0,0.0,0.0,18279328.803586047,867622170628.0781,-310.5056199645307,731.214259771281,477.6831965144997,791.7779870175954,9.526624681614216,-251.19151818845333,-216.52105781944323,93.0908424137336,301.0320264809876,963.8389259097346,0.00011059696625772379
1531,2.2864161004483277e-07,1.5e-10,0.0002987473769030509,31681510.82575908,0.0,0.0,0.0,0.0,0.0,18291328.803586047,867765820362.6313,-286.7468314871926,722.0941726237658,476.7512993896657,781.2227766858975,-4.950935389636422,-242.6147416991767,-221.546186210876,115.60500887072607,291.7562635112394,944.45097295764,0.00011073863390366743
1532,2.2879161004483278e-07,1.5e-10,0.0002990119166529804,31702295.435449906,0.0,0.0,0.0,0.0,0.0,18303328.803586047,867568227174.3923,-324.5700750531524,741.3412040251039,489.2301955668968,788.3925035663059,4.437074070553882,-228.4163169837585,-241.41599574812068,101.88711084621835,320.19495018089896,971.8174020041535,0.00011088440651396805
1533,2.289416100448328e-07,1.5e-10,0.0002992762938299359,31723080.045140732,0.0,0.0,0.0,0.0,0.0,18315328.803586047,867712849859.7097,-268.1871876619608,747.8771444605527,475.1365629199689,790.4567541456867,4.994129552341245,-242.1935381407213,-223.3395967509151,100.6998004255195,263.26700569984206,954.3603484495055,0.00011102756056623549
1534,2.290916100448328e-07,1.5e-10,0.0002995400334807737,31743864.65483156,0.0,0.0,0.0,0.0,0.0,18327328.803586047,867690391373.6343,-285.93087502095034,734.7518339379876,474.9881228542908,792.2224745981704,-6.429561623640191,-234.8468676816353,-231.44875317501408,99.74686278083922,292.4391036266565,956.3560777944609,0.00011117101397790466
1535,2.2924161004483282e-07,1.5e-10,0.0002998029320033767,31764649.264522385,0.0,0.0,0.0,0.0,0.0,18339328.803586047,867846918143.8171,-284.7642815033196,732.4598622100914,493.75854616959236,784.04539922069,-4.3640244141265,-224.73530975232768,-221.00219997473914,104.47878673755093,289.159425900051,951.8563778736939,0.00011131379243458572
1536,2.2939161004483283e-07,1.5e-10,0.0003000669633398595,31785433.87421321,0.0,0.0,0.0,0.0,0.0,18351328.803586047,868021872515.8518,-269.4652559208122,735.7446666536907,473.78218596160707,797.8596385524725,-1.531717088319786,-227.98551564060384,-217.95324433178138,100.98489119097992,271.01445621734484,953.1780495622509,0.00011145676914202005
1537,2.2954161004483284e-07,1.5e-10,0.00030033010896035817,31806218.483904038,0.0,0.0,0.0,0.0,0.0,18363328.803586047,868083716569.1101,-263.843569684682,734.6020214554014,477.9706715341938,791.6598677346861,12.772135603980223,-223.29865999453193,-230.38884790756663,101.26734776784575,251.0918761406419,943.6297170853067,0.00011159831359958285
1538,2.2969161004483285e-07,1.5e-10,0.00030059256007929075,31827003.093594864,0.0,0.0,0.0,0.0,0.0,18375328.803586047,868162218567.5432,-307.96954399567784,723.5393478923639,462.49227019316487,787.7515570986627,24.654305217389652,-220.2120937735787,-225.64893255070004,105.39921683187734,283.3329463335589,949.5153552122043,0.00011174074090286468
1539,2.2984161004483286e-07,1.5e-10,0.0003008562911194835,31847787.703285694,0.0,0.0,0.0,0.0,0.0,18387328.803586047,868151315462.5728,-289.95680469245764,737.2671176036295,471.80969931081466,789.3442222925823,0.7996740129074883,-228.46441357321413,-225.2401891146359,98.80198370250163,289.2078137328645,956.30966870192,0.00011188418735316997
1540,2.2999161004483287e-07,1.5e-10,0.00030112191746018964,31868572.312976517,0.0,0.0,0.0,0.0,0.0,18399328.803586047,868250523559.3145,-302.5762951272485,748.098103100515,467.68335551179814,797.9783326642973,-5.849355996125505,-254.42129290060637,-242.004526499484,106.32137871044453,308.44713568914153,972.3972770737622,0.00011203004694473103
1541,2.3014161004483288e-07,1.5e-10,0.00030138931034018264,31889356.922667347,0.0,0.0,0.0,0.0,0.0,18411328.803586047,868370982584.9899,-296.29470672119857,753.4821818573092,479.0425052399583,813.2233288471086,-5.614283513956521,-261.48107521331707,-232.52501510347994,111.03273282124067,301.9307803924727,982.5036510637625,0.0001121774224923906
1542,2.302916100448329e-07,1.5e-10,0.0003016572798123922,31910141.532358173,0.0,0.0,0.0,0.0,0.0,18423328.803586047,868515481921.3379,-281.162658766987,761.1129014512535,479.36170663522626,815.2595290143519,-2.966986660313948,-267.9456600171331,-229.99425615066232,116.59731416306931,284.93796769873126,981.5875347191518,0.00011232466062259847
1543,2.304416100448329e-07,1.5e-10,0.00030192099896502773,31930926.142049,0.0,0.0,0.0,0.0,0.0,18435328.803586047,868347777254.9261,-298.47735192461386,743.7050734160694,475.40965571402234,780.8300367320089,-4.154891700559024,-260.1286167944331,-244.6507787795979,112.28980873269425,302.6468019105452,959.2906117568809,0.000112468554214362
1544,2.3059161004483292e-07,1.5e-10,0.00030218571322020626,31951710.751739822,0.0,0.0,0.0,0.0,0.0,18447328.803586047,868388613334.7742,-304.98158602862844,748.0731699932943,470.37653685915654,787.7060330078656,6.095146389468948,-251.03535930364558,-236.77313144204126,110.60706142812822,298.9049978137111,965.6946810328974,0.00011261340841651694
1545,2.3074161004483293e-07,1.5e-10,0.00030245050604824303,31972495.361430652,0.0,0.0,0.0,0.0,0.0,18459328.803586047,868339011802.253,-299.11060360475733,749.4419014377333,478.90101096708145,788.4297731138493,13.512423541269941,-244.13971635505973,-229.3429702971481,110.36902245568588,285.62435943863915,963.9649247706772,0.00011275800315523254
1546,2.3089161004483294e-07,1.5e-10,0.0003027153957654612,31993279.97112148,0.0,0.0,0.0,0.0,0.0,18471328.803586047,868580113242.9512,-293.42545732335304,755.1161958817478,490.5125189550164,785.0688411336706,9.087697556796583,-238.56131919064003,-247.65425675948705,109.89293896740871,284.3602668805369,962.9450190426993,0.00011290244490808894
1547,2.3104161004483295e-07,1.5e-10,0.0003029819713754788,32014064.580812305,0.0,0.0,0.0,0.0,0.0,18483328.803586047,868822680529.2477,-293.26733928579733,764.960746187666,483.1972598638661,794.3496255997912,0.37021886114658975,-229.72085639645525,-238.27256630408695,116.42380000487998,292.91975418935886,974.3183715744642,0.00011304859266382511
1548,2.3119161004483296e-07,1.5e-10,0.0003032498812604057,32034849.190503128,0.0,0.0,0.0,0.0,0.0,18495328.803586047,868886604643.1101,-319.6603678895204,768.6307725836346,481.6893865114558,800.0000288294298,0.48187976838688257,-265.62899591400924,-246.41456759664553,101.13500732697936,319.0265106804769,991.7891071000812,0.00011319736102989013
1549,2.3134161004483297e-07,1.5e-10,0.0003035178590007056,32055633.800193958,0.0,0.0,0.0,0.0,0.0,18507328.803586047,869061629254.9479,-326.74448069454434,764.7647823293516,485.6336109015039,804.5373791179987,30.541663645157055,-274.62477929734564,-223.00704623679226,109.98716237494581,296.2211852622583,991.5763561552344,0.00011334609748331341
1550,2.3149161004483298e-07,1.5e-10,0.00030378486555854555,32076418.409884784,0.0,0.0,0.0,0.0,0.0,18519328.803586047,869217016477.264,-324.8180793901033,762.1971216563783,476.73912055740846,796.4649190931444,4.388120307775717,-252.9928545041346,-247.86325470185457,122.73317494226954,320.45619466229005,985.7679796916461,0.00011349396268026716
1551,2.31641610044833e-07,1.5e-10,0.0003040528825129096,32097203.01957561,0.0,0.0,0.0,0.0,0.0,18531328.803586047,869283709411.5566,-309.06783906380434,764.6190028567572,479.55446412002766,806.1944716154102,-7.186785993154304,-282.7273177608807,-237.2420475230948,118.77937928613525,316.2770404933726,990.6665594621871,0.00011364256266418649
1552,2.31791610044833e-07,1.5e-10,0.00030432248952122574,32117987.629266433,0.0,0.0,0.0,0.0,0.0,18543328.803586047,869365733267.2777,-307.4919783217197,769.9136649862493,492.9608394695096,819.9802162069803,-4.716612979288744,-288.33277144570883,-249.21298257849432,130.13103228519032,312.23136102336287,999.3877014488177,0.00011379247081940382
1553,2.3194161004483302e-07,1.5e-10,0.00030458880777848685,32138772.238957264,0.0,0.0,0.0,0.0,0.0,18555328.803586047,869621531328.8293,-316.2837995873016,751.1532754624633,488.9199741964995,797.7572335579699,-23.37100366017732,-294.4955145739046,-266.24632216486106,124.54678315925553,339.6624698321456,984.8002115123601,0.00011394019085113067
1554,2.3209161004483303e-07,1.5e-10,0.00030485637052371506,32159556.84864809,0.0,0.0,0.0,0.0,0.0,18567328.803586047,869860306000.3826,-319.6477554493394,754.5440090338321,496.37120319344433,809.7760374558724,-1.6030435247895682,-299.0543818160101,-272.06409721612783,119.24883863873771,321.2310512110083,990.0293278732855,0.00011408869525031166
1555,2.3224161004483304e-07,1.5e-10,0.0003051262806425056,32180341.458338916,0.0,0.0,0.0,0.0,0.0,18579328.803586047,870100947867.5695,-346.49348709406917,769.9977102742453,503.1041496170155,816.3760478681188,12.794756644710604,-314.2391958903806,-273.1231013732926,104.2679885315942,333.72579234243653,1012.7108150463126,0.0001142406018725686
1556,2.3239161004483305e-07,1.5e-10,0.0003053906005438896,32201126.06802974,0.0,0.0,0.0,0.0,0.0,18591328.803586047,870274281076.875,-312.5087012641656,743.5435960117846,503.6634080377868,783.3207136924036,-16.919512849909978,-292.1463774619317,-272.2771875630037,129.92304080301108,327.58163933218526,969.8257561108105,0.00011438607573598523
1557,2.3254161004483306e-07,1.5e-10,0.00030566144461961374,32221910.67772057,0.0,0.0,0.0,0.0,0.0,18603328.803586047,870346278861.6863,-295.74261073422525,788.2355181124809,509.6681192782553,814.8408706114362,-25.647938279579478,-286.71474488496847,-244.7833796531091,116.17571937760988,321.41884375096777,1008.6235762846302,0.00011453736927242792
1558,2.3269161004483307e-07,1.5e-10,0.0003059320592819734,32242695.287411395,0.0,0.0,0.0,0.0,0.0,18615328.803586047,869960590652.5918,-288.11138416139903,788.0033371720621,504.75053320279346,813.4995700400971,-42.0587538860804,-292.4538485178562,-260.92489211120636,122.72919245805339,330.18617400714203,1006.7553492734274,0.00011468838257481894
1559,2.3284161004483309e-07,1.5e-10,0.0003062000366451587,32263479.89710222,0.0,0.0,0.0,0.0,0.0,18627328.803586047,869768429195.9404,-286.3505212287465,774.8003175600859,495.6835109652099,799.5009463579803,-8.109708301215488,-303.75819965170894,-255.3137940773625,126.66067187406024,294.4415333633838,984.0531853187429,0.00011483599055261675
1560,2.329916100448331e-07,1.5e-10,0.00030646516875974057,32284264.506793045,0.0,0.0,0.0,0.0,0.0,18639328.803586047,869576744086.1677,-269.4658082394167,749.9018676929944,471.21765686656073,793.8847416726358,-30.19646629303978,-300.64004608861643,-251.44447481714653,130.5355953971023,299.8700084409646,963.9163538481961,0.00011498057800569398
1561,2.331416100448331e-07,1.5e-10,0.0003067336194846487,32305049.116483875,0.0,0.0,0.0,0.0,0.0,18651328.803586047,869723886721.8412,-272.46798170477825,776.8895676472897,502.2553538731443,803.3939384825348,-15.33869627968943,-295.94160391580556,-239.6229455954702,103.71861642181509,287.8910490747207,986.2271685798654,0.00011512851208098096
1562,2.3329161004483312e-07,1.5e-10,0.00030700140129834644,32325833.726174705,0.0,0.0,0.0,0.0,0.0,18663328.803586047,869811730142.2295,-280.87682004069796,777.0880309082019,506.14591943745137,793.3116458072598,-28.772370470146573,-291.75753498865447,-254.50199920480736,110.02493116076856,309.72591624606326,985.5296558329031,0.00011527634152935589
1563,2.3344161004483313e-07,1.5e-10,0.000307265516183054,32346618.335865527,0.0,0.0,0.0,0.0,0.0,18675328.803586047,869246814269.3367,-262.09443262486786,750.2781212216466,519.0991061770703,780.4782757770689,-35.777318475421524,-304.6149195250457,-262.1319348571285,128.37151859565478,297.93842115016156,958.7823236298578,0.00011542015887790037
1564,2.3359161004483314e-07,1.5e-10,0.00030753434154720755,32367402.945556358,0.0,0.0,0.0,0.0,0.0,18687328.803586047,869238054548.4929,-278.20917948246444,771.9466504130048,506.53910322180326,810.1392260829189,-41.070242409428786,-323.63874308688895,-270.39124731973925,121.07841173687666,319.2986467147095,993.6246264056133,0.00011556920257186121
1565,2.3374161004483315e-07,1.5e-10,0.00030779912146545416,32388187.555247184,0.0,0.0,0.0,0.0,0.0,18699328.803586047,868799226270.9236,-270.34891903709644,754.5312098792616,508.9660435820287,781.569153091736,-36.30040034528378,-306.5507059143978,-245.6844226198151,120.18325922844484,306.7136169253809,966.197592288929,0.00011571413221070455
1566,2.3389161004483317e-07,1.5e-10,0.00030806821334304326,32408972.16493801,0.0,0.0,0.0,0.0,0.0,18711328.803586047,868378324575.5265,-267.90411894848415,780.6027969958343,507.57739186779924,807.9052158115596,-19.949990050414904,-308.46939742920347,-249.31432746335244,122.54167064151038,287.9184988392454,989.0672371532938,0.00011586249229627755
1567,2.3404161004483318e-07,1.5e-10,0.0003083342159691022,32429756.774628833,0.0,0.0,0.0,0.0,0.0,18723328.803586047,868086704614.8613,-256.03847097477177,766.346550001408,493.2736328563021,790.2457300061005,-7.657396928809248,-300.83129614474825,-245.1079315059396,112.74713764971871,263.7517471974942,964.4169273323621,0.0001160071548353774
1568,2.341916100448332e-07,1.5e-10,0.00030859892556177885,32450541.384319663,0.0,0.0,0.0,0.0,0.0,18735328.803586047,867856334272.5829,-275.8179920281123,760.679168526301,487.47908628528023,778.9157643747309,-4.367043703079563,-276.33748799487915,-253.68422280076118,118.85111101232036,278.90181922705955,958.7450609471991,0.00011615096659451949
1569,2.343416100448332e-07,1.5e-10,0.00030886706798474516,32471325.99401049,0.0,0.0,0.0,0.0,0.0,18747328.803586047,867677605594.5288,-255.08012654070308,776.4865356511219,496.3061265236177,805.9321394157561,-5.567551730937861,-284.8578419814935,-247.0071868809568,119.71492330701469,260.70664870056737,976.3197322301154,0.00011629741455435401
1570,2.344916100448332e-07,1.5e-10,0.00030913473878371354,32492110.603701316,0.0,0.0,0.0,0.0,0.0,18759328.803586047,867702338757.7677,-278.9993238921195,779.9559375489304,488.2436146605349,795.3245671671298,18.477199987809545,-279.4030756629953,-247.9436619362618,125.16994760455677,258.8684361791439,975.2658419479675,0.0001164437044306462
1571,2.3464161004483322e-07,1.5e-10,0.00030940211204263566,32512895.21339214,0.0,0.0,0.0,0.0,0.0,18771328.803586047,867743885922.6068,-255.61830876332843,774.7585593081491,481.8489542555606,797.5282567922395,-5.074216325666528,-291.26809176137135,-225.6522648445774,100.39382773202571,260.74210580980395,973.1155098948839,0.00011658967175713044
1572,2.3479161004483323e-07,1.5e-10,0.00030966922500792797,32533679.82308297,0.0,0.0,0.0,0.0,0.0,18783328.803586047,867924844084.547,-231.27618662214724,781.652565172067,485.1125453183937,790.607270654789,-33.190568638475604,-282.0619646647095,-226.0592121088952,121.77673887948004,264.52021456174214,968.4908257902948,0.00011673494538099899
1573,2.3494161004483324e-07,1.5e-10,0.0003099362156018832,32554464.432773795,0.0,0.0,0.0,0.0,0.0,18795328.803586047,868098399120.1382,-253.51083252457587,775.4158759336234,480.9769266837082,793.0421120952907,-12.505866907533997,-286.46404709294717,-228.17230294484727,121.83323561581803,266.06663534336127,969.7946739383848,0.00011688041458208975
1574,2.3509161004483326e-07,1.5e-10,0.00031020184078842463,32575249.04246462,0.0,0.0,0.0,0.0,0.0,18807328.803586047,868308991033.5513,-228.5446136980047,769.5141942935428,483.7704409824881,785.2052021831611,-38.97702751881396,-294.0119795100352,-231.11735098471704,114.34141479380874,267.5762937698201,959.8550831099604,0.00011702439284455624
1575,2.3524161004483327e-07,1.5e-10,0.0003104673743269516,32596033.652155444,0.0,0.0,0.0,0.0,0.0,18819328.803586047,868365385735.7728,-236.87830284244387,762.1996335060528,474.06762555545436,789.7256634646747,-46.594349252783445,-292.68945663128693,-232.35028357598654,117.5989095995742,283.52277485409496,961.7503410713733,0.00011716865539571695
1576,2.3539161004483328e-07,1.5e-10,0.0003107376676135695,32616818.261846274,0.0,0.0,0.0,0.0,0.0,18831328.803586047,868493871923.4064,-265.0260904673195,796.9153814462653,491.9217822410556,804.1847131659673,-44.33366597127038,-310.79375517019236,-252.14087531883231,110.06135087345889,309.39325961961237,999.5277014264082,0.00011731858455093091
1577,2.355416100448333e-07,1.5e-10,0.0003110076003042287,32637602.8715371,0.0,0.0,0.0,0.0,0.0,18843328.803586047,868701757049.7893,-235.10702745396114,794.2998278179864,489.62766772606506,809.3523690028674,-31.201594462404422,-303.87730758785773,-233.3815832479303,113.34238116961873,266.33355104614327,987.9323207082717,0.00011746677439903715
1578,2.356916100448333e-07,1.5e-10,0.0003112759912830198,32658387.481227927,0.0,0.0,0.0,0.0,0.0,18855328.803586047,868888004497.6124,-256.184704244761,782.8232638958335,491.7613836153132,795.895093894458,-67.42598125958922,-307.01474163418914,-245.57797300153402,123.99303537469082,323.63656891095235,989.3246616751823,0.00011761517309828843
1579,2.358416100448333e-07,1.5e-10,0.0003115422789755497,32679172.09091875,0.0,0.0,0.0,0.0,0.0,18867328.803586047,869152586598.2153,-246.95673386052798,775.0896964987236,479.7423952227063,785.9358894327993,-24.77334840158986,-316.6379660453739,-254.25632480594356,125.63137083671748,271.7528875869974,965.2340520139776,0.00011775995820609053
1580,2.3599161004483332e-07,1.5e-10,0.0003118122186483997,32699956.70060958,0.0,0.0,0.0,0.0,0.0,18879328.803586047,869379528255.002,-244.85336774753426,791.0176997614249,491.0522360517829,809.0827723671073,-57.925763520525834,-321.673469251938,-252.73158589203925,131.57998362880937,302.809266314017,993.8574380596748,0.00011790903682179949
1581,2.3614161004483333e-07,1.5e-10,0.00031208174787674135,32720741.310300406,0.0,0.0,0.0,0.0,0.0,18891328.803586047,869653210656.4047,-254.46698164203917,789.2456745334239,501.6762771411269,802.2523126295335,-70.29190290869404,-321.829490396169,-247.4571415635904,137.6416168452318,324.7917121849519,996.9597935941528,0.00011805858079083861
1582,2.3629161004483335e-07,1.5e-10,0.0003123523469180192,32741525.919991232,0.0,0.0,0.0,0.0,0.0,18903328.803586047,869911756721.5033,-257.71396528993046,804.6637065295271,493.5855408489145,800.8024408004468,-54.13444012919333,-322.0815772305644,-254.65002251297003,133.6547004511788,311.8818182877889,1000.5583454954815,0.00011820866454266294
1583,2.3644161004483336e-07,1.5e-10,0.0003126223545899913,32762310.529682055,0.0,0.0,0.0,0.0,0.0,18915328.803586047,870209611008.7605,-212.34345746670354,809.2862841181842,478.34503934532864,798.1328637725305,-66.85241129278383,-325.3775406417696,-258.9327100966495,128.8100624061494,279.2455432208345,987.5307565165583,0.00011835679415614043
1584,2.3659161004483337e-07,1.5e-10,0.0003128907285348954,32783095.139372885,0.0,0.0,0.0,0.0,0.0,18927328.803586047,870366965153.2102,-248.40159285166513,799.8244583480986,479.9906358796721,783.5233091148532,-40.24782137086045,-313.42261108534814,-247.57499861167045,132.80005609445055,288.68837252470195,980.9791228364064,0.00011850394102456589
1585,2.3674161004483338e-07,1.5e-10,0.0003131610526967427,32803879.74906371,0.0,0.0,0.0,0.0,0.0,18939328.803586047,870691371947.0331,-242.34077393477483,814.7939779397252,491.8826556301381,789.1388180508933,-65.18320812146627,-322.9298648415415,-246.0496697159982,134.6315264278196,307.5599564458227,997.2683676840535,0.00011865353127971849
1586,2.368916100448334e-07,1.5e-10,0.00031343054850939075,32824664.358754538,0.0,0.0,0.0,0.0,0.0,18951328.803586047,871023577805.53,-255.31695829815072,805.3340264855087,488.6637035082365,787.5638869670818,-60.746916784540275,-308.9946086918837,-247.0290179140673,142.61635597126045,316.09617204745666,993.4754251440047,0.0001188025525934901
1587,2.370416100448334e-07,1.5e-10,0.00031370160611125775,32845448.968445364,0.0,0.0,0.0,0.0,0.0,18963328.803586047,871369530108.1472,-257.1550344446587,814.6893757538993,479.294774753809,795.0927377101528,-67.13091853419462,-313.63738136535727,-232.66879368474088,147.3287396425755,324.3266937319048,1005.2408573968465,0.00011895333872209963
1588,2.371916100448334e-07,1.5e-10,0.000313972032395237,32866233.578136194,0.0,0.0,0.0,0.0,0.0,18975328.803586047,871722351447.8497,-265.51168700141665,810.777396286192,493.10770378489065,791.0858261449764,-46.048788472461794,-318.1379511495884,-240.46366848362032,133.02484147772094,311.5988979938763,1000.5803808279642,0.00011910342577922382
1589,2.3734161004483342e-07,1.5e-10,0.0003142450763936496,32887018.187827017,0.0,0.0,0.0,0.0,0.0,18987328.803586047,871792096847.215,-273.56428082907104,826.7034759434371,498.0229922391273,799.5371195466606,-101.8157869908813,-336.08215370029575,-258.5143476450287,161.06822630967193,375.4160071958158,1030.3615607164113,0.00011925798001333128
1590,2.3749161004483344e-07,1.5e-10,0.0003145184886541159,32907802.797517844,0.0,0.0,0.0,0.0,0.0,18999328.803586047,872009923168.4904,-255.81413594808686,829.2004717571701,497.6347758588209,806.9756953236948,-74.70406574723341,-326.83872894215887,-247.18644956179094,152.1746790795807,330.5630010029825,1021.582314945313,0.00011941121736057308
1591,2.3764161004483345e-07,1.5e-10,0.000314791261571592,32928587.40720867,0.0,0.0,0.0,0.0,0.0,19011328.803586047,872102089896.5007,-246.03928304589687,834.7857131539075,520.1952877402297,791.7296449148166,-78.9740362488708,-327.8998175124076,-252.91263371545907,157.2292310089118,355.06498349894997,1021.7317677508736,0.00011956447712573571
1592,2.3779161004483346e-07,1.5e-10,0.00031506454955876275,32949372.0168995,0.0,0.0,0.0,0.0,0.0,19023328.803586047,872146916122.7003,-261.7457461510944,836.7346558898826,501.6343527027352,797.9568204974285,-50.62556790835837,-334.2705759040913,-245.9927346955065,131.61365195916002,312.405734617703,1019.1468559872401,0.00011971734915413379
1593,2.3794161004483347e-07,1.5e-10,0.00031534101103078605,32970156.626590323,0.0,0.0,0.0,0.0,0.0,19035328.803586047,872349083937.809,-282.5023773988032,848.2341712244796,505.85802590925545,817.7558770971773,-64.94053630004204,-327.1068423042508,-245.18877764421993,136.46243893300442,347.49436949567433,1047.1184258524045,0.00011987441691801165
1594,2.3809161004483348e-07,1.5e-10,0.0003156149506878338,32990941.23628115,0.0,0.0,0.0,0.0,0.0,19047328.803586047,872307390725.4076,-256.76389185370414,832.5840628347929,495.6184083758146,808.7354857349361,-74.90490930400827,-329.17227262480066,-252.34765309035078,119.02763737246353,331.71558074928254,1026.3882671514891,0.00012002837515808438
1595,2.382416100448335e-07,1.5e-10,0.00031589177003341567,33011725.845971975,0.0,0.0,0.0,0.0,0.0,19059328.803586047,872498291308.0543,-266.0944995355352,852.6323233515768,485.45765143269176,820.9491900467074,-74.77144764174419,-332.4761432125274,-251.5025387463987,130.0078391560341,340.91097581834237,1045.9187638763517,0.00012018526297266583
1596,2.383916100448335e-07,1.5e-10,0.0003161641355435188,33032510.455662806,0.0,0.0,0.0,0.0,0.0,19071328.803586047,872701351149.3407,-264.9625145152517,833.7411856648755,500.1212794164958,787.9311763744149,-79.34594388218653,-315.81555364452225,-254.0838479931809,139.67132209681213,344.36091167460256,1018.4224988623882,0.00012033802634749519
1597,2.385416100448335e-07,1.5e-10,0.00031644103800437145,33053295.06535363,0.0,0.0,0.0,0.0,0.0,19083328.803586047,872918934366.6797,-277.31776551467044,859.2541482929299,497.0472715900602,810.6695049076917,-89.45060120167744,-336.05584573814303,-248.93689004460973,131.50897070978522,366.8272807267125,1053.7205206718552,0.00012049608442559597
1598,2.386916100448335e-07,1.5e-10,0.0003167172579826978,33074079.675044455,0.0,0.0,0.0,0.0,0.0,19095328.803586047,873141533358.5801,-295.895882822056,849.9521550495762,489.6401252594617,811.474535719089,-71.70544299370749,-323.304991358731,-255.94099884385744,147.09630139731613,367.6593995232371,1049.0856954306073,0.00012065344727991056
1599,2.388416100448335e-07,1.5e-10,0.00031699240186276663,33094864.28473528,0.0,0.0,0.0,0.0,0.0,19107328.803586047,873267438795.4231,-272.5445731673596,846.6282540089302,473.79493781739956,805.5906574099508,-79.49096393758546,-343.7960719195972,-242.49161179460486,138.44500517462833,352.09405773049946,1038.3700025990033,0.00012080920278030042
1600,2.389916100448335e-07,1.5e-10,0.0003172669095900772,33115648.89442611,0.0,0.0,0.0,0.0,0.0,19119328.803586047,873489010040.2134,-261.78281674397385,845.5599641364756,470.4983252954471,802.2277136175186,-76.83739930202272,-336.5528357825165,-241.193577930433,145.14990321999744,338.6917973491562,1030.002055992541,0.0001209637030886993
1601,2.3914161004483353e-07,1.5e-10,0.00031753748437531726,33136433.504116934,0.0,0.0,0.0,0.0,0.0,19131328.803586047,873592333158.5292,-273.80124964294384,819.5267794914492,453.97453894680154,776.2896389618851,-130.09736184872986,-332.0096113914327,-254.88473900909264,137.7581528595564,403.9725206919851,1022.1175584159863,0.0001211170207224617
1602,2.3929161004483354e-07,1.5e-10,0.00031781149742123895,33157218.11380776,0.0,0.0,0.0,0.0,0.0,19143328.803586047,873789831859.1771,-262.72898043018023,841.8290028336778,470.92019913361054,798.8542161398084,-80.05869796056375,-325.27028975124836,-232.60558723292786,123.99610485283641,342.86932554973464,1028.7755100333275,0.0001212713370489667
1603,2.3944161004483356e-07,1.5e-10,0.00031808384892787725,33178002.723498587,0.0,0.0,0.0,0.0,0.0,19155328.803586047,874018069502.1191,-267.70015946812913,840.2855494915058,461.8757568824357,781.7035452751006,-64.8970863588989,-329.5066042809114,-228.61992640448068,126.04450498285465,332.6884123979895,1016.4918274350249,0.00012142381082308195
1604,2.3959161004483357e-07,1.5e-10,0.0003183591802289358,33198787.333189417,0.0,0.0,0.0,0.0,0.0,19167328.803586047,874247603542.3004,-304.97383715516577,841.9920911223983,451.5991837483329,806.8169361794028,-69.63195355906156,-330.34404254818054,-217.48923048472346,142.3290769058323,374.7096720460746,1046.4636135250064,0.0001215807803651107
1605,2.397416100448336e-07,1.5e-10,0.0003186347357908165,33219571.942880243,0.0,0.0,0.0,0.0,0.0,19179328.803586047,874405545013.3835,-301.0742885144044,849.7473603371917,454.153459922266,799.8822745679618,-107.40799197606097,-334.62646054794465,-240.64287969042172,149.02688491335437,408.47849164603724,1055.0490773527079,0.0001217390377267136
1606,2.398916100448336e-07,1.5e-10,0.0003189091781063384,33240356.552571066,0.0,0.0,0.0,0.0,0.0,19191328.803586047,874578438020.9413,-274.30944008489416,834.332263605841,453.21683480128735,811.7594846717473,-67.53220222957597,-318.0083949940858,-227.3100906339014,152.80754758138906,341.8374642223648,1029.767200099296,0.0001218935028067285
1607,2.400416100448336e-07,1.5e-10,0.0003191856673207787,33261141.162261896,0.0,0.0,0.0,0.0,0.0,19203328.803586047,874827241757.946,-292.7779853655787,847.4602819628454,458.51012005160163,817.1348077563864,-75.2258102598008,-329.23071560857215,-226.766098950181,152.06232991880947,367.99886616570865,1050.3289666271205,0.00012205105215172257
1608,2.401916100448336e-07,1.5e-10,0.0003194640186413195,33281925.771952722,0.0,0.0,0.0,0.0,0.0,19215328.803586047,874577660894.4009,-289.20312241156347,858.457427083093,448.1109202161055,829.6349017758419,-67.26377413372632,-326.50609309261364,-225.52987929286562,144.46157785303785,356.4613021815991,1058.7403330707507,0.0001222098632016832
1609,2.403416100448336e-07,1.5e-10,0.00031974150222419806,33302710.38164355,0.0,0.0,0.0,0.0,0.0,19227328.803586047,874553614167.244,-299.1569929976153,861.8987450325042,467.01829344405456,812.1704848204432,-81.54989091938867,-324.59197517442874,-232.81885455118802,149.933584227548,380.7007080083018,1059.8772503673952,0.0001223688447892383
1610,2.4049161004483363e-07,1.5e-10,0.00032001901975621115,33323494.991334375,0.0,0.0,0.0,0.0,0.0,19239328.803586047,874698917864.1877,-311.0811950941766,864.2786413490475,467.9441744851284,810.4542654707393,-65.46503324806486,-322.3406769213279,-253.05532874971922,153.66807940159134,376.5387530776953,1059.0931964874476,0.0001225277087687114
1611,2.4064161004483365e-07,1.5e-10,0.0003202957776276858,33344279.601025205,0.0,0.0,0.0,0.0,0.0,19251328.803586047,874845627520.8987,-322.9669853673541,863.1604006226064,472.58233947214035,798.7941559472725,-65.08674538493521,-343.66361979159973,-245.84678026706501,147.14335718141237,388.0453962160815,1059.9321598890108,0.00012268669859269476
1612,2.4079161004483366e-07,1.5e-10,0.0003205705715570889,33365064.210716028,0.0,0.0,0.0,0.0,0.0,19263328.803586047,874965216006.8817,-306.2598020157916,856.5562512966851,463.1937599571613,787.8650110590256,-67.71258544943059,-318.91241107892876,-254.9433157109782,160.87043309161078,373.96297242259413,1040.6606127882912,0.000122842797684613
1613,2.4094161004483367e-07,1.5e-10,0.00032084625115974536,33385848.820406854,0.0,0.0,0.0,0.0,0.0,19275328.803586047,875004330396.962,-287.55535276331966,862.5115499506671,466.4527958086556,795.6361742907665,-61.684255936563744,-346.332304965199,-259.74114546868964,149.81273880697975,349.22904021268204,1040.4664696501347,0.00012299886765506054
1614,2.410916100448337e-07,1.5e-10,0.00032112271569346686,33406633.43009768,0.0,0.0,0.0,0.0,0.0,19287328.803586047,874957462160.6259,-306.599504783875,860.4441202937397,461.2690382061381,803.0299553366491,-71.51064627074896,-320.233499079939,-266.1670276698868,145.53132824337513,378.64765450793766,1052.0953368652722,0.00012315668195559033
1615,2.412416100448337e-07,1.5e-10,0.00032139921762267166,33427418.03978851,0.0,0.0,0.0,0.0,0.0,19299328.803586047,875010193886.0273,-299.9752251263042,877.2588502972632,441.86560042091094,790.6589465567913,-57.190783765985174,-318.47641853055455,-261.0899495199964,157.40355289914092,357.1523739888905,1045.9766664749804,0.00012331357845556158
1616,2.413916100448337e-07,1.5e-10,0.0003216740164826803,33448202.649479333,0.0,0.0,0.0,0.0,0.0,19311328.803586047,875122198518.9916,-301.25438448075533,858.8509313507877,431.0559232294178,788.1575657883179,-71.76103641236465,-316.272532316658,-261.7327821668242,157.1319884715414,373.00052614339603,1038.7010340614936,0.0001234693836106708
1617,2.415416100448337e-07,1.5e-10,0.00032195105844202515,33468987.25917016,0.0,0.0,0.0,0.0,0.0,19323328.803586047,874906867510.9525,-306.0247713749987,869.4055185419963,424.2171061898711,807.3656550138303,-30.330115277841212,-312.71381097208086,-261.1865632300796,160.66287391674567,336.337873573682,1045.091462893856,0.0001236261473301049
1618,2.416916100448337e-07,1.5e-10,0.00032222695651372565,33489771.868860986,0.0,0.0,0.0,0.0,0.0,19335328.803586047,875009053548.6904,-313.3792905409907,858.9608437562955,449.8981181968889,797.5064300048351,-68.19374865628554,-305.3115574427966,-257.61576823421495,151.40218544104678,381.55297416774334,1049.0350652421519,0.00012378350258989123
1619,2.4184161004483374e-07,1.5e-10,0.00032250162711766443,33510556.478551816,0.0,0.0,0.0,0.0,0.0,19347328.803586047,875192883703.7634,-329.87491154867666,850.1671205390069,449.46350720367343,788.62222298088,-66.30099970366541,-317.37971898704893,-258.26147685304875,159.04645314455493,396.15207084845775,1046.8297598071747,0.00012394052705386231
1620,2.4199161004483375e-07,1.5e-10,0.0003227766028674423,33531341.08824264,0.0,0.0,0.0,0.0,0.0,19359328.803586047,875333711585.2551,-314.00059162602713,859.3612418986529,439.301783644389,785.5305337860859,-76.94682486518617,-313.88271914719917,-255.54902924605943,153.25212635940005,390.91469162070393,1045.6097389960405,0.0001240973685147117
1621,2.4214161004483376e-07,1.5e-10,0.00032305268075167367,33552125.697933465,0.0,0.0,0.0,0.0,0.0,19371328.803586047,875513719342.8683,-302.9662887744316,867.8192529511382,430.66123520045215,795.035831897418,-51.85775752709105,-314.61457130888397,-250.38058987559745,159.52828846099817,355.0867310460003,1042.8756191163402,0.00012425379985757915
1622,2.4229161004483377e-07,1.5e-10,0.0003233297321657505,33572910.307624295,0.0,0.0,0.0,0.0,0.0,19383328.803586047,875679647576.8384,-283.1459724850088,863.4394876241091,442.94455240476947,811.437718249028,-66.2234609822651,-323.43925849202066,-236.4366276849603,146.8779623870697,349.31861985548204,1047.5677292982266,0.00012441093501697388
1623,2.424416100448338e-07,1.5e-10,0.0003236089657871802,33593694.91731512,0.0,0.0,0.0,0.0,0.0,19395328.803586047,875834286895.271,-297.60334598212256,878.3770890913909,449.1255825437223,818.1293575621671,-76.1259921227914,-317.77499257582593,-238.05193772904587,160.4927309563941,373.6403550142584,1066.9839085190533,0.00012457098260325173
1624,2.425916100448338e-07,1.5e-10,0.00032388635718396584,33614479.52700595,0.0,0.0,0.0,0.0,0.0,19407328.803586047,876044297458.5935,-305.39502615923095,873.3921807185023,463.4410068607067,800.2775040916769,-68.53252538477511,-316.17332263054845,-248.332065679436,149.87639328422532,373.92276393483974,1056.8284099122418,0.00012472950686473857
1625,2.427416100448338e-07,1.5e-10,0.000324164394639859,33635264.13669677,0.0,0.0,0.0,0.0,0.0,19419328.803586047,876261021391.1364,-289.50749650864054,878.4204850147132,439.98380474080307,808.4894640811863,-61.90386981705244,-320.05190866795584,-250.26825407364353,166.22890311889398,351.4060562261807,1053.1831869038342,0.00012488748434277415
1626,2.428916100448338e-07,1.5e-10,0.0003244436872146726,33656048.7463876,0.0,0.0,0.0,0.0,0.0,19431328.803586047,876477699970.8219,-294.27834936600397,885.0609278521954,448.7652574053884,811.9694502747661,-85.79756068412482,-312.5154347651598,-241.77675144260098,155.82810290102336,380.0666354807461,1068.3523915067083,0.00012504773720150016
1627,2.430416100448338e-07,1.5e-10,0.00032472507230707124,33676833.35607842,0.0,0.0,0.0,0.0,0.0,19443328.803586047,876642606469.0455,-292.49595699782594,903.3264699209639,445.03022739084787,815.3835304738373,-111.77194727542884,-314.03420660848974,-233.22487370552702,154.21640475839212,404.2623275862545,1087.4001208113477,0.00012521084721962185
1628,2.4319161004483384e-07,1.5e-10,0.0003250072062906237,33697617.965769246,0.0,0.0,0.0,0.0,0.0,19455328.803586047,876719276528.275,-269.8187256424601,908.4090158506697,448.0069861230227,823.7984373777068,-111.18067254975365,-322.2937156123676,-245.0115859323035,145.34472933262953,380.9972183032252,1085.3117941073306,0.00012537364398873795
1629,2.4334161004483385e-07,1.5e-10,0.00032528579017284006,33718402.57546008,0.0,0.0,0.0,0.0,0.0,19467328.803586047,876903603562.6238,-287.2243823844373,887.779598948252,433.90442689763836,803.7289337004065,-89.10503197245704,-300.28821535007336,-253.4500412015227,152.58738942353966,376.32323078567316,1061.3974889260169,0.00012553285361207686
1630,2.4349161004483386e-07,1.5e-10,0.00032556696305934956,33739187.18515091,0.0,0.0,0.0,0.0,0.0,19479328.803586047,877111984093.0902,-285.21922937968867,899.6707442515432,434.52292074694634,819.1390981745545,-115.59047456183805,-300.944725992971,-248.3771405884542,147.00769049397888,400.8023827070863,1083.7222230184207,0.00012569541194552963
1631,2.4364161004483387e-07,1.5e-10,0.00032584898969148946,33759971.79484173,0.0,0.0,0.0,0.0,0.0,19491328.803586047,877224986824.5953,-282.73044773012464,907.1494676802333,448.64276443092393,819.3802261219486,-135.5745012145758,-297.9819099881089,-251.2216356559276,142.6517332987776,418.29924247031767,1094.0124564901423,0.00012585951381400315
1632,2.437916100448339e-07,1.5e-10,0.0003261318617384347,33780756.40453256,0.0,0.0,0.0,0.0,0.0,19503328.803586047,877350201827.7943,-297.8584189891635,905.0768657994968,460.05747287287227,827.7023112027482,-132.3508635318841,-290.8271540690448,-247.21881922126664,141.404311852798,430.19779636573077,1103.443733680059,0.00012602503037405515
1633,2.439416100448339e-07,1.5e-10,0.00032641874590390736,33801541.01422338,0.0,0.0,0.0,0.0,0.0,19515328.803586047,877641830484.5867,-285.73205660115485,931.9587731953383,483.0128134103696,845.3085722027691,-165.3372229503826,-275.0557963028101,-230.62064795197864,144.04260109773773,448.75042132457304,1134.3511760361746,0.00012619518305046057
1634,2.440916100448339e-07,1.5e-10,0.0003267033019168328,33822325.62391421,0.0,0.0,0.0,0.0,0.0,19527328.803586047,877392963145.3774,-293.0441055289431,915.4286044823089,471.1424018740196,838.046551916167,-127.24367785073187,-276.2097729841333,-249.9572170746707,129.70926838697656,420.08435224313723,1110.8755910848213,0.0001263618143891233
1635,2.442416100448339e-07,1.5e-10,0.00032698660187848003,33843110.233605035,0.0,0.0,0.0,0.0,0.0,19539328.803586047,877691737671.6339,-279.321126823512,916.8362133337426,484.0326889794183,826.1874717809011,-105.30139270450319,-277.0394211288923,-237.89179857561888,142.05853562307695,384.5180166499362,1094.053975648836,0.00012652592248547063
1636,2.4439161004483393e-07,1.5e-10,0.00032727492797383505,33863894.843295865,0.0,0.0,0.0,0.0,0.0,19551328.803586047,877861165528.9382,-306.0980760411996,940.7641359047277,503.778550905656,851.7583170539589,-121.00015123777241,-290.65447354360407,-240.82581363756356,132.83838048050146,426.9865856521718,1138.4925752638421,0.0001266966963717602
1637,2.4454161004483394e-07,1.5e-10,0.0003275623279469749,33884679.452986695,0.0,0.0,0.0,0.0,0.0,19563328.803586047,878077655352.407,-312.11735487188065,937.2943763317111,484.1818632592937,845.5263804788337,-136.47179613160148,-286.24452360874767,-241.6612141517409,139.94753394760835,424.05175593056117,1132.900745499619,0.00012686663148358515
1638,2.4469161004483395e-07,1.5e-10,0.00032784920109934606,33905464.06267752,0.0,0.0,0.0,0.0,0.0,19575328.803586047,878180188969.3894,-285.10556609073114,937.0045867486318,452.9249409182964,844.326645532738,-148.62939727751285,-284.71010148683985,-263.9911338559948,135.41698338454515,433.6269029667679,1127.5255684787392,0.00012703576031885695
1639,2.4484161004483396e-07,1.5e-10,0.00032813439475163925,33926248.67236835,0.0,0.0,0.0,0.0,0.0,19587328.803586047,878459616652.1836,-306.1626251836051,938.833672705753,469.56592626278126,818.5426238266836,-151.65933250960842,-277.99312543300726,-247.80428524659717,138.7076807820662,439.6103295544639,1122.042305237342,0.00012720406666464257
1640,2.4499161004483397e-07,1.5e-10,0.0003284232724318119,33947033.28205917,0.0,0.0,0.0,0.0,0.0,19599328.803586047,878582803648.9568,-304.9981154606728,955.1057722516501,459.9002713413462,843.720834390721,-145.6667207248956,-297.9968224360688,-243.47570299095,139.1962349037063,450.55968713846875,1146.3460403127306,0.00012737601857068948
1641,2.45141610044834e-07,1.5e-10,0.00032871337096307434,33967817.89175,0.0,0.0,0.0,0.0,0.0,19611328.803586047,878675114526.3075,-303.63252383176285,975.8800477487536,447.10093306420106,837.8382985042492,-141.4761680007704,-302.45653864798606,-237.55269374613965,132.2369068402029,445.0776344236732,1152.2534529923537,0.00012754885658863832
1642,2.45291610044834e-07,1.5e-10,0.0003290020872091641,33988602.50144082,0.0,0.0,0.0,0.0,0.0,19623328.803586047,878773028252.9314,-297.62259815892264,959.297091287938,447.6930079960932,837.9097806052024,-161.9849379178363,-296.5346500848039,-245.83105279475248,129.10719431552917,459.56127972394586,1147.571718023214,0.0001277209923463418
1643,2.45441610044834e-07,1.5e-10,0.0003292915486934777,34009387.111131646,0.0,0.0,0.0,0.0,0.0,19635328.803586047,879003320479.9799,-294.94841309936646,960.097595375522,452.8170233502223,846.3190630328646,-157.4185663994059,-302.142445997276,-238.37900630926612,142.07793037283827,452.3460531297531,1150.0043047061683,0.00012789349299204773
1644,2.45591610044834e-07,1.5e-10,0.0003295805464748023,34030171.720822476,0.0,0.0,0.0,0.0,0.0,19647328.803586047,879090985002.8035,-285.52488626252904,960.8807328247048,453.3184449774592,843.2824619128385,-145.66820213537062,-288.0700051931261,-241.02731308706097,121.88794077857429,431.161500584068,1140.902667073597,0.00012806462839210877
1645,2.4574161004483403e-07,1.5e-10,0.00032987045205345127,34050956.330513306,0.0,0.0,0.0,0.0,0.0,19659328.803586047,879382631354.6512,-279.91289629589784,963.6557078341884,448.5875255572629,851.7045284973267,-153.50463679365177,-294.58236879707783,-241.76920167163445,128.91832112912007,433.3943155593745,1146.7697029796905,0.00012823664384755572
1646,2.4589161004483404e-07,1.5e-10,0.0003301581451038523,34071740.94020413,0.0,0.0,0.0,0.0,0.0,19671328.803586047,879662250473.8278,-277.06272197272136,943.5721694364506,443.1287316727835,850.8173257226658,-121.56092027965,-273.2726272545651,-248.5355794301092,113.20795965630768,398.5901317328684,1123.1133302524815,0.0001284051108470936
1647,2.4604161004483405e-07,1.5e-10,0.0003304442200017085,34092525.54989496,0.0,0.0,0.0,0.0,0.0,19683328.803586047,879889435379.1112,-256.6706494143096,933.4976801110931,440.3951604330697,844.9219535629121,-130.40873617978116,-286.941180762564,-246.3763045869033,107.12992792233696,387.0534456283483,1110.2770011037946,0.00012857165239725917
1648,2.4619161004483406e-07,1.5e-10,0.00033072909706442967,34113310.15958578,0.0,0.0,0.0,0.0,0.0,19695328.803586047,880157883599.0557,-241.7836175145536,920.6260241275598,436.40247213076424,846.7043335172297,-133.22480394474417,-289.9664389042575,-253.9465831843531,88.61759374209456,374.9733302028724,1100.1385413980315,0.00012873667317846887
1649,2.463416100448341e-07,1.5e-10,0.0003310173567225778,34134094.76927661,0.0,0.0,0.0,0.0,0.0,19707328.803586047,880319581388.5802,-264.75478371919866,946.5875946594678,426.20034786818536,857.5992819767512,-118.86691723408492,-274.09581366703327,-245.88753929228798,101.09527887552633,383.5944443950932,1122.5373719647318,0.00012890505378426357
1650,2.464916100448341e-07,1.5e-10,0.0003313029430157884,34154879.378967434,0.0,0.0,0.0,0.0,0.0,19719328.803586047,880548042552.5933,-265.37162719739564,932.184538183367,411.77989296576044,838.959531431317,-151.92846690656128,-282.88298240983937,-266.0391227250044,107.12039661563756,417.2631079853544,1114.197752605559,0.0001290721834471544
1651,2.466416100448341e-07,1.5e-10,0.00033159316400392186,34175663.98865826,0.0,0.0,0.0,0.0,0.0,19731328.803586047,880654882760.3124,-283.9264705861502,956.0109019096877,410.27939912072935,869.4641283736297,-99.902302013857,-275.0849838197824,-230.70346093308905,122.83011457006837,383.79980339131623,1134.8395111842724,0.00012924240937383204
1652,2.467916100448341e-07,1.5e-10,0.00033187544852429917,34196448.59834909,0.0,0.0,0.0,0.0,0.0,19743328.803586047,880045406445.3876,-242.2457295630431,909.2205313197134,424.8414289284799,829.5671017753342,-130.79251277135552,-246.85338150445327,-229.14661524869194,122.02222833932565,373.0030984046597,1081.219016129801,0.0001294045922262515
1653,2.469416100448341e-07,1.5e-10,0.0003321645960712133,34217233.20803992,0.0,0.0,0.0,0.0,0.0,19755328.803586047,880263032155.3344,-283.2952656399319,946.6878575717793,420.64477567931874,862.0013962918774,-125.53965943840069,-260.31765314367794,-207.96657527633778,113.20319774884872,408.8035058813385,1134.9750271919652,0.0001295748384803303
1654,2.4709161004483413e-07,1.5e-10,0.00033245219071187626,34238017.81773074,0.0,0.0,0.0,0.0,0.0,19767328.803586047,880263597889.5195,-290.95974678054023,939.9401282076433,419.1065052460406,850.7420116747502,-113.27455113944026,-264.6641492126977,-219.9493139841525,108.60260933098255,404.1989038237828,1124.320864822395,0.00012974348661005366
1655,2.4724161004483414e-07,1.5e-10,0.00033274318478536326,34258802.42742157,0.0,0.0,0.0,0.0,0.0,19779328.803586047,880332831035.6619,-279.52380437686975,961.6853853721233,411.9676420428056,870.0395429485995,-122.43570679632019,-262.23389590175753,-215.07419573320033,103.08797723707517,401.92530795357084,1144.3552320018564,0.00012991513989485395
1656,2.4739161004483415e-07,1.5e-10,0.0003330300970603003,34279587.03711239,0.0,0.0,0.0,0.0,0.0,19791328.803586047,880599759720.2476,-273.94452825118725,935.7715281509987,395.6409135753224,851.6782850463214,-123.96349037158966,-248.12734265595262,-224.38372206039216,116.79704528052854,397.87075534644566,1116.3901477949785,0.0001300825984170232
1657,2.4754161004483416e-07,1.5e-10,0.0003333196051765994,34300371.64680322,0.0,0.0,0.0,0.0,0.0,19803328.803586047,880878272744.0232,-275.50983570633133,948.909990363526,390.93603389071023,866.8549405504008,-135.16427453551177,-256.79627905977213,-206.22029900719838,117.47158407250888,404.559728139149,1135.2269679541375,0.0001302528824622163
1658,2.476916100448342e-07,1.5e-10,0.00033360676119403415,34321156.256494045,0.0,0.0,0.0,0.0,0.0,19815328.803586047,881079430552.4478,-271.38117152461956,933.2347547096599,394.23735964562906,857.3755553000757,-120.53118430299232,-249.19825803352126,-212.08518959570748,119.68642785183695,391.87399079506076,1116.5004063504969,0.00013042035752316888
1659,2.478416100448342e-07,1.5e-10,0.0003338926086148028,34341940.866184875,0.0,0.0,0.0,0.0,0.0,19827328.803586047,881355019662.9048,-277.9523184849234,922.5414845043507,391.8332821479155,850.6139784489781,-110.40358694860706,-275.6443754280721,-197.74796108224078,106.04739945904012,388.3188035736321,1109.202178002201,0.0001305867378498692
1660,2.479916100448342e-07,1.5e-10,0.00033418131344314803,34362725.475875705,0.0,0.0,0.0,0.0,0.0,19839328.803586047,881674637925.9128,-277.8203162812011,928.1453453826997,373.9014195601079,878.1193406199496,-139.8883432325603,-246.36984375966063,-211.94921402011127,121.13945880574983,417.66899869468955,1132.3874219921888,0.00013075659596316802
1661,2.481416100448342e-07,1.5e-10,0.0003344728612768404,34383510.08556653,0.0,0.0,0.0,0.0,0.0,19851328.803586047,881889821279.6952,-332.3025553756967,943.2090923695093,399.4377097346193,881.1738575132703,-134.2423676818372,-264.31252443207234,-187.97559507197357,106.58118504880467,466.5229041115551,1167.6397550165998,0.0001309317419264205
1662,2.482916100448342e-07,1.5e-10,0.0003347638159125725,34404294.69525736,0.0,0.0,0.0,0.0,0.0,19863328.803586047,882040920492.1256,-329.7581134019581,936.3439684944497,393.4266028203143,882.8355781959077,-133.82207139719182,-237.30627500125044,-181.08643569383827,119.37033870537614,463.5609418967139,1162.108209066761,0.0001311060581577805
1663,2.4844161004483423e-07,1.5e-10,0.0003350579540466215,34425079.30494818,0.0,0.0,0.0,0.0,0.0,19875328.803586047,882284802268.7627,-316.640939681994,968.8941055581431,416.08278550345005,891.2405625353753,-112.05065693496427,-248.1756107886329,-192.4888535308361,107.95672761999042,428.67501196476996,1172.3075201820152,0.00013128190428580782
1664,2.4859161004483424e-07,1.5e-10,0.00033535090436310664,34445863.91463901,0.0,0.0,0.0,0.0,0.0,19887328.803586047,882401173092.7004,-298.78310832717085,954.3456018536918,418.65180539882965,893.9577261239306,-131.79513076265815,-240.49988240406918,-196.00222322643575,108.16749114956964,430.5683371198669,1164.3840547572706,0.00013145656189402142
1665,2.4874161004483425e-07,1.5e-10,0.00033564435652705843,34466648.52432983,0.0,0.0,0.0,0.0,0.0,19899328.803586047,882686251805.1538,-306.1572157143091,961.7614271270298,416.1535586181482,891.5828679583764,-123.593679994828,-263.12157706507026,-203.74919149010267,111.70509201255662,429.74907099734924,1167.6631146910079,0.00013163171136122508
1666,2.4889161004483427e-07,1.5e-10,0.0003359377687279571,34487433.13402066,0.0,0.0,0.0,0.0,0.0,19911328.803586047,882920771107.6501,-307.8478052172583,952.590779480446,412.09778063060094,901.5341218241871,-112.10290917644615,-256.3407484492765,-205.47508797911186,108.00863877313425,419.9528741586312,1164.741745537245,0.00013180642262305566
1667,2.490416100448343e-07,1.5e-10,0.00033623065452944597,34508217.74371149,0.0,0.0,0.0,0.0,0.0,19923328.803586047,883294063413.2153,-289.7887910523183,951.4360979849006,409.08063735813033,900.4336300886342,-108.52205838307448,-267.82755835781774,-196.18207036525592,115.90945131476829,398.30195481611,1155.6563007517282,0.0001319797710681684
1668,2.491916100448343e-07,1.5e-10,0.0003365250270950953,34529002.35340232,0.0,0.0,0.0,0.0,0.0,19935328.803586047,883634034512.515,-308.2321415306452,954.023933182742,403.7898824538559,908.0230066572714,-142.94570847356493,-256.22624923676716,-196.57916265575452,119.17992289063174,451.17392170981844,1178.5490594626606,0.00013215655342708782
1669,2.493416100448343e-07,1.5e-10,0.0003368169090994453,34549786.96309314,0.0,0.0,0.0,0.0,0.0,19947328.803586047,884009452028.4459,-300.7471993553046,938.7053493084336,402.4790426683838,895.7824339919703,-151.66428895153732,-255.90370978321937,-203.81244067338014,130.00551123096366,452.39097042846515,1162.8816579804757,0.0001323309856757849
1670,2.494916100448343e-07,1.5e-10,0.000337108878320576,34570571.57278397,0.0,0.0,0.0,0.0,0.0,19959328.803586047,884323989633.0172,-297.0552765379747,942.3423099477982,387.4440840595485,895.754097193556,-142.99586045709526,-253.83121197231154,-203.72786788659462,130.53178539751693,440.0433605816054,1159.340103084836,0.0001325048866912476
1671,2.496416100448343e-07,1.5e-10,0.00033739938093444246,34591356.18247479,0.0,0.0,0.0,0.0,0.0,19971328.803586047,884721759286.5427,-319.3199785934597,926.8377153283593,371.52719288972116,894.7882539925569,-120.17702480490217,-233.70156242968244,-224.99881938948357,144.41002305664264,439.4898858385082,1149.9105714354575,0.00013267737327696293
1672,2.4979161004483433e-07,1.5e-10,0.00033769159005326644,34612140.79216562,0.0,0.0,0.0,0.0,0.0,19983328.803586047,885083089241.024,-284.50577593682624,938.2698740694279,387.4015632513005,905.2051093635985,-139.23569977065168,-256.85966810650586,-205.41750148298058,114.26662890481543,423.74512487270033,1156.3781219942298,0.00013285082999526206
1673,2.4994161004483434e-07,1.5e-10,0.00033798139537917694,34632925.401856445,0.0,0.0,0.0,0.0,0.0,19995328.803586047,885370196758.0142,-282.1795757611178,942.901830411044,388.4771640752181,869.7653829050474,-177.99852301678354,-238.85975096912188,-211.9656295852715,119.88420403202927,460.17857781188934,1151.4078556427935,0.00013302354117360847
1674,2.5009161004483436e-07,1.5e-10,0.0003382671285065243,34653710.01154727,0.0,0.0,0.0,0.0,0.0,20007328.803586047,885702973823.5468,-284.81527686526823,910.4401762289311,408.0432325255328,855.4655776039771,-148.14792073105434,-255.14231067711685,-200.05738253511018,124.22209409794088,432.95648008762413,1119.5027277517502,0.00013319146658277123
1675,2.5024161004483437e-07,1.5e-10,0.00033855670525466646,34674494.6212381,0.0,0.0,0.0,0.0,0.0,20019328.803586047,885895761669.1533,-300.81428705236937,930.5515456965798,407.3807354604134,877.2449101348905,-148.56225195208444,-260.14265676257895,-205.8653369880187,143.71869869080075,449.3686532150342,1147.6461923629888,0.00013336361351162567
1676,2.503916100448344e-07,1.5e-10,0.0003388439024970803,34695279.23092893,0.0,0.0,0.0,0.0,0.0,20031328.803586047,886003280542.4374,-269.1979572900631,911.8935630394546,412.4216579047741,875.4849654109601,-143.70465010725954,-259.33255575233983,-206.19196673982725,144.36326978473375,412.8946583742155,1122.1514688862292,0.0001335319362319586
1677,2.505416100448344e-07,1.5e-10,0.00033913030404934407,34716063.84061975,0.0,0.0,0.0,0.0,0.0,20043328.803586047,886180533019.2252,-304.44681498341316,900.6517287705379,399.5954060411815,869.7888845547781,-146.4177888553227,-253.2749483716321,-205.49257104820694,132.66975970909112,450.85675609945554,1128.638882390504,0.00013370123206431718
1678,2.506916100448344e-07,1.5e-10,0.00033941965441038025,34736848.45031058,0.0,0.0,0.0,0.0,0.0,20055328.803586047,886427658488.4952,-315.7199490717504,913.4555856656663,404.48929242585695,888.8936045772903,-140.53948106593407,-247.9513769436074,-205.10690917360714,119.6342595268391,456.25157688293166,1148.8941186665202,0.00013387356618211715
1679,2.508416100448344e-07,1.5e-10,0.00033970818325910573,34757633.0600014,0.0,0.0,0.0,0.0,0.0,20067328.803586047,886770042271.7515,-325.92608213936614,907.7658277662484,408.646861245623,882.6699944245922,-136.79831121232922,-256.64439750185727,-204.24391468913566,122.43387477706999,462.7166359677347,1146.5237329563288,0.0001340455447420606
1680,2.509916100448344e-07,1.5e-10,0.00033999667074921015,34778417.66969223,0.0,0.0,0.0,0.0,0.0,20079328.803586047,887006100764.7731,-322.0060411721132,900.2698487030062,399.09076265992593,888.126807853565,-156.85752951585155,-250.3351369715251,-189.88313258060532,121.05745221280779,478.85053440173084,1150.9449990146727,0.0001342181864919128
1681,2.5114161004483443e-07,1.5e-10,0.0003402843629680188,34799202.279383056,0.0,0.0,0.0,0.0,0.0,20091328.803586047,887347028019.924,-321.9262895831071,898.4162111429492,394.29911832781676,882.9346035766171,-140.31474880323483,-257.24825406509075,-194.59223511798734,124.1403218789806,462.2270346251653,1140.8722508537023,0.00013438931732954088
1682,2.5129161004483445e-07,1.5e-10,0.0003405722531564848,34819986.889073886,0.0,0.0,0.0,0.0,0.0,20103328.803586047,887682187442.693,-327.1799634473872,899.7979199437721,388.15312629219756,881.6933659488882,-143.03498250651583,-258.95458254037635,-180.29986534374333,119.6519590868655,470.19965395810743,1145.0627783762507,0.0001345610767462973
1683,2.5144161004483446e-07,1.5e-10,0.0003408576513580707,34840771.49876471,0.0,0.0,0.0,0.0,0.0,20115328.803586047,888023523201.4525,-311.78406312884374,887.0619760492399,394.87026061035743,869.0900826326715,-149.0070294401033,-250.3552318905116,-196.979479005344,125.59169848677303,460.7754103286711,1125.79594141787,0.00013472994613751
1684,2.5159161004483447e-07,1.5e-10,0.0003411447665100187,34861556.10845554,0.0,0.0,0.0,0.0,0.0,20127328.803586047,888164660307.5431,-322.640476833487,892.4194270370512,402.9983761598105,880.5184798015424,-153.95574478397302,-256.9912574948505,-197.95102358976467,139.67325635014063,476.58077160773826,1141.4864158503883,0.00013490116909988754
1685,2.517416100448345e-07,1.5e-10,0.00034143279678151297,34882340.71814637,0.0,0.0,0.0,0.0,0.0,20139328.803586047,888476602415.4648,-305.72603637051094,903.4714822363809,424.8905520306572,883.2247933434089,-151.22663223948229,-256.07134747304656,-193.5090040226252,155.00995858163589,456.93198107324156,1141.093610553142,0.00013507233314147052
1686,2.518916100448345e-07,1.5e-10,0.00034172256604140356,34903125.32783719,0.0,0.0,0.0,0.0,0.0,20151328.803586047,888684262861.5543,-338.64740262209534,904.3837775437433,416.0683396715211,896.5468470661644,-140.16490331123183,-262.97298115979675,-193.616213257453,150.98727255574923,478.79432898351484,1159.3850967811843,0.0001352462409059877
1687,2.520416100448345e-07,1.5e-10,0.00034201192539002104,34923909.93752802,0.0,0.0,0.0,0.0,0.0,20163328.803586047,889022384394.0457,-320.09649220444334,906.411987458785,426.7226637649374,891.0080366966617,-160.4350577883378,-254.12127805646048,-191.10890821681227,148.7077223607125,480.5145599605611,1156.940711763764,0.00013541978201275226
1688,2.521916100448345e-07,1.5e-10,0.0003423028762217341,34944694.547218844,0.0,0.0,0.0,0.0,0.0,20175328.803586047,889171244017.0548,-319.1781360910864,913.3280649799224,412.69560044048137,903.7503860409687,-149.90947040377026,-248.08272095207482,-171.96077858136476,144.72536750454768,469.0656561639232,1163.2068227486918,0.00013559426303616455
1689,2.523416100448345e-07,1.5e-10,0.0003425907389834462,34965479.15690967,0.0,0.0,0.0,0.0,0.0,20187328.803586047,889523175905.5868,-336.1278818849325,901.4070357985763,420.4279479209802,874.3823962833812,-166.89742701387672,-254.01337564033054,-195.48447242261528,138.34141950203605,503.00787368580694,1155.438578481283,0.00013576757882293673
1690,2.5249161004483454e-07,1.5e-10,0.0003428772868445004,34986263.7666005,0.0,0.0,0.0,0.0,0.0,20199328.803586047,889901053927.1718,-284.5143458802347,893.5947732414692,415.9108540287316,878.8868173995262,-157.90342869328018,-251.3792503005121,-176.64185170318547,143.3023435850814,442.40948892448915,1127.5101456735886,0.00013593670534478775
1691,2.5264161004483455e-07,1.5e-10,0.0003431683108555486,35007048.37629133,0.0,0.0,0.0,0.0,0.0,20211328.803586047,890286484646.9537,-335.9924192708552,916.3684528354568,423.5364821259261,896.2104335819602,-157.0300910490786,-264.9189683526016,-180.29993821499576,147.46934875879532,493.00906698283086,1171.8383335286994,0.00013611248109481706
1692,2.5279161004483456e-07,1.5e-10,0.0003434558264630722,35027832.98598215,0.0,0.0,0.0,0.0,0.0,20223328.803586047,890717526623.4314,-330.0595835420904,902.7492162608775,414.08029169576804,870.8676389339183,-161.14813939641962,-262.99256375700924,-189.54343510255597,148.22262792428606,491.1179608241618,1149.132352849584,0.0001362848509477445
1693,2.5294161004483457e-07,1.5e-10,0.00034374516583574906,35048617.59567298,0.0,0.0,0.0,0.0,0.0,20235328.803586047,891111811207.5518,-339.0425363816202,907.6482629124351,427.83995366289446,882.6865541927643,-163.29335556557285,-257.78478249347694,-162.9118536793408,143.29691949511175,502.3244688606051,1165.6874928844934,0.00013645970407167717
1694,2.530916100448346e-07,1.5e-10,0.0003440349740548358,35069402.2053638,0.0,0.0,0.0,0.0,0.0,20247328.803586047,891500579474.892,-339.08696586552895,899.0275540724192,404.59341953952537,897.3168438741891,-164.4779030534856,-253.75630170279095,-156.12626955499076,134.83731572983805,503.31847098828115,1168.1118260369199,0.0001366349208455827
1695,2.532416100448346e-07,1.5e-10,0.0003443225977111241,35090186.81505463,0.0,0.0,0.0,0.0,0.0,20259328.803586047,891493795872.2904,-363.86759075530097,881.5405440833637,383.8002361488896,889.0871012421551,-142.90423409521904,-243.46793078743022,-172.9853927277827,122.38332262110029,498.4719032245611,1154.241107537748,0.00013680805701171337
1696,2.533916100448346e-07,1.5e-10,0.0003446117428077849,35110971.424745455,0.0,0.0,0.0,0.0,0.0,20271328.803586047,891096011834.2822,-355.09504160910836,886.1297425698817,405.5742036112989,897.9185589105421,-170.42023626642774,-257.3464398649325,-163.39187535869027,122.75335381184058,525.0365375300854,1172.062817349317,0.00013698386643431576
1697,2.535416100448346e-07,1.5e-10,0.00034490342327984865,35131756.03443628,0.0,0.0,0.0,0.0,0.0,20283328.803586047,891428579327.2029,-328.4606025731411,903.1077951066899,410.0070542962609,915.6543629316752,-180.2651124432433,-247.52529531901394,-169.99390886264098,124.28715040220536,508.71273941657876,1180.2585587854694,0.00013716090521813357
1698,2.536916100448346e-07,1.5e-10,0.00034519608891086335,35152540.64412711,0.0,0.0,0.0,0.0,0.0,20295328.803586047,891830713100.5228,-374.37584919355567,900.1387300543533,404.0116297858056,920.6096691248638,-170.83886173576883,-253.0106453547183,-167.7880810543166,122.82675305661593,546.1368882143712,1200.4293025853924,0.00013734096961352137
1699,2.5384161004483464e-07,1.5e-10,0.0003454907990825813,35173325.25381794,0.0,0.0,0.0,0.0,0.0,20307328.803586047,892106688093.4553,-377.61378495411475,918.0479153063826,410.4032259837509,922.1060081971351,-187.75053164705668,-272.92237965640317,-163.66897315456612,105.97371409182792,565.3508846105783,1220.6342916069682,0.0001375240647572624
1700,2.5399161004483465e-07,1.5e-10,0.00034578295261206187,35194109.86350876,0.0,0.0,0.0,0.0,0.0,20319328.803586047,891557272950.6838,-353.72563020372036,916.9945906844392,405.53491740359306,898.6951120116361,-194.8099237666719,-254.728565110764,-148.20751161360866,129.68660274619268,547.5933943057892,1197.8375640149502,0.00013770374039186466
1701,2.5414161004483466e-07,1.5e-10,0.0003460780630693066,35214894.47319959,0.0,0.0,0.0,0.0,0.0,20331328.803586047,891702815476.783,-342.42934777341827,930.8168090894408,402.0507933623587,922.7011340779991,-184.71853921032135,-244.73404402085717,-139.31862093560036,124.3333469691217,527.134957207149,1207.9670812334384,0.00013788493545404968
1702,2.5429161004483467e-07,1.5e-10,0.0003463694894090183,35235679.08289041,0.0,0.0,0.0,0.0,0.0,20343328.803586047,892062175561.3298,-367.92827377044784,914.5937203576821,429.5017164030508,888.1346638777891,-188.48362014724265,-249.7141987543588,-143.9708416328882,121.92134936589105,557.3329856619405,1198.710864964358,0.00013806474208379434
1703,2.544416100448347e-07,1.5e-10,0.0003466639876162516,35256463.692581244,0.0,0.0,0.0,0.0,0.0,20355328.803586047,892028967710.2191,-346.3508467584019,936.8574539244979,393.2100688613236,907.1835740778932,-194.76608882018718,-251.7470988368821,-132.79536221716197,124.50840277283562,541.1039508456142,1209.1133481769987,0.0001382461090860209
1704,2.545916100448347e-07,1.5e-10,0.0003469583087122864,35277248.30227207,0.0,0.0,0.0,0.0,0.0,20367328.803586047,892324918547.408,-342.8465966888519,938.1461830785013,384.4680699357525,904.904025803053,-197.58747533038616,-252.95660831614998,-142.45305210318685,112.6899914881676,539.4892252483119,1206.9723156126906,0.0001384271549333628
1705,2.547416100448347e-07,1.5e-10,0.00034724983437959736,35298032.9119629,0.0,0.0,0.0,0.0,0.0,20379328.803586047,892613364796.2343,-325.9410842712408,924.2898652205288,390.72099409235216,887.8022930195503,-203.5065328730858,-246.7266239900485,-122.45512430472557,108.27592880076949,529.4340663703365,1187.535125345664,0.00013860528520216465
1706,2.548916100448347e-07,1.5e-10,0.00034754145910592216,35318817.52165372,0.0,0.0,0.0,0.0,0.0,20391328.803586047,892872131099.8605,-347.72535384107414,933.0252410181942,383.32200077270716,878.0766508479651,-179.05350904081274,-256.91347042494175,-130.20212525730673,95.62455925736735,527.6987879591368,1187.86251031033,0.0001387834645787112
1707,2.5504161004483473e-07,1.5e-10,0.00034783826506571173,35339602.13134455,0.0,0.0,0.0,0.0,0.0,20403328.803586047,893100918312.8934,-376.77549257912636,950.525647266825,374.9703715741005,910.1239623046966,-212.11422784905585,-238.22011257094414,-106.23811528207258,97.41375538129229,588.8780219142568,1241.171423791689,0.00013896964029227996
1708,2.5519161004483474e-07,1.5e-10,0.0003481331702224845,35360386.74103538,0.0,0.0,0.0,0.0,0.0,20415328.803586047,893319898559.1304,-345.6278275520913,961.4736129758353,404.4720679658454,886.1543825712514,-189.48154900427616,-269.49890855151335,-135.17640030761436,106.30027441349601,534.1653797152784,1210.2716185067663,0.000139151181035056
1709,2.5534161004483475e-07,1.5e-10,0.00034842692169904634,35381171.3507262,0.0,0.0,0.0,0.0,0.0,20427328.803586047,893544256315.5321,-372.3445864387921,945.596988015101,406.0867796918014,886.8617910765968,-157.28902789439545,-264.9507053491656,-151.1795807924126,100.08689902543719,529.6217234746523,1202.4727204669434,0.00013933155194312602
1710,2.5549161004483476e-07,1.5e-10,0.00034872233499807484,35401955.960417025,0.0,0.0,0.0,0.0,0.0,20439328.803586047,893580255394.3007,-367.16199546723857,949.4874048222915,411.79349694473626,897.7159364295876,-178.2102924645186,-291.2972825009286,-154.49555278102096,93.81478572211775,563.0501439637223,1222.640088808321,0.00013951494795644726
1711,2.5564161004483477e-07,1.5e-10,0.00034901514407410133,35422740.570107855,0.0,0.0,0.0,0.0,0.0,20451328.803586047,893645255355.341,-377.6580999144577,940.1855743904113,408.30053574412915,878.540101969748,-160.9193393393904,-290.11740506450354,-153.88599259616194,94.54864377073528,538.5656107352015,1201.0945242504017,0.0001396951121350848
1712,2.557916100448348e-07,1.5e-10,0.0003493103079114971,35443525.17979868,0.0,0.0,0.0,0.0,0.0,20463328.803586047,893720650760.447,-369.54741814549703,961.2522887592002,417.3796935526322,884.2090703696535,-172.48140236644613,-288.95077751117753,-152.12531678524678,74.0030512744234,540.9863165510604,1216.5871230177593,0.00013987760020353748
1713,2.559416100448348e-07,1.5e-10,0.00034960584148902376,35464309.78948951,0.0,0.0,0.0,0.0,0.0,20475328.803586047,893967080487.0112,-362.5393799516734,962.5014269787706,403.00759750328575,885.8170816736127,-205.29290218757362,-289.18881102195695,-147.0765471330336,93.99473936548853,567.7533572954594,1226.3401434661366,0.0001400615512250574
1714,2.560916100448348e-07,1.5e-10,0.00034990261645188853,35485094.39918033,0.0,0.0,0.0,0.0,0.0,20487328.803586047,893959795619.7205,-358.0636533953022,966.6437192099836,403.25331223225083,898.0330524098549,-186.38431058863975,-298.03001376960964,-144.61684558632234,68.62941809404234,545.341189183594,1227.0871098210753,0.00014024561429153056
1715,2.562416100448348e-07,1.5e-10,0.0003501982308704471,35505879.00887116,0.0,0.0,0.0,0.0,0.0,20499328.803586047,894088163567.2206,-384.71971469700543,956.4336558928314,389.83897947388414,891.4412140994632,-173.25952950005637,-283.00433095818414,-135.93769468898532,86.05880752404627,557.946417465662,1224.2766018032844,0.00014042925578180106
1716,2.5639161004483483e-07,1.5e-10,0.0003504932555478602,35526663.61856199,0.0,0.0,0.0,0.0,0.0,20511328.803586047,894364458462.6349,-358.4283601026269,953.3625106006991,391.06388296841646,890.003387862156,-204.8263477613324,-286.9232893408248,-140.3757194676589,88.15873673000493,562.2810236837034,1221.13595770844,0.00014061242617545734
1717,2.5654161004483484e-07,1.5e-10,0.00035079223719342587,35547448.22825281,0.0,0.0,0.0,0.0,0.0,20523328.803586047,894581298373.5232,-366.7875154670306,966.7117336311231,385.40153832372357,922.9714020718835,-181.08877605080497,-287.4404706698828,-125.75580221082191,87.76238561123984,547.8629447932371,1240.0469970230686,0.0001407984332250108
1718,2.5669161004483485e-07,1.5e-10,0.0003510899649362054,35568232.837943636,0.0,0.0,0.0,0.0,0.0,20535328.803586047,894822090684.4617,-335.18975715038715,958.4517634180809,374.03161741533495,924.7450998317729,-182.75292721311186,-271.83301794641835,-126.56404492798903,89.76439497245612,518.8619209301114,1220.7588631732403,0.0001409815470544868
1719,2.5684161004483486e-07,1.5e-10,0.0003513866917627642,35589017.447634466,0.0,0.0,0.0,0.0,0.0,20547328.803586047,895094823777.024,-347.22997034532614,950.8354500785728,400.5074579201488,913.5954584327036,-199.74926547262078,-286.69050499467005,-126.68997588332432,77.70161063383537,546.9698461853822,1226.6545088227017,0.0001411655452308102
1720,2.569916100448349e-07,1.5e-10,0.0003516842896459703,35609802.05732529,0.0,0.0,0.0,0.0,0.0,20559328.803586047,895309938183.3992,-346.31863503621634,956.6459192823596,390.46569949242837,916.960574754187,-214.1206057114552,-294.02844509340514,-129.94418422078778,83.6880622699272,560.428506522132,1235.8862561517153,0.00014135092816923295
1721,2.571416100448349e-07,1.5e-10,0.0003519791609071248,35630586.66701612,0.0,0.0,0.0,0.0,0.0,20571328.803586047,895504149349.2797,-342.0202379920968,945.2324631537299,391.7411716886702,899.0356597484035,-194.1140364090932,-297.3203320126122,-118.98042658604612,75.42544539752424,535.4307425117709,1212.1123488406008,0.00014153274502155905
1722,2.572916100448349e-07,1.5e-10,0.0003522773113300097,35651371.27670695,0.0,0.0,0.0,0.0,0.0,20583328.803586047,895614845945.6489,-357.16437568402665,962.9686174376048,383.6435536091535,917.9897369687183,-187.34000202118008,-293.1893097501287,-131.3064926460414,79.24336333260642,544.4956667183551,1233.6568389298511,0.00014171779354739853
1723,2.574416100448349e-07,1.5e-10,0.00035257713769464114,35672155.88639777,0.0,0.0,0.0,0.0,0.0,20595328.803586047,895836786983.1975,-357.7664109197268,968.7957549842572,375.75875829266994,931.2208785624256,-186.92493949107586,-284.4302990392766,-112.91958206028347,79.78509594818337,544.6812319573504,1243.685124127779,0.00014190434631601768
1724,2.575166100448349e-07,7.5e-11,0.00035272686906463025,35682548.19124319,0.0,0.0,0.0,0.0,0.0,20601328.803586047,895984335034.9894,-341.7033993983904,967.9926231580168,388.45661540775427,928.1787248742249,-202.94063929267008,-287.6861224918507,-107.46711300224612,72.90763725522606,544.6319623095301,1242.2682024551125,0.0001419975164312018
1725,2.575541100448349e-07,3.75e-11,0.0003528009960872801,35687744.34366589,0.0,0.0,0.0,0.0,0.0,20604328.803586047,896041224231.2244,-308.81995744088334,966.5352691948642,393.2557613893031,902.9076940690459,-198.9600958586207,-324.43894248962005,-118.92444065661324,84.04047911862962,507.7693605216439,1212.9077055170442,0.0001420430004701587
1726,2.5759161004483487e-07,3.75e-11,0.0003528747029241982,35692940.4960886,0.0,0.0,0.0,0.0,0.0,20607328.803586047,896119636810.9193,-349.4501727564238,958.4047766359719,406.8772226120539,885.9883234586882,-175.56754155753745,-304.4383793867789,-145.34923958680534,77.61864780544228,524.9999542696106,1208.1333615622304,0.0001420883054712173
1727,2.576366100448349e-07,4.5e-11,0.00035296499503023864,35699175.87899584,0.0,0.0,0.0,0.0,0.0,20610928.803586047,896025130042.7682,-341.84610426084987,983.2964964154986,378.3241156748376,931.7417794156129,-192.89277348639976,-289.33003155736924,-101.01542874901624,72.50373199159293,534.7327124633639,1247.837630944848,0.00014214445816460982
1728,2.576906100448349e-07,5.3999999999999994e-11,0.00035307296133006445,35706658.33848454,0.0,0.0,0.0,0.0,0.0,20615248.803586047,896133972546.9717,-335.1780753366895,977.6551305408333,387.2968528626372,925.9893820321221,-194.42294936519426,-296.1535315182191,-109.67643998873099,70.25724412617232,529.5898665328413,1240.051714092601,0.0001422114209571708
1729,2.577554100448349e-07,6.479999999999999e-11,0.00035320211681116653,35715637.28987098,0.0,0.0,0.0,0.0,0.0,20620432.803586047,896261706256.4987,-331.5523163970997,972.3773523308475,403.5655754829996,920.0510653944857,-199.90674880755046,-293.48809310297696,-116.19776674594807,70.1074771000861,531.4508341538668,1235.370895051149,0.0001422914729911701
1730,2.578331700448349e-07,7.775999999999999e-11,0.00035335913904331574,35726412.03153471,0.0,0.0,0.0,0.0,0.0,20626653.603586048,896454703572.1898,-382.80063636554615,965.2170028578969,375.9411945260998,961.4920386159963,-205.69039958765535,-238.56593237755368,-82.13558374153776,67.11748379838421,588.4833263333859,1277.789631102547,0.00014239083391288465
1731,2.579264820448349e-07,9.331199999999998e-11,0.00035354446060187735,35739341.721531175,0.0,0.0,0.0,0.0,0.0,20634118.56358605,896623160318.5131,-333.0367486284212,969.2855658400315,426.4630100906053,910.2676809114779,-195.47574522415948,-286.38634960162085,-131.512463527028,57.6135946750988,528.5043673465385,1228.6761743320267,0.00014250548414406392
1732,2.5803845644483493e-07,1.1197439999999997e-10,0.00035376820245249413,35754857.34952694,0.0,0.0,0.0,0.0,0.0,20643076.51558605,896842646982.655,-331.7104809314893,985.1900060619827,425.2568887941914,915.3589658217761,-198.5879026027293,-294.22040843193287,-133.76344125851665,58.58904807139125,530.2907819202295,1240.1520855240626,0.00014264434942974923
1733,2.581728257248349e-07,1.3436927999999997e-10,0.00035403954716786516,35773476.103121854,0.0,0.0,0.0,0.0,0.0,20653826.057986047,897132774422.1686,-344.1696474364288,997.3041473023554,408.99224809708306,936.6732775501308,-211.88559202558588,-271.5953203558733,-121.09040963014256,59.532769698474425,555.8245690180004,1266.583998730471,0.00014281453940971815
1734,2.583228257248349e-07,1.5e-10,0.00035434056834667113,35794260.712812684,0.0,0.0,0.0,0.0,0.0,20665826.057986047,897453815897.8479,-342.98084834795714,995.1167954032175,406.9847239248027,920.6161051826758,-174.3001263652158,-275.61939799693647,-99.05140706552383,63.555356158570596,517.4699769789422,1243.8394562506885,0.00014300111532815577
1735,2.5847282572483493e-07,1.5e-10,0.0003546441333579226,35815045.32250351,0.0,0.0,0.0,0.0,0.0,20677826.057986047,897770994959.0361,-347.249374847267,997.8935910252726,383.66562822621603,943.9670962664502,-205.15487309900098,-246.5948068722065,-86.34788529676557,61.45771750816822,552.3977614549167,1268.7427353177777,0.00014319142673845344
1736,2.5862282572483494e-07,1.5e-10,0.00035494402234908677,35835829.93219433,0.0,0.0,0.0,0.0,0.0,20689826.057986047,898057801437.7699,-311.9342320914262,1014.2429337518112,426.67219592810767,892.0347511116483,-192.2333793794338,-286.18893029695596,-103.71471632720147,63.24099279236783,504.15720408171944,1233.5266752591008,0.00014337645573974232
1737,2.5877282572483496e-07,1.5e-10,0.00035524947566280783,35856614.54188516,0.0,0.0,0.0,0.0,0.0,20701826.057986047,898418647278.7938,-326.1179644452213,1033.0400501415902,418.24422620533517,930.2470754344033,-219.89389886201147,-278.89991648098544,-75.8420417801912,60.518774866843415,546.0068623084891,1281.2865163214458,0.00014356864871719054
1738,2.5892282572483497e-07,1.5e-10,0.0003555539430366691,35877399.15157599,0.0,0.0,0.0,0.0,0.0,20713826.057986047,898423477035.0786,-345.8869435364019,1020.8606380731953,406.43706342872343,922.9731733509764,-251.43975533308688,-266.3328819157691,-73.31260245184843,55.99469807845679,597.3189958817843,1292.6720861251208,0.00014376254953010932
1739,2.59072825724835e-07,1.5e-10,0.00035585738928461453,35898183.76126681,0.0,0.0,0.0,0.0,0.0,20725826.057986047,898647704343.4711,-331.0583646545411,1023.6630237250704,418.39168645462655,915.0787105279175,-225.64855549492506,-282.81629671960724,-90.75892945723383,66.75221730927406,556.2948053445501,1271.8370002637212,0.00014395332508014888
1740,2.59222825724835e-07,1.5e-10,0.0003561585398590955,35918968.37095764,0.0,0.0,0.0,0.0,0.0,20737826.057986047,898376124595.4724,-339.6752367813981,1016.0413371816317,425.7066194603319,892.2488323428015,-230.60605450833148,-261.3907921374047,-72.1371084870398,61.87776362837225,570.2752352021075,1264.1113801434801,0.0001441429417871704
1741,2.59372825724835e-07,1.5e-10,0.0003564654237086077,35939752.980648465,0.0,0.0,0.0,0.0,0.0,20749826.057986047,898612084140.0763,-346.50758818286147,1041.891965354181,420.36779634060423,931.3393011624235,-220.13908453229504,-275.8530884308356,-72.98385266620073,50.30224717843297,574.7567658715262,1299.0943701563026,0.00014433780594269385
1742,2.59522825724835e-07,1.5e-10,0.0003567706039375296,35960537.590339296,0.0,0.0,0.0,0.0,0.0,20761826.057986047,898499006173.5239,-342.6460293152656,1023.8489210778888,409.13632336518253,934.5927176492667,-218.03579359481114,-280.4525762258909,-104.97160255181869,74.98463150471132,560.6709947457555,1281.7725554978135,0.00014453007182601852
1743,2.59672825724835e-07,1.5e-10,0.0003570774401672697,35981322.200030126,0.0,0.0,0.0,0.0,0.0,20773826.057986047,898749717956.1935,-372.3541616667267,1036.4005490790687,434.81774799389694,933.4434007065478,-198.4726743509011,-283.3584574968183,-81.99596687243115,58.95087763092585,570.8295293361381,1299.0891564368324,0.00014472493519948403
1744,2.5982282572483503e-07,1.5e-10,0.00035737840313488403,36002106.80972095,0.0,0.0,0.0,0.0,0.0,20785826.057986047,898888859328.478,-361.5211465715561,1003.8775636338703,420.4622589424323,899.1819618288986,-220.7141694541214,-296.1207227290316,-110.05322660098136,62.2473593967473,582.2342291950055,1266.1627117943362,0.00014491485960625318
1745,2.5997282572483505e-07,1.5e-10,0.000357686820207535,36022891.41941177,0.0,0.0,0.0,0.0,0.0,20797826.057986047,899019927645.5664,-351.6747628647039,1048.1150089050248,427.3113778904636,943.6801377871276,-222.64459207384186,-295.2088073170751,-102.25926894563081,84.03856269251126,574.3136422262526,1306.8618235881463,0.0001451108888797914
1746,2.6012282572483506e-07,1.5e-10,0.00035799414836357857,36043676.0291026,0.0,0.0,0.0,0.0,0.0,20809826.057986047,899401220833.987,-354.9514576323764,1029.493757967303,436.2672660230669,942.307603754391,-260.4956343883788,-297.4236041429347,-94.30920733707659,66.2291287282212,615.4396212033857,1317.0188165911604,0.00014530844170228008
1747,2.6027282572483507e-07,1.5e-10,0.0003583057108769987,36064460.638793424,0.0,0.0,0.0,0.0,0.0,20821826.057986047,899762461506.0596,-369.3514528176856,1067.7542037596606,419.79601315952067,954.1393581595663,-237.48253026446199,-295.1978827602575,-95.85658042004285,75.1169627402526,606.8226742525223,1337.102633171628,0.00014550900709725583
1748,2.604228257248351e-07,1.5e-10,0.0003586105678687346,36085245.248484254,0.0,0.0,0.0,0.0,0.0,20833826.057986047,900128722871.3265,-338.157386901395,1029.2233223040807,441.37359772162733,923.5549142403828,-226.9674908713203,-295.34830324727466,-117.07606290025913,87.14387566276328,565.0960889821004,1282.2190811117591,0.0001457013399594226
1749,2.605728257248351e-07,1.5e-10,0.00035892054384859435,36106029.858175084,0.0,0.0,0.0,0.0,0.0,20845826.057986047,900367148643.7429,-387.55992525890747,1051.6305760051812,439.2419982080549,948.9959005343599,-221.9744863840527,-304.08114210395485,-113.80165919950882,79.53620992545295,609.5216156919523,1329.2632139632626,0.00014590072944151709
1750,2.607228257248351e-07,1.5e-10,0.00035923386661843097,36126814.46786591,0.0,0.0,0.0,0.0,0.0,20857826.057986047,900744767372.0232,-422.6348503089411,1046.636847933181,411.37257094685236,984.9270868276209,-219.32992825294843,-311.69338834839,-96.12535760873023,71.95243526735399,641.9453681238405,1361.585831629178,0.00014610496731626147
1751,2.608728257248351e-07,1.5e-10,0.00035954125594871134,36147599.07755673,0.0,0.0,0.0,0.0,0.0,20869826.057986047,901131950464.0872,-356.0666547806807,1038.2779844721645,461.5714600311806,938.9817912553276,-208.9887747425997,-362.2557288947231,-126.66427797567007,85.40919161084608,565.0372638501414,1301.001768742983,0.00014630011758157293
1752,2.610228257248351e-07,1.5e-10,0.00035985192243420336,36168383.68724756,0.0,0.0,0.0,0.0,0.0,20881826.057986047,901553799006.7324,-382.3225167711008,1040.252716125963,441.62223280609516,969.1179714747377,-223.24252469654377,-333.76599075902817,-128.21089471112762,87.47758654881638,605.5458777374503,1331.8961781985352,0.0001464999020083027
1753,2.6117282572483514e-07,1.5e-10,0.0003601652309852452,36189168.29693838,0.0,0.0,0.0,0.0,0.0,20893826.057986047,901855384310.188,-351.42480003871844,1051.6371483212806,429.2685858113355,993.654662061286,-240.39629060896846,-349.65668094445647,-135.14016677796755,73.16975790708445,591.8138612204442,1342.7883875253328,0.00014670132026643152
1754,2.6132282572483515e-07,1.5e-10,0.0003604810801108679,36209952.90662921,0.0,0.0,0.0,0.0,0.0,20905826.057986047,902213881332.8945,-397.05465541692996,1052.8294316250553,414.69308423381136,1012.2933137827747,-234.05282259138897,-334.5764461363008,-110.77421056433757,88.65149422774537,631.0921000113639,1371.0091710172876,0.0001469069716420841
1755,2.6147282572483516e-07,1.5e-10,0.00036078931146459796,36230737.516320035,0.0,0.0,0.0,0.0,0.0,20917826.057986047,902670273238.1909,-353.1020971669464,1023.6026140161308,457.3288885293634,963.9342507840673,-223.4194822142814,-352.3574019018015,-151.39667978958386,90.55256556986377,576.5080452824872,1307.2052685373033,0.0001471030524323647
1756,2.6162282572483517e-07,1.5e-10,0.00036110247951520134,36251522.126010865,0.0,0.0,0.0,0.0,0.0,20929826.057986047,903064146916.7279,-379.5688180005585,1049.3071274036865,438.7279016163701,988.1958967496806,-240.33340913223276,-344.2341671447855,-155.87910609789807,77.437925195764,619.8806811235632,1350.8974346986079,0.0001473056870475695
1757,2.617728257248352e-07,1.5e-10,0.0003614158967688345,36272306.73570169,0.0,0.0,0.0,0.0,0.0,20941826.057986047,903013281513.0533,-370.661395718621,1062.0764334843818,430.505171936417,980.393063001789,-237.20276286100835,-342.7286579519208,-140.77557290488997,76.40646620183846,607.8495637642915,1348.1870073988043,0.00014750791509867932
1758,2.619228257248352e-07,1.5e-10,0.00036173424364509987,36293091.34539252,0.0,0.0,0.0,0.0,0.0,20953826.057986047,903231389056.5961,-386.4220196087981,1092.7347509000206,434.76267960088114,1004.9879236708869,-221.3204431705958,-351.02420670199996,-140.4639273457723,80.65209031482156,607.7452391233284,1377.8571816736794,0.00014771459367593037
1759,2.620728257248352e-07,1.5e-10,0.0003620498040305437,36313875.95508334,0.0,0.0,0.0,0.0,0.0,20965826.057986047,903555349061.4872,-407.5346551828955,1080.4990004621325,466.45720756598035,977.3439169290049,-233.2583122927766,-356.87302891369336,-173.04636026290262,65.47798223301326,640.80698372834,1374.527012326964,0.00014792077272777942
1760,2.622228257248352e-07,1.5e-10,0.0003623707762537279,36334660.56477417,0.0,0.0,0.0,0.0,0.0,20977826.057986047,903762107795.6589,-395.82608475408693,1110.3820344204387,432.12042965488695,1016.8250191366119,-210.15581233140077,-348.09134587965207,-138.0388526841903,74.6946174909791,605.9856324809984,1393.1217076424325,0.0001481297409839258
1761,2.622978257248352e-07,7.5e-11,0.0003625268984272984,36345052.869619586,0.0,0.0,0.0,0.0,0.0,20983826.057986047,903672567854.6692,-370.69885647549916,1071.10629818702,458.801488289336,963.2643057396948,-189.18446341260918,-364.4005572203114,-180.90168952641326,66.84660979765309,559.8923423701866,1326.3742660310088,0.0001482292190538781
1762,2.623728257248352e-07,7.5e-11,0.0003626847482504567,36355445.174465,0.0,0.0,0.0,0.0,0.0,20989826.057986047,903797141039.0614,-412.38346420262826,1084.0779095313383,461.41372889178797,977.559537395385,-207.11554274835086,-354.3543640984378,-167.4952180012617,69.53469813959036,619.7765942083203,1367.7255192934838,0.00014833179846782512
1763,2.6241782572483525e-07,4.5e-11,0.0003627830426288136,36361680.55737224,0.0,0.0,0.0,0.0,0.0,20993426.057986047,903752256143.5065,-461.96222080813294,1130.4621397608817,407.59138301332246,1059.1843854975527,-227.56190949339768,-283.58517015466435,-121.76476950602337,92.65355374266092,689.5241209166916,1459.906127070674,0.0001483974942435433
1764,2.624628257248353e-07,4.5e-11,0.00036287961802776767,36367915.94027949,0.0,0.0,0.0,0.0,0.0,20997026.057986047,903663116715.8875,-412.1367739738019,1105.4197232355227,438.29280109458847,1027.5971834921947,-221.66311498467613,-347.69868198803727,-145.1257415491824,87.74379123469333,633.814106843825,1407.682226509984,0.00014846083994373625
1765,2.625168257248353e-07,5.3999999999999994e-11,0.0003629927210486997,36375398.39976819,0.0,0.0,0.0,0.0,0.0,21001346.057986047,903743511519.3632,-313.9132332016837,1116.6612495069942,488.7091188601121,948.7874779651574,-219.39394212009412,-420.9708639599458,-202.75328780747716,107.32708785723334,533.3142783348534,1330.2155564675988,0.0001485326715837855
1766,2.625816257248353e-07,6.479999999999999e-11,0.00036312975384563334,36384377.351154625,0.0,0.0,0.0,0.0,0.0,21006530.057986047,903865088428.3175,-400.36003728041214,1109.9896898132074,482.52411447505716,970.8390789958894,-203.53037160058344,-410.2930746362184,-197.26533424314295,60.602827092810806,603.8977499659599,1374.3258631159179,0.00014862172789971542
1767,2.626593857248353e-07,7.775999999999999e-11,0.0003632946642029934,36395152.09281835,0.0,0.0,0.0,0.0,0.0,21012750.857986048,903962803561.3645,-372.287439209044,1110.696425354857,458.9198150603055,987.8748672150329,-217.11160880309163,-379.36156230686674,-176.22882667525903,94.52352710267047,589.4025543762726,1370.074193801428,0.0001487282648690254
1768,2.627526977248353e-07,9.331199999999998e-11,0.0003634924276577749,36408081.78281482,0.0,0.0,0.0,0.0,0.0,21020215.81798605,904140823192.8256,-335.98699778827245,1105.3695144219766,479.00138645956116,997.6062718269372,-198.5349656818821,-391.36580024143655,-137.6905272592586,71.13733375815356,534.5333143434514,1356.171701242346,0.00014885481196281173
1769,2.628086849248353e-07,5.5987199999999985e-11,0.0003636132998036313,36415839.59681271,0.0,0.0,0.0,0.0,0.0,21024694.79398605,904175266330.659,-436.5376107833291,1093.3114564203495,367.72816715578955,1059.4998046074827,-206.1020716191265,-343.6218199621431,-106.0457505753092,75.73055161257041,642.6462623718893,1422.077644458151,0.00014893443010830754
1770,2.628646721248353e-07,5.5987199999999985e-11,0.00036373159139996205,36423597.41081059,0.0,0.0,0.0,0.0,0.0,21029173.76998605,904264312712.6135,-382.3921526835166,1105.7313053361509,475.29128252280833,977.0036637942737,-204.23471813728102,-415.22382889640306,-190.85394815646762,99.18295555921965,586.6342941312572,1364.150789513965,0.0001490108050913902
1771,2.6293185676483533e-07,6.718463999999998e-11,0.00036387403908430527,36432906.78760805,0.0,0.0,0.0,0.0,0.0,21034548.54118605,904372824003.0964,-344.42494848457477,1113.284727345842,478.81000429409596,983.7991765247949,-244.8802688645163,-433.9814976282484,-173.2338474475933,81.83079959904148,589.16998703671,1374.3580478795714,0.0001491031408420681
1772,2.630124783328353e-07,8.062156799999998e-11,0.00036404468737437416,36444078.03976499,0.0,0.0,0.0,0.0,0.0,21040998.26662605,904528029602.0088,-387.37324310072273,1095.4127237272924,458.29549819902405,990.088210319851,-219.3327745874029,-412.15959755788947,-172.70495782507945,79.74144805345465,606.7084392495292,1375.2451878668644,0.0001492140152654984
1773,2.631092242144353e-07,9.674588159999996e-11,0.00036424929904807464,36457483.54235333,0.0,0.0,0.0,0.0,0.0,21048737.937154047,904714880900.0582,-368.67678524340164,1095.787986492034,473.17602353642627,991.1733040347915,-212.22370891373305,-405.33598363506763,-168.4203682352407,76.22783717567594,580.9129996580166,1365.4594324755988,0.00014934611784208227
1774,2.632253192723553e-07,1.1609505791999995e-10,0.00036449776237263847,36473570.14545934,0.0,0.0,0.0,0.0,0.0,21058025.541787647,904977107775.5836,-391.24596616695516,1101.3054123672252,444.2744211922543,1025.3318757520499,-217.20365229911064,-397.8772390962126,-157.35875571031414,93.38835068039401,608.4627264423176,1395.0598173141968,0.00014950807739237524
1775,2.633646333418593e-07,1.3931406950399993e-10,0.0003647937722206289,36492874.069186546,0.0,0.0,0.0,0.0,0.0,21069170.667347968,905294045856.7314,-383.9642882455689,1089.387177759902,471.177409339193,1011.132199586879,-209.5456767801032,-414.39515438078917,-168.61180875970487,78.42770910092592,593.520629926657,1378.8656120713383,0.00014970017277209202
1776,2.635146333418593e-07,1.5e-10,0.000365115300587913,36513658.678877376,0.0,0.0,0.0,0.0,0.0,21081170.667347968,905623052040.2075,-382.5230531923568,1105.7307811518356,466.0596043131315,1026.0043594152123,-224.24463812384832,-410.19416367948594,-156.44685325523383,91.26648828264118,606.776975421232,1398.981213953516,0.00014991001995418504
1777,2.636646333418593e-07,1.5e-10,0.00036543392613115833,36534443.2885682,0.0,0.0,0.0,0.0,0.0,21093170.667347968,906001297420.0245,-366.05285480016875,1084.7490025907746,457.59483715403405,1016.903730542964,-229.34067994813617,-414.1814897024315,-162.85625825818346,88.7715170120093,595.9539161360098,1377.583937090947,0.00015011665754474868
1778,2.638146333418593e-07,1.5e-10,0.000365756073089876,36555227.89825903,0.0,0.0,0.0,0.0,0.0,21105170.667347968,906300052707.6412,-383.15149483984146,1102.2598726055423,499.2329582958834,1034.765975122099,-215.51298020093327,-435.0599304732878,-160.12328450884084,82.88811688797372,598.6786165965798,1403.4759026790286,0.00015032717893015055
1779,2.6396463334185933e-07,1.5e-10,0.0003660800490239009,36576012.50794985,0.0,0.0,0.0,0.0,0.0,21117170.667347968,906613400363.6919,-390.23015035934117,1124.1899434013644,471.9322357484653,1038.424699906781,-193.6524915334405,-417.40013302469674,-176.8745321274373,86.45620721441841,583.8928743875313,1406.5215389892285,0.00015053815716099892
1780,2.6411463334185935e-07,1.5e-10,0.0003664039577582548,36596797.11764068,0.0,0.0,0.0,0.0,0.0,21129170.667347968,906944771764.4539,-399.22562662017214,1121.9710636682437,495.7057199845177,1035.4516581997818,-228.76760893431205,-408.49187720049224,-175.05421904379395,90.76338113991997,599.1342088923585,1414.1660231767482,0.00015075028206447543
1781,2.6426463334185936e-07,1.5e-10,0.00036672966941613634,36617581.72733151,0.0,0.0,0.0,0.0,0.0,21141170.667347968,907160292119.4246,-385.9379213502511,1130.62597665657,492.4971292126515,1047.7979093842696,-224.8041901109782,-414.60747756445113,-179.7490880148617,82.62453690079764,610.7532385499327,1425.7820871708373,0.00015096414937755106
1782,2.6441463334185937e-07,1.5e-10,0.000367054186707181,36638366.337022334,0.0,0.0,0.0,0.0,0.0,21153170.667347968,907620179650.886,-402.5810246211497,1118.1434179414773,501.9968637929965,1043.9575709959859,-207.82886718512947,-421.70506556637895,-190.0556339012498,72.42192176815017,610.4590341850474,1420.0746266176209,0.0001511771605715437
1783,2.644896333418594e-07,7.5e-11,0.0003672179029107925,36648758.64186775,0.0,0.0,0.0,0.0,0.0,21159170.667347968,907697137791.9287,-458.21156559305825,1126.2025057912942,467.7884941343609,1056.0750225772647,-218.10527042619051,-394.64986348436463,-172.88240045365907,56.61589781593559,676.3336465371384,1459.849498566686,0.0001512866492839362
1784,2.645646333418594e-07,7.5e-11,0.0003673809949633896,36659150.946713164,0.0,0.0,0.0,0.0,0.0,21165170.667347968,907834819635.726,-388.6085673128958,1136.2305520371795,492.45220450993287,1046.9559840796433,-214.13019555787875,-434.5541123376474,-186.01277570252304,52.762736283436254,602.7458577256173,1429.0224031748655,0.00015139382596417433
1785,2.646546333418594e-07,9e-11,0.0003675752652513766,36671621.712527655,0.0,0.0,0.0,0.0,0.0,21172370.667347968,907721948387.5281,-391.90604856791356,1122.9045730180314,488.85296197323044,1031.8369180967577,-218.33989867619945,-391.4320600366792,-169.47077972827373,64.30615030006396,610.9494743348233,1414.3280003337552,0.00015152111548420437
1786,2.647626333418594e-07,1.0799999999999999e-10,0.000367810247680842,36686586.63150505,0.0,0.0,0.0,0.0,0.0,21181010.667347968,907972881502.125,-375.8472334303522,1140.759886461739,464.1986272327013,1046.7769361096416,-237.09169192302215,-390.95963291882293,-160.77649707053413,77.15694786211155,612.9522734661717,1428.5450255339847,0.00015167539834696204
1787,2.648922333418594e-07,1.2959999999999997e-10,0.0003680922440227191,36704544.53427792,0.0,0.0,0.0,0.0,0.0,21191378.667347968,908244543970.0066,-400.21395352751165,1134.9265996362478,494.58907724175657,1047.7541515722437,-212.88435356780795,-393.33167694070244,-166.48755468688992,50.216146421731985,613.1053937080891,1432.0442845636574,0.0001518609912862415
1788,2.650422333418594e-07,1.5e-10,0.0003684196209495032,36725329.14396875,0.0,0.0,0.0,0.0,0.0,21203378.667347968,908449404150.4009,-401.2582135399728,1153.809184298695,465.7021270049899,1046.3736300826777,-187.37458380525987,-409.92335221662626,-181.62832484278243,76.74325706569009,588.6399125166288,1428.0219405379078,0.00015207519457732216
1789,2.6519223334185944e-07,1.5e-10,0.00036874507144798367,36746113.75365958,0.0,0.0,0.0,0.0,0.0,21215378.667347968,908826418968.3505,-414.32938762449623,1106.6275162187092,491.67393471157544,1058.4539079723252,-231.0443928647815,-386.1137233209498,-158.3224149571181,36.55467418930377,645.3870156823464,1438.0590905568201,0.00015229090344090568
1790,2.6534223334185945e-07,1.5e-10,0.0003690731742202862,36766898.36335041,0.0,0.0,0.0,0.0,0.0,21227378.667347968,909077815936.0405,-431.87000405339114,1130.0404804654954,464.1461442131836,1069.010715823306,-201.16582605003504,-388.7050890398695,-176.73184929800846,63.61464222623254,633.0510629825989,1446.7875928022997,0.00015250792157982604
1791,2.6549223334185946e-07,1.5e-10,0.0003694052549365653,36787682.97304123,0.0,0.0,0.0,0.0,0.0,21239378.667347968,909199729635.8114,-387.05588725912224,1143.9039674240498,470.9640167723754,1104.1432396023079,-244.7818462055325,-398.1015784017931,-154.10130551809848,54.62195166741871,632.0585911370813,1470.8901416298747,0.00015272855510107053
1792,2.6564223334185947e-07,1.5e-10,0.00036973093706834303,36808467.58273206,0.0,0.0,0.0,0.0,0.0,21251378.667347968,909590901361.1736,-372.1877167946227,1099.5865299764728,478.323934168285,1077.6794615216797,-241.9683203835936,-401.55112187202326,-164.45587362443456,48.6662081381316,614.1811394336738,1427.3646804258028,0.0001529426598031344
1793,2.657922333418595e-07,1.5e-10,0.0003700583080241959,36829252.19242289,0.0,0.0,0.0,0.0,0.0,21263378.667347968,909982712338.3105,-393.00411329028054,1104.488471795717,478.6180115338626,1089.2632890146208,-227.22668790552044,-395.8674280604022,-161.17479280034127,49.34717717995559,620.2668959846959,1439.3312932836516,0.00015315855949712693
1794,2.659422333418595e-07,1.5e-10,0.0003703855112555067,36850036.80211371,0.0,0.0,0.0,0.0,0.0,21275378.667347968,910353726346.4882,-388.53728233794834,1103.0448446572675,462.94600386609477,1089.3133191703396,-239.50384673690462,-401.0358146651809,-166.99156219341808,57.09522875808276,628.0875043798037,1439.670440035291,0.00015337451006313223
1795,2.660922333418595e-07,1.5e-10,0.00037071494740080084,36870821.411804534,0.0,0.0,0.0,0.0,0.0,21287378.667347968,910736143669.1383,-382.5135940312756,1122.6415379457642,472.2690146487617,1092.5034248770648,-263.40011356306036,-381.4764199406558,-133.9390398705757,70.28107816583767,645.9775396585111,1458.7829883466952,0.00015359332751138424
1796,2.662422333418595e-07,1.5e-10,0.0003710454468030889,36891606.021495365,0.0,0.0,0.0,0.0,0.0,21299378.667347968,911072469493.0475,-387.9854831648083,1127.641774855797,470.3923393757692,1105.961192431718,-214.6025961255366,-393.2770925492951,-159.77259988932232,61.1561836668845,603.7398170027624,1451.2005016814014,0.00015381100758663646
1797,2.663922333418595e-07,1.5e-10,0.00037138025668001637,36912390.631186195,0.0,0.0,0.0,0.0,0.0,21311378.667347968,910980516334.522,-404.7341009334887,1144.3215046245937,446.3195278553107,1132.0635949495754,-246.05918840968224,-369.97561871960056,-148.04094305987957,50.35681302493066,651.2334437591513,1491.081827234162,0.00015403466986072158
1798,2.6654223334185954e-07,1.5e-10,0.00037171879109946886,36933175.24087702,0.0,0.0,0.0,0.0,0.0,21323378.667347968,911313713082.0786,-438.5651727064879,1152.481491099743,468.2829534797518,1155.4412989283196,-271.48965107089214,-353.9064446977198,-158.67523752455216,60.176060025972426,710.5195281186222,1533.0155645833559,0.00015426462219540909
1799,2.6669223334185955e-07,1.5e-10,0.0003720548606746094,36953959.85056785,0.0,0.0,0.0,0.0,0.0,21335378.667347968,911188528959.0935,-423.3405679455525,1143.7670226574467,463.23090335311105,1143.30438225428,-235.54607117168842,-382.38739052138595,-171.3509699262632,34.835745053706326,659.3476513185009,1502.8371701322867,0.00015449004777092892
1800,2.6684223334185956e-07,1.5e-10,0.0003723934560438354,36974744.46025867,0.0,0.0,0.0,0.0,0.0,21347378.667347968,911519668121.2311,-426.0136912433341,1150.7999326457439,454.09380306456035,1165.1437912780798,-242.18089175886496,-370.74717477094845,-178.86746544634383,29.781422752877425,668.6549952868958,1519.8771899635126,0.00015471802934942345
1801,2.6699223334185957e-07,1.5e-10,0.00037272912374479856,36995529.06994949,0.0,0.0,0.0,0.0,0.0,21359378.667347968,911830489956.6807,-458.37471728046455,1125.5282525090504,478.33969194764273,1150.8655278051563,-210.07933118183814,-375.34282513021947,-181.6709422950011,18.450005085215448,668.908778039757,1505.6242111290733,0.00015494387298109282
1802,2.671422333418596e-07,1.5e-10,0.00037306677822809104,37016313.67964032,0.0,0.0,0.0,0.0,0.0,21371378.667347968,912125536322.808,-448.68427884500926,1133.189579479162,465.81892026885936,1166.8914580347318,-226.76316718007362,-365.8598976438769,-171.56275415067128,22.785052940101533,675.8988808248766,1518.0927338652198,0.0001551715868911726
1803,2.672922333418596e-07,1.5e-10,0.0003734048495175468,37037098.28933115,0.0,0.0,0.0,0.0,0.0,21383378.667347968,912555325497.5076,-450.7219207525268,1136.2026178763047,460.7291324175329,1168.4122846108476,-223.06781211818713,-366.8719510101076,-169.7527099670759,12.299874164773716,674.2256822989845,1520.5939654741817,0.00015539967598599374
1804,2.674422333418596e-07,1.5e-10,0.0003737420105740348,37057882.899021976,0.0,0.0,0.0,0.0,0.0,21395378.667347968,913011536866.2682,-445.94401437835677,1137.9598699811538,444.89203102625146,1160.0022343552432,-215.13349523850775,-365.38280310350115,-184.65586157558045,12.313297918344677,661.5283276884554,1509.8065216536436,0.0001556261469642418
1805,2.675922333418596e-07,1.5e-10,0.0003740783529110256,37078667.508712806,0.0,0.0,0.0,0.0,0.0,21407378.667347968,913472534649.2891,-450.66912576677595,1133.9749925878555,452.2055922321163,1153.1855890660756,-208.13705816304181,-356.9732430077198,-170.75289055148164,13.071550582106028,659.6673958482871,1504.6325201079176,0.00015585184184225797
1806,2.6774223334185963e-07,1.5e-10,0.00037441984840230676,37099452.11840363,0.0,0.0,0.0,0.0,0.0,21419378.667347968,913914158554.1932,-444.44455203157156,1167.5875379090467,472.2996502455645,1175.5722791916955,-227.8615025236131,-366.07725821094454,-151.9979964221736,4.883727767466444,672.7501799980059,1541.3782903678805,0.00015608304858581314
1807,2.6789223334185964e-07,1.5e-10,0.0003747634057956621,37120236.72809446,0.0,0.0,0.0,0.0,0.0,21431378.667347968,913992536028.3481,-429.36269722389,1180.1737504757004,494.5703413159304,1185.6355629223613,-249.2425011903391,-396.79904336531433,-163.45914519474115,-5.049920769231525,679.0536914780303,1558.1342532751237,0.0001563167687238044
1808,2.6804223334185965e-07,1.5e-10,0.0003750997340837896,37141021.33778528,0.0,0.0,0.0,0.0,0.0,21443378.667347968,914351529032.2378,-437.6573012121265,1135.4372869701444,471.2064852224632,1153.591857144929,-200.41470478263687,-386.4805874378199,-181.19597075799487,-2.281975241090789,638.5173286761272,1500.41389219586,0.0001565418308076338
1809,2.6819223334185966e-07,1.5e-10,0.00037543779926133664,37161805.94747611,0.0,0.0,0.0,0.0,0.0,21455378.667347968,914774503088.4564,-458.3992938000416,1151.8196466330778,487.07700338426184,1148.3251563146823,-213.98514188109507,-413.29422771906576,-181.80314044534856,-3.951389361066408,672.8938651356684,1524.8348069406027,0.00015677055602867488
1810,2.6834223334185967e-07,1.5e-10,0.0003757764483118106,37182590.55716694,0.0,0.0,0.0,0.0,0.0,21467378.667347968,915238241114.1255,-438.8573979870369,1148.6117894631423,515.4202491384619,1162.9837586455317,-221.71512016056985,-378.7247987094421,-208.8295302583603,-8.291397898254466,661.0149585166589,1521.4731627267308,0.00015699877700308388
1811,2.684922333418597e-07,1.5e-10,0.0003761144002527006,37203375.166857764,0.0,0.0,0.0,0.0,0.0,21479378.667347968,915516751708.2115,-453.363921780585,1146.328892840102,516.6700424210171,1153.129040157214,-221.17532858892955,-376.18155909478753,-198.53307600356058,-0.123456712177893,674.9931598146659,1522.1114342296178,0.00015722709371821832
1812,2.686422333418597e-07,1.5e-10,0.000376453026670074,37224159.77654859,0.0,0.0,0.0,0.0,0.0,21491378.667347968,915448530532.3794,-451.32733087668913,1159.0521751847868,500.39591164835866,1151.3134445817977,-212.74276919527122,-361.402417980731,-196.98797083858764,3.011894496098387,664.5112812520447,1520.8935552906844,0.0001574552277515119
1813,2.687922333418597e-07,1.5e-10,0.00037679106076862355,37244944.38623942,0.0,0.0,0.0,0.0,0.0,21503378.667347968,915738889749.0791,-440.0812614943652,1157.7045279497775,497.6791810498829,1147.5563885954982,-227.6970052398168,-353.6270741799611,-211.78778071697454,3.1258411972052964,668.2243772989983,1516.8932530140326,0.000157682761739464
1814,2.689422333418597e-07,1.5e-10,0.00037712954417007307,37265728.99593024,0.0,0.0,0.0,0.0,0.0,21515378.667347968,915684787530.6552,-447.63151618952924,1162.3428840394722,523.4634486069629,1144.871717709879,-217.74992625317108,-366.775810849933,-207.10873863984384,-11.921724492669648,665.8304021761486,1521.9471741359555,0.0001579110538155844
1815,2.6909223334185973e-07,1.5e-10,0.00037746849396251943,37286513.60562107,0.0,0.0,0.0,0.0,0.0,21527378.667347968,915902615085.3401,-450.6347931323951,1170.7201432145523,507.11632784529115,1147.29577499474,-188.40614718262182,-351.3516366715191,-208.01456006489857,2.0267139339364895,639.4854229091492,1514.3434181836672,0.00015813820532831194
1816,2.6924223334185974e-07,1.5e-10,0.0003778043403501743,37307298.21531189,0.0,0.0,0.0,0.0,0.0,21539378.667347968,916072604438.3589,-404.6334562171551,1164.169393012813,496.21692309485655,1127.085543202536,-209.00442546237616,-351.2572652243589,-216.42730126114944,-4.4161014531886025,614.074181890157,1485.8926978099869,0.00015836108923298343
1817,2.6939223334185975e-07,1.5e-10,0.0003781410825145896,37328082.82500272,0.0,0.0,0.0,0.0,0.0,21551378.667347968,915973836838.6145,-409.29551749125676,1171.0655446854814,507.0373356115628,1128.6537805262476,-206.46027647831744,-363.68550337963404,-212.50774949772293,1.1322077459963258,616.1852911906423,1492.9353081526742,0.00015858502952920632
1818,2.6954223334185976e-07,1.5e-10,0.0003784792208105314,37348867.434693545,0.0,0.0,0.0,0.0,0.0,21563378.667347968,916376169145.3032,-407.7233686712984,1180.2372631167093,523.6393832070898,1134.0192756692381,-212.25645265337593,-372.01937057432957,-215.58322837372182,-3.0926146535641617,620.4051350775867,1503.7484586497455,0.00015881059179800378
1819,2.6969223334185977e-07,1.5e-10,0.0003788169415463481,37369652.044384375,0.0,0.0,0.0,0.0,0.0,21575378.667347968,916450394005.7618,-430.0161826199564,1182.0278822907248,513.559056453004,1117.7697623023885,-232.07482613185192,-376.60607375200146,-207.14702458851792,-26.86279781154403,662.5220241237016,1516.7026536804972,0.00015903809719605585
1820,2.698422333418598e-07,1.5e-10,0.0003791550383909226,37390436.654075205,0.0,0.0,0.0,0.0,0.0,21587378.667347968,916816011117.5729,-415.1221935419949,1172.5753229731845,526.4639605806091,1140.1313454465767,-200.64242723074435,-377.70409756172137,-210.9801815963812,-5.944051001852932,615.7474061957114,1503.1949780026848,0.00015926357644275625
1821,2.699922333418598e-07,1.5e-10,0.0003794894966724123,37411221.26376603,0.0,0.0,0.0,0.0,0.0,21599378.667347968,917210298023.501,-395.49385681518874,1157.498721861951,513.6714108685613,1116.1299693840592,-213.99693713164305,-390.6387112413309,-211.8669762735206,-2.8934568664261087,609.4661215395547,1479.0378602437643,0.0001594854321217928
1822,2.701422333418598e-07,1.5e-10,0.00037982498038025567,37432005.87345686,0.0,0.0,0.0,0.0,0.0,21611378.667347968,917506769367.8591,-418.40312100276174,1168.7201905218703,523.5439905909974,1113.965653906126,-195.5300389207908,-381.39143062225276,-219.35900387887895,1.458673008690969,613.9482906004095,1486.380773717782,0.00015970838923785047
1823,2.702922333418598e-07,1.5e-10,0.0003801635751247848,37452790.48314768,0.0,0.0,0.0,0.0,0.0,21623378.667347968,917317701752.2288,-384.80678725685453,1193.055470436686,531.3386872946768,1125.7359583669627,-214.5113952413347,-393.79073083977755,-220.99473456967988,-4.029974503146864,635.823813134682,1508.6522705159384,0.00015993468707842787
1824,2.7044223334185983e-07,1.5e-10,0.00038050395541775394,37473575.0928385,0.0,0.0,0.0,0.0,0.0,21635378.667347968,917252046297.162,-406.7727433628224,1201.8998627681162,538.291731949759,1136.9406606455864,-204.48006817689898,-405.827067447414,-198.8467590457221,3.968815026053878,608.7237913532216,1516.8530551769593,0.00016016221503670441
1825,2.7059223334185984e-07,1.5e-10,0.0003808448053162502,37494359.70252933,0.0,0.0,0.0,0.0,0.0,21647378.667347968,916943889873.6783,-403.4972168353721,1194.2475216226107,563.4709200674953,1148.142035778537,-218.1351294417597,-411.50964364782783,-225.21120262638757,-0.2533371938188031,621.7906552723414,1523.6787000333356,0.0001603907668417094
1826,2.7074223334185985e-07,1.5e-10,0.000381185759423834,37515144.31222016,0.0,0.0,0.0,0.0,0.0,21659378.667347968,917257032592.3035,-420.3084572895232,1198.122884727839,563.7090617740953,1136.4541852539319,-245.6325101088106,-416.6767558437532,-218.37886449801888,1.073609148925044,665.9890248617079,1538.75499863076,0.00016062158009150403
1827,2.7089223334185986e-07,1.5e-10,0.0003815263414415156,37535928.92191099,0.0,0.0,0.0,0.0,0.0,21671378.667347968,917371668955.839,-396.1939490999464,1206.0663767475064,574.580028941848,1134.1267300157817,-214.2114374257655,-396.81931011447386,-205.04826127018438,-1.9473535327155362,610.4284170448364,1519.1039498581438,0.00016084944568398274
1828,2.710422333418599e-07,1.5e-10,0.0003818693714579797,37556713.53160182,0.0,0.0,0.0,0.0,0.0,21683378.667347968,917423529456.792,-389.25694951771806,1217.385936874345,577.1316460209499,1148.6967446386511,-242.5944837593924,-418.20796457353197,-227.1587725716413,-15.084202930950342,632.0044089290919,1541.446899154071,0.00016108066271885584
1829,2.711922333418599e-07,1.5e-10,0.0003822112592949483,37577498.14129264,0.0,0.0,0.0,0.0,0.0,21695378.667347968,917637779779.4247,-395.134347235126,1216.7137195205637,549.3498088180651,1139.0340691705114,-227.88868455721482,-414.0064836554846,-235.887625595898,-9.595031051199303,623.0503764249645,1529.6793542493328,0.00016131011462199322
1830,2.713422333418599e-07,1.5e-10,0.00038255328541576263,37598282.75098347,0.0,0.0,0.0,0.0,0.0,21707378.667347968,917753808665.7938,-372.6253527725086,1218.2848754613697,547.6990678850538,1140.9240948833929,-254.55588315004354,-425.54779643333603,-230.77860715407436,17.967903132976137,628.8606995736661,1530.8663315145768,0.0001615397445717204
1831,2.714922333418599e-07,1.5e-10,0.0003829031588738099,37619067.36067429,0.0,0.0,0.0,0.0,0.0,21719378.667347968,917856329384.6736,-396.9140070105287,1264.6912513803106,590.0512473099658,1175.7627778680844,-246.4293293766456,-399.08424135085744,-201.97691475663967,9.874153980502292,658.1058987362956,1587.5185125588978,0.00016177787234860423
1832,2.716422333418599e-07,1.5e-10,0.00038324945480064756,37639851.97036512,0.0,0.0,0.0,0.0,0.0,21731378.667347968,917231052984.7477,-381.6670677520171,1259.8672973511916,561.106729869546,1148.1079134108275,-239.64257401772625,-402.7146054088291,-225.77619723381014,-2.1269597994359115,621.4095547767981,1554.9045171108053,0.00016201110802617084
1833,2.7179223334185993e-07,1.5e-10,0.0003835943268155921,37660636.580055945,0.0,0.0,0.0,0.0,0.0,21743378.667347968,917343132646.6951,-377.1117131586818,1248.386994313351,567.3773639580967,1144.7989270778623,-231.23717796384383,-417.31755086986635,-221.83325950185784,14.446246385579744,608.4215496281607,1542.807634141797,0.00016224252917129212
1834,2.7194223334185994e-07,1.5e-10,0.00038393695927274737,37681421.189746775,0.0,0.0,0.0,0.0,0.0,21755378.667347968,917548270435.7294,-341.7959887597778,1231.0418342993028,581.9237596674939,1144.147262442833,-216.96725720969516,-433.3976229369113,-196.0256540895336,9.573377247497524,558.8335555885071,1519.0409306945078,0.0001624703853108963
1835,2.7209223334185995e-07,1.5e-10,0.00038428047067640803,37702205.7994376,0.0,0.0,0.0,0.0,0.0,21767378.667347968,917543659806.7671,-381.41115591864855,1229.3849502511982,580.5293308181341,1143.735305046347,-242.73776107345603,-427.1359631516708,-218.51284555842633,18.312723064867896,624.2103888837432,1540.3421182256282,0.00016270143662863013
1836,2.7224223334185996e-07,1.5e-10,0.00038462494820008927,37722990.40912843,0.0,0.0,0.0,0.0,0.0,21779378.667347968,917683892246.1498,-365.7330173540666,1234.8880507910003,551.2130507470416,1156.9052798664252,-244.9216691221728,-385.00655224575644,-225.91524410297384,23.856558446210965,610.823313746625,1537.3817663824873,0.0001629320438935875
1837,2.7239223334186e-07,1.5e-10,0.00038497114351077944,37743775.01881925,0.0,0.0,0.0,0.0,0.0,21791378.667347968,917767271425.4888,-357.22744036651517,1240.4557513248712,583.1795975942024,1168.2768047314946,-263.5234702191101,-423.58604107593345,-254.26082443685175,0.5145262385749497,620.7779864145373,1554.9932836356552,0.00016316529288613285
1838,2.7254223334186e-07,1.5e-10,0.000385318803435531,37764559.62851008,0.0,0.0,0.0,0.0,0.0,21803378.667347968,917901443882.958,-357.07375472533215,1238.7176328491032,580.8695296375337,1189.5144488993171,-251.7977301954156,-394.16918376848963,-240.27138501898975,9.278519288215819,608.9303111000864,1558.188984750913,0.0001633990212338455
1839,2.7269223334186e-07,1.5e-10,0.00038566447586790896,37785344.23820091,0.0,0.0,0.0,0.0,0.0,21815378.667347968,917774910003.2245,-360.8646076968247,1235.8605922265665,580.3312772447644,1173.740669011452,-216.95797768769523,-373.19644364569854,-236.04032236382636,3.1396013907624023,577.6209171535896,1536.6127762582344,0.00016362951315028422
1840,2.7284223334186e-07,1.5e-10,0.00038600302316045397,37806128.84789173,0.0,0.0,0.0,0.0,0.0,21827378.667347968,917859838868.2091,-339.97822783874636,1196.3928664043708,589.4366126989753,1140.1820165826966,-196.4342949120558,-363.5672498384337,-265.0719569242548,9.152706736881473,536.4457550340534,1480.348566331121,0.00016385156543523389
1841,2.7299223334186e-07,1.5e-10,0.00038634841343346125,37826913.457582556,0.0,0.0,0.0,0.0,0.0,21839378.667347968,918189499248.4833,-368.72586583390944,1233.1234664791455,591.6115453682003,1167.0564506382502,-257.74584091357116,-368.06860105712155,-278.4457562722545,12.829526979216832,626.4838684102131,1546.488353850787,0.0001640835386883115
1842,2.7314223334186003e-07,1.5e-10,0.0003866948847516771,37847698.067273386,0.0,0.0,0.0,0.0,0.0,21851378.667347968,918406215538.6171,-370.4674316892091,1249.0654414957519,592.1644051085709,1164.631330996186,-242.81103656046398,-366.09392840034656,-262.8629325334462,13.594121854212322,613.2997426675456,1549.5491243736344,0.00016431597105696753
1843,2.7329223334186004e-07,1.5e-10,0.00038704393500951144,37868482.67696421,0.0,0.0,0.0,0.0,0.0,21863378.667347968,918786160082.8378,-380.698174801642,1248.0694113374684,614.408131726973,1186.572001665018,-259.9276705175482,-393.63072085677413,-237.48737684361188,11.720114207177986,640.655384932489,1577.0509830822423,0.00016455252870442987
1844,2.7344223334186005e-07,1.5e-10,0.00038739323825950103,37889267.28665504,0.0,0.0,0.0,0.0,0.0,21875378.667347968,919002129472.2831,-360.552118105545,1269.2156343426864,589.1420447300898,1178.1540578776492,-267.1347349198495,-335.48942627394604,-272.48300691974674,17.176960256677347,627.727079564978,1568.652749806679,0.00016478782661690086
1845,2.7359223334186007e-07,1.5e-10,0.00038773657008990726,37910051.89634586,0.0,0.0,0.0,0.0,0.0,21887378.667347968,919296009190.494,-340.9175625110042,1225.031969486419,630.5860275289767,1157.9036176982147,-235.79187634375523,-377.2735661169796,-259.82389461310083,18.144617041728505,576.7281484954265,1522.4646766815786,0.00016501619631840308
1846,2.737422333418601e-07,1.5e-10,0.00038808258475885764,37930836.50603669,0.0,0.0,0.0,0.0,0.0,21899378.667347968,919588731075.3247,-407.6146586200537,1230.8506137786567,617.2485283086181,1170.4494232034256,-223.45583919475112,-350.5270848503775,-281.4832525148855,9.298020977058515,631.0806319423014,1551.7847181101495,0.0001652489640261196
1847,2.738922333418601e-07,1.5e-10,0.0003884271115960445,37951621.11572752,0.0,0.0,0.0,0.0,0.0,21911378.667347968,919636681634.8489,-369.4587209688134,1226.0642125100217,633.9426195689641,1164.5939542831547,-234.40824498029195,-353.80620073120576,-277.9604519637765,3.620977808991616,603.7339816108433,1535.8475238114784,0.0001654793411546913
1848,2.740422333418601e-07,1.5e-10,0.0003887755073863714,37972405.725418344,0.0,0.0,0.0,0.0,0.0,21923378.667347968,920012487620.9386,-397.7230589278587,1249.706770267264,633.5386401010671,1177.3891890436043,-230.76505846860317,-367.7206220357858,-264.1898814379477,-10.458364248464036,628.4980015232937,1568.7706875511967,0.00016571465675782398
1849,2.741922333418601e-07,1.5e-10,0.0003891161259351836,37993190.335109174,0.0,0.0,0.0,0.0,0.0,21935378.667347968,920385456423.36,-355.1787942477027,1206.6638387084101,621.4130011359155,1145.009472169354,-201.13021233683455,-366.425580254172,-291.61554197770874,-2.7995330389417648,576.7725859167107,1502.6648348377882,0.00016594005648304966
1850,2.743422333418601e-07,1.5e-10,0.0003894669741406159,38013974.9448,0.0,0.0,0.0,0.0,0.0,21947378.667347968,920527486046.9529,-381.98829950967644,1255.501369749813,640.5579981588003,1204.8341100509715,-220.87194298365085,-359.5737017953497,-249.18562716887777,-7.306705209477929,602.8367020243403,1576.6258666235478,0.0001661765503630432
1851,2.7449223334186013e-07,1.5e-10,0.0003898107302855264,38034759.55449083,0.0,0.0,0.0,0.0,0.0,21959378.667347968,920848870454.0521,-370.8509554772505,1233.898466991477,624.653169933555,1154.0365833114663,-195.2789162959355,-353.5465731806389,-283.87315886468167,5.822803893197763,566.1228459569347,1520.0433509412217,0.00016640455686568438
1852,2.7464223334186015e-07,1.5e-10,0.00039016266758952467,38055544.16418165,0.0,0.0,0.0,0.0,0.0,21971378.667347968,921030918735.2256,-379.4137677844929,1276.6207922302322,632.0399986064388,1198.199332026006,-223.9544010410554,-338.0034408944297,-256.3327267694559,-5.692787050691349,603.3574126408938,1581.1724336997686,0.00016664173273073934
1853,2.7479223334186016e-07,1.5e-10,0.0003905144002154997,38076328.77387247,0.0,0.0,0.0,0.0,0.0,21983378.667347968,920868397165.7744,-377.44062636651915,1278.3300371508742,642.1679515001805,1192.2536930772171,-227.94727516315825,-365.45605552305324,-263.51879827088345,-16.893102279197866,605.9316372997733,1582.877032422838,0.00016687916428560277
1854,2.7494223334186017e-07,1.5e-10,0.0003908684017594868,38097113.3835633,0.0,0.0,0.0,0.0,0.0,21995378.667347968,921091927844.2781,-405.6888046045693,1269.2298037940716,635.018907177069,1217.6592536471842,-244.7566005545002,-372.40174575006426,-251.2221867460085,-4.647548875829919,650.6515638063348,1609.3224859727768,0.0001671205626584987
1855,2.750922333418602e-07,1.5e-10,0.00039121385001516173,38117897.99325413,0.0,0.0,0.0,0.0,0.0,22007378.667347968,920874484307.5306,-343.1599022666744,1229.1872198488888,625.453760510963,1179.419998322052,-226.7111867377662,-355.0223242418065,-265.5918878717663,5.6775868803938385,569.8322225779566,1531.9553876809825,0.00016735035596665082
1856,2.752422333418602e-07,1.5e-10,0.0003915675088911617,38138682.602944955,0.0,0.0,0.0,0.0,0.0,22019378.667347968,920862639651.8468,-423.77631830902436,1257.2658876777452,641.25278089079,1225.5281665088123,-222.3131837169958,-408.7432527896622,-302.15204431253864,-1.682599530223747,646.125988896063,1606.3085664120545,0.00016759130225161263
1857,2.753922333418602e-07,1.5e-10,0.00039192105902269433,38159467.212635785,0.0,0.0,0.0,0.0,0.0,22031378.667347968,920388542727.8685,-402.36964698403335,1265.477964278748,637.2027795395637,1229.2954168933418,-214.20885169674685,-360.7136739375273,-286.15610551392143,25.625526552998306,585.3775441128635,1587.4843123097507,0.0001678294248984591
1858,2.755422333418602e-07,1.5e-10,0.0003922708652299236,38180251.82232661,0.0,0.0,0.0,0.0,0.0,22043378.667347968,920481554336.8645,-344.35512125308446,1247.5447223444135,666.7097865421035,1210.3034038076664,-225.78768639633026,-400.77235635614,-315.452797611898,4.868546835154343,570.1624337150802,1561.0285251779253,0.00016806357917723577
1859,2.756922333418602e-07,1.5e-10,0.00039262326883565316,38201036.43201744,0.0,0.0,0.0,0.0,0.0,22055378.667347968,920892569437.1599,-390.21570697802287,1255.2873934684576,654.6763405908733,1221.208071912485,-226.9172224978188,-395.5148059487631,-306.2560259932275,13.37692227461216,617.1222754005804,1588.4641556215865,0.00016830184880057902
1860,2.7584223334186024e-07,1.5e-10,0.00039297435178216723,38221821.04170826,0.0,0.0,0.0,0.0,0.0,22067378.667347968,921306878124.2957,-361.96102109631704,1255.2292953488582,652.0549431554078,1207.937880924075,-257.9725712809956,-395.00455859891264,-301.76092559735525,4.542074351804125,619.8616661572894,1581.7656395734036,0.00016853911364651502
1861,2.7599223334186025e-07,1.5e-10,0.0003933260347890503,38242605.65139909,0.0,0.0,0.0,0.0,0.0,22079378.667347968,921714502657.6465,-380.90126047969534,1263.3552005325243,666.6244592800226,1202.713108020502,-243.1371678292726,-408.5957377970205,-301.19199559021797,5.379760523271789,623.8880591745675,1587.9223782758972,0.00016877730200325641
1862,2.7614223334186026e-07,1.5e-10,0.0003936749498922537,38263390.26108991,0.0,0.0,0.0,0.0,0.0,22091378.667347968,922136657950.866,-341.7393396814107,1259.3281942227825,659.919776616643,1183.3756609402494,-254.07964036914402,-373.17134290454715,-274.47264092248327,12.286250552477153,595.6447535300545,1561.8236662112756,0.00016901157555318812
1863,2.7629223334186027e-07,1.5e-10,0.0003940257566284362,38284174.87078074,0.0,0.0,0.0,0.0,0.0,22103378.667347968,922577636614.579,-368.2308235065399,1273.100155456135,649.9909710365068,1188.0373324398417,-237.32409634620382,-383.72990311902873,-296.846685793106,-5.873249905929077,605.3425446650253,1575.9031021725002,0.00016924796101851398
1864,2.764422333418603e-07,1.5e-10,0.0003943706170657665,38304959.48047157,0.0,0.0,0.0,0.0,0.0,22115378.667347968,923035961942.196,-350.61450245052595,1243.6088246634329,669.2420677534633,1157.2278994706498,-202.09079053931453,-373.618892632021,-291.35231091739735,-4.777801691969663,552.4598663344868,1526.2118621243606,0.00016947689279783263
1865,2.765922333418603e-07,1.5e-10,0.00039472096291990103,38325744.0901624,0.0,0.0,0.0,0.0,0.0,22127378.667347968,923324164253.1752,-406.9094005950438,1269.9051065087772,649.3227170509465,1180.9086534675293,-202.97164091948915,-386.1991372653803,-309.3184687196529,-22.644199922719903,609.6363063638514,1575.4472588262977,0.00016971320988665658
1866,2.767422333418603e-07,1.5e-10,0.00039507099564937027,38346528.69985322,0.0,0.0,0.0,0.0,0.0,22139378.667347968,923678314031.7576,-377.5818677301758,1280.82121307636,633.8719623506063,1173.5476929401545,-216.90179858116625,-365.0364558782431,-318.2171990871192,-35.24464620181077,594.2337494867138,1567.2955506503165,0.00016994830421925412
1867,2.768922333418603e-07,1.5e-10,0.00039542564129652557,38367313.30954405,0.0,0.0,0.0,0.0,0.0,22151378.667347968,924085037665.985,-378.84034380135006,1306.6685530080433,635.7003096505362,1194.6741092226132,-254.56073401224674,-369.5129672940463,-317.1273316176964,-39.80914220744096,633.1484082956362,1606.6678360501237,0.00017018930439466164
1868,2.770422333418603e-07,1.5e-10,0.0003957770391984744,38388097.91923488,0.0,0.0,0.0,0.0,0.0,22163378.667347968,924466150194.6921,-366.4933821818902,1309.4212510757454,651.6673233104822,1165.5652027792942,-200.7196672667892,-350.78479375714943,-316.68263492368305,-37.36095604465179,566.9605509318927,1568.4950230455904,0.00017042457864811848
1869,2.7719223334186034e-07,1.5e-10,0.00039612678776940164,38408882.5289257,0.0,0.0,0.0,0.0,0.0,22175378.667347968,924844406461.5099,-356.7815886929371,1301.3994496176545,669.9978407540046,1155.0789392326228,-208.12315580889123,-351.673740977328,-324.68407200046124,-36.210486990518454,564.6277592922427,1558.076545107291,0.00017065829012988457
1870,2.7734223334186035e-07,1.5e-10,0.00039647545653325166,38429667.138616525,0.0,0.0,0.0,0.0,0.0,22187378.667347968,925045503746.7865,-360.5959305031752,1285.3465516894419,659.6036812088163,1158.9998083079106,-205.49570059124648,-369.53463183348066,-342.66042563077104,-31.65638808419054,565.8107500655393,1551.45478129879,0.0001708910083470794
1871,2.7749223334186036e-07,1.5e-10,0.0003968267668276125,38450451.748307355,0.0,0.0,0.0,0.0,0.0,22199378.667347968,925020688618.9027,-358.74800396915373,1301.4893461288898,666.1865177205185,1170.7433957263072,-223.37111386141797,-371.58435746870526,-335.3341234080289,-22.335211211374723,581.8438573314621,1571.7129489466863,0.0001711267652894214
1872,2.7764223334186037e-07,1.5e-10,0.0003971781278419364,38471236.35799818,0.0,0.0,0.0,0.0,0.0,22211378.667347968,925427060654.9817,-354.5651384389232,1311.4223757030445,672.7308833200626,1162.5422606481525,-225.68340684077455,-383.2100042252385,-343.7219793358081,-0.9575225181343561,579.9916054312841,1570.8184670421351,0.00017136238805947772
1873,2.777922333418604e-07,1.5e-10,0.00039752364855833025,38492020.96768901,0.0,0.0,0.0,0.0,0.0,22223378.667347968,925603305860.4794,-338.68981309751797,1299.1891471514007,683.6928348062308,1123.0575338344127,-157.20305560255179,-388.58917532697217,-364.0756768600418,26.66491471474096,495.571201488931,1513.3243861869232,0.00017158938671740575
1874,2.779422333418604e-07,1.5e-10,0.0003978750190091576,38512805.57737984,0.0,0.0,0.0,0.0,0.0,22235378.667347968,925790749336.5226,-336.3551364416664,1312.45869049684,701.5133110554543,1166.6218293321406,-227.45132274648373,-398.65362976485955,-368.1863352274302,35.66430953888011,563.4406181992588,1565.6070992580337,0.00017182422778229446
1875,2.780922333418604e-07,1.5e-10,0.00039822509228519244,38533590.18707066,0.0,0.0,0.0,0.0,0.0,22247378.667347968,925932846423.8156,-303.7745882169577,1299.4130952992305,686.8550601691323,1167.3290334719884,-246.55167958370924,-448.2368966976945,-355.0906116605592,10.018942795920118,550.0346703260033,1559.7146206593852,0.00017205818497539337
1876,2.782422333418604e-07,1.5e-10,0.0003985806561320111,38554374.79676149,0.0,0.0,0.0,0.0,0.0,22259378.667347968,926252568621.4965,-332.45596765564744,1324.379353826384,730.2075300899835,1191.6635458609474,-272.13631302678476,-459.38981556815736,-352.29270603118084,13.16159138692019,604.3497838682126,1609.5608846809548,0.00017229961910809552
1877,2.7839223334186043e-07,1.5e-10,0.00039893388664701777,38575159.40645231,0.0,0.0,0.0,0.0,0.0,22271378.667347968,926585077692.3472,-382.3050015727499,1305.3736895191896,734.6405159488132,1181.0676982712532,-214.2649806836757,-450.4931029212975,-380.24041229882647,15.01024284810181,596.3412759051832,1590.9132133094913,0.00017253825609009194
1878,2.7854223334186044e-07,1.5e-10,0.0003992901189356612,38595944.01614314,0.0,0.0,0.0,0.0,0.0,22283378.667347968,926763130762.3577,-386.55043422960296,1309.29678529768,738.0269037696482,1207.7482004123365,-235.77642836410365,-437.66937802867676,-382.54895066705336,9.892452543864257,622.1226740969412,1615.4431694542009,0.00017278057256551007
1879,2.7869223334186045e-07,1.5e-10,0.000399640861087465,38616728.625833966,0.0,0.0,0.0,0.0,0.0,22295378.667347968,927090422375.4231,-369.723181635742,1265.368725416984,736.6293535439471,1192.1556928297296,-235.92216789511096,-482.81826510733225,-406.52048675535707,21.880581570225754,605.4474910184011,1578.89243963009,0.00017301740643145457
1880,2.7884223334186046e-07,1.5e-10,0.0003999878597874536,38637513.235524796,0.0,0.0,0.0,0.0,0.0,22307378.667347968,927578948506.5353,-331.7116574931358,1249.5176256851257,728.6758393391985,1172.4709556302255,-253.88934967188248,-467.1473880450437,-403.4961967675771,24.76660755060959,585.3838037039751,1549.3874584687755,0.0001732498145502249
1881,2.7899223334186047e-07,1.5e-10,0.00040034046130287096,38658297.84521562,0.0,0.0,0.0,0.0,0.0,22319378.667347968,927875398248.216,-395.55651034400006,1263.9698155882948,735.089013755518,1205.4356546636166,-258.6877767510121,-469.2202838459884,-399.21558375805427,41.96087151114327,654.066901775946,1601.6346445997415,0.00017349005974691485
1882,2.791422333418605e-07,1.5e-10,0.0004006914514641705,38679082.45490644,0.0,0.0,0.0,0.0,0.0,22331378.667347968,928429577667.589,-381.38790862441687,1255.1766086941404,721.0649195495537,1198.5573450307527,-267.36182412829777,-477.2972799411417,-413.3642428206354,29.65304096422675,648.5671954277282,1590.7055420445006,0.00017372866557822153
1883,2.792922333418605e-07,1.5e-10,0.00040104195377478163,38699867.06459727,0.0,0.0,0.0,0.0,0.0,22343378.667347968,929001340442.6346,-379.17862557729245,1243.3109302472167,727.9174528342069,1206.9961799894793,-251.3758834715737,-489.5804757975945,-405.0742164076577,43.98483705219901,630.3697894204179,1582.766863823315,0.00017396608060779502
1884,2.794422333418605e-07,1.5e-10,0.0004013948619824658,38720651.6742881,0.0,0.0,0.0,0.0,0.0,22355378.667347968,929594585231.6583,-354.6251978601274,1255.3356429005419,756.5173071387701,1219.3212254015234,-288.45979208886376,-509.49639721637374,-385.9101843597374,26.11853504681136,642.901181970483,1606.1870415885996,0.0001742070086640333
1885,2.795922333418605e-07,1.5e-10,0.00040174285961036777,38741436.283978924,0.0,0.0,0.0,0.0,0.0,22367378.667347968,930137194540.8798,-388.41568112073634,1219.9919261117539,751.642216981896,1203.8471327726697,-219.80193144868156,-491.2726056604699,-423.67365643932783,62.49612258907565,608.0316673554214,1560.3602906962765,0.00017444106270763775
1886,2.7974223334186053e-07,1.5e-10,0.00040209271715659534,38762220.893669754,0.0,0.0,0.0,0.0,0.0,22379378.667347968,930733771500.5043,-381.0085976929289,1231.8254924243033,764.8714970459644,1208.9771561202672,-254.44320467857443,-485.0344014553074,-419.95779914877994,55.21311290650699,635.2670448922482,1579.8919368876027,0.0001746780464981709
1887,2.7989223334186054e-07,1.5e-10,0.00040244376799389206,38783005.50336058,0.0,0.0,0.0,0.0,0.0,22391378.667347968,931253945740.5702,-356.0163826740082,1234.3018562516659,762.2891004935387,1225.070383584842,-262.9544977778567,-485.7358246225075,-405.23850903386835,58.352994871024194,618.7543623854331,1582.8405277976588,0.00017491547257734056
1888,2.8004223334186055e-07,1.5e-10,0.00040279468969539096,38803790.11305141,0.0,0.0,0.0,0.0,0.0,22403378.667347968,931679176138.6505,-363.079799219362,1237.7502155594655,776.9574769951481,1217.645517038523,-263.84115247131587,-474.3509522044747,-405.93520100522284,59.848769405050284,626.7515891825938,1583.9771768399512,0.00017515306915386655
1889,2.8019223334186056e-07,1.5e-10,0.00040314673533880374,38824574.72274223,0.0,0.0,0.0,0.0,0.0,22415378.667347968,932126690672.5845,-367.8087598562705,1234.7029492299307,791.2921282156572,1231.4680514909808,-265.36975058173294,-493.29198021967323,-423.2890786657993,55.30269302223458,633.0070826224824,1593.953677178918,0.00017539216220544338
1890,2.8034223334186057e-07,1.5e-10,0.000403499109154497,38845359.33243306,0.0,0.0,0.0,0.0,0.0,22427378.667347968,932801955876.4735,-363.36116103573,1237.4450700854302,791.6032305754992,1233.763500443591,-269.2291109554873,-475.2544732412438,-426.5523912690406,51.99078880050479,632.4460309642169,1594.6047911771957,0.00017563135292411995
1891,2.804922333418606e-07,1.5e-10,0.0004038555521387719,38866143.94212388,0.0,0.0,0.0,0.0,0.0,22439378.667347968,933435461855.5712,-399.09026126307555,1254.3991889710333,807.1110238562155,1250.320158439907,-289.0815226112919,-488.8367004707304,-438.70296680192104,44.43655722484131,688.0434878533781,1637.0018328405176,0.00017587690319904604
1892,2.806422333418606e-07,1.5e-10,0.00040420935897847877,38886928.551814705,0.0,0.0,0.0,0.0,0.0,22451378.667347968,934111990446.3151,-360.5754399400247,1242.6420727844675,804.1243601133045,1239.0464936316812,-303.94795024013786,-476.98242182257735,-444.0799769974211,17.896257404735632,664.3693591664548,1615.2132474628606,0.00017611918518616547
1893,2.807922333418606e-07,1.5e-10,0.000404564966539549,38907713.161505535,0.0,0.0,0.0,0.0,0.0,22463378.667347968,934649902243.3221,-371.9027605557404,1250.320643688043,831.6990886912179,1254.148888701356,-269.20335872941513,-470.3069014957624,-445.5121291658194,30.29112069264075,640.9646468908579,1618.4722708136655,0.00017636195602678753
1894,2.809422333418606e-07,1.5e-10,0.0004049239336683166,38928497.771196365,0.0,0.0,0.0,0.0,0.0,22475378.667347968,935228433527.8483,-375.34685205737867,1272.0290042169415,840.2501561519693,1271.66891688909,-263.8030897715513,-466.4130040206241,-458.03524301899597,23.789748711074594,639.0265144174688,1638.0951469214779,0.00017660767029882576
1895,2.8109223334186063e-07,1.5e-10,0.0004052814457599867,38949282.38088719,0.0,0.0,0.0,0.0,0.0,22487378.667347968,935801412066.1108,-399.9886655753046,1261.625885583469,867.7152105980134,1256.4868349605947,-271.18000616004525,-468.9280053962658,-459.68203800149575,49.91118412009275,671.049124619582,1638.1524910481885,0.000176853393172483
1896,2.8124223334186064e-07,1.5e-10,0.0004056394859182175,38970066.99057802,0.0,0.0,0.0,0.0,0.0,22499378.667347968,936340680886.9143,-386.310941720923,1254.535593304054,856.6119342141669,1277.2110603454908,-253.4003909305123,-473.9079777724961,-475.69347908063963,38.04277934438906,639.581862313701,1631.9563086229937,0.00017709818661877644
1897,2.8139223334186065e-07,1.5e-10,0.0004060002851208365,38990851.60026884,0.0,0.0,0.0,0.0,0.0,22511378.667347968,936793617253.4962,-427.61408367764494,1268.3583268225295,865.3905762409278,1279.9428886400433,-265.08790854093223,-477.8653431843216,-465.15026145346826,5.454621444050399,691.6983981367384,1667.3679297945778,0.00017734829180824561
1898,2.8154223334186066e-07,1.5e-10,0.000406356082479151,39011636.20995967,0.0,0.0,0.0,0.0,0.0,22523378.667347968,937283179318.986,-350.0437288875291,1247.6238464419553,870.9550751012696,1262.2837481641134,-292.7939877330801,-466.5369537941296,-495.70439874050265,48.80873148813243,641.220375814805,1618.0019648498344,0.00017759099210297308
1899,2.816922333418607e-07,1.5e-10,0.0004067166803703374,39032420.81965049,0.0,0.0,0.0,0.0,0.0,22535378.667347968,937919734286.1732,-367.1729451830404,1269.10454746465,881.183561312424,1292.200254768289,-277.861801217539,-470.72245615097575,-495.94410200877616,12.965668563487679,645.1592494349246,1650.7311739844108,0.00017783860177907073
1900,2.818422333418607e-07,1.5e-10,0.00040707495454522276,39053205.42934132,0.0,0.0,0.0,0.0,0.0,22547378.667347968,938213011451.7037,-347.56163225849235,1256.1142230086707,921.4059340718837,1282.4774741000842,-283.459091080685,-451.36551568632444,-505.75222550404834,42.38151502474443,631.0973288629308,1631.2927071229592,0.00017808329568513918
1901,2.819922333418607e-07,1.5e-10,0.00040743935150667934,39073990.039032154,0.0,0.0,0.0,0.0,0.0,22559378.667347968,938687621347.537,-368.52263235493393,1291.2525531269193,916.6701209227824,1313.784799838783,-277.87871927677435,-458.8076174049497,-511.451546466379,28.273961615898926,646.3641618581756,1673.0615866365852,0.00017833425492313468
1902,2.821422333418607e-07,1.5e-10,0.0004078050878894388,39094774.64872298,0.0,0.0,0.0,0.0,0.0,22571378.667347968,939296466562.119,-365.9353143962598,1303.911242707481,899.2974747399239,1316.7408074803216,-285.97095412899114,-461.1131783013919,-507.80600051207676,33.19968738965484,653.2210497440028,1682.1577670523534,0.00017858657858819252
1903,2.822922333418607e-07,1.5e-10,0.0004081704462147211,39115559.2584138,0.0,0.0,0.0,0.0,0.0,22583378.667347968,939675499321.0901,-374.21567326353687,1304.2835184678504,945.7891428656989,1298.5932834286716,-324.72753963956586,-483.38931493048705,-495.74591151387307,23.159880444508218,698.8946792453892,1698.7442346129162,0.00017884139022338445
1904,2.8244223334186073e-07,1.5e-10,0.00040853435368078133,39136343.86810463,0.0,0.0,0.0,0.0,0.0,22595378.667347968,940052584099.5667,-382.35803861455673,1280.9591477765011,898.4782920196537,1307.3313731921476,-322.1038774859938,-493.2697880864611,-511.0053141932804,48.421930210477285,704.4600227837205,1687.1769072140294,0.00017909446675946656
1905,2.8259223334186074e-07,1.5e-10,0.0004089051456359292,39157128.47779545,0.0,0.0,0.0,0.0,0.0,22607378.667347968,939971010140.6542,-389.38108033965676,1310.1409795934342,923.4212585513176,1351.52927113046,-325.0432475699682,-498.5807338714055,-467.0476481342978,41.4838345957089,714.2768263604062,1735.5716846413775,0.00017935480251216277
1906,2.8274223334186075e-07,1.5e-10,0.00040927853078034384,39177913.08748628,0.0,0.0,0.0,0.0,0.0,22619378.667347968,940200726105.0088,-378.3061378822503,1331.3083271036164,912.9004519133792,1361.0929473693768,-337.2906754345051,-495.1670637140817,-453.2374366857898,32.84910063655044,715.4387008704086,1752.2860065384352,0.00017961764541314353
1907,2.8289223334186076e-07,1.5e-10,0.0004096521740763873,39198697.69717711,0.0,0.0,0.0,0.0,0.0,22631378.667347968,940503792921.6191,-408.75277732130996,1339.3413351649115,893.1513410078505,1352.7178278375748,-310.9710770976479,-506.75032502645774,-448.18443914754846,39.66238704770954,719.5526252678835,1753.7032123709112,0.00017988070089499918
1908,2.830422333418608e-07,1.5e-10,0.00041002698960702737,39219482.306867935,0.0,0.0,0.0,0.0,0.0,22643378.667347968,940806311934.1385,-388.10817892897927,1345.3060332274101,901.2940300656454,1361.714378854845,-338.34147282576254,-478.9674029778196,-444.09350184235825,39.17194559551343,726.2679226761346,1762.1528396972562,0.00018014502382095377
1909,2.831922333418608e-07,1.5e-10,0.0004104003228557089,39240266.91655876,0.0,0.0,0.0,0.0,0.0,22655378.667347968,940473451216.4861,-422.08962294569676,1332.5035874245825,902.9299227100983,1351.70526299932,-321.60816688295006,-492.9337403363691,-466.62191191892606,50.75333021448088,743.5389275851072,1756.8673396462852,0.0001804085539219007
1910,2.833422333418608e-07,1.5e-10,0.00041077490835140433,39261051.52624959,0.0,0.0,0.0,0.0,0.0,22667378.667347968,940740505760.6458,-380.853650067187,1330.2810880924512,902.3521548050255,1379.5411703413147,-330.15953040199605,-455.8550530419914,-476.7805852789274,29.4324227226583,710.8479013240375,1753.5490875120995,0.00018067158628502753
1911,2.834922333418608e-07,1.5e-10,0.0004111445810266969,39281836.13594042,0.0,0.0,0.0,0.0,0.0,22679378.667347968,940822755800.944,-382.8252961923256,1310.1030902146485,896.8639745580872,1334.0085192696524,-371.580143458891,-479.0874561611549,-474.68221585390717,32.69016527965286,754.2846056736054,1739.346499469104,0.0001809324882599479
1912,2.836422333418608e-07,1.5e-10,0.00041151784994469814,39302620.74563124,0.0,0.0,0.0,0.0,0.0,22691378.667347968,940603242818.8821,-325.89900774640427,1341.2263788736184,904.7454508367646,1367.2065394677468,-339.38181900675596,-450.9434679570995,-466.297109638404,61.907315178640836,665.0744412141751,1732.6880214069051,0.00018119239146315895
1913,2.8379223334186083e-07,1.5e-10,0.0004118871663995755,39323405.35532207,0.0,0.0,0.0,0.0,0.0,22703378.667347968,940913512039.9125,-372.901459076552,1305.8385302426716,887.0065927647161,1342.68988300327,-341.7792458520008,-483.34484438973277,-474.1789384593676,49.56352089832539,714.481959887252,1722.9820765852542,0.00018145083877464674
1914,2.8394223334186084e-07,1.5e-10,0.0004122557986436683,39344189.96501289,0.0,0.0,0.0,0.0,0.0,22715378.667347968,941181306048.2441,-347.8125786973676,1320.3715346582994,884.3994295805511,1327.3260296853446,-334.3482857520826,-469.9073763151459,-455.31250113799734,38.20000335184837,681.888448323553,1710.3856957177372,0.0001817073966290044
1915,2.8409223334186085e-07,1.5e-10,0.0004126203733692284,39364974.57470372,0.0,0.0,0.0,0.0,0.0,22727378.667347968,941019159066.9304,-331.97872538800885,1307.868283030515,877.4764456017565,1306.5443909336434,-274.6668373332194,-445.103252715512,-411.30680956306156,60.97299444383697,606.389549833761,1664.0055967700025,0.0001819569974685199
1916,2.8424223334186087e-07,1.5e-10,0.00041298798286132756,39385759.184394546,0.0,0.0,0.0,0.0,0.0,22739378.667347968,941241714762.9304,-361.87810192138966,1332.616450803895,840.6902698824197,1304.5203469386574,-307.73844254463984,-451.218806893375,-414.1382440559605,39.06458863106004,669.34647290211,1698.3987597429298,0.00018221175728248135
1917,2.843922333418609e-07,1.5e-10,0.00041335176058641954,39406543.794085376,0.0,0.0,0.0,0.0,0.0,22751378.667347968,941494460861.9689,-308.58173421800797,1317.4885577626928,860.2610379741923,1285.0741775525644,-322.2271119194537,-449.78904273101864,-408.2729857066349,28.153939658034027,630.5253774105972,1668.1958968301717,0.00018246198666700588
1918,2.845422333418609e-07,1.5e-10,0.0004137169911489069,39427328.403776206,0.0,0.0,0.0,0.0,0.0,22763378.667347968,941408769195.1449,-355.68618447696457,1317.2558401205754,828.460284702327,1297.4129184136998,-290.8873177729995,-461.9339730919395,-405.89912033459217,67.55833046914286,646.3220551422874,1676.1367671768046,0.00018271340718208241
1919,2.846922333418609e-07,1.5e-10,0.0004140815254700912,39448113.01346703,0.0,0.0,0.0,0.0,0.0,22775378.667347968,941624837390.4521,-317.048602885089,1317.169137739504,867.109027533889,1294.8147297656035,-302.8551316792536,-475.55704896708136,-402.43691552719076,67.97080738208435,619.7946567242277,1669.059552350024,0.0001829637661149349
1920,2.848422333418609e-07,1.5e-10,0.0004144407328703428,39468897.62315785,0.0,0.0,0.0,0.0,0.0,22787378.667347968,941749634935.7291,-313.81409665134544,1286.26622951171,837.1806958512345,1263.2076967385697,-320.13793958304245,-471.2421076190629,-407.3707341246561,60.07910960226982,633.8856584851397,1639.0206573915827,0.00018320961921354365
1921,2.849922333418609e-07,1.5e-10,0.0004148045867302223,39489682.23284868,0.0,0.0,0.0,0.0,0.0,22799378.667347968,941722799726.2151,-314.58504110874804,1310.3332085147242,834.9414670915145,1299.4976518727246,-285.37018858405463,-479.2063702403602,-414.6121666178139,62.68785757385612,599.718911161269,1657.458580891643,0.0001834582380006774
1922,2.8514223334186093e-07,1.5e-10,0.0004151706258388337,39510466.842539504,0.0,0.0,0.0,0.0,0.0,22811378.667347968,941866792386.9915,-325.96648477608784,1331.5991945520184,831.6144642666129,1295.0963027506223,-305.3606575557286,-482.81669976721514,-400.8397545032735,54.14745123000527,637.0335434056598,1681.2173607608813,0.00018371042060479154
1923,2.8529223334186095e-07,1.5e-10,0.0004155358624699372,39531251.452230334,0.0,0.0,0.0,0.0,0.0,22823378.667347968,941696475122.1667,-325.6684111036202,1333.2658624903129,861.6669896506373,1283.649300879747,-305.1195719122622,-487.74482237681076,-400.0743850802692,71.92088307057811,630.5576061591443,1676.081121450671,0.00018396183277300914
1924,2.8544223334186096e-07,1.5e-10,0.0004159005781139812,39552036.061921164,0.0,0.0,0.0,0.0,0.0,22835378.667347968,941774109956.9666,-332.734958219526,1322.3667560907454,843.1846543273106,1290.3574731346307,-287.1493568872863,-498.4554844803019,-392.4321208462498,52.0141257865274,610.0369768565854,1669.275338642708,0.00018421222407380555
1925,2.8559223334186097e-07,1.5e-10,0.00041626467583802537,39572820.67161199,0.0,0.0,0.0,0.0,0.0,22847378.667347968,941761292254.231,-332.3457548182115,1309.003214547411,856.1158699114742,1294.179035261894,-287.45114734541716,-512.4061353273288,-399.6729138706548,54.18542273912726,619.715338591705,1668.2448008580543,0.00018446246079393427
1926,2.85742233341861e-07,1.5e-10,0.0004166289750486828,39593605.28130281,0.0,0.0,0.0,0.0,0.0,22859378.667347968,941986098225.7156,-340.86071696057144,1306.4451663894124,842.5160632037022,1290.2966252077563,-328.62389957331476,-514.9827403040839,-390.6986214101915,68.8933059663504,669.2324792299548,1682.290732934481,0.00018471480440387445
1927,2.85892233341861e-07,1.5e-10,0.00041699152820014586,39614389.89099364,0.0,0.0,0.0,0.0,0.0,22871378.667347968,942144384983.4604,-326.2473262140999,1298.191161280296,845.247411046516,1292.7690790974393,-278.11110609892205,-515.7792003215633,-424.3330580109727,71.45948886293502,604.1002059348406,1651.77724424493,0.0001849625709905112
1928,2.86042233341861e-07,1.5e-10,0.0004173558944263647,39635174.50068447,0.0,0.0,0.0,0.0,0.0,22883378.667347968,942180924933.9064,-341.39662368174885,1295.6742348481384,850.5550999285466,1306.2383897290938,-296.4433677455364,-505.56046268690085,-389.83647761247886,51.7613305984428,637.5700597100129,1674.3154241985908,0.00018521371830414098
1929,2.86192233341861e-07,1.5e-10,0.00041772155990687555,39655959.11037529,0.0,0.0,0.0,0.0,0.0,22895378.667347968,942244964403.6293,-342.2438254405077,1309.0338303926765,843.337632524984,1311.6865352444445,-280.2510461619826,-506.5142971230564,-396.1283163726125,60.54853032598934,622.1861493709043,1676.5670332821567,0.0001854652033591333
1930,2.86342233341861e-07,1.5e-10,0.0004180836056445938,39676743.72006612,0.0,0.0,0.0,0.0,0.0,22907378.667347968,942487449890.8652,-289.3933375441241,1294.0691441178526,879.5443635848814,1295.9047147728197,-279.1557577443178,-509.30881898761686,-397.67443677098726,35.8069720690935,568.2598146531535,1646.5679994899142,0.00018571218855905678
1931,2.8649223334186104e-07,1.5e-10,0.0004184468900504826,39697528.329756945,0.0,0.0,0.0,0.0,0.0,22919378.667347968,942654371205.617,-355.5572812884001,1304.2125779596904,852.4896446471915,1287.6316071870174,-252.38501433905068,-510.1074262815698,-385.48815408241927,43.59303005094522,607.6118245892895,1660.522504554981,0.00018596126693474002
1932,2.8664223334186105e-07,1.5e-10,0.0004188156448010416,39718312.93944777,0.0,0.0,0.0,0.0,0.0,22931378.667347968,942649831259.03,-338.00384699069014,1335.294844037247,865.924837910679,1316.291183409906,-294.18184159955734,-510.54544405014326,-372.559831267286,41.331387018907186,631.8971472079879,1702.4146032780354,0.00018621662912523174
1933,2.8679223334186106e-07,1.5e-10,0.0004191788917621784,39739097.5491386,0.0,0.0,0.0,0.0,0.0,22943378.667347968,942659437476.7731,-318.9870163689274,1319.4720670274032,851.0474147706133,1281.662822767126,-257.16443134574837,-497.9536418608558,-394.55956046145167,30.08709959497324,575.8559944812549,1652.4906205374427,0.00018646450271831235
1934,2.8694223334186107e-07,1.5e-10,0.0004195448300471749,39759882.15882943,0.0,0.0,0.0,0.0,0.0,22955378.667347968,942709422039.8518,-347.2208771347184,1330.2582985284967,838.9043777221261,1293.639287984322,-266.17327312474265,-489.28190784280935,-399.2183423359729,16.596835239778148,613.0960378584824,1676.9206036708022,0.00018671604080886298
1935,2.870922333418611e-07,1.5e-10,0.00041990573378565977,39780666.76852025,0.0,0.0,0.0,0.0,0.0,22967378.667347968,942884984790.1782,-371.3631649563751,1296.3646329691835,823.8181830472768,1269.6848028291236,-220.75736399667096,-492.926028086439,-402.51034032001064,-9.598170995608141,591.9106648465265,1642.0156185184749,0.00018696234315164075
1936,2.872422333418611e-07,1.5e-10,0.0004202721595738108,39801451.37821108,0.0,0.0,0.0,0.0,0.0,22979378.667347968,943144153166.7899,-328.29693619523573,1347.1178819066618,838.4742136798436,1285.4440248688788,-275.3699442953737,-500.4816043675824,-391.09914263859963,26.404730940848133,603.3921584799746,1678.357797770981,0.0001872140968213064
1937,2.873922333418611e-07,1.5e-10,0.00042063936658979194,39822235.9879019,0.0,0.0,0.0,0.0,0.0,22991378.667347968,943474162053.2002,-339.16936521155446,1359.5343477438612,838.7278495030869,1281.7516310701446,-255.56415020713044,-502.67907684522567,-384.192861992913,20.291130844859754,594.4486794698786,1681.5794221090634,0.00018746633373462277
1938,2.875422333418611e-07,1.5e-10,0.0004210074949647639,39843020.597592734,0.0,0.0,0.0,0.0,0.0,23003378.667347968,943842363983.0829,-340.6054677404389,1367.4782838270085,825.9407659576043,1282.6562724990783,-258.9332479218853,-490.6999468789534,-354.9927914151547,11.749237356770006,599.2658451230063,1689.0584233867503,0.0001877196924981308
1939,2.876922333418611e-07,1.5e-10,0.00042137032256821445,39863805.20728356,0.0,0.0,0.0,0.0,0.0,23015378.667347968,944280167697.3528,-325.53969813966864,1334.0684849195482,827.6356805322555,1258.7818807152032,-254.15452753879097,-480.5688944399898,-352.81131885498985,0.6528945963257474,579.3965720222595,1652.3914561557326,0.00018796755121655416
1940,2.8784223334186114e-07,1.5e-10,0.00042173680839025185,39884589.81697439,0.0,0.0,0.0,0.0,0.0,23027378.667347968,944514060599.6392,-341.95107103720954,1357.8687100842399,800.7921458603304,1275.2523508331565,-263.22100876848845,-481.9621664408252,-372.3507334316181,4.796718649612019,599.3189305089417,1676.8396325340127,0.00018821907716143425
1941,2.8799223334186115e-07,1.5e-10,0.00042209988247884705,39905374.42666522,0.0,0.0,0.0,0.0,0.0,23039378.667347968,944634167562.5797,-362.5511573584018,1326.0549764585846,799.9829340738443,1258.1442457302885,-274.3004378934918,-480.2769017863505,-374.5562309216124,-10.603469184052887,636.558563680867,1665.7149408159496,0.00018846893440255664
1942,2.8814223334186116e-07,1.5e-10,0.0004224627684399731,39926159.03635604,0.0,0.0,0.0,0.0,0.0,23051378.667347968,944920961311.4886,-399.25298229381315,1329.4545657375902,830.4968153076983,1248.1686229200925,-222.65142549163212,-484.50390406923185,-366.333631230087,-27.383583011118578,621.145967241725,1664.4534028841158,0.00018871860241298925
1943,2.8829223334186117e-07,1.5e-10,0.0004228299447577649,39946943.64604686,0.0,0.0,0.0,0.0,0.0,23063378.667347968,944967501647.1422,-387.60871670279255,1349.9052587648214,836.8558218638374,1278.8795307941357,-241.42541323436413,-470.4405956270439,-370.69526918542584,-9.304078857500366,628.7440662593781,1689.7398004759732,0.00018897206338306063
1944,2.884422333418612e-07,1.5e-10,0.0004231944352048785,39967728.25573769,0.0,0.0,0.0,0.0,0.0,23075378.667347968,945109353243.8439,-342.90388905950124,1340.4471042418377,845.5394552326967,1269.5166569290277,-248.41481084473688,-469.2339666988035,-363.5757510019395,-27.459336470217018,570.9119518427491,1663.4673615179092,0.00018922158348728832
1945,2.885922333418612e-07,1.5e-10,0.00042356024086297916,39988512.865428515,0.0,0.0,0.0,0.0,0.0,23087378.667347968,945419939077.8623,-338.1533982074956,1346.9716889278322,850.8091919786217,1280.3002210805894,-224.5551064449927,-460.0177482740263,-367.86115683275875,-46.84338038618005,562.4252251437134,1668.8213803333138,0.00018947190669433832
1946,2.887422333418612e-07,1.5e-10,0.0004239277310546086,40009297.475119345,0.0,0.0,0.0,0.0,0.0,23099378.667347968,945815064654.0226,-379.7426889725498,1336.4721565374412,837.9010245720831,1301.2958362109814,-218.4957109727454,-469.4643306915215,-363.85517726916106,-15.684810548630852,597.9650014241794,1684.925635856457,0.0001897246455397168
1947,2.888922333418612e-07,1.5e-10,0.0004242981248884248,40030082.084810175,0.0,0.0,0.0,0.0,0.0,23111378.667347968,945721120084.7307,-394.42497397621406,1341.9905366656437,851.4521435205604,1324.0502352732362,-221.9580525466396,-476.6162619254635,-369.00453681686065,-16.77966161685749,616.1827920275263,1708.1182598576431,0.00018998086327869543
1948,2.8904223334186123e-07,1.5e-10,0.00042466629710068046,40050866.694501,0.0,0.0,0.0,0.0,0.0,23123378.667347968,945984445712.1312,-369.52348488611045,1346.5955734317595,858.4907899319129,1295.811672873117,-242.16683381129647,-495.4214389254112,-365.987845465515,-6.322367366762561,611.4566028565716,1694.57616822025,0.00019023504970392847
1949,2.8919223334186124e-07,1.5e-10,0.00042503598297613857,40071651.30419182,0.0,0.0,0.0,0.0,0.0,23135378.667347968,946339658862.0394,-404.3139781676479,1346.304828518033,853.5989548202982,1305.395150184292,-239.50055965463298,-489.16432063694583,-364.15547660565767,6.105443087100828,643.5872431376407,1710.2127816628308,0.00019049158162117789
1950,2.8934223334186125e-07,1.5e-10,0.0004254039732820885,40092435.91388265,0.0,0.0,0.0,0.0,0.0,23147378.667347968,946779658635.5986,-362.928664620923,1347.900096643362,891.6532424598581,1298.006804920096,-224.30938041383695,-488.5767839955598,-385.2952431773059,24.881687875733547,586.9893225394752,1685.7650740227891,0.0001907444463822813
1951,2.8949223334186126e-07,1.5e-10,0.00042577237526602544,40113220.52357348,0.0,0.0,0.0,0.0,0.0,23159378.667347968,947117170420.4536,-365.33051982017605,1343.3566903333187,883.3386250900733,1304.1753839747369,-240.7866332945537,-495.5095235754693,-388.5521652163452,27.09192032851781,605.8685390977538,1692.2073683706355,0.0001909982774875369
1952,2.8964223334186127e-07,1.5e-10,0.00042614390695021174,40134005.1332643,0.0,0.0,0.0,0.0,0.0,23171378.667347968,947469401339.5881,-363.91941632808135,1370.1169939342706,884.9476926653755,1317.903786302927,-226.27531623124344,-472.11880094373396,-388.5712540185994,29.085675322661015,589.9610801772155,1706.019490618264,0.00019125418041112966
1953,2.897922333418613e-07,1.5e-10,0.00042651418317345727,40154789.74295513,0.0,0.0,0.0,0.0,0.0,23183378.667347968,947588364966.0284,-403.9178877033473,1350.4120561458453,891.2852392890143,1309.2826655628921,-232.40839605117176,-506.5447071658738,-393.6053870584206,28.171241435241875,633.7092469131967,1711.5299086964003,0.00019151090989743413
1954,2.899422333418613e-07,1.5e-10,0.00042688633819736824,40175574.352645956,0.0,0.0,0.0,0.0,0.0,23195378.667347968,947937985911.4264,-387.6451697539038,1372.528174900369,886.8932366704303,1316.402274780228,-215.43024945519542,-502.29188246301993,-381.6742369640947,36.93466447283629,602.8300521907594,1714.8679856766119,0.00019176814009528562
1955,2.900922333418613e-07,1.5e-10,0.00042725752831008183,40196358.96233678,0.0,0.0,0.0,0.0,0.0,23207378.667347968,948330837519.8508,-402.3287245729031,1368.490781624737,904.1839049550854,1302.6858072447599,-218.9829405304979,-527.2965139813816,-399.0777252850056,23.826693239359642,621.0486876605288,1716.085204632218,0.00019202555287598045
1956,2.902422333418613e-07,1.5e-10,0.00042762863624914,40217143.57202761,0.0,0.0,0.0,0.0,0.0,23219378.667347968,948807829109.282,-373.96937501600104,1362.487956611312,912.0965929271629,1304.0403543227478,-282.8315068400502,-537.6961693186436,-401.3441342888204,39.30104985010175,656.5452423295135,1724.4743954803162,0.0001922842240353025
1957,2.9039223334186133e-07,1.5e-10,0.00042799460093083066,40237928.18171844,0.0,0.0,0.0,0.0,0.0,23231378.667347968,949271372659.1403,-370.52201895728143,1336.880013788119,896.2175907855114,1279.1064038157556,-242.95139934767684,-534.4573076760469,-413.8454987734321,32.62521163875887,613.3053976915182,1680.556866486294,0.00019253630756527543
1958,2.9054223334186134e-07,1.5e-10,0.0004283692612326731,40258712.79140926,0.0,0.0,0.0,0.0,0.0,23243378.667347968,949788043368.3159,-386.62622021495696,1382.4100864832117,917.3802107224504,1328.853586325256,-242.92333584021827,-535.2716313239379,-403.71634983427646,34.82326671896956,629.0015309751296,1739.1107733124416,0.0001927971741812723
1959,2.9069223334186135e-07,1.5e-10,0.00042874312202853966,40279497.40110009,0.0,0.0,0.0,0.0,0.0,23255378.667347968,950155057903.1512,-391.4051133908702,1377.0201916070882,927.6931135815462,1323.4679477081506,-242.58674769549157,-517.1063701221339,-404.68368163278456,30.200179027413345,633.7703424540872,1734.9999976231265,0.00019305742418091577
1960,2.9084223334186136e-07,1.5e-10,0.00042911448070594117,40300282.010790914,0.0,0.0,0.0,0.0,0.0,23267378.667347968,950256845939.4691,-379.0746264959911,1376.5176719646083,926.8079328242816,1302.4883756792908,-220.2191223772682,-518.590778227591,-412.1972306861669,27.938753542998413,599.0581981083701,1711.2146276318692,0.00019331410637506055
1961,2.9099223334186137e-07,1.5e-10,0.0004294871431183874,40321066.620481744,0.0,0.0,0.0,0.0,0.0,23279378.667347968,950781284899.099,-405.55691140128295,1371.5063859065017,911.1953966794492,1320.7768191187247,-232.1426152012757,-517.8463607581288,-419.74552859961415,53.4230254360379,603.7975367845169,1719.6392061997635,0.0001935720522559905
1962,2.911422333418614e-07,1.5e-10,0.00042986059960072357,40341851.23017257,0.0,0.0,0.0,0.0,0.0,23291378.667347968,951049741266.2286,-402.1703272309997,1376.3710671835408,920.2510843355612,1319.3504637447031,-227.55692127397086,-521.1038744026873,-405.2234294844948,35.812671964861444,629.5216372072443,1730.8299397696264,0.00019383167674695594
1963,2.912922333418614e-07,1.5e-10,0.00043022833491324135,40362635.8398634,0.0,0.0,0.0,0.0,0.0,23303378.667347968,951533252249.953,-380.4595919360261,1348.1483923601816,932.1715603216716,1292.545755097493,-196.8069017729593,-538.1498867996223,-418.2871033702922,57.45902049110239,577.040770961095,1683.3818681978462,0.00019408418402718563
1964,2.914422333418614e-07,1.5e-10,0.0004305987443068923,40383420.44955422,0.0,0.0,0.0,0.0,0.0,23315378.667347968,952086458185.1953,-364.07402338638326,1364.0301281553102,898.3163263389464,1301.8697939339597,-260.22711133701074,-549.324656311501,-403.22389280194864,61.3782838817676,624.0928787187107,1709.7514931711,0.0001943406467511613
1965,2.915922333418614e-07,1.5e-10,0.00043096661226795695,40404205.05924505,0.0,0.0,0.0,0.0,0.0,23327378.667347968,952246334438.7747,-379.61530924949807,1342.7171376683968,919.8057641678471,1286.8571044737128,-271.6246134345086,-533.655908238933,-410.7853590948113,64.67185862614456,651.0083337645284,1700.6966842102277,0.00019459575125379283
1966,2.9174223334186143e-07,1.5e-10,0.00043133271906873336,40424989.66893587,0.0,0.0,0.0,0.0,0.0,23339378.667347968,952796705715.0813,-342.6148291986297,1342.2232625482372,913.3523982645106,1286.2023529398364,-218.5972318999662,-544.3526501698876,-409.78505886014057,54.38230600060069,560.9759526962262,1669.5308323601143,0.00019484618087864684
1967,2.9189223334186144e-07,1.5e-10,0.00043170002804313084,40445774.2786267,0.0,0.0,0.0,0.0,0.0,23351378.667347968,953341498769.6399,-340.114650606578,1345.7469721532268,922.8225731147613,1290.3162513574455,-250.8790861363811,-554.2785390118411,-413.3699098450957,45.037972265172115,590.7637774409768,1685.5204491577556,0.0001950990089460205
1968,2.9204223334186145e-07,1.5e-10,0.0004320680165787816,40466558.88831753,0.0,0.0,0.0,0.0,0.0,23363378.667347968,953778511161.163,-323.32993865369826,1344.8493497219995,920.1140004939189,1302.538125532371,-270.48219123070885,-540.9807280005325,-429.8973671640296,56.26700488845137,593.5676177009358,1687.5989796820852,0.00019535214879297283
1969,2.9219223334186146e-07,1.5e-10,0.00043243483798661054,40487343.498008355,0.0,0.0,0.0,0.0,0.0,23375378.667347968,954280068999.9985,-355.35433441379644,1341.7889255750983,916.8033065647116,1289.3694592981258,-232.16493030461677,-556.3597227525406,-418.06183619128905,75.15839174279877,587.2813638584953,1678.6349154293487,0.00019560394403028721
1970,2.923422333418615e-07,1.5e-10,0.0004328004059742349,40508128.10769918,0.0,0.0,0.0,0.0,0.0,23387378.667347968,954833247248.7347,-330.7664231192338,1347.35167435008,928.8214351301272,1280.9309315762293,-209.45648082791385,-532.5179701466989,-412.19766225790016,93.45688254410915,539.948547095284,1659.034857281659,0.00019585279925887945
1971,2.924922333418615e-07,1.5e-10,0.0004331683725684581,40528912.71739001,0.0,0.0,0.0,0.0,0.0,23399378.667347968,955390683072.8975,-346.03180950407875,1348.229379639943,902.4522887379252,1300.2727357105275,-236.239541503552,-535.7603809350745,-400.9457516677296,108.40586312532324,582.0246738084567,1681.0020677949897,0.0001961049495690487
1972,2.926422333418615e-07,1.5e-10,0.0004335367269357568,40549697.32708083,0.0,0.0,0.0,0.0,0.0,23411378.667347968,955906632592.752,-320.3907156623355,1346.8573339635702,891.3623929893193,1314.0013179157172,-226.72451780033737,-566.2488764497159,-398.890884871117,99.82226150211841,546.8586451504628,1677.9419864406304,0.0001963566408670148
1973,2.927922333418615e-07,1.5e-10,0.0004339054806096867,40570481.93677166,0.0,0.0,0.0,0.0,0.0,23423378.667347968,956375451221.1754,-315.0552206843365,1349.9182106677815,882.158498292478,1315.208541748094,-248.38020367394319,-548.5769714323523,-402.035028052201,112.58445089148447,563.1827347185309,1681.2458923638696,0.0001966088277508694
1974,2.929422333418615e-07,1.5e-10,0.00043427221645324186,40591266.54646248,0.0,0.0,0.0,0.0,0.0,23435378.667347968,956576548479.513,-341.5651541084325,1340.773373542128,898.7365832249657,1294.3865051127284,-227.64941404294493,-564.5310330665902,-393.6502747446836,105.85813466555167,568.9582826246647,1672.7193097846164,0.0001968597356473371
1975,2.9309223334186153e-07,1.5e-10,0.00043463736224057394,40612051.156153314,0.0,0.0,0.0,0.0,0.0,23447378.667347968,957053209349.4844,-338.5394980206912,1332.2064455439006,894.2402282788762,1283.4130316661463,-240.92058852218008,-581.9807201680844,-399.9365468878374,123.97121160952054,579.2129880620673,1664.5172376593034,0.000197109413232986
1976,2.9324223334186154e-07,1.5e-10,0.0004350034336664549,40632835.76584414,0.0,0.0,0.0,0.0,0.0,23459378.667347968,957539949651.531,-331.8170679101742,1344.8052426228837,910.1557319817447,1279.5140433898853,-252.0716967334765,-591.0496586318463,-393.71764795797515,121.98939490811148,584.093615773962,1673.6580353873853,0.00019736046193829412
1977,2.9339223334186155e-07,1.5e-10,0.00043537219952875973,40653620.37553497,0.0,0.0,0.0,0.0,0.0,23471378.667347968,958044084918.7264,-368.62652600713324,1352.791517135577,882.4891407045466,1298.6716902205333,-225.79962390433684,-595.6262388355174,-385.7693257998686,127.24345573803933,593.9141109261458,1690.7178021934421,0.00019761406960862313
1978,2.9354223334186156e-07,1.5e-10,0.0004357338693224065,40674404.9852258,0.0,0.0,0.0,0.0,0.0,23483378.667347968,958347513823.18,-319.410512343063,1313.8249682762475,900.1485293322643,1267.1697022698986,-233.68899940156035,-580.0988134307859,-397.6043324180378,121.69092331562919,552.8275207256178,1637.9586620726006,0.00019785976340793403
1979,2.936922333418616e-07,1.5e-10,0.00043609670595447914,40695189.59491662,0.0,0.0,0.0,0.0,0.0,23495378.667347968,958778240424.8689,-329.70316416802103,1321.8340064160866,920.1140655131517,1270.7906331061008,-222.26139967310445,-565.1871980694398,-389.8709988294342,126.77174031866674,553.4573477367528,1645.590778296175,0.00019810660202467846
1980,2.938422333418616e-07,1.5e-10,0.00043646311119729134,40715974.20460745,0.0,0.0,0.0,0.0,0.0,23507378.667347968,959203066102.1664,-359.47323709813696,1346.1493476208616,884.891045515823,1282.006467696963,-231.16201176130406,-555.1760293308137,-406.44094014741876,127.45324763259255,590.3796279615578,1671.4738255869026,0.0001983573230985165
1981,2.939922333418616e-07,1.5e-10,0.0004368301392259056,40736758.81429827,0.0,0.0,0.0,0.0,0.0,23519378.667347968,959067375083.194,-334.394819642119,1345.0874573279023,893.6108222306777,1294.9270100098265,-233.31627598119783,-558.017348143061,-393.64642704026954,113.26384040595275,567.6736308678412,1672.7687556167548,0.00019860823841185901
1982,2.941422333418616e-07,1.5e-10,0.0004371950902999947,40757543.423989095,0.0,0.0,0.0,0.0,0.0,23531378.667347968,959299097629.421,-357.91940160565974,1335.4647639453908,875.4576009092398,1279.150985325612,-211.3248230045951,-560.9499843296401,-394.14193218495325,125.73106240242358,568.8886716937454,1658.3217820625432,0.0001988569866791684
1983,2.942922333418616e-07,1.5e-10,0.00043756410730247874,40778328.033679925,0.0,0.0,0.0,0.0,0.0,23543378.667347968,959681518198.6862,-336.54923815735935,1345.6746649692182,881.0002336114674,1316.090615906662,-236.9897930232069,-570.7065761217611,-382.98449495051995,119.69456634471165,573.17354131366,1686.4500031842472,0.00019910995417964604
1984,2.9444223334186163e-07,1.5e-10,0.0004379301248360673,40799112.64337075,0.0,0.0,0.0,0.0,0.0,23555378.667347968,960065114448.0015,-326.75988533507933,1347.8213685225064,857.7402075095348,1280.563909987482,-250.05113996710983,-576.8155878813066,-384.0211769341313,122.97222073381289,576.449017087424,1667.5305917483004,0.0001993600837684083
1985,2.9459223334186164e-07,1.5e-10,0.0004383020204223165,40819897.25306158,0.0,0.0,0.0,0.0,0.0,23567378.667347968,960507055976.7814,-320.4188207058312,1383.92183632928,858.5159813519807,1312.3991269167673,-252.75375128917338,-576.6317867111429,-364.22229796013556,119.04339737960666,576.8952303901931,1705.1472750599028,0.00019961585585966728
1986,2.9474223334186166e-07,1.5e-10,0.00043867053589482645,40840681.86275241,0.0,0.0,0.0,0.0,0.0,23579378.667347968,960382052583.8192,-294.6137707030028,1372.1380634364973,845.9638643426866,1292.1017792874297,-264.7590811518543,-604.502623890535,-405.7663025824301,109.57095950188464,559.0118958718747,1680.8413641868744,0.0001998679820642953
1987,2.9489223334186167e-07,1.5e-10,0.0004390420283122001,40861466.47244323,0.0,0.0,0.0,0.0,0.0,23591378.667347968,960818199485.024,-296.95015678780334,1380.7986481423673,881.3150257013194,1317.2474690704046,-253.8419958916343,-587.2001025769,-364.31942497226163,148.37444913423653,550.4270425423358,1698.0847469244477,0.000200122694776334
1988,2.950422333418617e-07,1.5e-10,0.0004394115416834629,40882251.08213406,0.0,0.0,0.0,0.0,0.0,23603378.667347968,961291607321.908,-311.45369260361423,1378.829355760952,852.6355079213396,1288.2015416062463,-293.9849242357048,-615.0448469027382,-417.7455357027661,145.70011909230308,605.0194310139032,1695.2311218442926,0.00020037697944461064
1989,2.951922333418617e-07,1.5e-10,0.00043978538210094604,40903035.69182488,0.0,0.0,0.0,0.0,0.0,23615378.667347968,961751036650.1349,-338.9362418084426,1395.5121518860537,877.7489694659679,1316.9391119906159,-262.9170507199665,-617.7528893950132,-389.39307793878413,156.06363435322072,601.5205329637733,1722.4692072924047,0.00020063534982570452
1990,2.953422333418617e-07,1.5e-10,0.0004401577185525608,40923820.30151571,0.0,0.0,0.0,0.0,0.0,23627378.667347968,962236943874.6837,-357.29644097799223,1378.1054471944385,901.4490502510705,1302.4380971474723,-302.533234938978,-646.0027158521284,-396.7754981301681,171.2171824326949,659.4888767432318,1729.5139738396895,0.00020089477692178048
1991,2.954922333418617e-07,1.5e-10,0.0004405329688831822,40944604.911206536,0.0,0.0,0.0,0.0,0.0,23639378.667347968,962740295501.3237,-331.5440588430847,1390.9245569506975,902.9653602629243,1333.1283842459225,-284.668050412828,-652.36563056889,-393.3664967895207,157.50393334046365,615.8651625614027,1738.3457699925216,0.00020115552878727935
1992,2.956422333418617e-07,1.5e-10,0.0004409080545570042,40965389.520897366,0.0,0.0,0.0,0.0,0.0,23651378.667347968,963076664742.3738,-350.08263822811654,1400.546190016048,879.4166078101059,1325.3550290165101,-263.67163870823714,-646.5819841083246,-427.55539060676017,188.29163111870815,613.4089492659436,1730.264749930273,0.00020141506849976888
1993,2.9579223334186173e-07,1.5e-10,0.00044128222058872066,40986174.13058819,0.0,0.0,0.0,0.0,0.0,23663378.667347968,963611774907.9174,-343.17515495181215,1414.876934096939,919.6072288187615,1302.4824469307039,-250.8261627005499,-654.9676116328741,-434.66823375730127,196.55504556715107,593.6460347841809,1721.9704842892095,0.00020167336407241225
1994,2.9594223334186175e-07,1.5e-10,0.000441651536177093,41006958.74027902,0.0,0.0,0.0,0.0,0.0,23675378.667347968,964067483230.4141,-358.38271915652604,1374.0173449186552,902.0480372842942,1278.3359857283658,-288.77913732257093,-635.3576998047392,-445.8700325038822,209.69681921687058,646.8236472026335,1701.4394431528892,0.0002019285799888852
1995,2.9609223334186176e-07,1.5e-10,0.00044202659471913585,41027743.34996984,0.0,0.0,0.0,0.0,0.0,23687378.667347968,964602772308.6813,-402.34605997899365,1396.6276718408017,935.6262596885126,1302.3972714490542,-296.6439875656125,-684.8882446870543,-436.59258320508303,178.1143444533576,698.6420688119325,1757.5125922763661,0.00020219220687772664
1996,2.9624223334186177e-07,1.5e-10,0.0004424002140225113,41048527.95966067,0.0,0.0,0.0,0.0,0.0,23699378.667347968,964975551908.583,-360.9440905690957,1406.9861577218878,933.2298258109533,1293.600282764228,-279.6842310361553,-637.8925408403919,-461.9000719759813,177.63062278968005,642.872337325768,1729.232718867609,0.0002024515917855568
1997,2.963922333418618e-07,1.5e-10,0.0004427789930189755,41069312.569351494,0.0,0.0,0.0,0.0,0.0,23711378.667347968,964950746245.3992,-393.73654726456715,1447.0673428975076,947.6422351029747,1303.2144734037645,-277.432171441848,-639.5562175342691,-450.29152569519863,171.41032740953915,670.8381158514393,1769.6148435775754,0.00020271703401209343
1998,2.965422333418618e-07,1.5e-10,0.0004431568121367453,41090097.179042324,0.0,0.0,0.0,0.0,0.0,23723378.667347968,965129073122.4421,-417.7224860186289,1442.4130480513536,929.7920319925897,1296.9887147874108,-246.5233999970105,-641.0082768907778,-460.4766409642193,169.4546989703134,664.2594917636706,1760.6774075422818,0.00020298113562322475
1999,2.966922333418618e-07,1.5e-10,0.00044353516307099725,41110881.78873315,0.0,0.0,0.0,0.0,0.0,23735378.667347968,965393514376.2753,-409.86767051664236,1440.4024054636043,948.7297613730684,1297.6489950854511,-291.4920745358149,-662.560216664574,-467.62587210413534,176.12347736334848,700.7005374851582,1775.095104102706,0.00020324739988884015
2000,2.968422333418618e-07,1.5e-10,0.0004439113094892005,41131666.39842398,0.0,0.0,0.0,0.0,0.0,23747378.667347968,965595609814.7015,-403.8483243314532,1414.2302599008524,973.9252981040601,1300.6408981774857,-283.7515187993519,-662.3375372537248,-477.1739884410743,176.6390191173299,683.8305066780086,1758.375711638151,0.00020351115624558588
2001,2.969922333418618e-07,1.5e-10,0.0004442926581086743,41152451.0081148,0.0,0.0,0.0,0.0,0.0,23759378.667347968,965721109237.3098,-413.50096748377825,1444.6537635133702,963.8467533810559,1327.466431775365,-291.2350328821164,-665.5913457990384,-470.27178448952935,201.77629802662756,704.3499066275348,1793.2475564825788,0.00020378014337905828
2002,2.9714223334186184e-07,1.5e-10,0.00044467016720879996,41173235.61780563,0.0,0.0,0.0,0.0,0.0,23771378.667347968,966216980285.5258,-413.73478664172416,1420.118388924733,959.4109954269276,1310.2168137489318,-279.3586408375179,-648.76007280114,-476.31731815218876,194.10802753177367,692.6351368220585,1765.6670708778056,0.00020404499343968995
2003,2.9729223334186185e-07,1.5e-10,0.0004450513893661783,41194020.22749645,0.0,0.0,0.0,0.0,0.0,23783378.667347968,966735728070.7515,-436.2494142085459,1433.1434620814418,928.7327938077674,1333.5810578227522,-290.97749558920896,-656.7501971749415,-475.20129548446,199.15319631056053,726.8576271570382,1795.9637462187823,0.00020431438800162278
2004,2.9744223334186186e-07,1.5e-10,0.0004454303730160799,41214804.83718728,0.0,0.0,0.0,0.0,0.0,23795378.667347968,967061602076.9266,-435.39516707010597,1423.4405493828915,977.8661274088951,1318.5837579349202,-269.5561189332156,-648.7262826101738,-484.0315571142288,188.41018483893046,704.5914435118772,1778.7465534913601,0.00020458119998464648
2005,2.9759223334186187e-07,1.5e-10,0.0004458078049997029,41235589.44687811,0.0,0.0,0.0,0.0,0.0,23807378.667347968,967563894729.6267,-405.5858583784942,1421.5391360201554,972.0731419847301,1311.8975308959225,-273.580698729271,-649.7994890118777,-499.2123051701826,200.03595078414384,678.8207956650698,1760.4780168158602,0.00020484527168716885
2006,2.977422333418619e-07,1.5e-10,0.0004461865298572944,41256374.056568936,0.0,0.0,0.0,0.0,0.0,23819378.667347968,968130264576.6786,-380.6568272675419,1431.3765404491312,983.5167906845078,1325.6060895664932,-270.3337245471047,-646.7332174098939,-513.4626487572594,207.62368816052324,650.6336532367816,1760.4288761759844,0.00020510933601859525
2007,2.978922333418619e-07,1.5e-10,0.0004465618607829389,41277158.66625976,0.0,0.0,0.0,0.0,0.0,23831378.667347968,968546304607.3748,-373.36865588737624,1403.1300490119095,963.8857203422345,1315.7296470207048,-285.4124396136664,-636.1973297115842,-514.6400539815617,221.39991341241557,658.4212059384769,1739.237611584701,0.00020537022166033296
2008,2.980422333418619e-07,1.5e-10,0.00044694246313850165,41297943.27595059,0.0,0.0,0.0,0.0,0.0,23843378.667347968,968802945719.5238,-381.92573380781266,1423.0765593318372,1028.1968792493135,1345.09130828974,-301.58121376093055,-661.6371046220889,-503.5983742828992,203.32403285057836,683.1107616673047,1784.649864930551,0.00020563791914007253
2009,2.981922333418619e-07,1.5e-10,0.000447328365399532,41318727.88564142,0.0,0.0,0.0,0.0,0.0,23855378.667347968,969270705831.057,-383.03068644038825,1460.893403119043,1023.6589772730104,1367.0804416476124,-326.03646243877756,-658.2928470067669,-515.2529948737534,239.44434461924251,708.7165219493239,1820.4330581607035,0.00020591098409879663
2010,2.983422333418619e-07,1.5e-10,0.0004477142238194868,41339512.49533224,0.0,0.0,0.0,0.0,0.0,23867378.667347968,969608272433.6606,-398.80764730407606,1452.475856435368,1002.3573295219682,1371.286713340008,-322.1548016065376,-659.0842009366709,-505.16444563113595,230.0364771278512,720.616063009196,1822.923960343941,0.00020618442269284822
2011,2.9849223334186194e-07,1.5e-10,0.00044809817905936,41360297.10502307,0.0,0.0,0.0,0.0,0.0,23879378.667347968,969570064276.3495,-433.86807919029985,1434.8293365909358,990.1451440544233,1355.8774287082035,-327.9128162978578,-672.3006745405361,-520.0667443574271,218.9854957642945,761.4337042695201,1822.5999584400997,0.00020645781268661422
2012,2.9864223334186195e-07,1.5e-10,0.00044848214904542026,41381081.714713894,0.0,0.0,0.0,0.0,0.0,23891378.667347968,970048385114.2913,-449.0090083162408,1431.8285339706338,979.4981108200406,1362.9967005692774,-287.70589290390666,-680.3812444267357,-526.3508522477933,221.08890621326293,736.3849187867888,1814.8124806224469,0.0002067300345587076
2013,2.9879223334186196e-07,1.5e-10,0.0004488692045574513,41401866.32440472,0.0,0.0,0.0,0.0,0.0,23903378.667347968,970537571849.2355,-459.1845248887482,1443.4205871303354,994.2726565706616,1377.2818165674394,-316.95481783193526,-679.6183046033689,-510.9624860020992,227.6612367674231,775.8132122726247,1845.7708246990094,0.00020700690018241245
2014,2.9894223334186197e-07,1.5e-10,0.0004492585935571386,41422650.93409555,0.0,0.0,0.0,0.0,0.0,23915378.667347968,971067487159.1248,-434.93273616577517,1460.4865549143897,1015.1971128665942,1386.508183979961,-325.24936320170866,-709.7394284098617,-515.3940393856856,260.70500142874135,793.790532198773,1862.5187387592186,0.00020728627799322633
2015,2.99092233341862e-07,1.5e-10,0.0004496459852276123,41443435.54378638,0.0,0.0,0.0,0.0,0.0,23927378.667347968,971401578498.8502,-457.7926193759871,1446.0817935155296,1017.0205245860141,1372.355679886974,-340.3758696432479,-727.676095946544,-517.1499562470262,258.2873142085966,797.8463256997015,1856.3192392328915,0.00020756472587911127
2016,2.99242233341862e-07,1.5e-10,0.0004500358119080309,41464220.1534772,0.0,0.0,0.0,0.0,0.0,23939378.667347968,971888678168.2872,-472.39111152985987,1448.680476528006,1019.8802792690097,1398.8431844322554,-294.44906861932475,-744.8600403952656,-487.02934574737185,237.9238270173079,766.490232371346,1865.835579276763,0.0002078446012160028
2017,2.99392233341862e-07,1.5e-10,0.0004504217541642103,41485004.76316802,0.0,0.0,0.0,0.0,0.0,23951378.667347968,972266078309.5168,-431.7788092730669,1435.0195973257607,1006.9996133723313,1376.2803539041026,-307.9302278675977,-749.6384264334936,-480.7981541086388,254.37302278128286,744.591546457283,1834.5684582871318,0.00020811978648474586
2018,2.99542233341862e-07,1.5e-10,0.0004508144717478134,41505789.37285885,0.0,0.0,0.0,0.0,0.0,23963378.667347968,972715263740.7377,-429.2361038583466,1492.0661162759604,1009.7793344806172,1388.3446838759105,-369.7016759864248,-768.1616574638831,-485.07139283269817,273.77316375614214,798.2365218648863,1891.446871067559,0.000208403503515406
2019,2.9969223334186203e-07,1.5e-10,0.0004512075417991569,41526573.98254968,0.0,0.0,0.0,0.0,0.0,23975378.667347968,973290222127.2163,-440.5085515860304,1472.0815568639503,1001.7206927736191,1410.2765960438473,-367.6662082472974,-767.4127687177512,-495.98715022259375,265.18089296821097,807.3574151033943,1895.441569975518,0.00020868781975090235
2020,2.9984223334186204e-07,1.5e-10,0.00045159533101449544,41547358.592240505,0.0,0.0,0.0,0.0,0.0,23987378.667347968,973769390094.4915,-441.71509842112135,1459.8027962789292,994.9724301349057,1367.8507345245482,-335.0335743759924,-770.3247962183043,-507.5116195693262,272.32155771537947,776.1080725894524,1852.984681228614,0.00020896576745308665
2021,2.9999223334186205e-07,1.5e-10,0.0004519859500821683,41568143.201931335,0.0,0.0,0.0,0.0,0.0,23999378.667347968,974040275842.2759,-448.3910350276491,1462.6688639683318,969.4663865007608,1393.7708582922553,-351.19458008750695,-756.3780691151971,-497.5336702692566,255.10403039198596,798.8531229707954,1876.0206971466725,0.00020924717055765865
2022,3.0014223334186206e-07,1.5e-10,0.00045237019694757544,41588927.81162216,0.0,0.0,0.0,0.0,0.0,24011378.667347968,974497819252.6755,-429.298007466123,1426.2625415710288,945.6149864431935,1370.3385828409014,-326.8503260665932,-736.9374951337177,-520.6436153019532,270.17079712133193,755.4205978127787,1820.5334433120781,0.00020952025057415546
2023,3.0029223334186207e-07,1.5e-10,0.00045275811583833723,41609712.42131298,0.0,0.0,0.0,0.0,0.0,24023378.667347968,975007473894.4211,-448.1642625411621,1441.0152219035724,950.8683384038903,1389.8347587581766,-331.58879431884293,-743.1107686434993,-506.6685166568357,255.75777303296442,778.9745383621031,1851.4629683298178,0.00020979797001940493
2024,3.004422333418621e-07,1.5e-10,0.0004531421437686757,41630497.03100381,0.0,0.0,0.0,0.0,0.0,24035378.667347968,975184909348.4877,-453.5310639232044,1420.7463069724897,958.0213230208946,1360.2808309982593,-338.4985351378828,-763.1431682258575,-502.377860739299,254.39447875304407,788.0559147208763,1833.3171896692954,0.00021007296759785533
2025,3.005922333418621e-07,1.5e-10,0.0004535304201991207,41651281.64069464,0.0,0.0,0.0,0.0,0.0,24047378.667347968,975038503385.6384,-468.66055865866394,1450.0416377996653,945.3888043092645,1375.9811404175603,-338.4280512722798,-766.5551256254768,-496.17158699094995,255.97537892793014,806.2843627581833,1863.4586129553736,0.00021035248638979863
2026,3.007422333418621e-07,1.5e-10,0.0004539166821599754,41672066.25038547,0.0,0.0,0.0,0.0,0.0,24059378.667347968,975292308789.212,-458.1005212823009,1438.4004140269374,946.065797882895,1367.4681871365426,-330.79954860128817,-773.4213905605204,-496.21696745117083,242.03253149617174,788.0820195244215,1847.3721961818135,0.0002106295922192259
2027,3.008922333418621e-07,1.5e-10,0.0004542964091702675,41692850.86007629,0.0,0.0,0.0,0.0,0.0,24071378.667347968,975744430259.6244,-443.5726056448744,1401.486696615891,937.6365510333336,1327.0104350383046,-377.4774406997054,-748.2643872236457,-515.5395987941965,267.06660664173,820.2705934772571,1814.6251386122271,0.00021090178599001775
2028,3.0104223334186213e-07,1.5e-10,0.00045468356048315375,41713635.469767116,0.0,0.0,0.0,0.0,0.0,24083378.667347968,976228563567.4097,-476.7202056877102,1418.1834316596594,981.2102637121143,1384.232422277628,-361.79642263493446,-784.7690547903114,-506.9340994987893,243.21001203129512,837.7011058518372,1870.0768783225233,0.00021118229752176612
2029,3.0119223334186214e-07,1.5e-10,0.00045506904180094086,41734420.079457946,0.0,0.0,0.0,0.0,0.0,24095378.667347968,976668866847.5983,-485.94828664140135,1415.0067946808838,947.3074378341793,1371.5642649886133,-341.6696486603833,-784.6187281283095,-512.9042630590795,245.2204828409885,826.8137037000974,1854.5120139203468,0.00021146047432385416
2030,3.0134223334186215e-07,1.5e-10,0.000455455249867136,41755204.68914877,0.0,0.0,0.0,0.0,0.0,24107378.667347968,976901669696.8535,-442.82248981635155,1443.7010316289864,985.4391974779575,1361.7577901528612,-337.7877399092157,-772.3998815158334,-500.423541186308,239.51650957227173,779.8012763054628,1846.2907649438703,0.00021173741793859574
2031,3.0149223334186216e-07,1.5e-10,0.0004558437890424694,41775989.2988396,0.0,0.0,0.0,0.0,0.0,24119378.667347968,976793849634.379,-480.83425070630136,1444.8493188185673,977.2299795241373,1378.4962945083814,-328.7759300521425,-763.5946904697969,-488.25612929071593,239.82173891063107,808.7492597460255,1868.283980130518,0.00021201766053561533
2032,3.0164223334186217e-07,1.5e-10,0.000456231367324601,41796773.90853043,0.0,0.0,0.0,0.0,0.0,24131378.667347968,977085349576.588,-433.6599272537856,1438.1201476715553,973.0853931423574,1390.5248604429669,-317.47725584455526,-780.011143447629,-512.4210803194671,228.82634647269415,750.292514935986,1845.7908935704427,0.00021229452916965088
2033,3.017922333418622e-07,1.5e-10,0.0004566191282929276,41817558.51822125,0.0,0.0,0.0,0.0,0.0,24143378.667347968,977300235456.29,-494.2734754986033,1431.5307597190365,985.2490445197552,1379.8970725473498,-312.0794710683526,-785.6344826775764,-495.6014606414635,224.07346174089204,805.5292229431647,1865.5103305703196,0.00021257435571923644
2034,3.019422333418622e-07,1.5e-10,0.0004570023576814692,41838343.127912074,0.0,0.0,0.0,0.0,0.0,24155378.667347968,977523751582.9308,-476.2129524800475,1408.2057739167558,959.1325364982652,1359.1281467146598,-315.38011171342197,-786.6516430142701,-528.4442770572595,238.49940837636933,790.7885574836722,1830.052835728937,0.00021284886364459577
2035,3.020922333418622e-07,1.5e-10,0.00045739646326196524,41859127.737602904,0.0,0.0,0.0,0.0,0.0,24167378.667347968,978016714393.3263,-480.6261208618449,1467.7167544752876,1002.1061790018474,1413.5140151598575,-355.9825599154949,-772.2873935357838,-490.6322335024931,248.7296099866362,835.7820719318414,1910.4731127039934,0.00021313543461150137
2036,3.022422333418622e-07,1.5e-10,0.0004577832717923948,41879912.347293735,0.0,0.0,0.0,0.0,0.0,24179378.667347968,978580666334.6672,-501.8046281785115,1424.3819238453943,974.8731810177036,1380.680416858505,-286.8721527799192,-785.8629784543749,-530.7186683498039,216.8380561500177,788.4240663380881,1853.0038117543154,0.00021341338518326451
2037,3.0239223334186223e-07,1.5e-10,0.0004581774523868153,41900696.95698456,0.0,0.0,0.0,0.0,0.0,24191378.667347968,979181994144.1244,-509.98356492852804,1461.9977898167842,1001.4543642243361,1416.6971590678,-326.52269353481967,-795.9926660604075,-524.3918459970157,220.64328023293538,835.6290571683008,1912.7164474425645,0.0002137002926503809
2038,3.0254223334186224e-07,1.5e-10,0.0004585694825980077,41921481.56667539,0.0,0.0,0.0,0.0,0.0,24203378.667347968,979591986496.4374,-470.9842505825159,1454.1900992772664,1004.0581624167298,1411.9029796044595,-314.8241484655412,-810.7684243070075,-525.6115992175835,212.72982610088548,784.8582148684951,1886.3488956178392,0.00021398324498472356
2039,3.0269223334186225e-07,1.5e-10,0.00045896149792286974,41942266.17636621,0.0,0.0,0.0,0.0,0.0,24215378.667347968,980210278691.2744,-484.3313096064803,1448.4473836769514,1037.8833086605352,1412.4391515195066,-314.12141365855297,-776.8435676735619,-507.8142677488325,226.85912125365124,797.4947904494932,1889.1463582141519,0.00021426661693845568
2040,3.0284223334186226e-07,1.5e-10,0.0004593510141976221,41963050.78605703,0.0,0.0,0.0,0.0,0.0,24227378.667347968,980828144341.3843,-466.3718945736146,1436.152160111628,1015.2491958440863,1399.113463747136,-340.8726313872071,-776.846919362964,-541.3766124872946,229.22058000634593,806.2486498007028,1873.5570937848454,0.00021454765050252342
2041,3.029922333418623e-07,1.5e-10,0.0004597439822531673,41983835.39574786,0.0,0.0,0.0,0.0,0.0,24239378.667347968,981528800146.2476,-491.04583671280966,1453.2458209910344,1019.453325208838,1413.2080580098266,-340.12638245125623,-781.4642420500293,-526.0998345952879,220.68420034070235,830.2730830762523,1903.2218724105521,0.000214833133783385
2042,3.031422333418623e-07,1.5e-10,0.00046013236288215063,42004620.00543869,0.0,0.0,0.0,0.0,0.0,24251378.667347968,982196231783.4373,-465.01939268715427,1439.3735807091614,1041.131362852645,1382.2569921797287,-326.28066775105486,-791.8938168827009,-525.0415377617351,230.93664366208185,790.0882813067741,1865.1634380195133,0.00021511290829908793
2043,3.032922333418623e-07,1.5e-10,0.00046052610038376126,42025404.615129516,0.0,0.0,0.0,0.0,0.0,24263378.667347968,982959500366.797,-478.7503396237174,1464.1559714343584,1036.8262345202315,1413.908185095673,-336.81963963383384,-795.0271912458749,-528.4278142598416,223.1998293535844,814.1981243077996,1904.3673193087284,0.00021539856339698423
2044,3.034422333418623e-07,1.5e-10,0.0004609170590377434,42046189.224820346,0.0,0.0,0.0,0.0,0.0,24275378.667347968,983554588598.6395,-481.27540520904097,1442.8529188006191,1034.4926462644896,1398.373698708904,-361.5508083990258,-784.8525443983029,-547.8547410155112,215.144063582159,841.1785012821073,1895.0642419584103,0.000215682823033278
2045,3.035922333418623e-07,1.5e-10,0.00046131072936174606,42066973.83451117,0.0,0.0,0.0,0.0,0.0,24287378.667347968,984168990338.9113,-491.607594626473,1454.3822847214851,1049.8288999635113,1419.8292032182608,-325.38925521818817,-795.5809200558449,-526.8868893462151,217.29808414932344,815.2850464923707,1905.5587863981211,0.0002159686568512377
2046,3.0374223334186233e-07,1.5e-10,0.00046171180596419925,42087758.444202,0.0,0.0,0.0,0.0,0.0,24299378.667347968,984642144964.4142,-513.8958083627301,1492.6389928197707,1035.2587649101597,1461.0664044080922,-340.42828441454975,-786.6633777113918,-555.4856238542618,202.19336600935165,852.4608692243519,1958.698780615381,0.00021626246166833003
2047,3.0389223334186234e-07,1.5e-10,0.0004621120542622228,42108543.05389282,0.0,0.0,0.0,0.0,0.0,24311378.667347968,985110377784.4934,-531.2894791642342,1472.5619411371658,1059.4872009208832,1461.489107264193,-352.1154873556726,-817.4461082506074,-561.5125955734483,211.32806514040533,881.5875591648768,1965.6139200040454,0.00021655730375633064
2048,3.0404223334186235e-07,1.5e-10,0.000462511772047893,42129327.66358365,0.0,0.0,0.0,0.0,0.0,24323378.667347968,985754614794.2482,-486.65970933795995,1490.8435196998284,1055.262072665951,1451.1190867574196,-357.4903544381628,-781.3671065073997,-560.6392307886197,213.07267484000724,842.4641467635772,1946.9223597040127,0.00021684934211028625
2049,3.0419223334186237e-07,1.5e-10,0.00046291097279096445,42150112.273274474,0.0,0.0,0.0,0.0,0.0,24335378.667347968,985946923935.6603,-469.96618950417894,1474.0086627997953,1048.9091814013295,1464.8943542284374,-358.9913360558946,-779.3917315375604,-551.2718679933583,201.81117605056312,832.6805574638754,1941.1846001954123,0.00021714051980031555
2050,3.043422333418624e-07,1.5e-10,0.0004633114945284556,42170896.882965304,0.0,0.0,0.0,0.0,0.0,24347378.667347968,986541449155.9386,-521.0757973896815,1480.9447878400613,1036.0672559218842,1460.6266793333134,-351.9295036112514,-797.3907971799218,-560.3352282233424,197.47502445826592,871.2715660110862,1961.9751613090007,0.00021743481607451191
2051,3.044922333418624e-07,1.5e-10,0.00046371567173228293,42191681.49265613,0.0,0.0,0.0,0.0,0.0,24359378.667347968,986755675236.7498,-499.17444198204976,1510.312646085023,1041.518079857854,1484.573202849794,-333.3070349044383,-787.5594136763144,-563.0428387482139,197.6853364311684,830.6907912490179,1970.3521697852525,0.0002177303688999797
2052,3.046422333418624e-07,1.5e-10,0.0004641146621868479,42212466.10234696,0.0,0.0,0.0,0.0,0.0,24371378.667347968,987384097706.1769,-483.7778420448,1478.267832369134,1051.646609535747,1452.2096833228,-373.38833224773805,-760.0322588131561,-545.9007678031059,207.00078791022167,855.4543368547487,1945.9226666140175,0.0002180222572999718
2053,3.047922333418624e-07,1.5e-10,0.00046452240713847314,42233250.71203779,0.0,0.0,0.0,0.0,0.0,24383378.667347968,988071660180.9194,-507.4988266924126,1517.0043009767858,1039.5114433060617,1506.4740881636485,-374.02980634973306,-785.1664769529427,-527.006670261105,197.99111324413386,880.2361185236439,2007.767879903053,0.00021832342248195727
2054,3.049422333418624e-07,1.5e-10,0.000464926068585329,42254035.32172861,0.0,0.0,0.0,0.0,0.0,24395378.667347968,988743219976.575,-475.8148617853591,1501.3922337914048,1037.2548516023066,1479.8235396728921,-392.1402914819572,-810.2609531376706,-525.2640530369813,219.22098293501395,866.3703852689632,1979.9539710883832,0.00021862041557762054
2055,3.0509223334186243e-07,1.5e-10,0.0004653371552365399,42274819.93141944,0.0,0.0,0.0,0.0,0.0,24407378.667347968,989342617370.3049,-555.9897539771637,1531.8371068064394,1035.5949295042274,1516.4322335732365,-364.37195722768513,-825.7171848625678,-524.251507999135,206.1855311739427,918.2660613815498,2041.8493018659049,0.00021892669297290043
2056,3.0524223334186244e-07,1.5e-10,0.00046574547257736444,42295604.54111026,0.0,0.0,0.0,0.0,0.0,24419378.667347968,989800207752.644,-547.0530238794069,1519.6704533905433,1021.4155202560567,1499.8823098212179,-384.9539839606517,-835.7812913637247,-543.5168782219486,193.47965250080426,904.1157877443557,2023.8907475344427,0.0002192302765850306
2057,3.0539223334186246e-07,1.5e-10,0.00046615803693883116,42316389.150801085,0.0,0.0,0.0,0.0,0.0,24431378.667347968,990293142635.4341,-541.4435670550421,1541.1902808017264,1039.2878066447438,1521.3557422204437,-398.460366051335,-822.659868111196,-521.9333255403158,212.85029397861433,938.9183398126266,2056.3487395431903,0.00021953872889596209
2058,3.0554223334186247e-07,1.5e-10,0.0004665675981265683,42337173.760491915,0.0,0.0,0.0,0.0,0.0,24443378.667347968,991152634099.0623,-531.8513997342302,1531.7958916633083,1050.0640807069483,1497.403519459114,-401.82644747783553,-834.2297594183156,-532.4215560801441,221.92893968116582,932.7487250799576,2036.9598530127878,0.000219844272873914
2059,3.056922333418625e-07,1.5e-10,0.00046698084836970546,42357958.37018274,0.0,0.0,0.0,0.0,0.0,24455378.667347968,992068592664.8231,-551.7520537722158,1541.5653015094308,1028.8594591310255,1522.9684946243658,-417.8068625204074,-829.888466838555,-529.4660555612759,225.41417295452797,968.596615120508,2068.85595947854,0.00022015460126783578
2060,3.058422333418625e-07,1.5e-10,0.0004673985650396559,42378742.97987357,0.0,0.0,0.0,0.0,0.0,24467378.667347968,992772370428.606,-572.4962750583239,1576.2961630658983,1072.140049261569,1535.087625779982,-388.43306281551247,-869.51305878651,-531.0176026714742,219.0207717173771,960.0049258545725,2097.390932647107,0.00022046920990773284
2061,3.059922333418625e-07,1.5e-10,0.0004678121063703086,42399527.5895644,0.0,0.0,0.0,0.0,0.0,24479378.667347968,993423304110.9556,-563.2600927961253,1547.0066690645913,1057.0905520341566,1520.0254585375014,-387.57275884513456,-859.5497204650243,-534.827358326033,221.2592257982598,949.8876921087582,2067.7187169388744,0.00022077936771527367
2062,3.061422333418625e-07,1.5e-10,0.0004682271762941384,42420312.19925522,0.0,0.0,0.0,0.0,0.0,24491378.667347968,994076421514.2043,-547.5619835146172,1560.2803754181118,1043.9079351692724,1529.5447311391808,-397.9721454685901,-840.1720035701389,-526.3128784617046,246.20128330857764,944.7567432997238,2071.1725797324893,0.00022109004360223354
2063,3.062922333418625e-07,1.5e-10,0.0004686442248491242,42441096.80894605,0.0,0.0,0.0,0.0,0.0,24503378.667347968,994490673585.5629,-559.2180803207746,1572.8508467559202,1032.5667045276805,1540.9172872213653,-378.0212608355225,-831.6886556136503,-510.3252936022065,251.31223222520168,936.2593871228995,2079.2256592489052,0.00022140192745112087
2064,3.0644223334186253e-07,1.5e-10,0.0004690604066107341,42461881.41863687,0.0,0.0,0.0,0.0,0.0,24515378.667347968,995090637535.7355,-547.2809024154495,1575.152665400363,1059.6792165113668,1527.9363231562013,-381.68393796397686,-868.9453352886337,-525.2548594648985,246.20022932780017,929.8028846492692,2075.4153776376606,0.00022171323975776652
2065,3.0659223334186255e-07,1.5e-10,0.0004694795486485575,42482666.0283277,0.0,0.0,0.0,0.0,0.0,24527378.667347968,995794116836.1677,-558.1301425096067,1597.3623776450518,1052.318993414429,1535.357154574094,-394.14386521835803,-839.5622084659706,-507.471273257955,244.85058563497122,951.3565167969775,2098.280911371307,0.00022202798189447222
2066,3.0674223334186256e-07,1.5e-10,0.0004699012073569373,42503450.638018526,0.0,0.0,0.0,0.0,0.0,24539378.667347968,996505289442.7874,-557.2168930103167,1622.2696454871107,1059.5735372125587,1543.8784570294997,-378.9488463355565,-820.1326233726493,-516.835384967656,236.92781663749372,935.2044218767757,2106.860758328745,0.00022234401100822154
2067,3.0689223334186257e-07,1.5e-10,0.00047032130361075465,42524235.247709356,0.0,0.0,0.0,0.0,0.0,24551378.667347968,997063093693.9095,-546.9302725979453,1601.0418715281337,1052.8411090723575,1541.2992765944603,-418.91083364859264,-873.2619528817614,-537.2568919201447,250.58160788884084,964.941473476921,2108.6589657835025,0.00022266030985308905
2068,3.070422333418626e-07,1.5e-10,0.0004707444872438841,42545019.85740018,0.0,0.0,0.0,0.0,0.0,24563378.667347968,997083008119.1183,-587.0824944133244,1615.3696421758832,1052.600510143154,1557.952985144372,-389.292435161049,-854.4547576255136,-541.9740660579732,247.92237867310214,975.4509486900937,2128.695641812975,0.000222979614199361
2069,3.071922333418626e-07,1.5e-10,0.0004711601527921535,42565804.46709101,0.0,0.0,0.0,0.0,0.0,24575378.667347968,997584886205.2161,-572.2889703381979,1588.5133395471057,1048.609793835342,1508.6424529849446,-356.5105206838407,-840.5946836947361,-552.617700812256,232.40672358702898,927.8822992946493,2068.7705455916657,0.00022328992978119973
2070,3.073422333418626e-07,1.5e-10,0.0004715793470045061,42586589.07678183,0.0,0.0,0.0,0.0,0.0,24587378.667347968,997666879401.7302,-569.0260259458878,1604.7363842913228,1035.4962265589556,1527.982109011207,-388.6334937311625,-832.7839908257481,-554.7214273573665,205.32258286856202,956.7366034857731,2099.1363670573764,0.00022360480023625833
2071,3.074922333418626e-07,1.5e-10,0.0004719991518899541,42607373.68647266,0.0,0.0,0.0,0.0,0.0,24599378.667347968,998445843400.1676,-554.9349298045493,1604.847256547652,1046.0089704799955,1533.7978003815301,-416.8388018939167,-844.6070586117946,-562.4728302978767,231.50931979929706,970.9065642656219,2106.3018673191514,0.0002239207455163562
2072,3.076422333418626e-07,1.5e-10,0.00047242502221138,42628158.296163484,0.0,0.0,0.0,0.0,0.0,24611378.667347968,999127243463.0404,-602.3208359603175,1646.4565226686898,1063.051426812143,1547.1308115106194,-416.0210126134622,-871.6093187731897,-572.070387146993,235.93701493122396,1017.4104208146495,2159.1755674881365,0.00022424462185147942
2073,3.0779223334186264e-07,1.5e-10,0.00047284718864218286,42648942.905854315,0.0,0.0,0.0,0.0,0.0,24623378.667347968,999645061138.6007,-562.4292555322143,1622.6784633022853,1063.7279980820638,1549.8893447340026,-383.9005942128774,-861.2445352226623,-609.6145521395405,250.97127776581414,945.3985069724623,2110.1981193356805,0.0002245611515693798
2074,3.0794223334186265e-07,1.5e-10,0.00047327686973444843,42669727.51554514,0.0,0.0,0.0,0.0,0.0,24635378.667347968,999931232807.4856,-605.816714198686,1655.253575986478,1082.382214080579,1579.9692879279994,-431.0325209432346,-850.6755613098771,-588.4219192850414,251.3393320399254,1035.9305549466746,2184.9315586318035,0.00022488889130317457
2075,3.0809223334186266e-07,1.5e-10,0.00047370643895542307,42690512.12523597,0.0,0.0,0.0,0.0,0.0,24647378.667347968,1000302326965.5367,-604.5904746933136,1658.386780452338,1094.4844045972472,1580.9163764246423,-405.3677960656193,-856.696563001711,-609.8200396305963,242.94367416089932,1009.0738188974659,2175.687050543248,0.00022521524436075607
2076,3.0824223334186267e-07,1.5e-10,0.00047413413796842935,42711296.73492679,0.0,0.0,0.0,0.0,0.0,24659378.667347968,1000489903034.3865,-646.8334760358798,1634.3829086200847,1105.3460470645716,1570.6087502453474,-415.3015306224966,-859.5755870325622,-652.9068801939226,262.02252541066764,1061.2392690932325,2180.82077677316,0.00022554236747727204
2077,3.083922333418627e-07,1.5e-10,0.00047456509832296824,42732081.34461762,0.0,0.0,0.0,0.0,0.0,24671378.667347968,1000986281855.5808,-589.9153923066012,1670.7892595260253,1083.6404895789776,1582.547879914611,-427.28447253396905,-851.3866939926439,-582.7807374952934,224.32458223295205,1016.2449440759701,2187.458333313143,0.000225870486227269
2078,3.085422333418627e-07,1.5e-10,0.0004749946400663636,42752865.95430844,0.0,0.0,0.0,0.0,0.0,24683378.667347968,1001230526428.1785,-540.6240818638826,1683.2780881271574,1100.340799802583,1563.2139804297708,-436.8210228658045,-822.1048265071585,-536.1437622516788,215.6128939084857,976.5637929039111,2167.9013818076587,0.00022619567143454015
2079,3.086922333418627e-07,1.5e-10,0.00047542577636853806,42773650.56399927,0.0,0.0,0.0,0.0,0.0,24695378.667347968,1000882058614.0721,-581.125439814841,1713.7253338844137,1091.5802323525616,1545.9158562989699,-422.659980415063,-794.748538552585,-570.9757652036384,214.46011304445017,1003.0346187413843,2181.5802927549657,0.0002265229084784534
2080,3.088422333418627e-07,1.5e-10,0.00047585870340479563,42794435.173690096,0.0,0.0,0.0,0.0,0.0,24707378.667347968,1000956348234.3915,-580.0015061154811,1710.4896504257836,1038.235518764091,1570.5399408215717,-431.208961009018,-776.4982546504084,-552.8229554645159,190.72913280451297,1010.4601176013884,2193.2207008708597,0.00022685189158358403
2081,3.089922333418627e-07,1.5e-10,0.0004762975973530242,42815219.783380926,0.0,0.0,0.0,0.0,0.0,24719378.667347968,1001540587557.5332,-588.742655355984,1731.0931484224811,1034.5928797849556,1610.440386515939,-450.19308915448516,-771.6946571690721,-519.8003192162867,173.58968026670118,1038.0205186845753,2239.207000023805,0.0002271877726335876
2082,3.0914223334186274e-07,1.5e-10,0.0004767347929558522,42836004.393071756,0.0,0.0,0.0,0.0,0.0,24731378.667347968,1001671161737.3622,-619.8297298410694,1719.1950248089001,1052.0225781296633,1594.6224473702841,-443.3831091224705,-771.36974788299,-532.853889445464,191.92350810743275,1062.363654961725,2236.475525813427,0.00022752324396245962
2083,3.0929223334186275e-07,1.5e-10,0.00047716926372694225,42856789.00276258,0.0,0.0,0.0,0.0,0.0,24743378.667347968,1001415445334.4727,-551.4854387793902,1711.4520826649693,1041.028414448578,1588.2111900687967,-466.1663029837337,-789.570491384029,-541.1783974207394,217.90283109548102,1016.7309409040001,2204.1483390492062,0.000227853866213317
2084,3.0944223334186276e-07,1.5e-10,0.0004776067991204013,42877573.6124534,0.0,0.0,0.0,0.0,0.0,24755378.667347968,1001800957704.7504,-567.2764496243802,1730.5113716663946,1049.9936320989334,1602.0195042741802,-447.8452434573176,-802.1300956413678,-537.1881056879757,210.9612021141761,1014.199349776966,2222.6222287076926,0.00022818725954762317
2085,3.0959223334186277e-07,1.5e-10,0.00047804218972758746,42898358.22214423,0.0,0.0,0.0,0.0,0.0,24767378.667347968,1002086245568.9581,-582.7603872028665,1726.8158173301897,1094.8677385675428,1575.070760847095,-428.9301941829298,-805.44009112941,-510.6169517916932,219.94030503614232,1010.7799479067191,2211.8730918568135,0.00022851904051140169
2086,3.097422333418628e-07,1.5e-10,0.00047848298407733103,42919142.831835054,0.0,0.0,0.0,0.0,0.0,24779378.667347968,1002517913589.6033,-627.6161998255526,1757.8338336729144,1059.6863173348722,1603.9161550343028,-412.84784524642635,-762.9332262794851,-552.7607636494162,218.44595067634845,1039.6295984446976,2246.861008606358,0.00022885606966269265
2087,3.098922333418628e-07,1.5e-10,0.00047892455513230404,42939927.441525884,0.0,0.0,0.0,0.0,0.0,24791378.667347968,1003020571675.8618,-627.1913593086728,1770.8076918093639,1085.941729475481,1585.490808756632,-466.8628746172043,-789.6294192448162,-557.4757253564546,216.64396867553057,1093.4789735264296,2272.0314471003408,0.0002291968743797577
2088,3.100422333418628e-07,1.5e-10,0.00047936612432473123,42960712.051216714,0.0,0.0,0.0,0.0,0.0,24803378.667347968,1003420133893.1107,-646.7379874187031,1754.2141632300577,1100.0256741875098,1595.3390742331922,-455.8124514759367,-818.8167837681884,-579.1743498574336,182.63602385358737,1102.0451458651635,2278.6396518957085,0.00022953867032754206
2089,3.101922333418628e-07,1.5e-10,0.0004798087075248779,42981496.66090754,0.0,0.0,0.0,0.0,0.0,24815378.667347968,1003855086256.5895,-580.3765667310837,1771.0854804048154,1094.7248193520586,1608.5221876844316,-476.7159136631886,-789.0611076799411,-568.7948255035489,202.81338401846526,1056.6550650030308,2265.92634758422,0.00022987855927967968
2090,3.1034223334186283e-07,1.5e-10,0.0004802531625899666,43002281.27059837,0.0,0.0,0.0,0.0,0.0,24827378.667347968,1004514806172.1315,-598.4875047807858,1773.740975956278,1081.0567737691904,1626.8289324659222,-463.29365994913013,-777.6131948053707,-578.9849359852442,199.59744232683298,1061.2934840591774,2276.5762582252155,0.00023022004571841346
2091,3.1049223334186284e-07,1.5e-10,0.0004807034262716772,43023065.88028919,0.0,0.0,0.0,0.0,0.0,24839378.667347968,1005228996937.4072,-610.6200919652629,1804.7616618850723,1090.3252363108736,1649.8987760030639,-497.919102243063,-830.675414828553,-607.5486044021046,176.87905559481638,1108.0419538508072,2330.3988426834685,0.00023056960554481597
2092,3.1064223334186285e-07,1.5e-10,0.00048115161920930777,43043850.48998002,0.0,0.0,0.0,0.0,0.0,24851378.667347968,1005608146036.6631,-588.6156976156933,1776.3417045217896,1108.1181313806367,1669.6355672875925,-462.30243536166705,-792.5721876333188,-596.951436359004,201.86171103934265,1050.4498492198659,2295.8123724858997,0.00023091397740068886
2093,3.1079223334186286e-07,1.5e-10,0.0004815967894252526,43064635.09967084,0.0,0.0,0.0,0.0,0.0,24863378.667347968,1006401287170.7877,-578.4720557576119,1775.6338911116204,1117.4076522453954,1631.7975462443635,-489.55771727283326,-796.391815644557,-602.406927540181,207.96260483155356,1067.552288350156,2284.001810803262,0.00023125657767230934
2094,3.1094223334186287e-07,1.5e-10,0.00048204387195303536,43085419.70936167,0.0,0.0,0.0,0.0,0.0,24875378.667347968,1007217117093.9141,-596.1084959387207,1779.2019682189589,1125.8105058193391,1651.280976711828,-454.40307017810454,-796.8093910344127,-602.9606873635073,194.59202445944973,1049.899444725654,2290.0133617536294,0.00023160007967657238
2095,3.110922333418629e-07,1.5e-10,0.0004824928124698078,43106204.319052495,0.0,0.0,0.0,0.0,0.0,24887378.667347968,1008089181791.0819,-595.6508059982339,1774.1771448276968,1147.1908123377543,1671.036013672714,-481.12774828375154,-820.5360917265781,-621.9649712017184,198.30904882077238,1076.2186873526637,2310.958192060081,0.00023194672340538138
2096,3.112422333418629e-07,1.5e-10,0.0004829443871527152,43126988.92874332,0.0,0.0,0.0,0.0,0.0,24899378.667347968,1008567945230.4604,-609.4772879251598,1784.1641315116974,1110.8919221896335,1689.6508543975092,-474.15235901161753,-804.5996523720487,-596.0903729700699,184.64801834658093,1083.2903617643383,2327.8282642716504,0.00023229589764502213
2097,3.113922333418629e-07,1.5e-10,0.00048339177944897515,43147773.53843415,0.0,0.0,0.0,0.0,0.0,24911378.667347968,1008853448046.5204,-553.4276118795705,1786.284461171828,1104.4363022340506,1652.9622555747276,-489.4090655169337,-802.402690062536,-597.0866029617546,181.2231103052138,1042.4901982230397,2290.332152264901,0.00023263944746786187
2098,3.115422333418629e-07,1.5e-10,0.0004838381574056373,43168558.14812498,0.0,0.0,0.0,0.0,0.0,24923378.667347968,1009586319324.237,-618.1799318327604,1766.2041191490962,1092.796328020425,1646.0553623963945,-467.86392929998436,-778.3004408704418,-584.3606779196843,175.47877321991058,1085.709967133901,2296.7392811744203,0.00023298395836003803
2099,3.1169223334186293e-07,1.5e-10,0.00048428922516902893,43189342.75781581,0.0,0.0,0.0,0.0,0.0,24935378.667347968,1010350434260.6283,-661.9646580023339,1784.4013297832773,1094.1276759941657,1669.9902782848267,-459.3038971423522,-781.4616364707048,-575.8293665567753,177.85952509888446,1120.9668880569197,2336.467284405964,0.00023333442845269894
2100,3.1184223334186294e-07,1.5e-10,0.0004847396260088987,43210127.36750663,0.0,0.0,0.0,0.0,0.0,24947378.667347968,1010836964778.3453,-659.1560674505452,1782.8359302192923,1085.337300224526,1671.6623772070243,-439.434140114476,-766.3568591366361,-589.9383996059257,190.82302977798741,1098.3195132373378,2322.2121272117142,0.0002336827602717807
2101,3.1199223334186295e-07,1.5e-10,0.00048519961776803303,43230911.97719745,0.0,0.0,0.0,0.0,0.0,24959378.667347968,1011451393709.9569,-674.5864906451914,1825.8623915223534,1081.955378940884,1728.012068337537,-470.7080716880645,-774.1678586265382,-569.5095174912542,196.94283954326124,1144.9891900895313,2394.513151288957,0.00023404193724447405
2102,3.1214223334186296e-07,1.5e-10,0.0004856536719668825,43251696.58688828,0.0,0.0,0.0,0.0,0.0,24971378.667347968,1012003090130.8989,-583.0378697307108,1816.8929172795579,1097.234117510257,1698.752918255682,-473.6858766744044,-758.6412425930838,-608.2168846334662,217.01853944644012,1056.4479461207206,2327.591466721043,0.0002343910759644822
2103,3.12292233341863e-07,1.5e-10,0.00048610935569883874,43272481.196579106,0.0,0.0,0.0,0.0,0.0,24983378.667347968,1012612216819.3917,-637.2201355344953,1807.802068271534,1066.0115982380964,1709.4519742548782,-475.532367004259,-764.4459132360944,-593.9022720863084,206.144123455523,1112.4332704971362,2355.4929231476885,0.00023474439990295437
2104,3.12442233341863e-07,1.5e-10,0.0004865634822760018,43293265.806269936,0.0,0.0,0.0,0.0,0.0,24995378.667347968,1012753015331.5338,-615.6699169455379,1818.7202126439793,1107.5940030112195,1689.6390352006122,-461.74311772855094,-776.6596861546731,-630.5243412276244,220.22802916250905,1077.064520691212,2334.5552419608334,0.0002350945831892485
2105,3.12592233341863e-07,1.5e-10,0.00048701781130811614,43314050.41596077,0.0,0.0,0.0,0.0,0.0,25007378.667347968,1013238318906.5587,-590.0945905909144,1832.1507397409298,1111.874270760555,1686.527997288063,-452.8353854096914,-808.1001468736308,-643.3277134349269,203.7876875431587,1042.5736351207945,2327.107795300801,0.00023544364935854364
2106,3.12742233341863e-07,1.5e-10,0.00048747507284947235,43334835.02565159,0.0,0.0,0.0,0.0,0.0,25019378.667347968,1013866192557.6672,-629.0545905149834,1836.718764014418,1091.2091691747414,1715.082350714784,-424.0973742589693,-770.5669023185384,-636.7282772277484,243.80192784582343,1052.9373770840343,2342.919556137288,0.00023579508729196423
2107,3.12892233341863e-07,1.5e-10,0.00048793175335455126,43355619.63534241,0.0,0.0,0.0,0.0,0.0,25031378.667347968,1014506220911.3329,-614.4325822812294,1844.5983140318494,1115.1952931410074,1698.1337805068404,-447.60144073644216,-800.6108877655291,-631.1104698829996,235.6599475721144,1048.0270723150352,2342.144939939694,0.00023614640903295517
2108,3.1304223334186303e-07,1.5e-10,0.0004883964700047129,43376404.24503324,0.0,0.0,0.0,0.0,0.0,25043378.667347968,1014820590244.1791,-634.0782708203966,1888.1588653584938,1130.0898864006067,1733.5862777215627,-474.1824050658562,-795.4765141173315,-622.8282499492174,250.64509096610226,1107.9955299242838,2406.955901213394,0.0002365074524181372
2109,3.1319223334186304e-07,1.5e-10,0.0004888577108798037,43397188.85472407,0.0,0.0,0.0,0.0,0.0,25055378.667347968,1015127727278.6376,-616.2861548094332,1873.5832336876554,1123.0468459108697,1713.033658767215,-476.0767614545323,-786.8078713172027,-639.6070854899119,218.51886334155358,1090.4923971182334,2381.298657101727,0.00023686464721670245
2110,3.1334223334186305e-07,1.5e-10,0.0004893177559344052,43417973.464414895,0.0,0.0,0.0,0.0,0.0,25067378.667347968,1015453206556.9003,-605.1841510173356,1872.1505113807118,1155.996290722211,1699.1456018493236,-490.6047023051051,-791.8282255227487,-659.346442175275,220.15679512117956,1095.5601389686485,2376.412627056305,0.0002372211091107609
2111,3.1349223334186306e-07,1.5e-10,0.000489780735031042,43438758.074105725,0.0,0.0,0.0,0.0,0.0,25079378.667347968,1015985164037.4307,-625.2699697955196,1868.9853786020178,1131.9997273940805,1738.8353021056482,-462.26768797298337,-752.4459135003057,-680.7388403398237,190.610494550217,1093.6516006942013,2390.0572544508686,0.00023757961769892852
2112,3.136422333418631e-07,1.5e-10,0.0004902458395507261,43459542.68379655,0.0,0.0,0.0,0.0,0.0,25091378.667347968,1016374583682.4204,-620.6868942655235,1879.3996187879827,1124.496306456822,1746.4244108987302,-513.6364982275295,-744.648312951714,-698.9205785102035,189.9373489020609,1134.0815804031981,2415.6331299941676,0.00023794196266842764
2113,3.137922333418631e-07,1.5e-10,0.0004907062798051786,43480327.29348737,0.0,0.0,0.0,0.0,0.0,25103378.667347968,1016921507851.4674,-597.1227226900833,1863.346806903454,1161.1823942234953,1715.7041162228293,-498.0470827675019,-741.252601553935,-690.5824947709974,191.70562821673974,1094.9451549255762,2376.2782049107755,0.00023829840439916426
2114,3.139422333418631e-07,1.5e-10,0.0004911686475506569,43501111.9031782,0.0,0.0,0.0,0.0,0.0,25115378.667347968,1017632533399.5703,-639.4113112638391,1863.4098793121177,1146.9291510846472,1729.2533741890036,-501.66216979462496,-727.3806740873944,-742.3330498423106,199.3236775001024,1140.8629113890634,2399.5785275862645,0.0002386583411783022
2115,3.140922333418631e-07,1.5e-10,0.0004916337071008702,43521896.51286903,0.0,0.0,0.0,0.0,0.0,25127378.667347968,1018225611199.964,-589.7832482309036,1897.6789616662177,1134.8405668668704,1749.6518408809857,-466.55562029413,-707.4273308196401,-710.4307047343735,195.88063173746025,1056.1518831789324,2387.9402696155885,0.00023901653221874454
2116,3.142422333418631e-07,1.5e-10,0.000492097938201525,43542681.12255986,0.0,0.0,0.0,0.0,0.0,25139378.667347968,1018883916876.5405,-636.3162308630094,1881.7477348592088,1119.1197745934912,1733.2508785150283,-501.8096630623418,-701.2094693735638,-709.0677396326951,179.85329096397308,1137.9640374709652,2409.1157976318705,0.00023937789958838933
2117,3.1439223334186313e-07,1.5e-10,0.0004925579583309648,43563465.732250676,0.0,0.0,0.0,0.0,0.0,25151378.667347968,1019348026518.777,-607.1868439828027,1854.384213884945,1158.078064907092,1723.6813057700595,-481.3748328131978,-733.3362375328439,-731.4170648083141,210.85051441469727,1088.4072494252239,2368.3777619823686,0.00023973315625268668
2118,3.1454223334186314e-07,1.5e-10,0.0004930227651467681,43584250.341941506,0.0,0.0,0.0,0.0,0.0,25163378.667347968,1019994413027.81,-599.9332399757053,1885.380695392025,1185.943070603956,1747.5025507229045,-483.1346101860007,-751.4427914131497,-713.7100812071878,228.11652222050773,1082.9001816686587,2396.2984340502417,0.00024009260101779423
2119,3.1469223334186315e-07,1.5e-10,0.0004934842471645206,43605034.951632336,0.0,0.0,0.0,0.0,0.0,25175378.667347968,1020381030949.6901,-616.7019833556283,1856.0598586450315,1158.070375817243,1742.1579905627782,-469.1079338607338,-703.7890422462847,-726.4197145850783,256.9492312932826,1085.2231804606386,2372.7161428021873,0.00024044850843921454
2120,3.1484223334186317e-07,1.5e-10,0.0004939455551190567,43625819.56132316,0.0,0.0,0.0,0.0,0.0,25187378.667347968,1020270897191.2716,-579.5622078485086,1857.5199912949124,1150.5863830689266,1744.1689825668818,-486.5869325961925,-725.5933481090859,-721.9016912397772,232.55026098661907,1065.9523221085296,2367.6185371734387,0.00024080365121979057
2121,3.149922333418632e-07,1.5e-10,0.0004944087149956472,43646604.17101399,0.0,0.0,0.0,0.0,0.0,25199378.667347968,1020975067470.5345,-609.772350202537,1856.522793453729,1150.452707038767,1765.223653935395,-444.95666932668126,-718.8054664598204,-705.7173173232225,224.64557436613433,1054.5807803071887,2375.074009561351,0.00024115991232122476
2122,3.151422333418632e-07,1.5e-10,0.0004948727455005487,43667388.78070481,0.0,0.0,0.0,0.0,0.0,25211378.667347968,1021578306844.2974,-578.5190534599885,1883.9077508305882,1165.852251296949,1756.155333212571,-458.9031463632344,-724.4711312753064,-726.2110670931,249.25108403911236,1037.276807905503,2374.280021277399,0.00024151605432441638
2123,3.152922333418632e-07,1.5e-10,0.0004953388381444929,43688173.39039564,0.0,0.0,0.0,0.0,0.0,25223378.667347968,1022311617586.8363,-597.6579359292936,1894.8569046824875,1149.956144919706,1759.4169085445037,-488.3659217035256,-698.9282297130305,-733.174700739868,251.9333884733774,1085.8706912010175,2399.7813193486313,0.00024187602152231868
2124,3.154422333418632e-07,1.5e-10,0.000495803795685013,43708958.000086464,0.0,0.0,0.0,0.0,0.0,25235378.667347968,1022856441518.126,-570.0592539230939,1893.9800118534788,1153.8907140328529,1759.5155935473351,-471.1019368190635,-669.2787601076633,-719.326579336618,243.4877705636014,1041.0456800607708,2379.0429086985587,0.00024223287795862347
2125,3.155922333418632e-07,1.5e-10,0.0004962716361937716,43729742.609777294,0.0,0.0,0.0,0.0,0.0,25247378.667347968,1023599628823.145,-562.9049156552668,1912.7459382518591,1181.1804779544125,1781.2579650373746,-446.2256717284088,-676.8345696521648,-730.5380462558792,249.81818565722017,1009.0279981945309,2387.419808189095,0.00024259099092985184
2126,3.1574223334186323e-07,1.5e-10,0.0004967405994173922,43750527.219468124,0.0,0.0,0.0,0.0,0.0,25259378.667347968,1024062449600.7969,-605.5000499399038,1906.322036569236,1168.3186529236818,1776.0274123992222,-482.1854730137509,-713.7960053265826,-737.7207160508314,210.1429832823015,1087.5477892371891,2419.5430066885656,0.00024295392238085512
2127,3.1589223334186324e-07,1.5e-10,0.0004972122598200946,43771311.82915895,0.0,0.0,0.0,0.0,0.0,25271378.667347968,1024755441464.5856,-611.3145487892386,1924.5980473016741,1152.5683297889743,1796.9838315296397,-458.002508312009,-691.104335282253,-747.4607869497997,232.73072068896906,1069.1526911639148,2427.447814548932,0.00024331803955303746
2128,3.1604223334186326e-07,1.5e-10,0.0004976878991838906,43792096.43884977,0.0,0.0,0.0,0.0,0.0,25283378.667347968,1025532968310.6122,-602.7444075622183,1932.321329409025,1204.5501054870076,1833.1067757471071,-475.6440076314397,-706.786838582462,-770.8793610550451,255.03342333763337,1077.592055849178,2454.3896485824607,0.00024368619800032483
2129,3.1619223334186327e-07,1.5e-10,0.0004981524948549645,43812881.0485406,0.0,0.0,0.0,0.0,0.0,25295378.667347968,1026009095073.0986,-584.7590554202266,1876.9790954775901,1182.2625194336586,1776.7640047590362,-436.6933344595488,-678.6065418551912,-775.9793397857543,259.9726474402131,1021.2271453329316,2369.3358569712473,0.00024404159837887053
2130,3.163422333418633e-07,1.5e-10,0.000498631091027284,43833665.65823142,0.0,0.0,0.0,0.0,0.0,25307378.667347968,1026503660153.7692,-575.0144825492132,1948.0296097065932,1212.3642972452158,1853.1091047979585,-512.4227061550131,-706.0881804977944,-789.3260921522481,257.1441257808632,1087.3278303128784,2475.221781654742,0.00024441288164611875
2131,3.164922333418633e-07,1.5e-10,0.0004991142218096792,43854450.26792225,0.0,0.0,0.0,0.0,0.0,25319378.667347968,1027283785887.7958,-636.2265589861246,1968.7014421264068,1205.6298897792904,1866.4585653417735,-507.6629307190359,-712.8121943388849,-791.3038554588741,248.0457063154931,1143.6081679627414,2519.048582886135,0.00024479073893355166
2132,3.166422333418633e-07,1.5e-10,0.0004996006999009823,43875234.87761308,0.0,0.0,0.0,0.0,0.0,25331378.667347968,1027752044093.0691,-643.4898130981657,1978.979305505841,1198.3558209011012,1899.1806917103888,-480.30714283357685,-721.2359681994266,-794.2399393970579,243.08420679696724,1123.5199017855823,2532.8643757662294,0.00024517066858991657
2133,3.167922333418633e-07,1.5e-10,0.0005000784819658418,43896019.487303905,0.0,0.0,0.0,0.0,0.0,25343378.667347968,1028289321073.7212,-648.0736310736731,1951.6998251922612,1205.7955128153258,1835.5792417430011,-472.1175862663806,-702.8088482595992,-830.0306511778708,274.2222068195603,1084.4835030850913,2470.247376367108,0.0002455412056963716
2134,3.169422333418633e-07,1.5e-10,0.0005005625481161878,43916804.09699473,0.0,0.0,0.0,0.0,0.0,25355378.667347968,1028644791302.4275,-628.8823499746068,1984.553818426915,1206.127222188428,1866.1601053393165,-500.24466290212973,-723.9470543515157,-791.6000773596021,279.88678166344306,1128.6923183283006,2519.0201909285283,0.0002459190587250109
2135,3.1709223334186333e-07,1.5e-10,0.0005010499983015714,43937588.70668556,0.0,0.0,0.0,0.0,0.0,25367378.667347968,1029099329976.0454,-609.4258163257368,1999.9438016015622,1213.6418188795947,1893.1900714143078,-500.574750594478,-751.5078219036665,-771.2379497265096,278.7913224247991,1109.5866043217202,2535.2178146791225,0.00024629934139721275
2136,3.1724223334186335e-07,1.5e-10,0.0005015441906844178,43958373.31637639,0.0,0.0,0.0,0.0,0.0,25379378.667347968,1029513999774.3619,-640.4141697542365,2037.1862625540105,1216.5917575252024,1923.0021093109422,-502.92973345565093,-737.6437738971035,-751.0368848182032,270.15136891743987,1142.9150804130634,2585.667511634861,0.000246687191523958
2137,3.1739223334186336e-07,1.5e-10,0.0005020296955249304,43979157.92606721,0.0,0.0,0.0,0.0,0.0,25391378.667347968,1029907535231.764,-666.1628378312972,1985.8604685423786,1202.4118985039597,1883.4774841937729,-417.6578390754268,-747.7361516870175,-769.2952299093838,241.93275654458725,1083.4242755957155,2516.5612537504344,0.00024706467571202054
2138,3.1754223334186337e-07,1.5e-10,0.0005025140733479161,43999942.53575803,0.0,0.0,0.0,0.0,0.0,25403378.667347968,1030363504470.8245,-633.1768602456528,1982.277465003031,1207.1562381257502,1873.928866663822,-465.3907601503301,-767.4509655588188,-771.025024434883,275.52803190598206,1098.0922997143539,2513.2410860578825,0.0002474416618749292
2139,3.176922333418634e-07,1.5e-10,0.0005030028796672615,44020727.14544886,0.0,0.0,0.0,0.0,0.0,25415378.667347968,1030930779536.0078,-666.2629234064876,2003.9927357168851,1226.0781745392171,1893.7833995856222,-453.68036916330186,-772.6063364959732,-783.4618729389271,248.79723129453149,1119.4860101205095,2547.476276940226,0.0002478237833164702
2140,3.178422333418634e-07,1.5e-10,0.0005034924703411225,44041511.75513969,0.0,0.0,0.0,0.0,0.0,25427378.667347968,1031646749921.9523,-665.0315427292858,2011.2599160124748,1280.4964995073815,1885.4344035452364,-479.4737585546919,-808.4450000441066,-775.9752075535123,278.9591552265711,1144.0500881136604,2561.324455441685,0.00024820798198478647
2141,3.179922333418634e-07,1.5e-10,0.0005039806123836138,44062296.36483052,0.0,0.0,0.0,0.0,0.0,25439378.667347968,1031823503900.5338,-652.7050127282301,2014.9444590990408,1225.019893055511,1878.1452685576644,-460.2559991423479,-791.7671402532975,-810.8075046994857,243.37324033634283,1112.4936470807975,2541.6174945681287,0.0002485892246089717
2142,3.181422333418634e-07,1.5e-10,0.0005044678637191569,44083080.97452135,0.0,0.0,0.0,0.0,0.0,25451378.667347968,1032444089968.9501,-672.0042156953662,2007.7196975383665,1244.1386385106432,1866.8226062281599,-463.00181389008577,-783.3579741816641,-788.8684734081764,263.47719415188334,1132.5193685795562,2542.0953262957837,0.00024897053890791606
2143,3.182922333418634e-07,1.5e-10,0.0005049594688666755,44103865.58421217,0.0,0.0,0.0,0.0,0.0,25463378.667347968,1032965275782.6061,-652.7881287318233,2025.8594122573513,1234.5675196862185,1899.4365002947702,-519.6274849315123,-788.946004648591,-811.9397070745232,284.37385027366713,1150.45523567882,2574.2662355761627,0.0002493566788432525
2144,3.1844223334186344e-07,1.5e-10,0.0005054553428384409,44124650.19390299,0.0,0.0,0.0,0.0,0.0,25475378.667347968,1033207034089.5835,-657.2259239494438,2052.111528680007,1241.8549997465232,1922.4881334990403,-487.6395528680995,-829.7460491112929,-845.745473674637,242.25053676403164,1144.3369416336407,2598.588512860198,0.00024974646712018153
2145,3.1859223334186345e-07,1.5e-10,0.0005059453250045519,44145434.80359382,0.0,0.0,0.0,0.0,0.0,25487378.667347968,1033494163451.2229,-664.6888487191962,2019.5121259663888,1266.531478317873,1886.2115807765601,-466.25943150231075,-826.5872412962793,-824.5232692209876,261.63101391294026,1130.6102197136831,2558.9191502909453,0.0002501303049927252
2146,3.1874223334186346e-07,1.5e-10,0.0005064396259556145,44166219.41328465,0.0,0.0,0.0,0.0,0.0,25499378.667347968,1033868874701.6515,-662.989451561553,2056.185502911695,1261.6913408841149,1896.988616787416,-488.7507718636737,-778.5520499045044,-825.9184914847639,234.37824578316744,1151.015234830995,2589.732645622511,0.00025051876488956854
2147,3.1889223334186347e-07,1.5e-10,0.0005069320929367236,44187004.022975475,0.0,0.0,0.0,0.0,0.0,25511378.667347968,1034401068898.0736,-653.6410397082085,2039.2320954091597,1296.2264989255502,1893.41706101214,-485.37736845746764,-802.9094937498335,-823.7161504192414,256.73398831403665,1138.434159067824,2575.8521804089573,0.0002509051427166299
2148,3.190422333418635e-07,1.5e-10,0.0005074302868873766,44207788.632666305,0.0,0.0,0.0,0.0,0.0,25523378.667347968,1034941598948.4131,-680.0117080722998,2079.9040647811457,1279.7556432001195,1913.6690338567576,-484.38174219083703,-807.5676789862048,-835.0080584409201,269.38443488214216,1163.84163903459,2616.5629888982085,0.00025129762716496465
2149,3.191922333418635e-07,1.5e-10,0.0005079223471236297,44228573.24235713,0.0,0.0,0.0,0.0,0.0,25535378.667347968,1035395170970.14,-669.9873512750064,2034.9555204064875,1277.6726404502335,1889.4368109025886,-484.38260950551313,-784.6093844546211,-822.5537936203801,256.2492634798121,1153.7692818135972,2576.595880229494,0.00025168411654699906
2150,3.193422333418635e-07,1.5e-10,0.0005084199818715919,44249357.85204796,0.0,0.0,0.0,0.0,0.0,25547378.667347968,1035579440350.5195,-684.7072549900528,2072.5425325604233,1325.4672676114544,1910.9261908152005,-467.1981079340507,-817.2726922109315,-790.2227225247478,292.81988661234374,1152.2450487659546,2611.455152302051,0.00025207583481984437
2151,3.194922333418635e-07,1.5e-10,0.0005089162439016853,44270142.46173878,0.0,0.0,0.0,0.0,0.0,25559378.667347968,1035751911965.0896,-706.8729765605908,2053.54121967352,1330.8751140333752,1900.3791691571569,-506.8726985215394,-811.8182405971602,-844.0485856207621,288.7465884021695,1213.1412358610253,2620.476575904741,0.0002524689063062301
2152,3.196422333418635e-07,1.5e-10,0.0005094037885996749,44290927.07142961,0.0,0.0,0.0,0.0,0.0,25571378.667347968,1036174312869.1942,-709.6540269465847,1996.7578092201127,1252.9013273505318,1890.4363698585482,-378.64385570930864,-766.0216329524421,-862.7923067754011,243.2867555935418,1087.6443919690614,2529.5332934109847,0.00025284833630024174
2153,3.1979223334186354e-07,1.5e-10,0.0005098965727628865,44311711.68112044,0.0,0.0,0.0,0.0,0.0,25583378.667347968,1035934079857.7858,-694.2405693491404,2024.8756091820412,1293.3982363828018,1902.4892190042674,-479.183209006273,-765.5248524195451,-864.3079237395674,244.59997270534777,1172.8041550795588,2585.458561814241,0.00025323615508451386
2154,3.1994223334186355e-07,1.5e-10,0.0005103908851159262,44332496.290811256,0.0,0.0,0.0,0.0,0.0,25595378.667347968,1035937083199.1221,-695.2782334556146,2031.6106115681534,1298.3502660364807,1920.30102719477,-453.64952580984846,-733.1550450514072,-859.4040995359948,244.88148677588651,1148.2929908736826,2586.1337565005506,0.00025362407514798894
2155,3.2009223334186356e-07,1.5e-10,0.0005108806468780884,44353280.900502086,0.0,0.0,0.0,0.0,0.0,25607378.667347968,1036284316082.5651,-646.9545221223354,2019.947991646111,1263.9720152847692,1901.987400006552,-426.5100462554216,-725.4927115909188,-850.8781372249151,226.44648924321191,1072.782766261725,2536.6591266274345,0.00025400457401698304
2156,3.2024223334186357e-07,1.5e-10,0.0005113702946263189,44374065.510192916,0.0,0.0,0.0,0.0,0.0,25619378.667347968,1037031937017.2659,-689.8550187256351,2003.7548153838661,1298.01776371927,1895.3281870569867,-449.27146268022636,-725.9299769026512,-863.7090891425573,223.60929102277865,1138.4405041464158,2555.476570507637,0.00025438789550255917
2157,3.203922333418636e-07,1.5e-10,0.000511864375064464,44394850.11988374,0.0,0.0,0.0,0.0,0.0,25631378.667347968,1037790719712.8988,-646.9860103195917,2038.3323592294198,1303.2126385652073,1936.854624186595,-411.6198452341352,-705.7228048872655,-877.8968565314484,208.70591702799325,1057.9121272286272,2558.934060720003,0.00025477173561166716
2158,3.205422333418636e-07,1.5e-10,0.0005123585827804959,44415634.72957457,0.0,0.0,0.0,0.0,0.0,25643378.667347968,1038198203795.8861,-654.3202303207922,2041.5869552487034,1274.8731335654793,1934.8454241474217,-413.30102385381315,-708.0935421386813,-901.3361959245257,196.77918700284152,1066.905985760809,2561.735664649777,0.0002551559959613646
2159,3.206922333418636e-07,1.5e-10,0.0005128506568214318,44436419.33926539,0.0,0.0,0.0,0.0,0.0,25655378.667347968,1038507984905.9528,-674.8809478418957,2012.4195447810448,1334.665240780646,1924.9131368232383,-434.95814608389924,-724.351458937117,-880.2594686753145,200.84046975228895,1086.2979676740424,2558.1587989218624,0.0002555397197812029
2160,3.208422333418636e-07,1.5e-10,0.0005133447784310191,44457203.94895622,0.0,0.0,0.0,0.0,0.0,25667378.667347968,1038601390777.6655,-656.4694603459499,2025.9659862733881,1318.858420050544,1940.232858494487,-434.5386266453906,-699.6818057874865,-892.076878687586,198.06456302378638,1090.2918305414948,2567.847354682037,0.0002559248968844052
2161,3.2099223334186363e-07,1.5e-10,0.0005138313161972489,44477988.558647044,0.0,0.0,0.0,0.0,0.0,25679378.667347968,1038667726156.8295,-606.582584870763,1984.9098023546885,1316.0021837271577,1912.8980015123996,-440.8970698399752,-673.5495590247671,-899.2635932739238,184.02034186272073,1023.5660706063344,2505.0785684173884,0.00025630065866966785
2162,3.2114223334186364e-07,1.5e-10,0.0005143172245051775,44498773.168337874,0.0,0.0,0.0,0.0,0.0,25691378.667347968,1039044469694.6415,-589.4004158638395,1964.773057878317,1288.0641984347833,1934.060607802644,-423.43406671418273,-636.572773411005,-899.8295925612144,167.6767050776056,1012.0537198657826,2494.8866084240553,0.0002566748916609315
2163,3.2129223334186365e-07,1.5e-10,0.0005147993912888366,44519557.778028704,0.0,0.0,0.0,0.0,0.0,25703378.667347968,1039298949169.1742,-604.8106224112364,1949.216443836787,1284.4877372654526,1913.5609299519233,-382.7209632636321,-614.9394219691877,-928.7243603608467,169.5569009577146,986.774959665545,2464.276384747647,0.00025704453311864363
2164,3.2144223334186366e-07,1.5e-10,0.0005152785052316727,44540342.38771953,0.0,0.0,0.0,0.0,0.0,25715378.667347968,1039797147166.6992,-568.1493910350742,1928.74255136811,1322.0365445826046,1905.645668892582,-369.0872879717092,-638.6208235009891,-876.1370377654272,159.33729774266027,936.3293184758857,2436.0169396334804,0.00025740993565958865
2165,3.2159223334186367e-07,1.5e-10,0.0005157647569309073,44561126.99741035,0.0,0.0,0.0,0.0,0.0,25727378.667347968,1040356933134.9744,-591.1366476353717,1964.49484818271,1307.7071222756451,1938.3059211380416,-422.069741354952,-628.1596728960138,-882.6428198630311,156.21347172266533,995.6418161806636,2494.8642435172856,0.00025778416529611626
2166,3.217422333418637e-07,1.5e-10,0.000516249225968942,44581911.60710118,0.0,0.0,0.0,0.0,0.0,25739378.667347968,1040273981987.06,-578.2361028006464,1933.1413456649095,1344.5847380943355,1953.3506714156215,-396.76683267416814,-653.7793007080951,-882.7697106604168,182.42112140890123,973.9309717925075,2477.963999429429,0.00025815585989603067
2167,3.218922333418637e-07,1.5e-10,0.0005167384270257913,44602696.21679201,0.0,0.0,0.0,0.0,0.0,25751378.667347968,1040471706341.0458,-608.6953136670068,1952.9551975299353,1382.8205170885706,1981.5436660372272,-375.50733411885386,-709.2591784990501,-938.9801021716929,172.52169340127747,983.5719654370671,2511.521574486662,0.00025853258813220365
2168,3.220422333418637e-07,1.5e-10,0.0005172245075903876,44623480.82648283,0.0,0.0,0.0,0.0,0.0,25763378.667347968,1040778619607.477,-579.6355669861506,1945.6512039569304,1398.2363608341486,1965.1897293244338,-362.0360940334068,-690.7249432418487,-925.2864783145227,192.58192832743302,940.9461945593496,2481.3544278626337,0.00025890479129638303
2169,3.221922333418637e-07,1.5e-10,0.000517709906281223,44644265.43617366,0.0,0.0,0.0,0.0,0.0,25775378.667347968,1041154492840.1257,-582.3557994460725,1928.823993458512,1381.2286252405802,1967.5610530008846,-388.6049823218407,-697.9738452589495,-939.6003888284406,178.66150483626217,970.185111215406,2483.905510501553,0.0002592773771229583
2170,3.2234223334186373e-07,1.5e-10,0.0005181976859179772,44665050.045864485,0.0,0.0,0.0,0.0,0.0,25787378.667347968,1041706399746.647,-573.4571882394755,1947.0322357621624,1392.7549442670552,1974.2803032764534,-401.91948228232894,-698.7123967745705,-927.2283173417527,158.93337786632776,974.6294229950761,2501.023678199931,0.00025965253067468825
2171,3.2249223334186374e-07,1.5e-10,0.0005186837152967514,44685834.65555531,0.0,0.0,0.0,0.0,0.0,25799378.667347968,1042331484578.8773,-582.9020680311987,1938.6016368042247,1382.280445786556,1960.919546268994,-411.43342893662606,-693.020468678519,-965.5018220925216,173.30776382895144,993.6840698990454,2492.8559130879426,0.00026002645906165144
2172,3.2264223334186375e-07,1.5e-10,0.0005191727013287639,44706619.26524614,0.0,0.0,0.0,0.0,0.0,25811378.667347968,1042955692502.5923,-544.3278303245019,1935.8665816860296,1427.045059619112,2006.6216154475455,-424.4640891832094,-699.6560261459239,-983.8867553797008,183.10448588115122,967.7706819074406,2505.494844414759,0.00026040228328831367
2173,3.2279223334186376e-07,1.5e-10,0.0005196663688581083,44727403.87493697,0.0,0.0,0.0,0.0,0.0,25823378.667347968,1043081693683.9518,-567.715395500252,1984.2728516506836,1396.9934732170098,2006.823192944683,-427.8253649031145,-663.2518750792399,-935.0341740538338,211.62672786257244,994.0316239965163,2538.5749066593694,0.0002607830695243126
2174,3.229422333418638e-07,1.5e-10,0.0005201527831489565,44748188.48462779,0.0,0.0,0.0,0.0,0.0,25835378.667347968,1043180140489.1497,-569.1631229077337,1927.9397787693965,1376.4911745540603,1990.367509797065,-381.4855663139785,-659.8859352359583,-962.4208404708057,181.73409310272842,948.704793774703,2482.7573918506037,0.0002611554831330902
2175,3.230922333418638e-07,1.5e-10,0.0005206468113237409,44768973.09431861,0.0,0.0,0.0,0.0,0.0,25847378.667347968,1043715151696.7278,-589.5242849522542,1972.7852316693056,1381.3794711976675,2024.8183057899669,-389.50883069211307,-680.1672220619604,-986.8388102603736,156.31431491823906,978.0279974803765,2537.8802043795536,0.0002615361651637471
2176,3.232422333418638e-07,1.5e-10,0.0005211267830519783,44789757.70400944,0.0,0.0,0.0,0.0,0.0,25859378.667347968,1043271812682.6482,-529.7794689356431,1890.725875821459,1378.9142594696898,1954.6514324924074,-426.2150856620059,-670.7159925305622,-953.7425821392345,221.80214531455744,955.2213998904873,2443.9563727858804,0.00026190275861966497
2177,3.233922333418638e-07,1.5e-10,0.0005216150467935636,44810542.31370027,0.0,0.0,0.0,0.0,0.0,25871378.667347968,1042864964151.9642,-543.6846705426211,1952.0316600957208,1382.0128331147312,1990.8960086018903,-408.0695987995196,-667.1427540058382,-977.1971647484344,202.71051508633886,951.7533271474687,2494.136327392125,0.0002622768790687738
2178,3.235422333418638e-07,1.5e-10,0.000522102550666072,44831326.9233911,0.0,0.0,0.0,0.0,0.0,25883378.667347968,1043106025225.2594,-526.8148763757112,1942.977371406104,1375.0200208476745,1993.642891436846,-423.64078884257043,-642.6543246839115,-960.3046886922973,203.15635462609677,949.8388436495667,2488.6760126574864,0.00026265018047067244
2179,3.2369223334186383e-07,1.5e-10,0.00052258587261686,44852111.53308193,0.0,0.0,0.0,0.0,0.0,25895378.667347968,1043558635757.7748,-510.1283974415183,1920.5768814603875,1375.8571663328225,1981.3109687646702,-396.4380276203018,-638.1437159972108,-990.4930217239798,203.91574011607455,906.009068599806,2452.0930721006143,0.0002630179944314875
2180,3.2384223334186384e-07,1.5e-10,0.0005230733551993468,44872896.14277275,0.0,0.0,0.0,0.0,0.0,25907378.667347968,1043889564857.7108,-590.149771977967,1918.5929795366756,1393.1219107473858,2009.8679897553177,-360.81364886697565,-666.5891913446666,-1009.4380774075263,160.4086583539478,950.574671978575,2490.003246474374,0.00026339149491845867
2181,3.2399223334186385e-07,1.5e-10,0.0005235603039929787,44893680.75246357,0.0,0.0,0.0,0.0,0.0,25919378.667347968,1044351144807.6188,-589.6497268271266,1917.0111903406419,1387.5510642547415,2004.7777048963096,-365.5231926520644,-674.6080853297155,-1010.1369474176932,172.59576203533493,954.6334504954357,2487.3093887551495,0.00026376459132677194
2182,3.2414223334186386e-07,1.5e-10,0.000524052614619796,44914465.3621544,0.0,0.0,0.0,0.0,0.0,25931378.667347968,1044969770337.4891,-626.1438638943297,1933.9062543117345,1382.6378304468926,2031.2083457308938,-389.520685402347,-682.8754394189828,-1001.679738058417,159.0240291566729,1014.9576174312265,2535.713318136358,0.0002641449483244924
2183,3.242922333418639e-07,1.5e-10,0.0005245438801928311,44935249.97184523,0.0,0.0,0.0,0.0,0.0,25943378.667347968,1045538923143.5596,-573.7721813705156,1942.3025667646582,1383.540530619942,2024.7215302338539,-406.34618382571034,-673.8397605208714,-982.3609361014637,186.99623624708565,979.3978818682854,2519.41433451091,0.00026452286047466906
2184,3.244422333418639e-07,1.5e-10,0.0005250327726120256,44956034.58153606,0.0,0.0,0.0,0.0,0.0,25955378.667347968,1046253590848.3132,-591.483057792202,1924.4231978699759,1382.408484882558,2000.959349121404,-433.3745677486178,-684.21823996331,-988.4501613020964,170.85675371238443,1024.1530631742432,2516.643383383246,0.00026490035698217655
2185,3.245922333418639e-07,1.5e-10,0.000525521264953273,44976819.191226885,0.0,0.0,0.0,0.0,0.0,25967378.667347968,1046740381437.6354,-581.4576642858382,1940.3123978448398,1394.7121711450181,1998.869797765191,-373.80167578695745,-671.0108454082841,-983.7976869760136,193.22087955250237,955.4794751428586,2496.3849733950433,0.0002652748147281858
2186,3.247422333418639e-07,1.5e-10,0.000526008286075249,44997603.80091771,0.0,0.0,0.0,0.0,0.0,25979378.667347968,1047311428556.4279,-562.0220592892055,1927.269156393111,1367.7059667019748,1993.0696681945349,-414.75035966621925,-673.2603431408392,-968.8920799554867,213.6816042045379,976.1109277981957,2491.363751829464,0.0002656485192909602
2187,3.248922333418639e-07,1.5e-10,0.0005265028655827896,45018388.41060854,0.0,0.0,0.0,0.0,0.0,25991378.667347968,1047960270487.1997,-583.742623917472,1979.8651853532492,1383.1823082950557,2032.782214982613,-364.823812821259,-662.2655954049022,-964.2865642494337,202.2355685375708,947.9223391112146,2532.012222334402,0.0002660283211243104
2188,3.2504223334186393e-07,1.5e-10,0.0005269907267234969,45039173.02029936,0.0,0.0,0.0,0.0,0.0,26003378.667347968,1048473232814.1952,-566.152034961843,1958.1384113877393,1374.3387201090593,1986.1713619735642,-347.077301981901,-677.4647834405007,-965.3744647097292,213.5495050835714,912.6435998892636,2482.4629555640518,0.000266400690567645
2189,3.2519223334186394e-07,1.5e-10,0.0005274824750955159,45059957.62999019,0.0,0.0,0.0,0.0,0.0,26015378.667347968,1049194679304.2357,-546.5490480378485,1985.674097230422,1367.2160651083893,2007.095829029179,-358.3772666369969,-681.3067924324505,-939.610282142029,220.06394554774914,904.2681801860762,2505.1617041069635,0.000266776464823261
2190,3.2534223334186395e-07,1.5e-10,0.0005279778543364548,45080742.23968102,0.0,0.0,0.0,0.0,0.0,26027378.667347968,1049864464195.1064,-555.7720599457984,2019.6319034258115,1335.9913502630513,2014.2344822639936,-359.2482182113422,-657.5230771495422,-936.2366938349323,194.64169181323064,914.4230585118778,2529.45078159339,0.00026715588244050005
2191,3.2549223334186397e-07,1.5e-10,0.0005284707120970815,45101526.84937184,0.0,0.0,0.0,0.0,0.0,26039378.667347968,1050507112663.2179,-507.1243312705865,2015.2137101087314,1319.8203565760132,2017.7854300074491,-315.55530903757835,-681.56000693863,-940.3165245863935,220.72024215854418,822.0149558845499,2495.7561424498094,0.0002675302458618675
2192,3.25642233341864e-07,1.5e-10,0.0005289581002279903,45122311.459062666,0.0,0.0,0.0,0.0,0.0,26051378.667347968,1050996515073.9385,-594.6731094929557,1981.2547589974758,1336.036696055438,1948.2042650064448,-341.54830838763,-690.559036205497,-920.3174930202106,223.33992441126142,935.5417039340828,2484.8087547707837,0.0002679029671750831
2193,3.25792233341864e-07,1.5e-10,0.0005294543924063041,45143096.068753496,0.0,0.0,0.0,0.0,0.0,26063378.667347968,1051681643631.4816,-577.9967215440815,2016.9015742628524,1327.1595069186342,2015.00132355886,-368.61710218497257,-707.6237535460043,-899.7335736573248,231.7808221875595,945.948862423671,2542.6309509463094,0.00026828436181772507
2194,3.25942233341864e-07,1.5e-10,0.0005299492175639246,45163880.678444326,0.0,0.0,0.0,0.0,0.0,26075378.667347968,1052330442030.1687,-595.2912299512526,2027.9640807434855,1300.8968579141363,1987.021445974114,-366.3927834908324,-658.0323027501049,-909.598935101496,243.3864204707466,961.2777350908829,2534.4621033732515,0.00026866453113323104
2195,3.26092233341864e-07,1.5e-10,0.0005304385847374532,45184665.28813515,0.0,0.0,0.0,0.0,0.0,26087378.667347968,1052573194304.9625,-563.0402988285157,2012.0847877830784,1320.009099148134,1950.1563506874745,-362.3118727954266,-646.5258403108945,-893.4203557345464,266.36630657005503,924.7016285931129,2492.1589578035905,0.0002690383549769016
2196,3.26242233341864e-07,1.5e-10,0.0005309294471258544,45205449.89782598,0.0,0.0,0.0,0.0,0.0,26099378.667347968,1053300978444.766,-570.3292239839104,2019.6141001236513,1261.7014942326916,1959.5364441530176,-368.1907712923035,-643.552938639308,-897.4983002445975,246.72173876884787,937.8954456922274,2503.6462404134586,0.0002694139019129636
2197,3.2631723334186403e-07,7.5e-11,0.000531172606160907,45215842.20267139,0.0,0.0,0.0,0.0,0.0,26105378.667347968,1053333419679.3987,-560.9521115372553,1994.352005624701,1255.4921900486747,1939.1558895715873,-356.4425705519833,-635.5613029955317,-911.4908412893606,251.13840712025132,918.1999335616019,2470.3725524339834,0.00026959917985439617
2198,3.2639223334186403e-07,7.5e-11,0.0005314197373188475,45226234.5075168,0.0,0.0,0.0,0.0,0.0,26111378.667347968,1053172665342.0981,-599.2550228850238,2029.0345649407375,1291.149421449157,1981.8392810331484,-342.02905190393767,-651.1166222653724,-881.8381159395092,233.50022279850128,943.394859473519,2527.265771645952,0.0002697887247872696
2199,3.2648223334186403e-07,9e-11,0.0005317141903707825,45238705.2733313,0.0,0.0,0.0,0.0,0.0,26118578.667347968,1052284502103.4526,-542.4960986673444,2014.035029258623,1296.1367769801423,1963.4706173244297,-399.28902237491934,-660.0820251354505,-903.0369543336377,261.11265952375487,941.0252501627649,2504.1818169923936,0.00027001410115079895
2200,3.2659023334186405e-07,1.0799999999999999e-10,0.0005320722587502594,45253670.192308694,0.0,0.0,0.0,0.0,0.0,26127218.667347968,1052777226229.3676,-560.5656486843369,2056.2893637045004,1294.5738294415087,1993.6347662245107,-376.65534819592034,-673.420556513363,-868.0502289467082,239.9920817492804,936.4369735266738,2545.4339963348216,0.0002702890080224031
2201,3.2671983334186407e-07,1.2959999999999997e-10,0.0005325013814750466,45271628.09508157,0.0,0.0,0.0,0.0,0.0,26137586.667347968,1053238338527.8478,-540.1303287723075,2083.93929080669,1249.6080894284005,1984.2328005991342,-329.846716578358,-653.8347461618428,-904.6893600432342,251.1452398348714,869.0284726923994,2526.0411822569554,0.0002706163829596236
2202,3.268698333418641e-07,1.5e-10,0.0005329975277163317,45292412.7047724,0.0,0.0,0.0,0.0,0.0,26149586.667347968,1053922266779.6501,-564.2105027568052,2056.200742877557,1346.4911444940487,1986.5033737888764,-337.63052606018164,-651.0499923145937,-877.8782595718351,238.1773064351579,901.1320139605186,2531.2876832315173,0.00027099607611210833
2203,3.270198333418641e-07,1.5e-10,0.0005334989209221065,45313197.31446322,0.0,0.0,0.0,0.0,0.0,26161586.667347968,1054623528397.8298,-589.9615514238527,2082.3759854541195,1312.461550495683,2011.1682981786175,-362.2232523051365,-609.3542379837094,-884.4920382100321,220.173115831986,951.460822767911,2572.987930999667,0.0002713820243017583
2204,3.271698333418641e-07,1.5e-10,0.0005339983778010518,45333981.92415404,0.0,0.0,0.0,0.0,0.0,26173586.667347968,1054453281579.4995,-564.8343106623593,2074.929264502445,1327.0987114289362,1985.4139258449882,-410.06830280791775,-616.7821562006825,-878.0298252857534,198.4945016221853,994.4573934613669,2570.0384489752782,0.00027176753006910456
2205,3.273198333418641e-07,1.5e-10,0.0005344986039709779,45354766.53384487,0.0,0.0,0.0,0.0,0.0,26185586.667347968,1054696067291.2141,-592.249996491279,2092.847552640731,1270.3808462576164,1980.5541414743439,-394.9129994533673,-623.7055856915887,-905.042767237296,205.6025482351882,986.4016077147664,2572.9550040047334,0.0002721534733197053
2206,3.274698333418641e-07,1.5e-10,0.0005350028144734206,45375551.1435357,0.0,0.0,0.0,0.0,0.0,26197586.667347968,1055224861976.5205,-584.1553366433322,2109.6310064968693,1290.2744526466365,2009.9720774630575,-398.03203683651674,-636.9732361407313,-889.9133627605008,211.4570797184029,980.4417962721213,2597.0719873319017,0.0002725430341178051
2207,3.2761983334186413e-07,1.5e-10,0.0005355054994608313,45396335.753226526,0.0,0.0,0.0,0.0,0.0,26209586.667347968,1055841793156.2174,-616.1512023879338,2093.3219350412073,1283.424901300027,2003.8630709446381,-370.22278653678035,-647.0239900260651,-905.9818347915743,191.38975318808113,985.6188321698613,2589.2916789420447,0.00027293142786964636
2208,3.2776983334186414e-07,1.5e-10,0.0005360135143958759,45417120.362917356,0.0,0.0,0.0,0.0,0.0,26221586.667347968,1056336735989.6152,-612.3966642452054,2120.044933863851,1320.5831802466546,2026.4886252822837,-411.8337575229749,-670.1706735484639,-897.6578009444446,194.73238052132152,1023.4662020940916,2632.038979837095,0.0002733262337166219
2209,3.2791983334186416e-07,1.5e-10,0.0005365187416878306,45437904.97260818,0.0,0.0,0.0,0.0,0.0,26233586.667347968,1056527851253.9375,-585.1217406894166,2106.3832370343503,1285.9965265932137,2016.5323277577336,-420.34093718885134,-632.2392960023099,-877.8576708962971,175.40907506817328,1004.7105185514584,2609.642267481469,0.00027371768005674414
2210,3.2806983334186417e-07,1.5e-10,0.0005370226305943021,45458689.582299,0.0,0.0,0.0,0.0,0.0,26245586.667347968,1056731842426.4431,-598.1001343973235,2083.193559930077,1322.8143511803687,2007.5877998300177,-441.86260192404694,-692.5185688661948,-859.9747223330081,202.2945505795622,1043.3669799407267,2612.2910897428037,0.0002741095237202056
2211,3.282198333418642e-07,1.5e-10,0.0005375362927351806,45479474.19198983,0.0,0.0,0.0,0.0,0.0,26257586.667347968,1056779931184.0504,-583.3924179980355,2146.9342924623484,1281.222104098513,2071.1130579640894,-433.19101115569845,-677.9192493094857,-861.8784766136719,210.83359707057144,1015.8269594983495,2664.942318901343,0.0002745092650680408
2212,3.283698333418642e-07,1.5e-10,0.0005380532469521006,45500258.80168066,0.0,0.0,0.0,0.0,0.0,26269586.667347968,1057055790933.7106,-637.2422339858553,2151.3499470686684,1295.432290027202,2096.352238669592,-383.95384023027367,-690.2667705989869,-869.8282888278522,180.97674663633038,1020.3657264924418,2687.798220171856,0.00027491243480106656
2213,3.285198333418642e-07,1.5e-10,0.0005385713216949153,45521043.411371484,0.0,0.0,0.0,0.0,0.0,26281586.667347968,1057743145268.2241,-650.6462532904676,2156.875787840291,1260.6044909355535,2108.028097581959,-357.9749012759713,-675.5117557436611,-864.2438123521891,170.4285527197321,1007.8382524350731,2691.719711836374,0.00027531619275784203
2214,3.286698333418642e-07,1.5e-10,0.0005390834066818873,45541828.02106231,0.0,0.0,0.0,0.0,0.0,26293586.667347968,1058023627744.6414,-645.7154791441827,2103.611969390088,1289.8510157655005,2084.0721128782125,-388.1134310170649,-712.9757412554842,-887.4228077770435,202.49224687391884,1033.1567648034106,2660.152042365667,0.00027571521556419686
2215,3.288198333418642e-07,1.5e-10,0.0005396046256197982,45562612.63075314,0.0,0.0,0.0,0.0,0.0,26305586.667347968,1058345579115.5631,-698.1303779966355,2146.2043311382163,1307.9056565658882,2130.4088379284426,-382.4478674638187,-686.8608458653401,-870.3786397589985,187.03405629286652,1079.8787006924308,2728.2630442757086,0.0002761244550208382
2216,3.2896983334186423e-07,1.5e-10,0.0005401112190577671,45583397.24044397,0.0,0.0,0.0,0.0,0.0,26317586.667347968,1058976550554.5997,-637.8031487081777,2092.66469044227,1334.1805983674697,2039.7362899811747,-342.8701162122477,-760.6467744003012,-919.3400076672192,184.12146228052995,979.9193712893175,2617.276033643567,0.0002765170464258847
2217,3.2911983334186425e-07,1.5e-10,0.0005406246708800106,45604181.85013479,0.0,0.0,0.0,0.0,0.0,26329586.667347968,1059481698593.8605,-681.7786232467946,2138.1969006749987,1315.2727079368858,2050.8077729735373,-399.4390223412,-745.3844239298107,-938.1695068155201,219.33593083796947,1080.3795461246093,2680.1667343636586,0.00027691907143603925
2218,3.2926983334186426e-07,1.5e-10,0.0005411369118126701,45624966.45982562,0.0,0.0,0.0,0.0,0.0,26341586.667347968,1059562655886.9023,-643.0542378710334,2130.302577694732,1351.1029903477554,2058.6234862219376,-372.738276929059,-753.2477209152996,-912.0284331695389,198.7901385328631,1014.9984269088637,2659.1138882155105,0.0002773179385192716
2219,3.2941983334186427e-07,1.5e-10,0.0005416451550331799,45645751.06951644,0.0,0.0,0.0,0.0,0.0,26353586.667347968,1060302511958.5007,-611.6899672998262,2103.917701996391,1373.4508806857796,2050.890964989959,-356.9166141825679,-757.5544083124588,-884.8710848908798,231.31852864467047,967.7528639508715,2623.8819117034373,0.0002777115208060271
2220,3.295698333418643e-07,1.5e-10,0.0005421568493139075,45666535.679207265,0.0,0.0,0.0,0.0,0.0,26365586.667347968,1061042875453.1456,-628.5765251886562,2128.895416315892,1351.3628355552503,2064.1236542831803,-350.7575849703755,-745.5975104523553,-901.0700086296151,207.4476031911102,978.4461817299948,2647.311239920137,0.0002781086174920151
2221,3.297198333418643e-07,1.5e-10,0.0005426702120671986,45687320.288898095,0.0,0.0,0.0,0.0,0.0,26377586.667347968,1061234201934.0867,-623.5393981824822,2158.5730500285435,1368.2034585303868,2055.205409881903,-349.68036883762096,-741.0360900005879,-896.726143151151,214.16228302663146,972.3259647152875,2656.3638570289463,0.00027850707207056945
2222,3.298698333418643e-07,1.5e-10,0.0005431843802199593,45708104.898588926,0.0,0.0,0.0,0.0,0.0,26389586.667347968,1062059357905.803,-649.8922966047049,2146.0138467376996,1391.2484386949777,2067.5508372484314,-359.50842116786913,-696.3760992503185,-903.2544475589665,225.95906708254824,1008.5107489008241,2667.7679891077505,0.0002789072372689356
2223,3.300198333418643e-07,1.5e-10,0.0005436957031118733,45728889.508279756,0.0,0.0,0.0,0.0,0.0,26401586.667347968,1062530419365.096,-634.6787078468446,2141.25923972314,1398.0892097651715,2049.6166213864203,-327.96001430626524,-734.757841479676,-908.4284854684394,224.2144935287686,961.7293221699234,2641.6193810416858,0.0002793034801760919
2224,3.301698333418643e-07,1.5e-10,0.0005442100279899615,45749674.11797058,0.0,0.0,0.0,0.0,0.0,26413586.667347968,1063095857428.1215,-609.5783372595241,2163.1456411193794,1362.241105616883,2072.1826701847926,-315.97371708659307,-763.1570817217544,-881.2494830365565,195.85477695993438,924.6349060966717,2654.80322233439,0.000279701700659442
2225,3.3031983334186434e-07,1.5e-10,0.0005447271640286806,45770458.7276614,0.0,0.0,0.0,0.0,0.0,26425586.667347968,1063853257650.7074,-627.7107936139093,2178.9701803800467,1370.7098644993498,2087.0262717260916,-310.9005307453619,-732.022920693494,-891.3893186792292,209.4078061414429,937.50893951071,2673.375298331369,0.0002801027069541917
2226,3.3046983334186435e-07,1.5e-10,0.0005452347110104839,45791243.33735223,0.0,0.0,0.0,0.0,0.0,26437586.667347968,1064599464144.5984,-580.2213289832184,2131.6218540154855,1416.5459612936802,2026.260007396379,-353.80501525531764,-726.1821173240845,-906.4909293828517,228.14446872350945,933.1067643204814,2611.5911646959566,0.0002804944456288961
2227,3.3061983334186436e-07,1.5e-10,0.0005457481001613341,45812027.947043054,0.0,0.0,0.0,0.0,0.0,26449586.667347968,1065090821183.4552,-595.6443441418859,2149.8196687323075,1374.1352128081187,2064.8859904841397,-385.894319951537,-733.2892342036598,-901.1664890683912,218.38024496207913,980.5881981141799,2657.2601255797736,0.0002808930346477331
2228,3.3076983334186437e-07,1.5e-10,0.0005462652354363704,45832812.556733884,0.0,0.0,0.0,0.0,0.0,26461586.667347968,1065297362024.1521,-608.2622802193745,2169.216199766902,1435.3976552856816,2079.534415891116,-377.29314384977374,-760.8125322826913,-891.1941408747763,194.2764103546361,984.5756706937203,2685.29620806298,0.0002812958290789425
2229,3.309198333418644e-07,1.5e-10,0.0005467744987702265,45853597.166424714,0.0,0.0,0.0,0.0,0.0,26473586.667347968,1065507794829.1466,-620.2513463658548,2142.2269669169473,1422.4761034465078,2019.5845349175613,-357.0531173434607,-766.2859693225143,-899.9043754371455,260.6526342460124,976.3237081286271,2631.8709787216662,0.00028169060972575076
2230,3.310698333418644e-07,1.5e-10,0.0005472885223343422,45874381.77611554,0.0,0.0,0.0,0.0,0.0,26485586.667347968,1065830722407.434,-583.8021675102457,2189.7087070582556,1384.1035394346052,2026.3993198209273,-414.2216561538382,-753.7662572904128,-869.8920191015756,269.98858671019843,1005.2831409532379,2665.8343725691147,0.0002820904848816361
2231,3.312198333418644e-07,1.5e-10,0.0005478056090266445,45895166.38580636,0.0,0.0,0.0,0.0,0.0,26497586.667347968,1065887775878.5703,-632.7129563822691,2205.29572453944,1349.9710346075601,2043.4776154690906,-396.07473666223365,-746.0896207046789,-917.8863460863521,293.8300360566794,1027.4735923954643,2687.571179538623,0.0002824936205585669
2232,3.313698333418644e-07,1.5e-10,0.0005483198575909692,45915950.99549719,0.0,0.0,0.0,0.0,0.0,26509586.667347968,1065943429323.772,-623.7906306881528,2191.761502289883,1417.6968009903162,2024.0711704988003,-380.9532123079975,-770.9983986692724,-921.2668726312196,285.1783260333797,1003.816569346033,2667.051090204974,0.00028289367822209767
2233,3.315198333418644e-07,1.5e-10,0.0005488364211371508,45936735.60518802,0.0,0.0,0.0,0.0,0.0,26521586.667347968,1066525126506.823,-680.1743583470757,2197.520006697964,1397.6204700769822,2030.2832997905177,-361.6774237933351,-773.5177531044367,-889.0080690352984,296.3432565723758,1041.2491513430991,2690.476902992211,0.0002832972497575465
2234,3.3166983334186444e-07,1.5e-10,0.0005493656423871763,45957520.21487884,0.0,0.0,0.0,0.0,0.0,26533586.667347968,1066886532330.2355,-689.4133330492093,2260.1070468634066,1408.6711407598348,2112.012731748399,-363.923153490934,-793.0465811812286,-910.2454881159957,286.59176132630245,1052.339463714996,2771.921973345438,0.0002837130380535483
2235,3.3181983334186445e-07,1.5e-10,0.0005498806198705574,45978304.82456967,0.0,0.0,0.0,0.0,0.0,26545586.667347968,1067043945053.1573,-664.5702213964248,2156.535518912426,1367.870083282402,2046.795535417517,-414.54914695784674,-767.5641694357305,-899.3499003961105,282.10689256676756,1077.6040403395325,2687.7897962244133,0.000284116206522982
2236,3.3196983334186446e-07,1.5e-10,0.0005504037415826566,45999089.434260495,0.0,0.0,0.0,0.0,0.0,26557586.667347968,1067591854889.935,-636.8376747678184,2202.875138309749,1338.520829849544,2111.354919335708,-391.2878111457705,-791.3633971683815,-874.0541986412893,310.7914497090716,1032.184368888218,2726.866671447072,0.00028452523652369905
2237,3.3211983334186447e-07,1.5e-10,0.0005509238038101569,46019874.04395132,0.0,0.0,0.0,0.0,0.0,26569586.667347968,1067398573815.2148,-635.6355435387995,2179.867749120171,1356.3154268436422,2103.092635382858,-371.9291050953,-812.9438942559947,-882.378084646483,313.32693548104214,1005.6003244256281,2703.403718578387,0.00028493074708148584
2238,3.322698333418645e-07,1.5e-10,0.000551444688584391,46040658.65364215,0.0,0.0,0.0,0.0,0.0,26581586.667347968,1067594382811.7245,-651.7878014022715,2191.62959476858,1388.4964240351226,2095.3183416806232,-372.92814981448055,-812.7214335100163,-896.1100696488858,340.6466758467894,1022.6443610644045,2711.8646704822872,0.00028533752678205817
2239,3.324198333418645e-07,1.5e-10,0.0005519678608179359,46061443.26333298,0.0,0.0,0.0,0.0,0.0,26593586.667347968,1068137516741.8599,-642.2538467405612,2200.1941606764703,1363.382139302031,2102.939357291275,-426.36645289965827,-817.8662981405146,-893.7115753905922,311.40274918180705,1066.2292798295337,2735.952016175258,0.00028574791958448445
2240,3.325698333418645e-07,1.5e-10,0.0005524796655965128,46082227.8730238,0.0,0.0,0.0,0.0,0.0,26605586.667347968,1068569395558.9353,-630.1036644604578,2142.1475005399802,1403.1784573336554,2026.3144603184182,-439.30490612107485,-811.221841435599,-899.9538131608628,320.54458498674927,1067.8412130945471,2666.50100952578,0.00028614789473591334
2241,3.327198333418645e-07,1.5e-10,0.0005529962555491343,46103012.48271463,0.0,0.0,0.0,0.0,0.0,26617586.667347968,1068557000722.2037,-666.0977642624794,2157.2682059650474,1377.108745213231,2067.6363199889647,-404.7552996135922,-793.7449529092335,-900.245191477689,336.92783273722756,1068.127415314558,2694.606805115536,0.00028655208575668065
2242,3.3286983334186453e-07,1.5e-10,0.0005535114210372906,46123797.09240545,0.0,0.0,0.0,0.0,0.0,26629586.667347968,1069005919375.7333,-630.0938870523422,2149.434777366064,1380.210459435277,2063.012269438539,-424.3923621431846,-817.7289670351767,-910.3938529694221,296.8942752572784,1051.9350255540087,2683.5359450465294,0.00028695461614843763
2243,3.3301983334186454e-07,1.5e-10,0.0005540321209847679,46144581.70209628,0.0,0.0,0.0,0.0,0.0,26641586.667347968,1069725821587.9623,-638.0729815448071,2178.9597419242823,1414.3423533598834,2095.439875973258,-407.2385621154337,-859.5008381120011,-910.6088436374815,295.4770190747784,1042.6271355042907,2717.9934909551466,0.0002873623151720809
2244,3.3316983334186455e-07,1.5e-10,0.0005545511062581557,46165366.311787106,0.0,0.0,0.0,0.0,0.0,26653586.667347968,1070293353917.7954,-575.6624883264715,2172.7562308573583,1390.5943878420217,2104.3450194085517,-419.5161867049529,-826.7033923278676,-926.2318281909952,290.2199677531883,992.7579914036684,2694.6206460535595,0.00028776650826898897
2245,3.3331983334186456e-07,1.5e-10,0.0005550690591904595,46186150.921477936,0.0,0.0,0.0,0.0,0.0,26665586.667347968,1070481647280.4072,-609.5821098701472,2155.4959337805376,1421.5429493929205,2088.53881608178,-445.23643400062656,-795.3614909839445,-906.956211837386,279.8428581367552,1052.2653525400895,2701.6393995315075,0.0002881717541789187
2246,3.3346983334186457e-07,1.5e-10,0.000555587418985184,46206935.53116876,0.0,0.0,0.0,0.0,0.0,26677586.667347968,1071062049198.474,-587.7250736919352,2147.7725105889435,1437.260883971104,2098.3463269275326,-474.768459903027,-831.4459368443199,-902.8794449300711,288.1105113368503,1058.6580952554518,2707.610737664284,0.0002885778957895683
2247,3.336198333418646e-07,1.5e-10,0.0005561079492938853,46227720.14085959,0.0,0.0,0.0,0.0,0.0,26689586.667347968,1071515481350.5134,-580.5115912791427,2156.7630400157163,1405.2928618347398,2127.2538849995367,-442.1747573963506,-832.4882094435594,-898.2133766723383,287.32329136130494,1020.2936791687945,2711.3439617575177,0.00028898459738383196
2248,3.337698333418646e-07,1.5e-10,0.0005566264433767924,46248504.75055041,0.0,0.0,0.0,0.0,0.0,26701586.667347968,1072285517547.5579,-625.575744227809,2123.944092878125,1432.4563468067347,2120.3425827852507,-444.0007178248834,-800.39132442418,-901.7330638245762,297.9772601414967,1067.5112471242307,2708.2700692610592,0.0002893908378942211
2249,3.339198333418646e-07,1.5e-10,0.0005571444361728447,46269289.36024124,0.0,0.0,0.0,0.0,0.0,26713586.667347968,1073040282717.7079,-576.049956733957,2129.4913039426274,1468.7094269563831,2122.524189252866,-448.77551441710557,-814.2740701935999,-928.2894440237889,279.5888122015227,1022.709240444666,2696.6591830392854,0.00028979533677167703
2250,3.340698333418646e-07,1.5e-10,0.0005576647475919475,46290073.96993207,0.0,0.0,0.0,0.0,0.0,26725586.667347968,1073730212917.3662,-590.236742921742,2130.078419696029,1456.8632854127297,2155.618047912842,-405.91731467157007,-813.6590012798623,-943.2827333377294,252.87067391383647,994.0229490097438,2704.804524573569,0.00029020105745036307
2251,3.3421983334186463e-07,1.5e-10,0.0005581881269720846,46310858.579622895,0.0,0.0,0.0,0.0,0.0,26737586.667347968,1074391164903.6459,-562.5432608056024,2146.6898244171693,1458.8711031374978,2175.354042834629,-448.01402366895866,-784.276152898226,-929.7539673126303,260.91961513710083,1006.6785770716507,2726.113025654134,0.0002906099744042112
2252,3.3436983334186464e-07,1.5e-10,0.0005587143907255566,46331643.18931372,0.0,0.0,0.0,0.0,0.0,26749586.667347968,1075159102138.6611,-571.6411936204674,2161.6340372600657,1457.4265472121156,2195.5643025672143,-439.97507856832215,-756.4959773189016,-943.7388077538493,262.48316048180436,1009.4223376574355,2742.971107454855,0.0002910214200703294
2253,3.3451983334186465e-07,1.5e-10,0.0005592421535152027,46352427.79900455,0.0,0.0,0.0,0.0,0.0,26761586.667347968,1075927128244.9607,-606.8041342783325,2167.619638473497,1422.0654211055105,2193.9691950992433,-443.9209036627825,-755.849750214093,-950.3233292947313,215.99417510020157,1048.619042868262,2760.8694067037404,0.000291435550481335
2254,3.3466983334186466e-07,1.5e-10,0.000559765269331719,46373212.40869537,0.0,0.0,0.0,0.0,0.0,26773586.667347968,1076620997731.6562,-608.4182409920925,2129.3415978844705,1486.5491120033512,2179.0855259788264,-418.2101572920647,-764.1070485531772,-939.7457473251087,237.6923783936335,1024.4654503537258,2728.116230871212,0.00029184476791596566
2255,3.348198333418647e-07,1.5e-10,0.0005602795262628891,46393997.0183862,0.0,0.0,0.0,0.0,0.0,26785586.667347968,1077043196249.8557,-565.5426324735351,2100.8997167541447,1475.2800435785282,2128.324989621797,-386.6677241013841,-761.6727143515143,-961.3235227189518,228.90754964614234,949.9977624233345,2656.9420979960314,0.0002922433092306651
2256,3.349698333418647e-07,1.5e-10,0.000560801259837905,46414781.62807702,0.0,0.0,0.0,0.0,0.0,26797586.667347968,1077735465430.8215,-580.5699423728593,2138.364372422562,1465.9249643799158,2172.1399405620336,-390.44714572208835,-760.2311025116537,-953.0622295088112,217.98653607691844,968.7676436534189,2707.615626639335,0.000292649451574661
2257,3.351198333418647e-07,1.5e-10,0.000561324211573925,46435566.23776785,0.0,0.0,0.0,0.0,0.0,26809586.667347968,1078622749192.66,-564.1038261559696,2138.0011450719558,1465.8791034561882,2183.4335744450727,-420.0162493764339,-766.7410120365334,-957.6016976739054,193.35961776228012,982.0044969010946,2719.0580106777124,0.00029305731027626263
2258,3.352698333418647e-07,1.5e-10,0.0005618455548131417,46456350.84745868,0.0,0.0,0.0,0.0,0.0,26821586.667347968,1079337525358.3015,-584.6342580105253,2122.7263927094405,1496.3069826120147,2174.609992617261,-415.0293832032848,-796.7902075869231,-994.06871874882,231.91511055654522,997.4664912208118,2711.481708643579,0.0002934640325325592
2259,3.354198333418647e-07,1.5e-10,0.0005623685780748976,46477135.457149506,0.0,0.0,0.0,0.0,0.0,26833586.667347968,1080253174722.6672,-618.6631813291889,2130.0539382505112,1464.050169104167,2171.876534612722,-438.62815149014,-813.2698234324324,-1001.0829679340195,255.42277424766516,1055.1427047793645,2733.0732141867334,0.0002938739935146872
2260,3.3556983334186473e-07,1.5e-10,0.0005628897652219985,46497920.066840336,0.0,0.0,0.0,0.0,0.0,26845586.667347968,1080967108636.7485,-591.683719398581,2108.576796089411,1510.7965156868029,2163.8255733618544,-487.0127207568075,-807.7792146859612,-987.0290121065776,242.29033694708826,1076.9448810934357,2728.961625291025,0.00029428333775848085
2261,3.3571983334186474e-07,1.5e-10,0.0005634151294909454,46518704.67653116,0.0,0.0,0.0,0.0,0.0,26857586.667347968,1081846713312.713,-611.0425790776969,2136.8726246887986,1494.7403285741702,2191.3546208404186,-435.3806015686385,-792.4480832576576,-967.8815647354655,232.16303832416594,1044.6159119079332,2746.7164632041463,0.0002946953452279615
2262,3.3586983334186475e-07,1.5e-10,0.0005639450216366094,46539489.28622199,0.0,0.0,0.0,0.0,0.0,26869586.667347968,1081849036429.5477,-630.4409409945764,2183.041213794245,1489.480751664273,2199.0975616690803,-419.8879594523899,-785.925827924623,-992.2848115407037,249.03844883926587,1048.0491857079944,2773.861908158163,0.0002951114245141852
2263,3.3601983334186476e-07,1.5e-10,0.0005644772835998187,46560273.89591281,0.0,0.0,0.0,0.0,0.0,26881586.667347968,1082682578271.3325,-642.0743569056621,2204.16165946063,1501.4925448194822,2180.5225878727697,-492.55257881808825,-774.666552015943,-978.2671467044509,232.2055522964418,1132.3951320586048,2808.7872363872257,0.00029553274259964333
2264,3.361698333418648e-07,1.5e-10,0.000565003567217109,46581058.50560364,0.0,0.0,0.0,0.0,0.0,26893586.667347968,1083562554508.7805,-635.333519258994,2167.0430534507827,1512.3477532810753,2169.1463002755527,-420.93057250516824,-781.7341586167868,-996.9783511662129,246.2955669873233,1054.0342501872585,2753.0877860852115,0.0002959457057675561
2265,3.363198333418648e-07,1.5e-10,0.0005655335438640534,46601843.115294464,0.0,0.0,0.0,0.0,0.0,26905586.667347968,1084500802716.4229,-629.5330782117951,2179.8147175977183,1467.4356519392884,2179.4756248210715,-519.5217531364377,-775.7913801300172,-1011.8682611769325,228.7514041289291,1146.8524100109253,2797.2115323514777,0.0002963652874974088
2266,3.364698333418648e-07,1.5e-10,0.0005660584935949582,46622627.724985294,0.0,0.0,0.0,0.0,0.0,26917586.667347968,1084337492563.2766,-648.6331868847038,2163.61850479102,1510.1499389356418,2149.8819103281458,-430.4329851524936,-780.078716648129,-998.9501375993806,248.34690688549742,1076.8787651984753,2749.647290543199,0.00029677773459099027
2267,3.366198333418648e-07,1.5e-10,0.0005665850330946421,46643412.33467612,0.0,0.0,0.0,0.0,0.0,26929586.667347968,1084786055482.8883,-634.3255115770544,2168.469028636908,1506.0958728633404,2166.7368565276647,-440.6523261794828,-782.5830803197791,-998.6236538173571,257.9228486117354,1072.7816986790365,2758.1161613835907,0.0002971914520151978
2268,3.367698333418648e-07,1.5e-10,0.0005671157787526109,46664196.94436695,0.0,0.0,0.0,0.0,0.0,26941586.667347968,1085512292607.3699,-687.4816625077029,2176.7999565690525,1511.3769607060133,2190.0052956027607,-426.2498602885712,-810.768632607943,-1004.6942789649764,237.87088000774887,1111.5225126137107,2794.848346318689,0.00029761067926714564
2269,3.3691983334186483e-07,1.5e-10,0.0005676459766226766,46684981.55405777,0.0,0.0,0.0,0.0,0.0,26953586.667347968,1085799916499.7576,-671.915333197155,2177.474698578754,1508.393978842992,2193.702958439568,-421.6602083978321,-759.3447507388674,-1033.7542595669888,220.83289850852861,1091.355764104105,2784.667657469663,0.0002980283794157661
2270,3.3706983334186484e-07,1.5e-10,0.000568175390398192,46705766.1637486,0.0,0.0,0.0,0.0,0.0,26965586.667347968,1086301150463.8215,-696.295877733068,2173.009808458661,1509.407228013755,2184.4713849197046,-394.32693153229263,-766.8597497809844,-1004.2307455770401,215.56469707699395,1088.3344071653626,2780.6689113945595,0.00029844547975247526
2271,3.3721983334186485e-07,1.5e-10,0.0005686996551462468,46726550.77343942,0.0,0.0,0.0,0.0,0.0,26977586.667347968,1087143553803.7542,-675.5660751313412,2149.0594728466667,1501.5274087706748,2150.7712074157525,-431.24077380662453,-771.8634960894996,-1054.218767840854,246.45570689971314,1104.5139057186886,2750.1091150287757,0.0002988579961197296
2272,3.3736983334186487e-07,1.5e-10,0.000569229297160121,46747335.38313025,0.0,0.0,0.0,0.0,0.0,26989586.667347968,1087972083652.4066,-686.5246093164264,2174.429623529986,1504.0405255825822,2188.5955082287915,-400.02847766799005,-784.7822068565224,-1010.0518036402793,239.0206028591149,1084.2412791648346,2780.3899506686466,0.0002992750546123299
2273,3.375198333418649e-07,1.5e-10,0.0005697585696144566,46768119.992821075,0.0,0.0,0.0,0.0,0.0,27001586.667347968,1088065738613.999,-732.788917973811,2158.589039442735,1556.1611382497274,2181.9755236271158,-393.69370023002824,-807.7445359765036,-1028.4334465766153,248.70541727680111,1124.2267011797326,2789.458847523174,0.0002996934734394584
2274,3.376698333418649e-07,1.5e-10,0.0005702892930519017,46788904.602511905,0.0,0.0,0.0,0.0,0.0,27013586.667347968,1088846199201.044,-744.4202745403564,2175.0949120789983,1496.6235369985018,2187.85548773991,-362.07589018576715,-841.2731090260818,-1009.2580902754825,254.61630395763595,1104.2115258264214,2794.4059986104116,0.00030011263433924997
2275,3.378198333418649e-07,1.5e-10,0.0005708145581544824,46809689.21220273,0.0,0.0,0.0,0.0,0.0,27025586.667347968,1089710130731.7999,-691.8097747700042,2149.832186006907,1530.8816514384907,2159.212377258941,-403.5134382798539,-833.9089594626732,-1044.3805759280588,292.9127717075886,1093.0181169336522,2754.9621985561007,0.00030052587866903337
2276,3.379698333418649e-07,1.5e-10,0.0005713467244882622,46830473.82189356,0.0,0.0,0.0,0.0,0.0,27037586.667347968,1090182559289.0471,-723.9305942640085,2188.697261695873,1528.848104061365,2200.201272722883,-346.48709289396646,-831.6108953981659,-995.6965359171163,260.1958798658512,1068.1198605406573,2795.4256536160083,0.0003009451925170758
2277,3.381198333418649e-07,1.5e-10,0.0005718781109396142,46851258.43158438,0.0,0.0,0.0,0.0,0.0,27049586.667347968,1090591291549.5791,-681.8128174581923,2160.6297545682355,1536.490498274963,2204.224375754176,-473.29710116870575,-821.8726579766408,-1040.2161971940038,271.3524449840047,1152.812663903847,2806.9570754337983,0.00030136623607839085
2278,3.3826983334186493e-07,1.5e-10,0.0005724091411192718,46872043.04127521,0.0,0.0,0.0,0.0,0.0,27061586.667347968,1091268286296.9193,-744.0418220330303,2142.2765498261338,1571.8760739917366,2205.7605761015793,-434.42801878333444,-862.4518687249106,-1013.9735450039177,300.195819653386,1154.5230410249997,2809.7041791148263,0.0003017876917052581
2279,3.3841983334186494e-07,1.5e-10,0.0005729412511401909,46892827.65096604,0.0,0.0,0.0,0.0,0.0,27073586.667347968,1091965771778.2357,-713.21071296853,2157.2779061130386,1548.2867473831293,2220.781885462284,-409.15393994546434,-855.250158725682,-1056.9807174116193,285.0422442563725,1120.0890097719277,2804.477249825954,0.000302208363292732
2280,3.3856983334186496e-07,1.5e-10,0.0005734710567937326,46913612.26065686,0.0,0.0,0.0,0.0,0.0,27085586.667347968,1092866762277.8391,-736.7942125695912,2135.3802628724743,1571.538795790427,2199.465679614755,-428.54703237295905,-875.090857724505,-1050.8944739708043,300.2080698728924,1162.9383299008161,2801.8052355744667,0.00030262863407806814
2281,3.3871983334186497e-07,1.5e-10,0.0005740024315260946,46934396.870347686,0.0,0.0,0.0,0.0,0.0,27097586.667347968,1093416633326.9824,-703.5148615205849,2139.645315031764,1573.15808621483,2227.2823507227436,-427.14076120081734,-870.756053574916,-1072.009266757179,296.2952209453348,1128.2362928929651,2801.89291201039,0.0003030489180148697
2282,3.38869833341865e-07,1.5e-10,0.0005745359644297218,46955181.480038516,0.0,0.0,0.0,0.0,0.0,27109586.667347968,1094014408742.4646,-727.8507424515684,2149.323502498294,1547.1705324748707,2229.62026793634,-445.9413616165966,-882.65139405204,-1067.4792793016677,291.8555397040831,1171.7686445667357,2825.9297172121937,0.00030347280747245153
2283,3.39019833341865e-07,1.5e-10,0.0005750678673970085,46975966.08972934,0.0,0.0,0.0,0.0,0.0,27121586.667347968,1094703539472.43,-695.872613195873,2147.168625187113,1583.1638049772107,2233.4958646992163,-406.49739156793544,-873.5923551805001,-1052.9497289438061,326.4339168657749,1100.1351919301278,2798.23058516958,0.00030389254206022694
2284,3.39169833341865e-07,1.5e-10,0.0005756027493085355,46996750.69942017,0.0,0.0,0.0,0.0,0.0,27133586.667347968,1095312732449.0583,-707.8124649597308,2157.274457312833,1560.4561894020833,2242.8362380610974,-447.8607622238412,-905.8340558522845,-1068.177708779793,309.208226120585,1153.4541893137002,2829.8023042965224,0.00030431701240587144
2285,3.39319833341865e-07,1.5e-10,0.0005761323291193417,47017535.309111,0.0,0.0,0.0,0.0,0.0,27145586.667347968,1096023368356.0625,-677.2499117115502,2127.0559942396508,1577.2908512815764,2215.1350952934513,-462.0781481385646,-927.1284570655996,-1062.2463360717643,315.993105334607,1137.3497304905445,2794.332172064165,0.00030473616223168106
2286,3.39469833341865e-07,1.5e-10,0.0005766619953570594,47038319.91880182,0.0,0.0,0.0,0.0,0.0,27157586.667347968,1096913741763.2643,-676.1229399748867,2145.177578036181,1614.3915907723563,2202.1853423617276,-451.47686791115524,-933.5168698446336,-1063.0150374886107,324.0112734341364,1108.9949184656027,2790.2666646768585,0.0003051547022313826
2287,3.3961983334186503e-07,1.5e-10,0.0005771971724071915,47059104.52849265,0.0,0.0,0.0,0.0,0.0,27169586.667347968,1097452969396.806,-663.292194243098,2176.2632973774207,1638.6431108137022,2220.1524250319685,-499.9061738324745,-964.5540617897958,-1046.0769550077714,333.81308582770305,1160.7942271938973,2837.3727250718725,0.0003055803081401434
2288,3.3976983334186505e-07,1.5e-10,0.0005777349102376464,47079889.138183475,0.0,0.0,0.0,0.0,0.0,27181586.667347968,1097886423604.1034,-684.6613809154223,2185.3294130772288,1612.4686552358103,2251.1955661583306,-452.2213212861289,-946.3267280830576,-1071.8663978588918,339.91677357258396,1134.5762652803244,2843.9289131031364,0.00030600689747710885
2289,3.3991983334186506e-07,1.5e-10,0.0005782696344089365,47100673.747874305,0.0,0.0,0.0,0.0,0.0,27193586.667347968,1098753932691.0985,-661.8693604740486,2175.2108464478733,1628.1466629546783,2231.780353411522,-454.2818720397343,-941.1065425286137,-1064.8374083869116,335.32926542654894,1113.854966056099,2821.116018610673,0.00030643006487990045
2290,3.4006983334186507e-07,1.5e-10,0.0005788070779621838,47121458.35756513,0.0,0.0,0.0,0.0,0.0,27205586.667347968,1099654907690.816,-701.2269697972064,2173.8901446232753,1634.353296831692,2237.8835527885794,-504.17272302419485,-970.6806164105473,-1042.6668678771973,332.76985687479055,1182.6170435229274,2858.3069034775635,0.0003068588109154221
2291,3.402198333418651e-07,1.5e-10,0.0005793451477904831,47142242.96725596,0.0,0.0,0.0,0.0,0.0,27217586.667347968,1100078429073.2324,-683.0839152275972,2171.7359719317524,1650.802091681804,2254.509442421898,-489.8680067060579,-995.4476008602909,-1084.1966665955613,347.5983472493643,1170.7791437322003,2856.979467695348,0.0003072873578355764
2292,3.403698333418651e-07,1.5e-10,0.0005798911828509149,47163027.57694678,0.0,0.0,0.0,0.0,0.0,27229586.667347968,1101032741382.9993,-680.4011804861512,2211.051833766687,1632.9861753858588,2306.4740598382505,-507.27357406209916,-1004.6735955464803,-1083.5030524621282,356.6733036704618,1185.5166454091323,2908.6835627033597,0.0003077236603699819
2293,3.405198333418651e-07,1.5e-10,0.0005804366650784803,47183812.1866376,0.0,0.0,0.0,0.0,0.0,27241586.667347968,1102062208731.1006,-682.6315265447085,2193.92924067784,1669.0530581067821,2315.386855934232,-512.0433608391909,-1013.3334397623476,-1116.021273914283,378.8328101381535,1192.4269960051543,2906.4571533577687,0.00030815962894298554
2294,3.406698333418651e-07,1.5e-10,0.0005809762982803083,47204596.79632843,0.0,0.0,0.0,0.0,0.0,27253586.667347968,1102927354268.152,-651.2330740663743,2191.6231103360965,1615.3041140087646,2260.659044283565,-524.6863183259119,-997.0759666241121,-1105.7201173983742,381.63547727546296,1173.6879521833478,2864.4456442663372,0.0003085892957896255
2295,3.408198333418651e-07,1.5e-10,0.0005815180473650478,47225381.40601926,0.0,0.0,0.0,0.0,0.0,27265586.667347968,1103629295411.712,-685.3612233901333,2189.0890346386195,1668.4196146127008,2290.406551850116,-452.210742347022,-1017.5868002804915,-1115.6545930610553,372.13767330336947,1135.2967676482208,2870.206791577064,0.00030901982680836207
2296,3.4096983334186514e-07,1.5e-10,0.0005820599991390304,47246166.01571009,0.0,0.0,0.0,0.0,0.0,27277586.667347968,1104739577646.1047,-638.4035419621486,2229.5399112624973,1656.0197261774174,2274.501369680239,-446.9120759325935,-952.0253843463721,-1087.3996056714207,390.46966005132566,1083.0328284131213,2856.895793235408,0.0003094483611773474
2297,3.4111983334186515e-07,1.5e-10,0.0005826033018205108,47266950.625400916,0.0,0.0,0.0,0.0,0.0,27289586.667347968,1105188547493.7703,-650.2059264181489,2213.8543104329196,1634.250816632368,2298.263692501392,-462.56066790017013,-986.9240038517867,-1128.1894202045285,363.7237902366825,1110.5074390949987,2871.909892774845,0.00030987914766126363
2298,3.4126983334186516e-07,1.5e-10,0.0005831463217470921,47287735.23509174,0.0,0.0,0.0,0.0,0.0,27301586.667347968,1106230382472.3586,-641.9251817670882,2230.312172664143,1659.0245717423356,2281.653173776622,-451.9596253277758,-976.2178816211699,-1110.27918651328,359.66977900856193,1091.5759934114724,2866.7537698436586,0.00031030916072674017
2299,3.4141983334186517e-07,1.5e-10,0.0005836917734243285,47308519.84478257,0.0,0.0,0.0,0.0,0.0,27313586.667347968,1107471365242.138,-663.2739040189931,2232.897749668757,1669.696853163091,2293.6894018063754,-469.28239917417716,-989.9164230666356,-1109.4048527562607,361.3796209911022,1130.2431842250228,2891.031688516042,0.0003107428154800176
2300,3.415698333418652e-07,1.5e-10,0.0005842383245561618,47329304.45447339,0.0,0.0,0.0,0.0,0.0,27325586.667347968,1108637928759.704,-675.3529889751569,2247.2271180966577,1680.5885721261977,2295.2466247448724,-444.561626624334,-978.9640914404661,-1095.9405374851988,392.0461249218451,1117.581861302443,2894.005618563438,0.0003111769163228021
2301,3.417198333418652e-07,1.5e-10,0.0005847879136843959,47350089.06416422,0.0,0.0,0.0,0.0,0.0,27337586.667347968,1109117824272.678,-672.5481783794834,2271.0811488133386,1681.0163388819715,2296.7045363846414,-482.7852680963575,-982.0481115187181,-1103.932601680192,367.7195162983067,1153.013099425627,2921.45940003205,0.00031161513523280694
2302,3.418698333418652e-07,1.5e-10,0.00058533621786221,47370873.67385505,0.0,0.0,0.0,0.0,0.0,27349586.667347968,1110242099347.263,-642.0071567932607,2284.3701363156515,1710.0509168342699,2295.4322501143197,-413.2666198658962,-968.8995718753641,-1094.0410823810523,355.3359302305538,1052.9820936927558,2893.324841392375,0.0003120491339590158
2303,3.420198333418652e-07,1.5e-10,0.0005858792558977934,47391658.283545874,0.0,0.0,0.0,0.0,0.0,27361586.667347968,1111175408814.2922,-663.8204351988829,2249.4502404266095,1699.2454235824073,2264.1685798040626,-414.57594119299375,-972.1058066653894,-1128.9656931252819,378.05314382450854,1076.047497271987,2863.080531334336,0.000312478596038716
2304,3.421698333418652e-07,1.5e-10,0.0005864222755985855,47412442.8932367,0.0,0.0,0.0,0.0,0.0,27373586.667347968,1112088719067.5046,-686.1583676893702,2262.9254749388742,1710.5431353309507,2240.6034391853723,-418.0073696535385,-965.780889521402,-1114.4156531559395,390.6927251668686,1101.8134474540475,2868.619861616899,0.0003129088890179585
2305,3.4231983334186524e-07,1.5e-10,0.0005869689454144547,47433227.50292753,0.0,0.0,0.0,0.0,0.0,27385586.667347968,1113059021993.0747,-669.6925109356373,2267.6124852887715,1717.2159305644946,2284.6098904157307,-408.1017964449381,-982.0739887831978,-1102.1767792552735,378.3605710146831,1075.30047899043,2887.218044962167,0.00031334197172470284
2306,3.4246983334186525e-07,1.5e-10,0.0005875157009750567,47454012.11261836,0.0,0.0,0.0,0.0,0.0,27397586.667347968,1114145100010.437,-672.937122584105,2287.285392164874,1691.305403442592,2272.111266677605,-381.1051735568592,-1027.5022788268736,-1104.7945916323597,392.0199759314344,1051.6819395489667,2883.52628071959,0.00031377450066681075
2307,3.4261983334186526e-07,1.5e-10,0.0005880623740396087,47474796.72230918,0.0,0.0,0.0,0.0,0.0,27409586.667347968,1115322401697.2412,-670.1054521902821,2271.315322249387,1698.8735577217224,2285.305803046839,-388.3031689157887,-1026.4288205786054,-1118.9302165017268,369.94318367495697,1056.1042019791998,2884.467441137599,0.0003142071707829814
2308,3.4276983334186527e-07,1.5e-10,0.0005886094502798536,47495581.33200001,0.0,0.0,0.0,0.0,0.0,27421586.667347968,1116419938865.056,-642.9969236976234,2278.5858149665905,1686.3417633635836,2292.26272998373,-396.47911067429527,-987.3935227030555,-1101.4128641578166,368.66572155023135,1037.1574377003903,2881.567564668335,0.00031463940591768165
2309,3.429198333418653e-07,1.5e-10,0.0005891590844246771,47516365.94169083,0.0,0.0,0.0,0.0,0.0,27433586.667347968,1117289272009.8213,-670.9010549985182,2281.330821555394,1692.0766676572389,2309.825864142529,-377.33354345517824,-1047.416114291404,-1106.2049570077124,348.4225092294326,1045.9711069720288,2903.0814780364776,0.00031507486813938713
2310,3.430698333418653e-07,1.5e-10,0.0005897140936365647,47537150.551381655,0.0,0.0,0.0,0.0,0.0,27445586.667347968,1118232487238.4863,-709.9010954343548,2301.3858021937203,1722.9049736518534,2333.591209471194,-407.628243982205,-1035.8265044435138,-1124.3851268097771,403.05243691963966,1115.2837917255886,2947.8578380246577,0.00031551704681509083
2311,3.432198333418653e-07,1.5e-10,0.000590273852769771,47557935.161072485,0.0,0.0,0.0,0.0,0.0,27457586.667347968,1118426924097.5068,-695.5100061005196,2325.253989116959,1763.0703136971479,2368.516949036334,-398.3482606104347,-1056.0454003239831,-1137.439414298061,371.3424193970885,1091.5778592592558,2975.4346052585424,0.00031596336200587964
2312,3.433698333418653e-07,1.5e-10,0.0005908372976765562,47578719.770763315,0.0,0.0,0.0,0.0,0.0,27469586.667347968,1119335256081.3506,-712.4820938891794,2335.0519776856036,1746.5707919990755,2388.4346941916497,-437.06018798142145,-1039.4721997180886,-1152.8827787037935,369.90812376390835,1147.3612676852115,3007.8945177411324,0.00031641454618354083
2313,3.4351983334186533e-07,1.5e-10,0.000591393273299694,47599504.38045414,0.0,0.0,0.0,0.0,0.0,27481586.667347968,1120510602607.968,-665.6420120502839,2295.0371412398795,1803.3928642485544,2349.449641478776,-446.4807447833833,-1055.9952057941023,-1154.759198842235,361.47218196107923,1109.8954738328557,2956.5142736217576,0.00031685802332458407
2314,3.4366983334186534e-07,1.5e-10,0.0005919543905275502,47620288.99014496,0.0,0.0,0.0,0.0,0.0,27493586.667347968,1121370724522.1882,-731.9309798053373,2312.038780556577,1804.8029416748343,2365.8188208048555,-461.1985691717474,-1063.6472858953327,-1196.9173984831873,340.0063515044916,1190.8638249873648,3006.032835942815,0.0003173089282499755
2315,3.4381983334186535e-07,1.5e-10,0.0005925203312175371,47641073.59983579,0.0,0.0,0.0,0.0,0.0,27505586.667347968,1122226853928.8972,-753.9504936010754,2317.463063518813,1856.4986431096768,2406.69247701461,-453.84813359309317,-1068.1779249989374,-1176.7118183089374,355.36538568978403,1205.5719448477082,3041.025254376333,0.00031776508203813195
2316,3.4396983334186536e-07,1.5e-10,0.0005930858455841588,47661858.20952662,0.0,0.0,0.0,0.0,0.0,27517586.667347968,1122925197126.4075,-775.8386701185425,2312.753762375138,1854.9352908471685,2409.1465114389734,-413.1605474179782,-1079.0402087937937,-1207.0524145323902,325.25596546018147,1186.7581843456794,3035.6948484642244,0.0003182204362654016
2317,3.4411983334186537e-07,1.5e-10,0.0005936539495299397,47682642.81921744,0.0,0.0,0.0,0.0,0.0,27529586.667347968,1123916858503.0576,-784.7499851562933,2324.9291697831227,1842.5502720910317,2419.4230853187487,-429.9818298943251,-1097.8080680338298,-1214.8210393466507,319.01363681033325,1212.5313124366712,3057.850076442583,0.00031867911377686796
2318,3.442698333418654e-07,1.5e-10,0.0005942184411270356,47703427.42890827,0.0,0.0,0.0,0.0,0.0,27541586.667347968,1125001254200.1672,-847.0805741900452,2304.5965408687334,1850.2089940335602,2374.210448132675,-437.2752586138749,-1092.0778792425997,-1240.815818956028,328.200989797227,1282.092769163122,3052.383594493594,0.000319136971316042
2319,3.444198333418654e-07,1.5e-10,0.000594792622023206,47724212.038599096,0.0,0.0,0.0,0.0,0.0,27553586.667347968,1125724884252.878,-806.7184740541151,2375.4282584076327,1892.4515721783855,2410.4801205676404,-495.6949882028574,-1111.8703468103388,-1185.5742589237532,364.56290422515565,1300.1867851713337,3116.464382906299,0.000319604440973478
2320,3.445698333418654e-07,1.5e-10,0.0005953645928558142,47744996.64828993,0.0,0.0,0.0,0.0,0.0,27565586.667347968,1126007483944.1404,-828.6895188825464,2363.5791263654332,1837.873170809294,2409.8064407587485,-439.58619241517704,-1084.6089079183528,-1207.2979944497717,354.7434189985036,1265.9885831666998,3091.9744135066335,0.00032006823713550395
2321,3.447198333418654e-07,1.5e-10,0.0005959398513530282,47765781.25798075,0.0,0.0,0.0,0.0,0.0,27577586.667347968,1126597549540.7732,-833.1400795562807,2380.9523665507886,1845.2327952135554,2435.549718985321,-415.1303458897895,-1065.8284814911776,-1212.322030183224,328.56114352300887,1246.0182507878096,3108.100473449741,0.0003205344522065214
2322,3.4486983334186543e-07,1.5e-10,0.0005965192737471222,47786565.86767157,0.0,0.0,0.0,0.0,0.0,27589586.667347968,1126779126852.3467,-842.005799602449,2393.2897016313227,1894.9477069979034,2461.413212538608,-437.03595955120835,-1083.7034381191047,-1244.025597809471,342.96037986399244,1276.811913856826,3141.177378795884,0.0003210056288133408
2323,3.4501983334186544e-07,1.5e-10,0.0005971021722822094,47807350.47736241,0.0,0.0,0.0,0.0,0.0,27601586.667347968,1127601656712.695,-819.6648773706979,2409.104787342858,1929.4397262856237,2488.91243620765,-440.587259181451,-1076.8748047313888,-1279.4430769748603,342.23447885617884,1282.4172826702168,3160.9011498196464,0.00032147976398581374
2324,3.4516983334186545e-07,1.5e-10,0.000597685694135949,47828135.087053224,0.0,0.0,0.0,0.0,0.0,27613586.667347968,1128070703476.0698,-884.2216326356227,2405.228379898668,1919.134232730214,2478.6876930513918,-447.2103500370445,-1112.9942847129237,-1270.7103271416,362.2022993959776,1329.177556093318,3179.826741140751,0.00032195673799698484
2325,3.4531983334186546e-07,1.5e-10,0.000598263113695794,47848919.696744055,0.0,0.0,0.0,0.0,0.0,27625586.667347968,1128985317510.6013,-891.964371212929,2359.051128064149,1887.9956125520503,2462.9227507279206,-412.83843028791136,-1115.3283568888228,-1285.894022162608,370.6254140307936,1302.3410440979171,3135.4317775153804,0.00032242705276361213
2326,3.454698333418655e-07,1.5e-10,0.0005988512041133026,47869704.306434885,0.0,0.0,0.0,0.0,0.0,27637586.667347968,1129717622071.095,-828.5339730715352,2447.7225715424506,1912.1070192189995,2521.8180981010946,-412.7443979028368,-1093.1338891388912,-1266.9556214014494,370.63819920624445,1238.974893086421,3184.2490141205544,0.00032290469011573024
2327,3.456198333418655e-07,1.5e-10,0.0005994343033291886,47890488.91612571,0.0,0.0,0.0,0.0,0.0,27649586.667347968,1130131281870.821,-893.477567499614,2401.6934162890707,1881.4797979726602,2467.551482672097,-472.43243411898425,-1117.1224178860407,-1310.8311558028863,363.0586662507669,1382.0952708654934,3186.8041312451032,0.000323382710735417
2328,3.457698333418655e-07,1.5e-10,0.0006000202994753601,47911273.52581654,0.0,0.0,0.0,0.0,0.0,27661586.667347968,1130036043693.2358,-809.6524063156346,2427.8757982621473,1950.8597921074681,2510.5187051839343,-450.51341114436065,-1145.2227379521066,-1317.9366165024544,364.74559436257897,1257.8716262388696,3176.945983754994,0.00032385925263298025
2329,3.459198333418655e-07,1.5e-10,0.0006006132841669001,47932058.13550737,0.0,0.0,0.0,0.0,0.0,27673586.667347968,1130518739349.5962,-859.3790676468519,2458.9807319760102,1923.4385363654299,2538.3049921957813,-474.795177041334,-1138.6025161466262,-1299.2261115214594,364.71845366331326,1328.6086197074262,3236.2390576784633,0.00032434468849163204
2330,3.460698333418655e-07,1.5e-10,0.0006012095812701863,47952842.74519819,0.0,0.0,0.0,0.0,0.0,27685586.667347968,1130829918854.2078,-859.2565870629495,2482.7331836372314,1908.7662057005848,2552.7584828656986,-477.75353792727617,-1121.4261323809058,-1281.432974722497,363.8494723822488,1334.6701049899655,3256.760912881521,0.0003248332026285643
2331,3.4621983334186553e-07,1.5e-10,0.0006018044346765328,47973627.35488901,0.0,0.0,0.0,0.0,0.0,27697586.667347968,1131549833455.3293,-865.6214318631226,2477.811287407972,1943.4510731476023,2541.911975714106,-450.7237587089898,-1151.6083669903398,-1291.5817452020847,361.54403293579276,1313.9450908051992,3245.744139342233,0.0003253200642494656
2332,3.4636983334186554e-07,1.5e-10,0.0006023990576622016,47994411.96457984,0.0,0.0,0.0,0.0,0.0,27709586.667347968,1132207565877.5989,-865.5705007777475,2474.903179114006,1916.8466073877019,2545.787564847689,-448.6756814543959,-1153.4236989201638,-1300.5948597441393,376.1640954826271,1311.850974906758,3242.1281350747736,0.00032580638346972683
2333,3.4651983334186555e-07,1.5e-10,0.0006029952669500589,48015196.57427067,0.0,0.0,0.0,0.0,0.0,27721586.667347968,1133163432241.509,-861.3301228648805,2497.3783458666294,1916.2347962138638,2536.238554943031,-467.94771600429794,-1159.820315016253,-1274.560447323474,381.8200447270982,1326.8502237081213,3255.6167781213276,0.00032629472598644504
2334,3.4666983334186556e-07,1.5e-10,0.0006035959914270419,48035981.183961496,0.0,0.0,0.0,0.0,0.0,27733586.667347968,1134291850657.517,-885.4961528819973,2539.459814302904,1886.1622718420433,2536.467267159772,-475.2492949430087,-1214.1742774471386,-1270.7954320184722,409.66584294571754,1358.5587248172048,3291.5163770337304,0.0003267884534430001
2335,3.468198333418656e-07,1.5e-10,0.0006041912836925671,48056765.793652326,0.0,0.0,0.0,0.0,0.0,27745586.667347968,1135121326148.3296,-830.2747646181471,2503.5942516483883,1912.8420638211799,2523.7999962616586,-514.9444056848246,-1194.722689221126,-1284.1947991210723,435.57697445250335,1322.2034756169057,3248.1627851688713,0.00032727567786077546
2336,3.469698333418656e-07,1.5e-10,0.0006047938739113999,48077550.40334315,0.0,0.0,0.0,0.0,0.0,27757586.667347968,1134935084772.5835,-890.8226793864245,2492.7628487397933,1955.462870115098,2581.6830599730865,-508.8318618582905,-1192.5962868972429,-1248.3649527475545,364.1500920776062,1414.9685404672027,3318.9121512646316,0.0003277735146834652
2337,3.471198333418656e-07,1.5e-10,0.0006053865819428412,48098335.01303398,0.0,0.0,0.0,0.0,0.0,27769586.667347968,1134333256755.2734,-835.9199123118522,2466.730162636262,1932.589638328849,2526.822631095036,-493.6546372787436,-1180.909525642304,-1290.845115925418,398.25620865893245,1326.8322573810278,3233.46220174123,0.00032825853401372636
2338,3.472698333418656e-07,1.5e-10,0.0006059823669245304,48119119.6227248,0.0,0.0,0.0,0.0,0.0,27781586.667347968,1134492255780.7607,-830.6072099351138,2452.253322438501,1910.878417479207,2571.6026303711114,-524.0343922517673,-1174.3592321790527,-1286.0450690582302,382.86228541612445,1351.888012230885,3257.8242188491117,0.0003287472076465537
2339,3.474198333418656e-07,1.5e-10,0.0006065783104688034,48139904.232415624,0.0,0.0,0.0,0.0,0.0,27793586.667347968,1135265585786.4014,-856.7056727611821,2443.762654091943,1906.1583110778968,2584.6952641738585,-495.0019008479921,-1179.2343469201267,-1279.2776396091422,404.8570317557651,1332.1484268417796,3255.0069372027974,0.0003292354586871341
2340,3.4756983334186563e-07,1.5e-10,0.0006071719431046217,48160688.842106454,0.0,0.0,0.0,0.0,0.0,27805586.667347968,1135400978431.5935,-795.1661449427664,2441.999877271695,1872.6070051368276,2574.951981804637,-518.0154813136107,-1177.2953048284146,-1280.4613371663554,412.27509238242226,1310.223515269078,3232.147282517311,0.0003297202807795117
2341,3.4771983334186564e-07,1.5e-10,0.0006077640641164472,48181473.45179728,0.0,0.0,0.0,0.0,0.0,27817586.667347968,1136143846045.927,-820.3469390442749,2413.9271832968047,1889.6694496898292,2575.188549190274,-499.174976497828,-1215.42560398669,-1265.1015292247143,394.23642979431526,1316.3462373496918,3228.288343561552,0.00033020452403104594
2342,3.4786983334186565e-07,1.5e-10,0.0006083589663534324,48202258.06148811,0.0,0.0,0.0,0.0,0.0,27829586.667347968,1137091513687.3083,-837.9690198562687,2412.4108753590695,1863.2787767375503,2617.069849107582,-441.8528496687509,-1249.5909168897194,-1252.4973599037478,383.40061146805203,1276.870877777849,3239.067070272471,0.0003306903840915868
2343,3.4801983334186567e-07,1.5e-10,0.000608952281050439,48223042.67117894,0.0,0.0,0.0,0.0,0.0,27841586.667347968,1137722772355.846,-838.6099640524483,2386.4488184064976,1896.7758524193528,2611.106917432376,-485.57074804932444,-1237.0840151059658,-1265.582375035775,386.15751853685026,1320.98039859548,3238.6269783431567,0.00033117617813833826
2344,3.481698333418657e-07,1.5e-10,0.0006095456403476545,48243827.28086976,0.0,0.0,0.0,0.0,0.0,27853586.667347968,1138378503706.171,-837.5652417094623,2400.1658814070556,1852.3712522069418,2606.5575432185146,-473.176490249825,-1211.1544407385968,-1262.834306230525,398.02158261526665,1308.9455854420914,3232.827371806916,0.0003316611022441093
2345,3.483198333418657e-07,1.5e-10,0.0006101408398884525,48264611.89056059,0.0,0.0,0.0,0.0,0.0,27865586.667347968,1139318134419.5283,-829.1943002724458,2403.923804038723,1865.2309167573865,2626.456562629796,-467.9999648046389,-1231.2760840135534,-1278.0583875426787,379.5840896858375,1296.8886310664045,3243.038288279059,0.0003321475579873512
2346,3.484698333418657e-07,1.5e-10,0.0006107470873397498,48285396.50025141,0.0,0.0,0.0,0.0,0.0,27877586.667347968,1139781731247.9495,-906.0163547016792,2458.6456034791295,1854.7525221820126,2663.303952380821,-494.5351175154076,-1228.7765816941885,-1246.745825244045,357.2497703986952,1399.0856753642604,3337.1315560925964,0.00033264812772076507
2347,3.486198333418657e-07,1.5e-10,0.0006113407495006056,48306181.10994224,0.0,0.0,0.0,0.0,0.0,27889586.667347968,1140750333879.2363,-834.0368490430592,2401.5826022590304,1850.4538945748377,2599.378969808964,-510.0618147023056,-1198.265522513101,-1272.571851044655,374.1937604952126,1341.6748439867968,3242.139334103478,0.0003331344486208806
2348,3.487698333418657e-07,1.5e-10,0.0006119426401610587,48326965.719633065,0.0,0.0,0.0,0.0,0.0,27901586.667347968,1141291131388.556,-845.1959400691286,2455.9829720126677,1919.3001433748407,2618.834645475152,-537.7017502384762,-1248.1461975364573,-1251.8998854518375,347.36684019304687,1380.9952149399996,3308.164378809318,0.000333630673277702
2349,3.4891983334186573e-07,1.5e-10,0.0006125512816122933,48347750.329323895,0.0,0.0,0.0,0.0,0.0,27913586.667347968,1142005985330.3115,-897.2671962974042,2485.108406112978,1911.875307394998,2644.745324108167,-563.730695822287,-1216.5156790271492,-1235.320030637388,367.02942647046467,1459.1981601257974,3366.4537824547438,0.0003341356413450702
2350,3.4906983334186574e-07,1.5e-10,0.0006131576628918724,48368534.939014725,0.0,0.0,0.0,0.0,0.0,27925586.667347968,1142667948232.2874,-909.6493772224069,2477.829938686445,1917.9831268926287,2621.8792011409682,-553.3341582055186,-1203.9712458885958,-1210.9346894877344,365.8911728551087,1461.1000634638588,3353.914984195644,0.0003346387285926996
2351,3.4921983334186576e-07,1.5e-10,0.0006137678447132428,48389319.54870554,0.0,0.0,0.0,0.0,0.0,27937586.667347968,1143498971338.3508,-898.7155178378828,2474.244669214922,1922.1603207453325,2674.1740118364855,-554.8809186246442,-1228.9432211052251,-1252.4939733391693,353.47036899131956,1451.7021818577305,3374.767346468472,0.00033514494369466983
2352,3.4936983334186577e-07,1.5e-10,0.0006143785058249859,48410104.15839638,0.0,0.0,0.0,0.0,0.0,27949586.667347968,1143407571021.385,-871.9524249645713,2476.464890090993,1888.2460110641382,2683.4118980191297,-586.5920103791946,-1208.0420618939947,-1262.6147389957578,361.89678636404807,1456.650006821301,3375.6059063620355,0.0003356512845806241
2353,3.495198333418658e-07,1.5e-10,0.0006149905803200272,48430888.7680872,0.0,0.0,0.0,0.0,0.0,27961586.667347968,1144073080402.1914,-908.2517528679853,2496.657259700931,1894.00922829028,2683.870135346912,-525.2988037922886,-1232.8693392564087,-1258.705880961028,381.0882906605298,1424.676332944147,3377.7769245331147,0.0003361579511193041
2354,3.496698333418658e-07,1.5e-10,0.0006155962086303424,48451673.37777802,0.0,0.0,0.0,0.0,0.0,27973586.667347968,1144454969670.1147,-843.9743685235516,2470.466617950204,1947.8904377329216,2637.538437336026,-567.7161948760051,-1237.6042695285037,-1222.4030462684905,376.9047514193731,1409.0798659140735,3336.617659787834,0.0003366584437682723
2355,3.498198333418658e-07,1.5e-10,0.0006162026826759755,48472457.98746885,0.0,0.0,0.0,0.0,0.0,27985586.667347968,1144861535930.0898,-811.5390084399975,2485.207136977915,1921.0821938215158,2642.3690188455566,-573.9355428134478,-1254.0428628899738,-1234.3968990142948,339.6181472598112,1383.5835980980178,3336.8822161477615,0.00033715897610069447
2356,3.499698333418658e-07,1.5e-10,0.000616814586739508,48493242.597159676,0.0,0.0,0.0,0.0,0.0,27997586.667347968,1145575053913.2864,-897.6988065221101,2509.9115818355126,1931.561753343279,2645.9927449952297,-584.1146110164945,-1227.9454943453507,-1213.1621449423715,348.4920957505751,1479.8426839769302,3393.467277765269,0.0003376679961923593
2357,3.501198333418658e-07,1.5e-10,0.000617423024422042,48514027.20685051,0.0,0.0,0.0,0.0,0.0,28009586.667347968,1146544445955.2153,-912.0671613227103,2481.396865298301,1868.7006095769418,2638.505780783555,-551.0493070573272,-1228.95368227075,-1220.7343454164054,293.7290930420891,1462.6099578117623,3369.342561275497,0.0003381733975765506
2358,3.5026983334186583e-07,1.5e-10,0.0006180406345756775,48534811.81654133,0.0,0.0,0.0,0.0,0.0,28021586.667347968,1147200524224.3354,-869.5493461280936,2535.985420363814,1908.9387941002103,2705.033239918588,-566.7731725073577,-1234.3240976018092,-1227.2128399875169,354.6347215384718,1434.5393757517556,3414.546456086278,0.00033868557954496353
2359,3.5041983334186585e-07,1.5e-10,0.0006186454796612461,48555596.42623216,0.0,0.0,0.0,0.0,0.0,28033586.667347968,1147725903913.0422,-823.1212001584272,2472.229734518429,1930.4206554435184,2623.803701752276,-600.9264620164158,-1219.6956776053337,-1206.720668268475,360.5526066912171,1422.2505392097248,3334.3815373416323,0.00033918573677556475
2360,3.5056983334186586e-07,1.5e-10,0.0006192649196981953,48576381.03592299,0.0,0.0,0.0,0.0,0.0,28045586.667347968,1148473030180.9353,-857.3693813568393,2532.3164381447546,1923.500114464632,2724.614732068388,-590.1429684679616,-1272.1814456409693,-1243.192953579071,339.25596763048935,1445.712352869844,3431.003909555407,0.00033970038736199807
2361,3.5071983334186587e-07,1.5e-10,0.0006198777371563532,48597165.64561381,0.0,0.0,0.0,0.0,0.0,28057586.667347968,1148879376781.8572,-915.2288206791537,2506.0295455165065,1915.7057625651416,2655.384136780374,-591.1405149616473,-1221.8988975741418,-1244.1200753726416,364.6553220925314,1504.5765254646851,3402.3407594364735,0.00034021073847591353
2362,3.508698333418659e-07,1.5e-10,0.00062049190907224,48617950.255304635,0.0,0.0,0.0,0.0,0.0,28069586.667347968,1149389607709.5544,-903.4958024386995,2529.267663638131,1848.8349645377896,2662.2902975569605,-575.4174683604124,-1203.2386615810633,-1252.9980882404207,346.0767787925,1477.0919286992305,3401.001966499662,0.00034072088877088846
2363,3.510198333418659e-07,1.5e-10,0.0006211081145577463,48638734.864995465,0.0,0.0,0.0,0.0,0.0,28081586.667347968,1150022005549.1733,-887.0874151127035,2540.457415659332,1869.96448314314,2663.8590016415933,-616.0798814838358,-1206.4856065937674,-1217.549808013091,324.4154662257199,1501.402360392246,3421.986611734265,0.0003412341867626486
2364,3.511698333418659e-07,1.5e-10,0.0006217278997607839,48659519.474686295,0.0,0.0,0.0,0.0,0.0,28093586.667347968,1149961455799.2327,-862.6063419602051,2563.0968472349296,1864.0194344195586,2707.5736913531505,-577.2976822271876,-1183.7982122302033,-1240.3246044531056,332.1902648446387,1438.7598884110873,3424.8593122690727,0.0003417479156594889
2365,3.513198333418659e-07,1.5e-10,0.0006223428532005015,48680304.08437712,0.0,0.0,0.0,0.0,0.0,28105586.667347968,1150860300614.8928,-843.0467058940276,2518.9723250054076,1896.1026332747747,2696.864739169761,-585.3059673530468,-1158.6064492562793,-1212.4195230962418,332.867706287464,1427.0224765919993,3392.8174767529026,0.00034225683828100183
2366,3.514698333418659e-07,1.5e-10,0.0006229647357791617,48701088.69406795,0.0,0.0,0.0,0.0,0.0,28117586.667347968,1151768841940.357,-915.2915287865272,2543.056874622244,1878.5419215374116,2717.644218352308,-615.8007762867213,-1162.3024492641314,-1181.667847083911,334.3971974832044,1527.0241793047044,3461.3860719392615,0.0003427760461917927
2367,3.5161983334186594e-07,1.5e-10,0.0006235857350646874,48721873.30375877,0.0,0.0,0.0,0.0,0.0,28129586.667347968,1152153070370.8035,-867.1370647105294,2533.050595928834,1865.1038320534024,2733.711084082208,-625.0498188599034,-1147.197022128169,-1197.9515776894707,311.66051941778903,1490.862074441155,3445.410442507262,0.00034329285775816883
2368,3.5176983334186595e-07,1.5e-10,0.000624191769540385,48742657.91344959,0.0,0.0,0.0,0.0,0.0,28141586.667347968,1152971822140.6172,-770.4613005484897,2481.105204473471,1873.228415929325,2653.184024860323,-605.9733961996393,-1113.9194288423898,-1202.9299760319018,318.13577851023757,1375.1477965022723,3324.013095474464,0.00034379145972249
2369,3.5191983334186596e-07,1.5e-10,0.000624819769432374,48763442.52314043,0.0,0.0,0.0,0.0,0.0,28153586.667347968,1153897346608.3813,-890.0657481232632,2592.352564634557,1886.257446558403,2751.84013012663,-599.1743558845809,-1125.3786505469595,-1182.1389189556216,275.12172737222136,1487.9833027697841,3488.5411374558903,0.00034431474089310834
2370,3.5199483334186596e-07,7.5e-11,0.0006251363111407985,48773834.82798584,0.0,0.0,0.0,0.0,0.0,28159586.667347968,1154048421348.8987,-888.9710230963725,2612.517984992045,1817.3964451698125,2791.0993884030363,-621.2692517862421,-1110.3667311817403,-1202.8887410982868,247.65946756900027,1509.8062583950611,3522.9005124153246,0.0003445789584315395
2371,3.5206983334186597e-07,7.5e-11,0.0006254455646234841,48784227.13283125,0.0,0.0,0.0,0.0,0.0,28165586.667347968,1154100968620.735,-849.3891475963582,2550.992650249738,1883.6884322912815,2687.890086429964,-626.4819302741278,-1142.1466201618755,-1169.717185899186,294.79163443288024,1474.1424293395696,3427.7170542107824,0.0003448360372106053
2372,3.5215983334186597e-07,9e-11,0.0006258213099674483,48796697.898645744,0.0,0.0,0.0,0.0,0.0,28172786.667347968,1154639600781.153,-832.0104079358973,2551.640221623096,1860.6983751808561,2777.7945109106613,-663.1485133756364,-1118.0997089940468,-1136.0270358978644,307.4436089741973,1486.1551438428255,3476.900688514014,0.0003451489582725716
2373,3.52267833341866e-07,1.0799999999999999e-10,0.0006262701782639473,48811662.81762314,0.0,0.0,0.0,0.0,0.0,28181426.667347968,1155074569462.1523,-868.642320279785,2561.9911568305347,1896.217522394928,2718.1816458923045,-665.5407073616258,-1078.1286543027138,-1140.6554995115341,315.5581111885131,1533.512500967826,3470.3939084290905,0.0003455237608146819
2374,3.52397433341866e-07,1.2959999999999997e-10,0.0006268148198992379,48829620.72039602,0.0,0.0,0.0,0.0,0.0,28191794.667347968,1155107009803.3083,-848.1148095148479,2614.35457577476,1867.9719149752464,2764.9063133058025,-636.1015863675582,-1077.7241143976323,-1170.934557157736,285.7730645512295,1490.6885371293254,3499.6022537040235,0.00034597730926676196
2375,3.52547433341866e-07,1.5e-10,0.000627444450256195,48850405.33008684,0.0,0.0,0.0,0.0,0.0,28203794.667347968,1155352287651.8965,-827.2792941301408,2617.869989708741,1905.3868817854834,2746.261722562107,-694.9770392643287,-1079.225979779606,-1200.0992599089486,321.80696110347844,1522.551859291069,3503.1471462899317,0.00034650278133870543
2376,3.52697433341866e-07,1.5e-10,0.0006280771176960418,48871189.939777665,0.0,0.0,0.0,0.0,0.0,28215794.667347968,1155498501142.8728,-820.7714512240823,2625.790104104702,1894.3016889453606,2764.12922947707,-716.1983381617318,-1131.077504732023,-1169.7272009910441,292.9583592668626,1536.1743991347614,3529.4738773025083,0.0003470322024203008
2377,3.5284743334186604e-07,1.5e-10,0.0006287197865111981,48891974.549468495,0.0,0.0,0.0,0.0,0.0,28227794.667347968,1156223501769.8286,-891.343414695085,2676.0279892735125,1883.3372265036478,2803.687983011898,-729.3995231993924,-1112.5956655360123,-1156.775528625044,322.1651576704983,1620.358849744892,3609.4375611780747,0.0003475736180544775
2378,3.5299743334186605e-07,1.5e-10,0.0006293581114967565,48912759.15915932,0.0,0.0,0.0,0.0,0.0,28239794.667347968,1156856123775.9534,-889.7402437943443,2657.5315185179215,1872.4111856852367,2779.838241553154,-703.751982088548,-1079.604791390541,-1175.0856612822665,276.35134172215436,1593.288929578837,3575.2583698152475,0.00034810990680994976
2379,3.5314743334186606e-07,1.5e-10,0.0006299995764371278,48933543.76885015,0.0,0.0,0.0,0.0,0.0,28251794.667347968,1157296856156.3464,-852.8202593651364,2676.0156801515527,1940.5073396803402,2784.3211210487657,-782.5328101166235,-1075.1196896934916,-1168.475101272025,276.73048471241805,1635.3363947990504,3609.095330689238,0.00034865127110955316
2380,3.5329743334186607e-07,1.5e-10,0.0006306421360295727,48954328.37854097,0.0,0.0,0.0,0.0,0.0,28263794.667347968,1157436419308.7637,-904.2037305276355,2688.6495458721056,1884.5101471031796,2785.597412197137,-727.8694883208599,-1095.1775075562439,-1194.3161736884933,283.5212861769471,1631.7203206260228,3611.2007452146686,0.0003491929512213354
2381,3.534474333418661e-07,1.5e-10,0.000631279989910676,48975112.9882318,0.0,0.0,0.0,0.0,0.0,28275794.667347968,1157660389177.6812,-861.8308698110399,2688.570458704203,1842.122042379248,2758.9216867749074,-697.2962923558142,-1103.5175974474175,-1186.1253129154602,315.21998118896676,1558.8062522978366,3561.1149244449193,0.0003497271184600021
2382,3.535974333418661e-07,1.5e-10,0.0006319235602641383,48995897.59792263,0.0,0.0,0.0,0.0,0.0,28287794.667347968,1158198041722.2544,-868.3331651498137,2709.1681126451795,1901.0582479428988,2772.1818667959665,-776.4433879092375,-1159.0087960400945,-1158.4549915115833,313.28503469501413,1635.3483073723937,3622.815097296169,0.0003502705407245965
2383,3.537474333418661e-07,1.5e-10,0.0006325678150926282,49016682.20761345,0.0,0.0,0.0,0.0,0.0,28299794.667347968,1157887639540.5547,-888.6454729536563,2692.490834154354,1834.4725172904084,2803.4108180171565,-749.0435284518227,-1103.356392277452,-1183.6388076073567,290.41837306506227,1637.4644586378747,3621.8541009598907,0.0003508138188397405
2384,3.538974333418661e-07,1.5e-10,0.0006332134400144947,49037466.81730428,0.0,0.0,0.0,0.0,0.0,28311794.667347968,1157386944360.9883,-929.7911485005015,2693.882702841423,1832.290690196114,2799.788289658385,-760.3732341615188,-1108.1850429538688,-1200.4087065372773,291.9364195848098,1690.0612555743417,3644.3531568516437,0.00035136047181326825
2385,3.5404743334186613e-07,1.5e-10,0.0006338607075267344,49058251.426995106,0.0,0.0,0.0,0.0,0.0,28323794.667347968,1157619582130.0327,-911.8668494044148,2703.365728017431,1810.8076520999346,2808.5758804267152,-789.0967336309477,-1122.6749598394858,-1209.2340712613582,282.8818284013684,1700.8630189706355,3657.998687917332,0.0003519091716164558
2386,3.5419743334186614e-07,1.5e-10,0.0006345092217801829,49079036.036685936,0.0,0.0,0.0,0.0,0.0,28335794.667347968,1158139647277.447,-920.521334398688,2708.322947601155,1783.7672750032725,2820.4891120164752,-788.3570854865213,-1085.7317848674602,-1245.3299656730505,262.47051698417647,1708.7015461832175,3665.7191851143675,0.000352459029494223
2387,3.5434743334186615e-07,1.5e-10,0.0006351574764761085,49099820.64637676,0.0,0.0,0.0,0.0,0.0,28347794.667347968,1158422247998.3665,-968.1584046760968,2694.89635121456,1849.5824769636065,2819.2740218188046,-754.3083083148603,-1094.058117457072,-1259.485617043659,278.46395134600914,1720.2213442717066,3667.44368002074,0.0003530091460462261
2388,3.5449743334186616e-07,1.5e-10,0.0006358068954999359,49120605.25606759,0.0,0.0,0.0,0.0,0.0,28359794.667347968,1158401009592.8333,-951.0123882566938,2702.5918692079367,1850.2684127569555,2845.719888805732,-702.9417622034368,-1091.8115712857561,-1261.7515388025495,265.07550172930013,1653.974458560475,3655.2234035793686,0.000353557429556763
2389,3.5464743334186617e-07,1.5e-10,0.0006364540577171007,49141389.86575842,0.0,0.0,0.0,0.0,0.0,28371794.667347968,1159119902790.3955,-971.997683646424,2700.2537466974213,1849.8136131932151,2787.651239605559,-775.4545140438748,-1124.4529107168373,-1251.7012595322092,305.7368642719445,1763.1934710439027,3672.195361741672,0.00035410825886102426
2390,3.547974333418662e-07,1.5e-10,0.0006371078681991764,49162174.475449234,0.0,0.0,0.0,0.0,0.0,28383794.667347968,1159433363789.0215,-977.5305269680113,2717.2152535796995,1871.5356755730234,2850.5242547816965,-770.1621018788454,-1120.2349287396273,-1272.8404858261313,278.2807122840874,1747.4608229962982,3709.0751727020906,0.0003546646201369296
2391,3.549474333418662e-07,1.5e-10,0.000637766684457245,49182959.08514007,0.0,0.0,0.0,0.0,0.0,28395794.667347968,1159377466697.2769,-993.8896347731118,2742.9542923346216,1902.9318569151162,2879.1931177155097,-758.4758820552639,-1127.6433571455943,-1298.6063562188888,267.10450719662316,1751.9764530152986,3740.7363556201362,0.0003552257305902726
2392,3.550974333418662e-07,1.5e-10,0.0006384269364361806,49203743.694830894,0.0,0.0,0.0,0.0,0.0,28407794.667347968,1159962733613.8782,-1004.880442693373,2749.6953782496516,1907.1021320635705,2898.5919900315594,-710.5072594863337,-1135.8439169960395,-1284.3531418380612,265.3941093752959,1708.3543160071345,3737.8607449056644,0.00035578640970200846
2393,3.552474333418662e-07,1.5e-10,0.0006390758088074173,49224528.30452172,0.0,0.0,0.0,0.0,0.0,28419794.667347968,1160129991723.316,-915.107686067009,2690.3241762615667,1921.709138682359,2841.9459544840083,-777.3464548682393,-1099.458120107001,-1296.3781310984934,313.8773630147309,1691.3191384968798,3661.4518444182363,0.0003563356274786712
2394,3.5539743334186623e-07,1.5e-10,0.0006397250323648772,49245312.91421255,0.0,0.0,0.0,0.0,0.0,28431794.667347968,1160270843026.7234,-964.9657494420185,2689.2720675672317,1890.6965602160788,2851.240987105928,-706.8285985786773,-1096.6355605682063,-1331.053502002242,283.8850390257953,1671.1464892104998,3656.867556593988,0.00035688415761216027
2395,3.5554743334186624e-07,1.5e-10,0.0006403824077385496,49266097.52390337,0.0,0.0,0.0,0.0,0.0,28443794.667347968,1161074637468.016,-987.3006797018771,2722.4111595789254,1896.1430385043652,2896.1487127971695,-728.9481141567938,-1078.2021011352933,-1297.7339627015167,265.1003687050832,1715.5270763298392,3718.6810008633342,0.0003574419597622898
2396,3.5569743334186625e-07,1.5e-10,0.0006410407718321223,49286882.1335942,0.0,0.0,0.0,0.0,0.0,28455794.667347968,1161222417615.5298,-972.0207030580858,2722.1377912836333,1877.1673780592491,2912.853759848124,-739.2393974814149,-1025.8213887014883,-1300.446638538121,221.76284358313595,1710.4574872227474,3722.2831092317106,0.0003580003022286745
2397,3.5584743334186626e-07,1.5e-10,0.0006416997463691081,49307666.74328502,0.0,0.0,0.0,0.0,0.0,28467794.667347968,1161838152423.9639,-1008.6154062639991,2732.547883559811,1881.8056584635763,2890.0092611321097,-757.4105716563658,-1058.2973356466687,-1344.3952979262021,216.09268569718034,1765.0317719478046,3742.721529801803,0.00035856171045814476
2398,3.5599743334186627e-07,1.5e-10,0.0006423586198562655,49328451.35297585,0.0,0.0,0.0,0.0,0.0,28479794.667347968,1162606315128.2603,-936.1062687764304,2743.901183809081,1901.3567115268934,2887.116497708227,-810.7452673889671,-1055.2262279456,-1330.3542615846102,213.8131237155778,1746.0873457056653,3737.522693224744,0.0003591223388621285
2399,3.561474333418663e-07,1.5e-10,0.000643019588876076,49349235.96266668,0.0,0.0,0.0,0.0,0.0,28491794.667347968,1163236401101.4702,-934.755431436715,2750.659367960249,1882.2977383027223,2912.3851853205288,-791.939003118907,-1039.7817261995608,-1292.6122998253998,241.53417500190545,1725.920589613445,3742.3021278180445,0.0003596836841813012
2400,3.562974333418663e-07,1.5e-10,0.0006436733613494939,49370020.572357506,0.0,0.0,0.0,0.0,0.0,28503794.667347968,1163746160601.3281,-909.2627564954432,2713.9642403805537,1935.2272373173257,2876.234924155324,-766.7950876559513,-1073.4445435077503,-1310.5428488177026,239.52988652587723,1675.448383711945,3686.899892236199,0.0003602367191651366
2401,3.564474333418663e-07,1.5e-10,0.0006443307546039677,49390805.18204833,0.0,0.0,0.0,0.0,0.0,28515794.667347968,1164249289916.097,-916.5837675286035,2737.449303833993,1895.108889029922,2911.501187486546,-708.0161596918124,-1033.4691698659435,-1313.622298345096,267.8234170135041,1650.3307095136627,3695.266792329925,0.0003607910091839861
2402,3.565974333418663e-07,1.5e-10,0.0006449913933274128,49411589.79173916,0.0,0.0,0.0,0.0,0.0,28527794.667347968,1164916467547.0237,-893.2231371162418,2761.6076948947098,1917.3030324019976,2923.6760778449056,-763.2979217926256,-1030.41386984698,-1314.2961654401283,281.1099347313009,1655.7478513762203,3718.9366634482494,0.00036134884968350335
2403,3.5674743334186633e-07,1.5e-10,0.0006456473279976432,49432374.40142999,0.0,0.0,0.0,0.0,0.0,28539794.667347968,1165440486702.7363,-919.8789732889453,2733.199025444744,1894.499686967745,2881.6073330106146,-771.314210282461,-1074.5514533835574,-1323.4804726867699,265.1857840531441,1690.5367071735955,3701.586180827876,0.00036190408761062754
2404,3.5689743334186634e-07,1.5e-10,0.000646304724402438,49453159.01112081,0.0,0.0,0.0,0.0,0.0,28551794.667347968,1166182974083.4448,-866.1125887154698,2718.0923454920535,1931.659055769935,2953.5278742278315,-698.7728405568073,-1019.5888067375532,-1293.933284576986,235.0523672510886,1564.32145587873,3676.97972678523,0.00036245563456964534
2405,3.5704743334186635e-07,1.5e-10,0.0006469641013839583,49473943.62081164,0.0,0.0,0.0,0.0,0.0,28563794.667347968,1166491888613.3333,-881.4463994066398,2743.6919925945554,1907.0249814961037,2936.4240498957943,-716.0190391907433,-1046.3285997990513,-1263.6965957549614,212.24452847786395,1596.3854766789282,3699.073808645087,0.0003630104956409421
2406,3.5719743334186636e-07,1.5e-10,0.0006476250470931676,49494728.230502464,0.0,0.0,0.0,0.0,0.0,28575794.667347968,1166077121116.7095,-942.1138735513358,2741.895837690633,1922.5293395777169,2942.8534643364856,-689.7931324328727,-1013.1890321692756,-1272.2019871779187,223.57007880761213,1630.9488261354825,3715.2645829159746,0.0003635677853283795
2407,3.573474333418664e-07,1.5e-10,0.0006482862826699848,49515512.84019329,0.0,0.0,0.0,0.0,0.0,28587794.667347968,1166342269438.3467,-996.8594095024947,2739.7757451341913,1880.9191788201042,2942.4884451806106,-645.833378883784,-1026.2722419290485,-1275.1194174953011,234.9395578702787,1643.6235455288331,3719.5870149895463,0.00036412572338062794
2408,3.574974333418664e-07,1.5e-10,0.0006489530653801111,49536297.44988412,0.0,0.0,0.0,0.0,0.0,28599794.667347968,1166355567393.084,-1001.7191980551931,2767.4164140995367,1876.5410493283225,2941.5349217847843,-762.7066795930074,-1026.3287736484083,-1270.5132738197897,207.2272235127657,1763.6304005967904,3786.8822889518874,0.00036469375572397073
2409,3.576474333418664e-07,1.5e-10,0.000649621929378001,49557082.05957495,0.0,0.0,0.0,0.0,0.0,28611794.667347968,1167025592817.7498,-967.9910300725945,2784.994400532704,1900.8583609792452,2975.9466255213492,-715.9326878789195,-1025.7433295709586,-1260.3911574310655,248.76969690430187,1683.42524596774,3775.769298373729,0.0003652601211187268
2410,3.577974333418664e-07,1.5e-10,0.0006502976812202405,49577866.66926577,0.0,0.0,0.0,0.0,0.0,28623794.667347968,1167528925166.6829,-985.0873015138635,2831.814976976624,1912.8943001737953,2991.6617473622487,-739.0231436753179,-1077.360485519691,-1278.6997392606095,214.87640471677528,1723.2318302324018,3831.062644927748,0.000365834780515466
2411,3.579474333418664e-07,1.5e-10,0.0006509597007302778,49598651.2789566,0.0,0.0,0.0,0.0,0.0,28635794.667347968,1168202178581.183,-950.2167753737405,2761.4621773609483,1914.35932716611,2926.746916944853,-698.7709460935882,-1086.257766046415,-1278.6015240363747,257.36396199493583,1649.8027458701235,3727.065840324982,0.00036639384039151475
2412,3.5809743334186643e-07,1.5e-10,0.0006516225029355143,49619435.88864742,0.0,0.0,0.0,0.0,0.0,28647794.667347968,1169002234004.1746,-961.3349206543965,2755.5553633293116,1882.4766111976814,2951.1887252404845,-674.7102006475828,-1044.010226319392,-1296.473104962779,254.80815655895304,1634.8931495905367,3725.485055616749,0.00036695266314985727
2413,3.5824743334186644e-07,1.5e-10,0.0006522851517277899,49640220.49833825,0.0,0.0,0.0,0.0,0.0,28659794.667347968,1169117571681.4136,-970.6707902371327,2753.5410652369874,1889.6199613304527,2947.8490998543934,-676.0076099013701,-1037.4642789105792,-1319.9359014236927,242.95021614336017,1645.56632902377,3727.1881970376035,0.00036751174137941294
2414,3.5839743334186645e-07,1.5e-10,0.0006529508862736841,49661005.108029075,0.0,0.0,0.0,0.0,0.0,28671794.667347968,1169929491314.3926,-942.3234900958008,2773.9678779448145,1900.5494395257272,2962.8436310290035,-722.8120226681124,-1056.8514843228722,-1352.7483873220028,271.29850539495385,1664.0836557490188,3749.9953845240184,0.00036807424068709154
2415,3.5854743334186646e-07,1.5e-10,0.0006536260821362819,49681789.717719905,0.0,0.0,0.0,0.0,0.0,28683794.667347968,1170733697978.2874,-975.2118240597017,2799.5130464110866,1883.289614642766,3037.2934926088988,-711.8815743249174,-1045.7160408882005,-1303.66812248431,263.12109143443155,1685.9045927453312,3812.9997836352304,0.0003686461906546368
2416,3.586974333418665e-07,1.5e-10,0.0006542961366143929,49702574.32741073,0.0,0.0,0.0,0.0,0.0,28695794.667347968,1171119124399.2778,-961.4710049335271,2773.088146414158,1934.8407782646725,3006.8709268600805,-696.8657114047674,-1029.351410496167,-1297.814044864489,222.67374558795086,1657.1080392293131,3776.0901091088663,0.00036921260417100316
2417,3.588474333418665e-07,1.5e-10,0.0006549649025616056,49723358.93710156,0.0,0.0,0.0,0.0,0.0,28707794.667347968,1171562005488.8208,-923.4579054078187,2779.285402985856,1905.9183602253436,3018.9831999014436,-655.6066747791002,-1050.3474807849766,-1336.9283169769737,261.74355568286785,1577.9502819510922,3746.5810203437545,0.00036977459132405473
2418,3.589974333418665e-07,1.5e-10,0.0006556380445726285,49744143.54679238,0.0,0.0,0.0,0.0,0.0,28719794.667347968,1172483183833.6843,-995.0431019911917,2772.238318515717,1900.5992543262098,3051.1448377956467,-637.7547667559305,-1042.4402269680247,-1291.5605789677597,245.11180570979263,1631.6286032108549,3787.548007922423,0.0003703427235252431
2419,3.591474333418665e-07,1.5e-10,0.0006563203310653268,49764928.15648321,0.0,0.0,0.0,0.0,0.0,28731794.667347968,1173337265611.8982,-1003.2004728142731,2818.7264682170235,1878.8007026891812,3095.7563016645627,-671.4445496935739,-1075.614412067952,-1289.7691790644203,203.0185780806626,1673.407360467731,3855.9292175649425,0.00037092111290787784
2420,3.592974333418665e-07,1.5e-10,0.000656997045997834,49785712.76617404,0.0,0.0,0.0,0.0,0.0,28743794.667347968,1174214048301.9824,-948.4093038608281,2788.875345762915,1875.0485610737442,3091.4493448784647,-650.3658360305923,-1017.5950562298033,-1269.4253224242646,221.91779114010927,1597.5685654102724,3800.327300981882,0.00037149116200302514
2421,3.5944743334186653e-07,1.5e-10,0.0006576775741718974,49806497.375864856,0.0,0.0,0.0,0.0,0.0,28755794.667347968,1174669976648.5828,-966.2895471360459,2799.690256516479,1868.401856904915,3114.143207153252,-651.6517882483773,-1015.9230832509388,-1262.403713619427,160.57260210467646,1616.7798866306691,3830.446880760036,0.00037206572903513915
2422,3.5959743334186654e-07,1.5e-10,0.0006583675098486395,49827281.985555686,0.0,0.0,0.0,0.0,0.0,28767794.667347968,1175692464165.5117,-999.6841423471514,2838.165849390252,1863.618561746264,3171.2329840235216,-654.2026642522487,-1016.3029639888751,-1254.426961623439,140.71407109806287,1652.726928289567,3897.364762408309,0.0003726503337495004
2423,3.5974743334186655e-07,1.5e-10,0.0006590474467306829,49848066.595246516,0.0,0.0,0.0,0.0,0.0,28779794.667347968,1176572385580.1416,-1002.5778552698395,2827.4163763307906,1885.4323121443153,3091.2068635673204,-574.5565505526623,-1023.4108638410063,-1323.9934424676073,165.22576552089168,1575.9506484441808,3817.48575143417,0.00037322295661221553
2424,3.5989743334186657e-07,1.5e-10,0.0006597314696962124,49868851.20493734,0.0,0.0,0.0,0.0,0.0,28791794.667347968,1177058157798.688,-990.4690026145568,2837.5482745790896,1962.2959000580286,3110.7048946168734,-637.1864905529372,-978.7021847271017,-1326.6383935137358,139.1731386949397,1626.3147966280658,3853.762482857381,0.00037380102098464414
2425,3.600474333418666e-07,1.5e-10,0.0006604195383447091,49889635.81462817,0.0,0.0,0.0,0.0,0.0,28803794.667347968,1177340002829.0469,-991.2187755098348,2828.087657648904,1917.9356081819326,3173.7298252320343,-625.3199785578952,-956.4876020818391,-1299.5726515476672,136.7772520086929,1615.4492271048002,3874.813663721586,0.0003743822430342024
2426,3.601974333418666e-07,1.5e-10,0.0006611157888942364,49910420.424319,0.0,0.0,0.0,0.0,0.0,28815794.667347968,1178565712259.7942,-1006.4842673215985,2889.833266441467,1911.3293937501278,3201.1051266372556,-639.0188938357904,-944.783584364697,-1318.6597991250223,136.9815655464632,1644.0838487705637,3930.7364329493776,0.00037497185349914477
2427,3.603474333418666e-07,1.5e-10,0.0006618086491519326,49931205.03400982,0.0,0.0,0.0,0.0,0.0,28827794.667347968,1179504497414.4287,-1014.1193401792348,2908.6981471560835,1927.5370665912205,3136.67142601239,-638.6114259139988,-980.6323896400618,-1347.3492521315277,126.04428629713584,1651.5826180166653,3913.2853831425095,0.00037555884630661616
2428,3.604974333418666e-07,1.5e-10,0.0006624994781399578,49951989.64370065,0.0,0.0,0.0,0.0,0.0,28839794.667347968,1180158011166.0933,-954.1933145627817,2908.09032521162,1935.2092016935405,3134.2818080221637,-645.4715369340652,-970.2253297894651,-1343.2821495498526,119.18731686465458,1598.5440288967968,3888.008364562443,0.00037614204756130054
2429,3.606474333418666e-07,1.5e-10,0.0006631948709885067,49972774.253391474,0.0,0.0,0.0,0.0,0.0,28851794.667347968,1180629550795.8542,-964.5655151073124,2926.778219764511,1885.2637042046722,3166.1260079402823,-655.3572557343417,-984.9634872763642,-1350.3329381309748,129.14138284809397,1618.583237868906,3920.095545344072,0.00037673006189310217
2430,3.6079743334186663e-07,1.5e-10,0.000663890149523662,49993558.863082305,0.0,0.0,0.0,0.0,0.0,28863794.667347968,1181111836733.072,-966.4928442377696,2938.7006210290197,1914.4720663234,3144.376020903292,-673.0138720858886,-954.5847044504025,-1331.1482420989507,122.24353327115575,1638.2984116281646,3923.3928978127597,0.00037731857082777407
2431,3.6094743334186665e-07,1.5e-10,0.0006645904365487257,50014343.47277313,0.0,0.0,0.0,0.0,0.0,28875794.667347968,1181836828869.113,-972.2058104928501,2970.8636857387933,1892.3694927436013,3187.364797777914,-627.0797161613095,-970.6352802934239,-1382.0970350753464,119.15790945471693,1598.0718570689662,3945.19383920771,0.0003779103499036552
2432,3.6109743334186666e-07,1.5e-10,0.0006652977901088534,50035128.08246396,0.0,0.0,0.0,0.0,0.0,28887794.667347968,1182336779184.7927,-999.5383955728429,2977.579633061187,1925.6452806238278,3247.7285622062313,-643.0748505665322,-955.3917246986634,-1388.0663351053947,126.22282720262326,1641.3947471601884,3997.6898444236645,0.0003785100033803188
2433,3.6124743334186667e-07,1.5e-10,0.0006660069954698897,50055912.69215478,0.0,0.0,0.0,0.0,0.0,28899794.667347968,1182919278494.5752,-1084.47415099185,2992.8276118306635,1874.1963903514384,3217.779677951703,-651.1958871986728,-984.8217478805567,-1379.002489836114,113.46205159490626,1734.3733190404782,4032.88605435625,0.0003791149362884722
2434,3.613974333418667e-07,1.5e-10,0.0006667152181572421,50076697.3018456,0.0,0.0,0.0,0.0,0.0,28911794.667347968,1182091593810.3506,-1008.2449913920382,3009.0741856469135,1905.130412137357,3212.5764797491465,-663.2192090989006,-960.3192901220342,-1372.0852262125663,69.1199230307243,1670.1435466404096,4011.6042003627344,0.0003797166769185266
2435,3.615474333418667e-07,1.5e-10,0.0006674191644753511,50097481.91153643,0.0,0.0,0.0,0.0,0.0,28923794.667347968,1180389888309.8826,-985.1307823664779,3021.3671482323516,1850.507671762207,3168.6001251147986,-634.3911378311591,-987.0618569802772,-1342.9941658804998,82.05569635547221,1618.2056904027277,3973.8876773122684,0.00038031276007012343
2436,3.616974333418667e-07,1.5e-10,0.0006681267471486276,50118266.52122726,0.0,0.0,0.0,0.0,0.0,28935794.667347968,1179765983988.8696,-1036.8320989346994,3001.82916515452,1829.425173796143,3182.4514810672727,-732.446643243004,-965.8722667201977,-1323.0596958016959,103.60346739498308,1768.0311819779063,4029.892756425769,0.0003809172439835873
2437,3.618474333418667e-07,1.5e-10,0.0006688209141657492,50139051.130918086,0.0,0.0,0.0,0.0,0.0,28947794.667347968,1178544299874.289,-967.02551068591,2921.91284347493,1825.484541487754,3131.666714332219,-734.4729897207576,-964.2962022149999,-1358.772271075787,75.20716383604412,1700.39245222282,3932.1737808861467,0.0003815070700507202
2438,3.619974333418667e-07,1.5e-10,0.0006695220759441156,50159835.74060891,0.0,0.0,0.0,0.0,0.0,28959794.667347968,1178763535007.957,-965.0650891104212,2962.274230451238,1796.1538158511848,3191.2883913325277,-696.5345640675184,-918.859123218802,-1345.0998317356941,82.27504128586118,1660.2237549904119,3962.968729228722,0.0003821015153601045
2439,3.6214743334186674e-07,1.5e-10,0.0006702317508835109,50180620.35029974,0.0,0.0,0.0,0.0,0.0,28971794.667347968,1179166575941.3892,-997.3339681897197,3022.6344222305975,1815.9594720614132,3207.48018396852,-729.4468975360995,-942.6292268344969,-1358.542727140929,100.88128287452358,1725.417008248901,4030.7055226779444,0.0003827061211885062
2440,3.6229743334186675e-07,1.5e-10,0.0006709414869311942,50201404.95999057,0.0,0.0,0.0,0.0,0.0,28983794.667347968,1179537546850.7725,-999.1218639904844,2975.4200653614425,1816.6967141855994,3254.07069864883,-715.0323713792434,-947.3498219448695,-1341.1742178045554,52.85670163012476,1713.1421536704252,4029.9519610684083,0.00038331061398266645
2441,3.6244743334186676e-07,1.5e-10,0.0006716483645181918,50222189.56968139,0.0,0.0,0.0,0.0,0.0,28995794.667347968,1180454775412.8472,-1066.451766816581,2961.5882455911847,1791.7033601520595,3213.5450705826343,-708.0374344333699,-946.7822010011848,-1358.6914525698753,68.6836963840188,1770.3288173883411,4026.4222651050204,0.0003839145773224322
2442,3.6259743334186677e-07,1.5e-10,0.0006723543173500807,50242974.17937222,0.0,0.0,0.0,0.0,0.0,29007794.667347968,1180276323076.0125,-1007.5998710296071,2930.3559500618926,1774.0229829504126,3235.372932436284,-771.2458196679545,-916.1011360936575,-1301.2364763332087,34.35022624655772,1770.7959609557204,4021.144791387574,0.0003845177490411404
2443,3.627474333418668e-07,1.5e-10,0.0006730577550276954,50263758.789063044,0.0,0.0,0.0,0.0,0.0,29019794.667347968,1180467607615.9102,-1006.9589458796345,2947.2107025414225,1776.3590454544858,3207.751666761673,-709.9726480693247,-979.901012060877,-1329.2347196038909,86.35437795738206,1713.9988865132445,3991.3885154144327,0.00038511645731845255
2444,3.628974333418668e-07,1.5e-10,0.0006737588671513465,50284543.398753874,0.0,0.0,0.0,0.0,0.0,29031794.667347968,1181141552118.067,-995.1264122864341,2919.3067391886425,1797.7756724322326,3206.1412063802945,-729.1705714727373,-946.2680495079478,-1327.760690815821,71.30243996904373,1721.4107246548444,3978.1919594237656,0.0003857131861123661
2445,3.630474333418668e-07,1.5e-10,0.0006744645279827708,50305328.008444704,0.0,0.0,0.0,0.0,0.0,29043794.667347968,1181122791261.0537,-997.2224971931607,2914.326893144889,1766.433742730083,3263.8518150648265,-737.4031629585767,-912.2957162628298,-1332.1504482832152,35.963144317903286,1731.761694372093,4008.3613570697885,0.0003863144403159266
2446,3.631974333418668e-07,1.5e-10,0.0006751755312457105,50326112.61813553,0.0,0.0,0.0,0.0,0.0,29055794.667347968,1181466228195.4106,-1011.0142134014438,2932.728926276354,1771.9070111084793,3304.300724643305,-728.7768838919316,-895.9245543519603,-1339.016206160228,29.87746961479712,1745.7861714141243,4043.102791727866,0.0003869209057346858
2447,3.633474333418668e-07,1.5e-10,0.0006758784124339859,50346897.22782636,0.0,0.0,0.0,0.0,0.0,29067794.667347968,1181058927186.8013,-1016.6068541412355,2876.565153578004,1748.7948590758378,3252.959956696299,-757.9266417666367,-918.6151593268966,-1324.3241135161118,-11.946899110000524,1762.8692277186735,4002.0203083096912,0.00038752120878093226
2448,3.6349743334186684e-07,1.5e-10,0.0006765790640243722,50367681.83751718,0.0,0.0,0.0,0.0,0.0,29079794.667347968,1181039140444.3777,-1064.5055260334864,2852.260278070508,1752.395755780152,3243.2599168594347,-701.4904537966904,-928.498183420277,-1274.206795367695,0.7641111718416488,1762.0009598926563,3987.6700860796104,0.0003881193592938442
2449,3.6364743334186685e-07,1.5e-10,0.000677274058286624,50388466.447208,0.0,0.0,0.0,0.0,0.0,29091794.667347968,1181020335546.2998,-1036.1013596853393,2813.028659955999,1699.1344579548143,3249.0256593667204,-648.9501234283235,-899.8238399461086,-1265.9373570504756,15.086796421309124,1682.606311086342,3931.5194056721557,0.00038870908720469507
2450,3.6379743334186686e-07,1.5e-10,0.000677973997319397,50409251.05689883,0.0,0.0,0.0,0.0,0.0,29103794.667347968,1181045620560.0405,-1059.299124520874,2785.091366714765,1775.4753140298292,3281.872146220282,-763.9618450262656,-929.1950919264614,-1280.7329036866633,-3.742989181039136,1820.6935688399044,3998.5224186783926,0.00038930886556749685
2451,3.6394743334186687e-07,1.5e-10,0.0006786699226379144,50430035.666589655,0.0,0.0,0.0,0.0,0.0,29115794.667347968,1180892095213.7314,-1068.062310513249,2782.0327575067804,1719.699609960035,3258.6026099605706,-685.3847517995736,-944.2916093111332,-1250.8802195776384,-12.511592991917317,1750.7931329046824,3957.108015296113,0.0003899024317697913
2452,3.640974333418669e-07,1.5e-10,0.0006793715156919178,50450820.276280485,0.0,0.0,0.0,0.0,0.0,29127794.667347968,1180211081213.651,-958.9709374896537,2852.2125552325865,1663.3432128913007,3261.592504498618,-811.0651428074498,-892.7461450437272,-1181.8100303054277,-29.32297193418614,1767.1345342685497,3994.2095899303085,0.0003905015632082808
2453,3.642474333418669e-07,1.5e-10,0.0006800655952865303,50471604.88597131,0.0,0.0,0.0,0.0,0.0,29139794.667347968,1179739325832.6206,-878.4179519534168,2808.3506442124344,1669.1650783507573,3230.3112332988326,-864.4277254310202,-883.252594276272,-1139.0540294391822,0.2692540519866824,1743.3322013940588,3943.020656157338,0.00039109301630670443
2454,3.643974333418669e-07,1.5e-10,0.000680765006350941,50492389.49566214,0.0,0.0,0.0,0.0,0.0,29151794.667347968,1180148569085.4849,-989.1161041997825,2833.7822718716297,1628.035533623917,3256.2477277712474,-768.7700749251446,-865.9160685468411,-1163.601128290172,-22.639525383181862,1762.6420983448827,3976.8591577610214,0.0003916895451803686
2455,3.645474333418669e-07,1.5e-10,0.0006814550529855545,50513174.10535296,0.0,0.0,0.0,0.0,0.0,29163794.667347968,1180787295238.5413,-954.2185040891221,2806.2409188404645,1616.7620643193843,3200.178226969861,-742.4694246577238,-840.3671584965637,-1164.8747984896584,-9.012085728470879,1694.8831542458333,3901.7758166414483,0.0003922748115528648
2456,3.6469743334186693e-07,1.5e-10,0.000682150001690349,50533958.71504379,0.0,0.0,0.0,0.0,0.0,29175794.667347968,1181811767684.4663,-963.4932712070942,2808.2360576467163,1596.4350274079538,3238.402128641126,-789.4277142014436,-830.7377219406902,-1177.5266995058396,-38.12380513015052,1751.1698521786864,3946.66358662032,0.00039286681109085785
2457,3.6484743334186694e-07,1.5e-10,0.0006828485457988844,50554743.32473462,0.0,0.0,0.0,0.0,0.0,29187794.667347968,1182465044898.9653,-986.905570834479,2837.548984286036,1634.779597942918,3249.9522592544167,-773.642571056381,-844.9255483968695,-1174.9721893872988,-61.288811457249444,1723.788214560284,3965.611394366094,0.0003934616528000128
2458,3.6499743334186695e-07,1.5e-10,0.0006835416810132629,50575527.93442544,0.0,0.0,0.0,0.0,0.0,29199794.667347968,1183134585986.1077,-942.0065285692901,2817.661538614667,1605.940813779331,3226.1187551671105,-760.0681529315016,-780.8552251722036,-1172.9528191540617,-62.70827202700594,1698.886210414393,3921.2645376463956,0.0003940498424806597
2459,3.6514743334186696e-07,1.5e-10,0.0006842386739958183,50596312.54411627,0.0,0.0,0.0,0.0,0.0,29211794.667347968,1184393769741.167,-939.97562585467,2851.838325895937,1616.861572690764,3243.0344394306576,-753.4054467623331,-773.9291050400377,-1200.3801353513838,-39.96151636575608,1692.5814136736778,3941.8845040340652,0.00039464112515626485
2460,3.6529743334186697e-07,1.5e-10,0.0006849470298447962,50617097.153807096,0.0,0.0,0.0,0.0,0.0,29223794.667347968,1185705383849.0356,-988.1255795809409,2914.792325826005,1608.6634398727726,3283.427188199428,-788.3721765595669,-787.4122796396251,-1225.7937683219727,-66.82788815699224,1775.6624915106643,4033.0319802361632,0.00039524607995330025
2461,3.65447433341867e-07,1.5e-10,0.0006856476556709102,50637881.76349793,0.0,0.0,0.0,0.0,0.0,29235794.667347968,1186137517859.2341,-932.6128463915244,2885.559374009077,1629.8685659199596,3247.045646712235,-763.8033835215876,-784.3755473613144,-1167.0927201582078,-48.253170629824446,1695.558081099562,3965.3682249467247,0.00039584088518704227
2462,3.65597433341867e-07,1.5e-10,0.0006863547552117323,50658666.37318876,0.0,0.0,0.0,0.0,0.0,29247794.667347968,1187426130219.404,-936.400622339677,2918.5116166807475,1613.986092444549,3295.638078772853,-755.781974364346,-802.1224107211087,-1214.7457419935672,-40.49818083600909,1691.2440265949595,4004.2384422767595,0.00039644152095338377
2463,3.65747433341867e-07,1.5e-10,0.0006870714398286823,50679450.98287958,0.0,0.0,0.0,0.0,0.0,29259794.667347968,1188108962506.8691,-1003.8600869915664,2964.566405874129,1633.474848053794,3320.0880595281665,-779.0209620399656,-822.5659810842482,-1200.2519592666965,-99.43642003512375,1781.8489693790154,4087.127810374046,0.0003970545901249399
2464,3.65897433341867e-07,1.5e-10,0.0006877742958504982,50700235.5925704,0.0,0.0,0.0,0.0,0.0,29271794.667347968,1189138055030.3171,-944.3769532472982,2884.1262999913592,1589.888750869814,3287.929052683267,-719.0750979569316,-795.4808370522486,-1200.7412804403098,-53.78521856637038,1662.59459087179,3971.2815338499277,0.0003976502823550174
2465,3.6604743334186703e-07,1.5e-10,0.0006884881628507362,50721020.20226123,0.0,0.0,0.0,0.0,0.0,29283794.667347968,1189662738330.8677,-908.9637832609903,2939.555684436771,1622.1038020474714,3365.8724744518468,-760.0917906186473,-797.2609284813857,-1214.7615313276096,-21.2398230828058,1665.3366034881894,4039.343876483697,0.00039825618393648994
2466,3.6619743334186704e-07,1.5e-10,0.00068919941198798,50741804.811952055,0.0,0.0,0.0,0.0,0.0,29295794.667347968,1190072798624.7207,-893.1349189701773,2907.804144863839,1620.6597300663746,3373.159888315491,-745.6247338412672,-821.2018324216034,-1187.7442789013471,-24.498395030305417,1637.9085404532568,4017.7072681170152,0.0003988588400267075
2467,3.6634743334186705e-07,1.5e-10,0.0006899089055744735,50762589.421642885,0.0,0.0,0.0,0.0,0.0,29307794.667347968,1191080946945.3667,-891.2508307856967,2906.409103006381,1610.4005720498303,3351.740687590899,-756.8521727366374,-844.0015296211819,-1199.7854375065167,-10.134305703385262,1647.1670861006623,4009.289918178605,0.0003994602335144343
2468,3.6649743334186706e-07,1.5e-10,0.000690621189957837,50783374.03133371,0.0,0.0,0.0,0.0,0.0,29319794.667347968,1191994403392.4414,-969.1670722795182,2898.3526716809747,1595.3227270578345,3386.014913191674,-679.9605353899547,-855.8645899642926,-1188.4112660801252,-26.842682725588364,1638.4750136865437,4025.3566316721235,0.00040006403700918516
2469,3.6664743334186707e-07,1.5e-10,0.0006913366285362434,50804158.64102454,0.0,0.0,0.0,0.0,0.0,29331794.667347968,1192951114192.3572,-963.2932295466334,2900.9852733672155,1582.0502807388518,3404.85279888858,-724.9591627051633,-871.2819841875638,-1188.4167115497548,-45.08298988146509,1687.2816418355899,4056.2340453149263,0.0004006724721159824
2470,3.667974333418671e-07,1.5e-10,0.0006920474074748476,50824943.25071536,0.0,0.0,0.0,0.0,0.0,29343794.667347968,1193907019401.3936,-912.0267540629434,2890.8891655458856,1580.2794928007675,3383.9378912510506,-725.3891028657112,-845.359287905447,-1191.173573218213,-25.542284542418876,1636.2519847136293,4014.720122025181,0.0004012746801342862
2471,3.669474333418671e-07,1.5e-10,0.0006927645498199539,50845727.86040619,0.0,0.0,0.0,0.0,0.0,29355794.667347968,1194282847799.9873,-1003.0629091910156,2893.632602931496,1628.4012287703968,3392.0131032015884,-797.7288558699602,-864.7224923407832,-1237.3534154716817,-54.07401682611868,1799.8126719103366,4093.4953166812916,0.0004018887044317884
2472,3.670974333418671e-07,1.5e-10,0.0006934855773366325,50866512.47009701,0.0,0.0,0.0,0.0,0.0,29367794.667347968,1195511934798.4392,-965.8631017783904,2947.4035480292255,1615.863883977072,3415.4918623459885,-752.4869796444849,-852.8435164670578,-1197.9931597792727,-17.37652825655894,1717.4094711989396,4095.346294967206,0.00040250300637603345
2473,3.672474333418671e-07,1.5e-10,0.0006942007634774429,50887297.07978784,0.0,0.0,0.0,0.0,0.0,29379794.667347968,1196437514832.1763,-906.9493175512996,2915.243303635701,1615.5419827576245,3402.23340905476,-759.5410244582102,-822.9730400464061,-1192.5533861314639,-12.579754492439735,1665.424292749437,4046.964922645415,0.00040311005111443027
2474,3.6739743334186713e-07,1.5e-10,0.0006949239930966177,50908081.689478666,0.0,0.0,0.0,0.0,0.0,29391794.667347968,1197709261204.7998,-941.7725807498035,2979.579567856506,1631.3144557322905,3427.1292751083483,-734.9296658148078,-798.7334907288075,-1197.6975593650563,-18.765573562064233,1675.8207771293276,4097.686806832442,0.00040372470413545513
2475,3.6754743334186714e-07,1.5e-10,0.000695646324727183,50928866.29916949,0.0,0.0,0.0,0.0,0.0,29403794.667347968,1199011136090.205,-935.1222120096954,2969.0888209237683,1708.0168914705905,3410.0636830500043,-777.0742069780634,-807.934253440679,-1162.9577815846183,23.66360950933446,1711.3472954520673,4099.584183204773,0.00040433964176293585
2476,3.6769743334186715e-07,1.5e-10,0.0006963756232326597,50949650.908860326,0.0,0.0,0.0,0.0,0.0,29415794.667347968,1200146508821.0068,-963.478285561236,2988.458088645159,1668.9364837145793,3447.6840312895893,-831.9080652413583,-805.1254867528894,-1195.4274495536097,5.260104906800692,1794.5763159724793,4162.116929389338,0.00040496395930234426
2477,3.6784743334186716e-07,1.5e-10,0.0006970981507747799,50970435.51855115,0.0,0.0,0.0,0.0,0.0,29427794.667347968,1200790847436.9036,-904.5954210900052,2952.3341714506914,1659.7862040508553,3435.641114516278,-811.0224946619234,-805.7355552452798,-1172.2222562015693,38.65276280610463,1714.7984776817968,4101.444104676318,0.0004055791759180457
2478,3.679974333418672e-07,1.5e-10,0.0006978248702386058,50991220.12824197,0.0,0.0,0.0,0.0,0.0,29439794.667347968,1201384211642.551,-938.618457590573,2976.492954820435,1669.0289746973651,3455.347798575119,-783.0485546150045,-783.725080817719,-1154.0224474757702,37.04726489766088,1721.0337188154488,4127.290813561847,0.00040619826954007996
2479,3.681474333418672e-07,1.5e-10,0.0006985580036737714,51012004.7379328,0.0,0.0,0.0,0.0,0.0,29451794.667347968,1201674345264.5632,-999.8292577490481,2983.1695837228795,1680.0638214167345,3494.1556336687263,-792.5659704657537,-831.9187138871827,-1172.1180972015045,50.312359742627415,1791.8183963789697,4183.360864943869,0.00040682577366982155
2480,3.682974333418672e-07,1.5e-10,0.0006992935242672882,51032789.347623624,0.0,0.0,0.0,0.0,0.0,29463794.667347968,1202141622105.101,-989.7562006406408,3005.9004448845044,1643.3135212158577,3510.1353036713344,-776.7753124085286,-804.8171928331944,-1138.1607183266426,38.27599544272434,1765.7983978353716,4191.402670823741,0.0004074544840704451
2481,3.684474333418672e-07,1.5e-10,0.0007000325895077882,51053573.957314454,0.0,0.0,0.0,0.0,0.0,29475794.667347968,1201784711728.467,-1034.5253654932308,3004.4338113372137,1684.963955598327,3524.0211578645904,-804.3304530841051,-839.2736789775369,-1142.7165019247966,85.91887303659072,1838.130796318248,4229.819937755718,0.00040808895706110845
2482,3.685974333418672e-07,1.5e-10,0.0007007698223809565,51074358.567005284,0.0,0.0,0.0,0.0,0.0,29487794.667347968,1202530957598.1716,-1032.6678688322918,2988.1386793050597,1684.9182733990644,3509.8465545983177,-827.7182877758836,-851.2640204455226,-1145.3524579365062,63.31911660042211,1857.3000013714159,4224.451369247081,0.0004087226247664955
2483,3.6874743334186723e-07,1.5e-10,0.0007015100621354855,51095143.17669611,0.0,0.0,0.0,0.0,0.0,29499794.667347968,1202718642567.0923,-1002.8718046779932,2988.58247978482,1674.3285313637357,3549.5410876365727,-841.2006542914495,-831.6691270710671,-1109.3092129855895,30.48267324176233,1843.3921513925663,4239.934605990972,0.00040935861495739416
2484,3.6889743334186724e-07,1.5e-10,0.0007022473591278776,51115927.78638694,0.0,0.0,0.0,0.0,0.0,29511794.667347968,1203343042688.059,-1002.6530986123864,2987.920574035954,1620.5273281249306,3537.721254744788,-806.1600922296514,-746.3894679878352,-1147.6154719188235,12.303145308650457,1808.1226974655453,4210.920709675397,0.0004099902530638455
2485,3.6904743334186725e-07,1.5e-10,0.000702989262434447,51136712.39607776,0.0,0.0,0.0,0.0,0.0,29523794.667347968,1204149598611.1975,-1047.5482321153295,3030.7045014518835,1644.282257090162,3539.9837330527716,-774.8806919494328,-726.0652536203493,-1143.526939046643,8.466844646600574,1821.7793402406646,4241.579970559391,0.0004106264900594294
2486,3.6919743334186726e-07,1.5e-10,0.000703728516370814,51157497.00576859,0.0,0.0,0.0,0.0,0.0,29535794.667347968,1204389072613.4534,-991.5554364989376,3008.1714085979406,1617.8220783608429,3545.636993149111,-809.9554200995635,-702.3445287088612,-1152.3249914926996,-10.257034231544223,1800.700047059586,4220.598470341909,0.00041125957982998066
2487,3.693474333418673e-07,1.5e-10,0.0007044749201405717,51178281.61545941,0.0,0.0,0.0,0.0,0.0,29547794.667347968,1205185558238.452,-1044.8138858173006,3010.030487513148,1631.6814882595663,3606.7538659096685,-797.022260397398,-763.4907423841269,-1175.4291778445854,-11.669509094206687,1841.2912441838682,4274.940262228997,0.000411900820869315
2488,3.694974333418673e-07,1.5e-10,0.0007052167146161992,51199066.22515024,0.0,0.0,0.0,0.0,0.0,29559794.667347968,1205847021365.9456,-1113.4676748004608,2966.163564731349,1643.0026466815582,3569.921043555945,-765.7418671699861,-792.3466491512252,-1145.3758732844374,-47.189169784709,1878.00211071929,4257.502413357131,0.00041253944623131857
2489,3.696474333418673e-07,1.5e-10,0.0007059608109257363,51219850.834841065,0.0,0.0,0.0,0.0,0.0,29571794.667347968,1205642535580.3118,-1113.1525069981888,2989.0820540324066,1635.4706857682347,3583.6690397937346,-753.0025594668259,-790.4184359905441,-1201.6460260636145,-36.64873092566569,1865.528227878818,4267.93996873498,0.00041317963722662884
2490,3.697974333418673e-07,1.5e-10,0.0007066970615327016,51240635.444531895,0.0,0.0,0.0,0.0,0.0,29583794.667347968,1205369286935.1677,-997.1061223657586,2970.4108327874796,1620.2480944175754,3565.425816874293,-721.1910850232044,-791.7487663720764,-1151.3426019065307,-37.29521436043693,1717.5873109438237,4185.420478125657,0.0004138074502983477
2491,3.699474333418673e-07,1.5e-10,0.0007074411082521236,51261420.05422272,0.0,0.0,0.0,0.0,0.0,29595794.667347968,1206420409587.6199,-997.1800788274422,2988.03245836212,1600.9785523153685,3623.880661280568,-780.9519738775716,-770.3961250028882,-1164.4466321455127,-43.01020777717647,1777.419933782473,4246.431306147109,0.0004144444149942698
2492,3.7009743334186733e-07,1.5e-10,0.0007081818206882454,51282204.66391354,0.0,0.0,0.0,0.0,0.0,29607794.667347968,1206952179880.9976,-1043.3552631306618,2955.3158600483403,1632.797931792321,3602.1255403747878,-745.1557368579311,-810.2432207788484,-1169.003142293256,-77.77097269421424,1787.7705554575732,4230.1951967189,0.0004150789442737776
2493,3.7024743334186734e-07,1.5e-10,0.000708917747708304,51302989.27360438,0.0,0.0,0.0,0.0,0.0,29619794.667347968,1207362145622.359,-1056.4710457760602,2910.252807176531,1611.8144539787834,3607.091535605912,-694.8933084326554,-737.2972439346933,-1195.3700569148991,-113.73047651220321,1750.6528524293485,4191.30201647756,0.00041570763957624924
2494,3.7039743334186736e-07,1.5e-10,0.0007096582482330598,51323773.8832952,0.0,0.0,0.0,0.0,0.0,29631794.667347968,1208448517928.9775,-1034.761934142449,2933.3283180174585,1555.8623711731052,3659.7423988220403,-677.856116007871,-715.6382054070648,-1216.8533469268434,-113.7544390247214,1712.7149034909808,4211.042142764017,0.00041633929589766385
2495,3.7054743334186737e-07,1.5e-10,0.0007104004498069229,51344558.49298602,0.0,0.0,0.0,0.0,0.0,29643794.667347968,1208628227645.7368,-1031.1734786787931,2957.7502880746797,1523.7555950009985,3644.519015563963,-707.6791289192012,-665.2880583265173,-1164.1824721387293,-130.79819006124217,1751.9508263897912,4227.683624428338,0.0004169734484413281
2496,3.706974333418674e-07,1.5e-10,0.0007111492242829604,51365343.10267685,0.0,0.0,0.0,0.0,0.0,29655794.667347968,1208377131864.1042,-1044.3607832831094,2993.8395724386723,1535.7903921263185,3687.821351879859,-690.1276893167768,-655.8905464177819,-1156.015338467246,-151.1571361953553,1733.8949143066006,4265.63251484535,0.0004176132933185549
2497,3.708474333418674e-07,1.5e-10,0.0007118987072615639,51386127.712367676,0.0,0.0,0.0,0.0,0.0,29667794.667347968,1209266571831.8708,-1090.509896935752,2979.482813817458,1581.9433623430293,3692.4352901621796,-686.1283411783965,-653.2213691739962,-1162.955020364903,-110.0294740957427,1776.0794800857532,4277.907540593736,0.00041825497944964396
2498,3.709974333418674e-07,1.5e-10,0.0007126466121220376,51406912.32205851,0.0,0.0,0.0,0.0,0.0,29679794.667347968,1210120900902.3738,-1080.7640059982862,2979.7131772875764,1578.4409437310721,3688.606563004683,-656.1454680593389,-674.4400574707053,-1150.5228800508862,-140.7306348965829,1714.4850220489893,4257.94075781486,0.0004188936705633162
2499,3.711474333418674e-07,1.5e-10,0.0007134010925616673,51427696.93174934,0.0,0.0,0.0,0.0,0.0,29691794.667347968,1210297906014.1892,-1088.1592029701872,2982.7616853040126,1570.6885893018066,3739.4032946348007,-711.6961966723708,-687.8219687345686,-1181.8086039293023,-125.3040877131837,1799.2274861742885,4314.91778959757,0.0004195409082317558
2500,3.712974333418674e-07,1.5e-10,0.00071415686892982,51448481.54144016,0.0,0.0,0.0,0.0,0.0,29703794.667347968,1210755440678.361,-1036.1379296925552,2999.062270573235,1558.5817974085712,3751.602269800269,-738.6383885940031,-686.9696218918436,-1197.9450846108732,-149.8178109811513,1774.600435382514,4318.120507447353,0.0004201886263078729
2501,3.7144743334186743e-07,1.5e-10,0.0007149100086770848,51469266.15113098,0.0,0.0,0.0,0.0,0.0,29715794.667347968,1211753925481.9146,-1089.4610008772722,2996.375535947293,1635.561363104972,3718.924291510866,-646.3898337269559,-738.6435790465811,-1169.3040776179885,-164.1016962735664,1735.1809971831058,4295.6874896485415,0.00042083297943132017
2502,3.7159743334186745e-07,1.5e-10,0.0007156750992537132,51490050.76082181,0.0,0.0,0.0,0.0,0.0,29727794.667347968,1212719707416.6863,-1090.4057948634345,3048.9872766096055,1629.0463552622293,3788.9245776192924,-717.0070929892529,-749.4948020972121,-1191.5569683091808,-114.56430962031858,1806.891115467179,4382.956102239998,0.0004214904228466562
2503,3.7174743334186746e-07,1.5e-10,0.0007164418641512055,51510835.37051264,0.0,0.0,0.0,0.0,0.0,29739794.667347968,1213900322951.101,-1145.2474703504047,3060.564136091738,1630.1353939990454,3778.0909556621946,-714.2982373097218,-761.8121564810673,-1235.2937066018505,-97.60038957664497,1858.9579240113,4405.177633695165,0.0004221511994917105
2504,3.7189743334186747e-07,1.5e-10,0.0007172133339152083,51531619.980203465,0.0,0.0,0.0,0.0,0.0,29751794.667347968,1214496675900.5425,-1108.2540812102118,3062.4946804329243,1688.3125832296728,3825.1589119996825,-750.6926111673237,-775.9867912227947,-1225.2407943592198,-161.18783764990724,1858.3933387787586,4435.586710128109,0.0004228165374982297
2505,3.720474333418675e-07,1.5e-10,0.0007179800109057103,51552404.589894295,0.0,0.0,0.0,0.0,0.0,29763794.667347968,1214731104089.12,-1124.9743824907316,3036.0111540611247,1649.5937874749052,3803.5301525878353,-726.3308632174984,-793.2465870562667,-1237.9449687775136,-79.95301036793688,1850.740862824695,4402.574580974851,0.0004234769236853759
2506,3.721974333418675e-07,1.5e-10,0.0007187414063947676,51573189.19958512,0.0,0.0,0.0,0.0,0.0,29775794.667347968,1215306292612.8296,-1120.6071754163886,3021.11028239886,1669.7253987473043,3754.2564677368305,-708.8028253756197,-790.0119644933999,-1270.2174147664757,-119.50666836512154,1857.4518779383104,4370.698041238148,0.00042413252839156165
2507,3.723474333418675e-07,1.5e-10,0.0007195178126520089,51593973.80927594,0.0,0.0,0.0,0.0,0.0,29787794.667347968,1215686379110.4536,-1157.8759400373278,3088.750613964359,1728.660397159995,3852.5090400597965,-700.5848048129417,-803.3309762562011,-1260.9060878014886,-129.79862136913601,1857.7431718822202,4466.020653494774,0.00042480243148958587
2508,3.724974333418675e-07,1.5e-10,0.0007202900136985326,51614758.41896677,0.0,0.0,0.0,0.0,0.0,29799794.667347968,1216638593596.67,-1155.3729393572896,3062.8855124960846,1705.202166945591,3822.3359159656916,-740.2112515667426,-797.0033249932078,-1333.8049315828177,-142.27694642463692,1895.129655955813,4448.785936684139,0.0004254697493800885
2509,3.726474333418675e-07,1.5e-10,0.0007210611976359747,51635543.02865759,0.0,0.0,0.0,0.0,0.0,29811794.667347968,1217793322599.7493,-1121.3884664978088,3091.3860875143328,1712.912438628633,3817.8089821150747,-670.8606243057751,-845.1864153425735,-1355.1658591589003,-127.57410660016257,1791.8662558104484,4421.459926911951,0.0004261329683691253
2510,3.7279743334186754e-07,1.5e-10,0.0007218418504369877,51656327.63834842,0.0,0.0,0.0,0.0,0.0,29823794.667347968,1219092541009.8088,-1083.7319428851604,3163.5297635516913,1722.1765755178028,3858.4206333902102,-720.6671952927435,-824.3346265705767,-1309.93128687001,-90.4786071248961,1800.209920523428,4478.980560513469,0.00042680481545320233
2511,3.7294743334186755e-07,1.5e-10,0.0007226174810707235,51677112.248039246,0.0,0.0,0.0,0.0,0.0,29835794.667347968,1220544046922.3528,-1129.3266694321242,3115.7682242149885,1662.4288369482315,3852.038460584942,-660.8459065591578,-795.7533008016005,-1324.6506883960376,-107.470212510002,1789.8826462821546,4446.413859929453,0.00042747177753219175
2512,3.7309743334186756e-07,1.5e-10,0.0007234050503715449,51697896.857730076,0.0,0.0,0.0,0.0,0.0,29847794.667347968,1221268505792.4297,-1123.6681661215023,3198.946594362478,1721.0883582467839,3893.910329444383,-706.7218408681521,-729.0856269242041,-1319.081606677399,-161.75401022625417,1830.0078035077172,4527.171779623153,0.0004281508532991352
2513,3.7324743334186757e-07,1.5e-10,0.0007241894740513905,51718681.467420906,0.0,0.0,0.0,0.0,0.0,29859794.667347968,1222547609338.0864,-1101.3540753396787,3184.614468309952,1747.8168523777608,3887.234013651343,-680.7901420028995,-744.5896793761868,-1306.3664930709162,-129.57191741146795,1781.6085690679822,4497.082316681672,0.00042882541564663747
2514,3.733974333418676e-07,1.5e-10,0.0007249790640440201,51739466.07711173,0.0,0.0,0.0,0.0,0.0,29871794.667347968,1223726804167.2678,-1060.915310165165,3217.673515477561,1711.0732926451224,3931.2933854302064,-697.6700701199362,-692.2111025389746,-1252.909422870114,-100.40569449208675,1758.587513219746,4522.378172166006,0.0004295037723724624
2515,3.735474333418676e-07,1.5e-10,0.0007257637343226856,51760250.68680256,0.0,0.0,0.0,0.0,0.0,29883794.667347968,1225243876409.1401,-1108.3745064796958,3176.5966075621027,1697.5289066877208,3881.790127786656,-722.0166813016948,-732.3923336927355,-1285.0295337187285,-160.48426743580342,1829.6179530485372,4508.614555895896,0.0004301800645558468
2516,3.736974333418676e-07,1.5e-10,0.0007265524880452298,51781035.29649338,0.0,0.0,0.0,0.0,0.0,29895794.667347968,1226338759509.893,-1130.8680459539291,3188.1910731901053,1716.4999053025845,3912.304299911279,-707.6477196407773,-724.6010267397272,-1305.0163468773806,-189.3361574841958,1838.0807152301345,4536.443964727671,0.0004308605311505559
2517,3.738474333418676e-07,1.5e-10,0.000727347422093589,51801819.90618421,0.0,0.0,0.0,0.0,0.0,29907794.667347968,1227464771536.4836,-1171.7494855302295,3206.2071033826446,1712.8718706163152,3958.6429522900517,-691.2190303010428,-732.3013924221902,-1328.149816099324,-165.22462061225895,1862.6331456939358,4579.99294045435,0.0004315475300916241
2518,3.739974333418676e-07,1.5e-10,0.0007281389418246698,51822604.515875034,0.0,0.0,0.0,0.0,0.0,29919794.667347968,1228490645634.9485,-1117.2044829183042,3192.6914573983386,1703.9944256638066,3951.3634435722397,-704.5854002598604,-695.1471475155838,-1285.3685665172807,-150.0587614516553,1821.4400830013526,4547.951989791053,0.00043222972289009274
2519,3.7414743334186764e-07,1.5e-10,0.0007289356614137412,51843389.125565864,0.0,0.0,0.0,0.0,0.0,29931794.667347968,1229333763192.7131,-1132.9137443013083,3227.3030481435103,1704.3318881618993,3967.3344836825,-718.8972301380502,-694.4497072810293,-1305.5335072155679,-162.9776112412879,1851.7396993303562,4586.775350823254,0.0004329177391927162
2520,3.7429743334186765e-07,1.5e-10,0.0007297392883265361,51864173.735256694,0.0,0.0,0.0,0.0,0.0,29943794.667347968,1229891043110.9214,-1123.2875311332512,3280.9328724476377,1687.692881453533,3995.7880905360707,-725.5962764438387,-664.403362009457,-1291.9196511547082,-220.39422222095266,1848.9587922726057,4629.758744147446,0.0004336122030043383
2521,3.7444743334186766e-07,1.5e-10,0.0007305396017957437,51884958.34494751,0.0,0.0,0.0,0.0,0.0,29955794.667347968,1230826939671.4485,-1150.0989933148833,3230.6358878889846,1676.3511005815622,3984.22227196426,-763.4805811040453,-678.436945297985,-1325.2887619500943,-223.56064849221895,1913.41573840264,4623.296185329152,0.0004343056974321377
2522,3.7459743334186767e-07,1.5e-10,0.0007313468477769421,51905742.95463834,0.0,0.0,0.0,0.0,0.0,29967794.667347968,1231575539806.4192,-1229.8997701552569,3241.150900578646,1661.3924017169375,4039.3616215332363,-723.8117800986033,-641.4815171659718,-1300.8852175524978,-189.0244482417844,1953.6623494873195,4673.766332767165,0.00043500676238205277
2523,3.747474333418677e-07,1.5e-10,0.0007321588074787253,51926527.56432917,0.0,0.0,0.0,0.0,0.0,29979794.667347968,1232378684035.4697,-1239.4475449471954,3279.3678681586916,1666.2993762207154,4059.4323609482385,-686.6656269086088,-644.844137319431,-1247.763840861257,-213.90107933813053,1925.7750826774197,4697.6342727682295,0.000435711407522968
2524,3.748974333418677e-07,1.5e-10,0.000732966722423999,51947312.17401999,0.0,0.0,0.0,0.0,0.0,29991794.667347968,1233340904549.0962,-1133.207897127687,3284.1965102367444,1653.7589812808744,4037.693610939898,-739.4072831636831,-638.7368069044752,-1246.542492429021,-179.15538567705764,1872.082216128069,4658.8982259387185,0.0004364102422568588
2525,3.75e-07,1.5e-10,0.0007337343587741913,51961524.22706382,0.0,0.0,0.0,0.0,0.0,29999999.999998555,1233998685387.6987,-1156.573236012473,3278.1012153631355,1637.2009735923161,4007.1288548510215,-774.4101071887683,-647.5513437556657,-1236.2738417691533,-157.47392057487147,1930.8098210697633,4662.40938700964,0.00043710960366491025
