step,time(s),dt(s),strain_eq,sigma_vm(Pa),s_xx(Pa),s_yy(Pa),s_zz(Pa),s_yz(Pa),s_zx(Pa),s_xy(Pa),density(1/m^2),Lpxx,Lpxy,Lpxz,Lpyx,Lpyy,Lpyz,Lpzx,Lpzy,Lpzz,epdot_eq(1/s),ep_eq(-)
1,2e-11,2e-11,1.0758054429054822e-08,1600.0,0.0,0.0,1600.0,0.0,0.0,0.0,956686211770.9608,-189.92740577435256,53.50132885779721,172.6472256629263,11.59314433192603,196.934235588964,-186.54080489470746,-151.56282025078508,322.38879902359633,-7.006829814551745,240.10118467758838,4.802023693551767e-09
2,4.3999999999999997e-11,2.3999999999999998e-11,2.3831033375150106e-08,3520.0000000000005,0.0,0.0,3520.0,0.0,0.0,0.0,956689444586.7332,-192.91598101222053,51.02370918809473,172.6513090217767,13.04355685514492,192.67225952787823,-182.7510972908649,-149.95682127634507,326.0600051089462,0.24372148431698454,240.71806943364882,1.0579257359959337e-08
3,7.28e-11,2.8799999999999997e-11,3.967312313436837e-08,5824.0,0.0,0.0,5824.0,0.0,0.0,0.0,956696314703.3025,-198.46961447914342,52.02033683758836,173.34649684898505,17.744787086043495,193.90823327139907,-184.30473091921178,-149.9416607340156,323.39757905625856,4.561381207722556,244.12058036514006,1.760993007447537e-08
4,1.0735999999999999e-10,3.4559999999999995e-11,5.853657751952333e-08,8588.8,0.0,0.0,8588.8,0.0,0.0,0.0,956708708691.8464,-195.6857792395784,49.26796542107929,170.5354567158457,15.340150624079941,195.62526432205954,-180.7055624074665,-149.8240991848926,323.02151225292556,0.060514917601764105,243.57157905467187,2.602776384660483e-08
5,1.4883199999999998e-10,4.147199999999999e-11,8.072746327014339e-08,11906.559999999998,0.0,0.0,11906.559999999998,0.0,0.0,0.0,956728497034.2117,-179.97087303144866,45.0617463607518,169.32789693868574,42.83001702701109,185.4137478337098,-186.41315945424492,-136.20481641652705,319.0932607587254,-5.442874802276243,230.95519452913393,3.560593767411707e-08
6,1.9859839999999997e-10,4.976639999999999e-11,1.0727002521000242e-07,15887.871999999996,0.0,0.0,15887.871999999996,0.0,0.0,0.0,956761778223.097,-168.26233566184516,48.69863316928946,167.0647398788717,45.50217090238044,169.4051124929194,-181.39410223806107,-143.04747693997857,320.47207124807346,-1.1427768310668762,218.18686580603526,4.646431251256654e-08
7,2.5831807999999997e-10,5.971967999999998e-11,1.3873418371281698e-07,20665.446399999993,0.0,0.0,20665.446399999993,0.0,0.0,0.0,956798225482.1913,-162.13586060650115,43.95314873538589,174.5659718878811,51.95875695450578,168.62225595935212,-185.64635259821452,-141.66459766940812,318.3563944662425,-6.4863953528262845,214.02546650601715,5.9245844884156605e-08
8,3.29981696e-10,7.166361599999998e-11,1.7567997125266865e-07,26398.535679999994,0.0,0.0,26398.535679999994,0.0,0.0,0.0,956848380323.7412,-145.7583273499331,49.335799921306304,182.48367810964228,55.56599439061334,158.45142389807643,-185.69704824229456,-141.04441645761872,310.88093844897907,-12.693096548095047,201.1794572661593,7.366309225676705e-08
9,4.1597803519999995e-10,8.599633919999998e-11,2.1968172520786567e-07,33278.24281599999,0.0,0.0,33278.24281599999,0.0,0.0,0.0,956901316508.8499,-135.42717934143178,45.22817126320177,176.73725523399705,43.78526976006628,147.053326159276,-187.62693305718904,-149.60220270149802,320.6152839172109,-11.62614681788617,188.45542627779844,8.98695690190332e-08
10,5.191736422399999e-10,1.0319560703999998e-10,2.71819942046469e-07,41533.89137919999,0.0,0.0,41533.89137919999,0.0,0.0,0.0,956998073257.283,-131.87994329159415,50.053049645926585,177.400788584994,54.1523081766328,151.856763060239,-189.4829255644608,-150.17336344824656,319.9615570621998,-19.97681976865062,191.7711318834869,1.0965950738649752e-07
11,6.430083706879998e-10,1.2383472844799998e-10,3.3494100520117345e-07,51440.66965503999,0.0,0.0,51440.66965503999,0.0,0.0,0.0,957151687585.495,-134.6838499514211,48.67856411228984,185.8032761379222,47.77017928686206,150.7614217146907,-187.08261324895312,-158.77885322320245,327.3533520742745,-16.07757176326981,193.18646240157048,1.3358270049782576e-07
12,7.916100448255998e-10,1.4860167413759998e-10,4.1024201292385756e-07,63328.80358604799,0.0,0.0,63328.80358604799,0.0,0.0,0.0,957371853817.7761,-128.42935502985728,48.05941263471289,182.20246700709458,49.49902456888861,146.35941629255987,-180.93764119352824,-150.273541198952,327.74399301669314,-17.93006126269017,190.23015888131704,1.6185122057905111e-07
13,9.416100448255998e-10,1.5e-10,4.863130732796295e-07,75328.80358604799,0.0,0.0,75328.80358604799,0.0,0.0,0.0,957625503057.8145,-130.55734321832495,48.858202927912046,190.40299854885336,54.236310899176836,150.6885822428643,-179.44031571008827,-157.04070954170552,333.7126435881777,-20.13123902454973,196.51678740884205,1.9132873869037741e-07
14,1.0916100448256e-09,1.5e-10,5.603181908027038e-07,87328.80358604799,0.0,0.0,87328.80358604799,0.0,0.0,0.0,957866035832.9773,-109.46769538563946,35.47497156447836,209.40379554800995,73.28636688874852,138.05829496996023,-164.55544480218714,-167.83900723500852,318.5003894177532,-28.5905995843425,183.46397411810628,2.1884833480809336e-07
15,1.2416100448256e-09,1.5e-10,6.287494029997856e-07,99328.803586048,0.0,0.0,99328.80358604799,0.0,0.0,0.0,958090290480.3462,-77.04900270153762,29.88091014355404,249.2055452497624,105.53414989210562,147.12557864769397,-129.6873478157415,-206.71897099505298,321.09158674111114,-70.07657594616532,201.46492876518255,2.4906807412287075e-07
16,1.3916100448256001e-09,1.5e-10,7.041055891623176e-07,111328.80358604799,0.0,0.0,111328.80358604799,0.0,0.0,0.0,958281899837.1896,-115.39422567751035,6.159980191795796,210.23259741103865,119.33397412768034,139.68690883370243,-145.36021506343218,-193.28057451789346,325.66185544081054,-24.292683156197192,196.1135502049695,2.784851066536162e-07
17,1.5416100448256002e-09,1.5e-10,7.851569595047394e-07,123328.80358604799,0.0,0.0,123328.80358604799,0.0,0.0,0.0,958480969014.8794,-163.6742047301165,3.2559399428191584,167.47990702176438,57.21258069978364,148.42328338757065,-202.83663797089363,-128.47082926128104,328.95460768022957,15.25092134254065,199.3209357751065,3.083832470198822e-07
18,1.6916100448256003e-09,1.5e-10,8.608092255725888e-07,135328.803586048,0.0,0.0,135328.803586048,0.0,0.0,0.0,958639931261.1022,-121.07571648283196,-5.831514521537213,208.74368644759184,118.87810494644025,144.43618774453245,-153.69063874189715,-183.66412044718524,332.17396555892066,-23.360471261711137,197.82022168986776,3.3805628027336236e-07
19,1.8416100448256005e-09,1.5e-10,9.37915490744055e-07,147328.803586048,0.0,0.0,147328.803586048,0.0,0.0,0.0,958707732919.3352,-115.30647256797226,9.016196122752572,188.85723752354787,82.64543874488785,115.37826238195602,-175.4138134190375,-181.50344987621426,316.8525253423473,-0.07178981400592442,165.00131830801288,3.628064780195643e-07
20,1.9916100448256006e-09,1.5e-10,1.0196986498602378e-06,159328.803586048,0.0,0.0,159328.803586048,0.0,0.0,0.0,958829309092.7012,-143.83699941314148,22.415908826749142,160.65366530648276,33.60571639252513,109.18498176113408,-199.17284927893778,-164.38001658334645,311.7106001855761,34.652017652045174,166.7727630685916,3.87822392479853e-07
21,2.1416100448256007e-09,1.5e-10,1.1017608713150213e-06,171328.803586048,0.0,0.0,171328.803586048,0.0,0.0,0.0,958867627622.7703,-127.87339181347556,-6.667800502615048,149.56707806732658,30.15940244551946,81.18138946611428,-178.75785406121628,-179.6208065908807,296.2470247612669,46.69200234735617,147.76458531198782,4.0998708027665115e-07
22,2.2916100448256008e-09,1.5e-10,1.1875462671142737e-06,183328.803586048,0.0,0.0,183328.803586048,0.0,0.0,0.0,958966437004.0659,-146.72444901931922,25.214678176470954,131.79609360925068,-18.18252757992021,71.88926429257856,-210.5852383936649,-137.6196414668297,291.10196246917286,74.83518472671521,154.01209690018808,4.3308889481167936e-07
23,2.441610044825601e-09,1.5e-10,1.2724608104458926e-06,195328.803586048,0.0,0.0,195328.803586048,0.0,0.0,0.0,959044741882.8315,-129.84185833686942,29.78556785129746,132.25714402282466,-2.559189222624589,59.8273712940561,-186.9531627534273,-150.1825362663227,287.4070750480712,70.01448704281985,143.5665765791961,4.5462388129855876e-07
24,2.591610044825601e-09,1.5e-10,1.3553929692771053e-06,207328.803586048,0.0,0.0,207328.803586048,0.0,0.0,0.0,959075562337.442,-133.7721026138332,22.9200531107958,133.50537851150938,-10.106134157373146,82.2878185680352,-194.99245453771533,-148.2957959083278,292.3992048704869,51.484284045780264,146.6342525109608,4.7661901917520287e-07
25,2.741610044825601e-09,1.5e-10,1.4347154981889331e-06,219328.803586048,0.0,0.0,219328.803586048,0.0,0.0,0.0,959082995034.2972,-89.59974560353803,38.90146478260119,154.46834506928369,-9.615968519823827,51.00741623557134,-175.37493246214413,-186.89577710343377,265.402115623714,38.59232936798914,106.85278028871194,4.926469362185097e-07
26,2.891610044825601e-09,1.5e-10,1.5123888742659802e-06,231328.803586048,0.0,0.0,231328.803586048,0.0,0.0,0.0,959241882556.8134,-70.03299914182057,37.701335367504505,139.71329778356557,-39.755228073291995,32.247828857194435,-199.18442715035854,-172.0919136992231,247.13107515327715,37.78517028461944,77.66594997177336,5.042968287142757e-07
27,3.0416100448256013e-09,1.5e-10,1.591927611566529e-06,243328.803586048,0.0,0.0,243328.803586048,0.0,0.0,0.0,959281520408.5757,-66.94090980661602,41.280471748424965,149.9871433920038,-39.727510959704105,16.32338830386038,-179.2663615351562,-201.1810939534532,250.06799380846132,50.61752150277351,86.13061241111943,5.172164205759436e-07
28,3.1916100448256014e-09,1.5e-10,1.6707131768735841e-06,255328.80358604796,0.0,0.0,255328.803586048,0.0,0.0,0.0,959239211600.721,-59.84106220706933,37.490683789267706,154.79704341682614,-60.563497456086566,12.879685169077872,-177.39050466876313,-188.9229709471528,244.33281077533704,46.961377037936685,77.63724601423253,5.288620074780785e-07
29,3.3416100448256015e-09,1.5e-10,1.7505135903305234e-06,267328.80358604796,0.0,0.0,267328.80358604796,0.0,0.0,0.0,959259516612.9064,-55.49109247992977,50.25547109171943,158.93794896956135,-24.71597217117964,4.517393260191893,-148.82466757405783,-208.95634232621595,237.01594523826986,50.97369921973661,86.27046526746464,5.418025772681981e-07
30,3.4916100448256016e-09,1.5e-10,1.8240442412390582e-06,279328.80358604796,0.0,0.0,279328.80358604796,0.0,0.0,0.0,959124812610.4658,-3.2335493724891915,51.33372918641367,196.2225919631518,-14.956544540232658,-11.545424352547847,-122.30581946905347,-246.38673179723756,221.67555896522373,14.778973725091706,69.37441188794843,5.522087390513904e-07
31,3.6416100448256017e-09,1.5e-10,1.9031306896966116e-06,291328.80358604796,0.0,0.0,291328.80358604796,0.0,0.0,0.0,959157109189.1915,-54.378900764502646,50.05358744251049,158.64424678213126,-50.30697146870218,8.22739952764763,-151.72486115854156,-208.35864551005105,218.3742411756126,46.151501236846656,75.76973348358149,5.635741990739275e-07
32,3.791610044825601e-09,1.5e-10,1.9893299778605643e-06,303328.80358604796,0.0,0.0,303328.80358604796,0.0,0.0,0.0,959225724248.9939,-114.55484357925057,45.841081382904186,114.05353730604116,-74.56786030001646,29.528892768604887,-166.10735607266665,-156.578656436848,226.4910061098751,85.02595081065293,127.44692854881706,5.826912383562501e-07
33,3.941610044825601e-09,1.5e-10,2.0711797942672477e-06,315328.80358604796,0.0,0.0,315328.80358604796,0.0,0.0,0.0,959277183393.9808,-78.48047011741457,39.34042179766441,126.95179152494512,-62.35188504812418,18.884969881608605,-153.16791579141406,-176.800349454346,224.2993922646553,59.59550023578506,96.96905514148592,5.97236596627473e-07
34,4.091610044825601e-09,1.5e-10,2.1541803388375065e-06,327328.80358604796,0.0,0.0,327328.80358604796,0.0,0.0,0.0,959335914467.1992,-88.36887733989815,41.329088882509225,134.08980283229673,-55.38757788372194,23.041844977296826,-167.00411521743092,-158.17836811095668,232.41661932696343,65.3270323625872,100.45215826984439,6.123044203679496e-07
35,4.2416100448256004e-09,1.5e-10,2.2358126670427643e-06,339328.80358604796,0.0,0.0,339328.80358604796,0.0,0.0,0.0,959347130352.3934,-91.3981070591125,24.606655312755375,126.86787245801779,-74.17042110912925,35.53577168857437,-178.44727750393147,-159.97288098242979,225.6754270234536,55.862335370535476,102.07353181153417,6.276154501396797e-07
36,4.3916100448256e-09,1.5e-10,2.3180586570667718e-06,351328.80358604796,0.0,0.0,351328.80358604796,0.0,0.0,0.0,959353139609.1393,-96.60637839894177,17.45258139042316,121.0105375176525,-85.80147552365635,36.09459018964747,-195.04967815737461,-142.40280907799556,227.06514815810195,60.51178820933052,107.62398668873782,6.437590481429904e-07
37,4.5416100448256e-09,1.5e-10,2.4068383910447475e-06,363328.80358604796,0.0,0.0,363328.80358604796,0.0,0.0,0.0,959305302620.497,-131.3332282816428,11.036835358147666,97.61424557342687,-113.17446577561955,27.407063801619863,-224.54047611283923,-90.78671548510306,236.6100870063009,103.92616448003109,150.80319353690965,6.663795271735268e-07
38,4.6916100448255995e-09,1.5e-10,2.494884922810327e-06,375328.80358604796,0.0,0.0,375328.80358604796,0.0,0.0,0.0,959286565494.2865,-135.78238205494867,7.894233260136017,83.7947657336616,-115.24418892805525,38.82214442071915,-226.92579998960895,-79.75176457397477,228.35978596330096,96.96023763425268,153.00655636073697,6.893305106276374e-07
39,4.841610044825599e-09,1.5e-10,2.5802778805601072e-06,387328.803586048,0.0,0.0,387328.80358604796,0.0,0.0,0.0,959171946668.3915,-118.6092886033057,-1.5756211826590085,91.89300188615577,-120.48793658982311,39.56009930334359,-220.60453291860415,-81.12868424346614,242.43322640858423,79.0491892999808,140.541515559854,7.104117379616155e-07
40,4.991610044825599e-09,1.5e-10,2.6702343684050723e-06,399328.80358604796,0.0,0.0,399328.80358604796,0.0,0.0,0.0,958826395823.7974,-164.4120863580938,-10.685962242310653,88.23517540012058,-117.31988315958424,62.59001327177742,-228.04021396136497,-63.90633612430976,242.71951989632632,101.82207308631726,182.41530257396175,7.377740333477098e-07
41,5.1416100448255986e-09,1.5e-10,2.761677762893037e-06,411328.80358604796,0.0,0.0,411328.80358604796,0.0,0.0,0.0,958733711981.4364,-168.47643626027912,-18.529895500441977,80.47291286702394,-101.199220675213,57.5028456179742,-219.6840153830982,-54.86867268291051,241.2931467160482,110.97359064226555,185.71451408986601,7.656312104611897e-07
42,5.291610044825598e-09,1.5e-10,2.8526157629905007e-06,423328.8035860479,0.0,0.0,423328.80358604796,0.0,0.0,0.0,958449345792.2367,-156.90175215797868,-14.242445753806,90.39183606872118,-97.34646055825242,47.404105981813935,-218.90852459391306,-66.50722761666935,241.63536973842264,109.49764617617691,174.4029388587014,7.917916512899949e-07
43,5.441610044825598e-09,1.5e-10,2.9467048387594985e-06,435328.8035860479,0.0,0.0,435328.80358604796,0.0,0.0,0.0,958365751809.6088,-187.20002468779305,-32.698600484319094,92.5963830250664,-98.12027588666818,61.92317939186302,-221.95037491931674,-48.409564844216085,245.0855334727165,125.27684529598068,207.1605847243845,8.228657389986526e-07
44,5.591610044825598e-09,1.5e-10,3.0402932514141196e-06,447328.8035860479,0.0,0.0,447328.80358604796,0.0,0.0,0.0,958228001861.8466,-170.69637791774468,-12.812895407207723,73.27457518976333,-104.00368431236642,45.78080119785539,-207.90357095154803,-57.29516118787995,237.36402880809626,124.91557671986945,190.1257886645628,8.51384607298337e-07
45,5.741610044825597e-09,1.5e-10,3.1333088326314592e-06,459328.8035860479,0.0,0.0,459328.80358604796,0.0,0.0,0.0,958128263728.8855,-166.48067568746256,-14.273549552751117,78.25349820128821,-88.76090528889242,47.31730299705347,-196.70230520810614,-51.95226500536159,258.0530040692415,119.16337269040865,185.63500555780195,8.792298581320073e-07
46,5.891610044825597e-09,1.5e-10,3.227107939441229e-06,471328.80358604796,0.0,0.0,471328.80358604796,0.0,0.0,0.0,957998672009.4357,-199.99139882509112,-11.408426806020374,84.53529471135352,-87.30369871791862,84.6262705717986,-198.38901847660796,-40.72537508905379,263.2561420330169,115.36512825329048,213.54600806762997,9.112617593421518e-07
47,6.041610044825597e-09,1.5e-10,3.318832726081649e-06,483328.8035860479,0.0,0.0,483328.80358604796,0.0,0.0,0.0,957890894414.2751,-167.6153670404293,-22.12306802677504,83.19725031010816,-106.15459138109313,59.02361086070629,-203.6618152624892,-38.01694879054864,259.1789505720452,108.59175617964907,190.01781030223407,9.397644308874869e-07
48,6.191610044825596e-09,1.5e-10,3.413014289755332e-06,495328.80358604796,0.0,0.0,495328.80358604796,0.0,0.0,0.0,957766835991.1766,-200.14808334954674,-16.688157349898532,75.60288003169259,-102.23272370425296,80.87784532627768,-206.0849116068915,-37.18571308660118,244.96441380845226,119.27023802228508,215.08247408862002,9.7202680200078e-07
49,6.341610044825596e-09,1.5e-10,3.5061807589469607e-06,507328.8035860479,0.0,0.0,507328.80358604796,0.0,0.0,0.0,957644012677.5671,-177.11713291926637,-20.820889194941536,87.75341371412516,-105.18644162756632,58.685064186856465,-216.70798008592925,-26.237037271903326,239.2152084844852,118.43206873337394,198.20009098133224,1.0017568156479798e-06
50,6.491610044825596e-09,1.5e-10,3.601325901431726e-06,519328.80358604796,0.0,0.0,519328.80358604796,0.0,0.0,0.0,957434901422.1399,-178.01928402559375,-19.781215429223906,83.34665176998162,-95.47321208823918,44.715724444861394,-209.53276594044047,-44.166183831791365,234.22081011404725,133.30355958075546,198.61905971346192,1.0315496746049992e-06
51,6.6416100448255955e-09,1.5e-10,3.70049141883117e-06,531328.803586048,0.0,0.0,531328.803586048,0.0,0.0,0.0,957291224358.8641,-187.25781323036838,-33.62455193983724,84.29201500216706,-85.43107959146853,26.275707965680358,-207.46624220414841,-28.462454099059048,245.12278184287973,160.98210526471297,217.6016831799699,1.0641899270819946e-06
52,6.791610044825595e-09,1.5e-10,3.7954295066779294e-06,543328.803586048,0.0,0.0,543328.803586048,0.0,0.0,0.0,957107798934.2339,-170.05469945206215,-39.33438380269673,78.41904818773938,-103.52440081081812,37.287565706686834,-198.00411480365125,-50.12124699167501,230.0231152690453,132.76713374538534,198.41603145465083,1.0939523318001922e-06
53,6.941610044825595e-09,1.5e-10,3.893655696610125e-06,555328.803586048,0.0,0.0,555328.803586048,0.0,0.0,0.0,956945921458.7986,-193.6322591064747,-24.187600749650073,79.24161044105044,-89.66421371741367,43.02877700924528,-191.85915879768632,-36.615943850467005,244.23484767232938,150.60348209721954,217.23648279361316,1.1265378042192342e-06
54,7.0916100448255945e-09,1.5e-10,3.989663322478949e-06,567328.803586048,0.0,0.0,567328.803586048,0.0,0.0,0.0,956765358681.0359,-175.6507818706989,-15.635172644156198,81.49976446941781,-92.77511652584633,36.067393449140184,-188.55901263969966,-47.343509603184266,217.56618773486633,139.58338842155533,197.5145644266128,1.1561649888832261e-06
55,7.241610044825594e-09,1.5e-10,4.08792638970833e-06,579328.803586048,0.0,0.0,579328.803586048,0.0,0.0,0.0,956623844862.6562,-199.50109314830723,-28.803485596144895,77.28903119014484,-74.7031767902141,50.538185621581256,-183.92387914400717,-25.943607751109766,236.67435633263509,148.96290752673062,220.01672579930673,1.1891674977531221e-06
56,7.391610044825594e-09,1.5e-10,4.185284150915289e-06,591328.803586048,0.0,0.0,591328.803586048,0.0,0.0,0.0,956420896943.1245,-184.1417638018668,-19.111956322007007,87.19242120840516,-85.43002582403263,35.98577475560922,-198.72609077935945,-52.156600639637276,214.62792234070662,148.15598904624352,205.52058088599006,1.2199955848860206e-06
57,7.541610044825594e-09,1.5e-10,4.284762890745866e-06,603328.803586048,0.0,0.0,603328.803586048,0.0,0.0,0.0,956324215893.5361,-188.2900756366373,-24.47140108123515,75.90175268070016,-63.01621312362635,24.924878996538382,-193.26224700375627,-37.89417808357798,213.99724653647888,163.36519664007784,212.1742820345454,1.2518217271912024e-06
58,7.691610044825594e-09,1.5e-10,4.387012409480709e-06,615328.803586048,0.0,0.0,615328.803586048,0.0,0.0,0.0,956108303677.7025,-205.77249267898824,-15.936330499934678,80.7302063758175,-63.53166641530574,26.807799575134883,-177.68729886644527,-34.25763939894076,218.71401821739005,178.96469310388648,231.1829940358564,1.2864991762965808e-06
59,7.841610044825594e-09,1.5e-10,4.48493141794332e-06,627328.803586048,0.0,0.0,627328.803586048,0.0,0.0,0.0,955925497300.5413,-165.1544957754611,-30.00184165095705,71.84088809727805,-70.03938126194564,8.58745119283509,-179.40585958172377,-28.40175611874893,212.2570284674301,156.56704458258844,197.23115562746761,1.316083849640701e-06
60,7.991610044825593e-09,1.5e-10,4.583243843543072e-06,639328.803586048,0.0,0.0,639328.803586048,0.0,0.0,0.0,955544489589.5906,-194.3056606957282,-25.545808858499846,72.93642656517407,-70.7509584972858,42.113476141464055,-197.67540964658556,-38.79552120320381,216.9162539987773,152.19218455425107,213.06514676230464,1.3480436216550466e-06
61,8.141610044825593e-09,1.5e-10,4.684403531246875e-06,651328.803586048,0.0,0.0,651328.803586048,0.0,0.0,0.0,955406824047.7662,-201.99514398949455,-23.06563062907492,71.43709221328601,-76.36017846372684,30.17530582791097,-187.31434420163376,-33.08593258294309,210.56727279577464,171.81983816159703,226.83789349298064,1.3820693056789937e-06
62,8.291610044825593e-09,1.5e-10,4.7855719094994776e-06,663328.803586048,0.0,0.0,663328.803586048,0.0,0.0,0.0,955244190203.7329,-195.47710480396432,-20.08215603731203,80.96984874192304,-61.595533071328916,21.85772123605258,-188.4606770081838,-27.069893624513586,215.59829221243703,173.61938356795613,222.0948730311297,1.415383536633663e-06
63,8.441610044825593e-09,1.5e-10,4.8873264591975155e-06,675328.803586048,0.0,0.0,675328.803586048,0.0,0.0,0.0,955091421654.6182,-175.09760926337972,-32.897135893901684,61.61221048820712,-83.11002122013234,-8.429106859970526,-188.0175414830796,-61.99536904367195,214.62765529876174,183.5267161233674,218.3196904815753,1.4481314902058994e-06
64,8.591610044825592e-09,1.5e-10,4.989733721722487e-06,687328.803586048,0.0,0.0,687328.803586048,0.0,0.0,0.0,954969930431.6401,-208.12823433461244,-38.80847732771214,73.00190537812861,-64.76737172294304,28.481695956625238,-193.2561820701635,-47.9091760540969,214.4478304747552,179.646538377968,234.24316631767402,1.4832679651535506e-06
65,8.741610044825592e-09,1.5e-10,5.090416902767776e-06,699328.803586048,0.0,0.0,699328.803586048,0.0,0.0,0.0,954690853673.1034,-199.12965416082292,-52.70948768720292,76.35892269901179,-78.41446740812712,30.453471270783613,-201.75449721099878,-45.47854120259274,207.33191130161825,168.67618289005162,228.21157771912726,1.5174997018114196e-06
66,8.891610044825592e-09,1.5e-10,5.194806429925608e-06,711328.803586048,0.0,0.0,711328.803586048,0.0,0.0,0.0,954365439016.0494,-226.08528509545883,-23.169612568425894,59.172667048902134,-64.55677804093439,35.73868994919496,-178.61967469083615,-23.95686465371689,195.88092087487863,190.34659514625372,249.3199388516769,1.554897692639171e-06
67,9.041610044825591e-09,1.5e-10,5.302159571920685e-06,723328.803586048,0.0,0.0,723328.803586048,0.0,0.0,0.0,954237348418.3447,-231.34005955085505,-23.25895751119625,63.82438318169247,-60.2789399331913,18.201459048967358,-188.96219329772478,-35.42296203266101,181.09294344517406,213.1386005018383,262.2990054007886,1.5942425434492893e-06
68,9.191610044825591e-09,1.5e-10,5.404624057101053e-06,735328.803586048,0.0,0.0,735328.803586048,0.0,0.0,0.0,953989928842.6274,-186.95340651440597,-31.160116844225122,61.643455102646094,-57.8030274545587,0.18476753952335784,-181.34900081987587,-42.670481930764254,183.58425394879595,186.76863897490168,222.07182082448057,1.6275533165729614e-06
69,9.34161004482559e-09,1.5e-10,5.509329399287014e-06,747328.803586048,0.0,0.0,747328.803586048,0.0,0.0,0.0,953827929368.1085,-212.1776564545764,-36.56077169558754,55.63251031632902,-59.990750460185076,15.790662753110489,-169.87586434820028,-53.28273848057395,189.30456023595318,196.3869937014226,243.1585905877192,1.6640271051611193e-06
70,9.49161004482559e-09,1.5e-10,5.6140133704358035e-06,759328.803586048,0.0,0.0,759328.803586048,0.0,0.0,0.0,953649716698.1024,-195.19145528247415,-20.214295688390038,74.15583810376732,-37.24256744293817,-6.93354611640319,-179.65962984241537,-35.65505536599024,182.5058577959234,202.12500139885358,232.94941606918795,1.6989695175714974e-06
71,9.64161004482559e-09,1.5e-10,5.720089407478164e-06,771328.803586048,0.0,0.0,771328.803586048,0.0,0.0,0.0,953459180718.8463,-222.12876286464245,-33.78203897169895,67.59235073785847,-53.190514160127414,16.52101864277029,-188.46449252650982,-48.44969999756678,175.42356631926108,205.6077442218624,252.90188051068623,1.7369047996481003e-06
72,9.79161004482559e-09,1.5e-10,5.8236841856214574e-06,783328.8035860478,0.0,0.0,783328.803586048,0.0,0.0,0.0,953332913056.0897,-201.43399134564257,-40.34550205614931,74.36808489199541,-39.17364583852984,11.104742072044921,-167.2591702864076,-54.88158471951628,197.57918181183555,190.32924927359753,231.99906915022922,1.7717046600206347e-06
73,9.94161004482559e-09,1.5e-10,5.930748227796943e-06,795328.803586048,0.0,0.0,795328.803586048,0.0,0.0,0.0,953047546778.3718,-226.0948447044525,-37.61513181007407,73.2146344966446,-35.07407886758971,13.275524678331085,-204.02542701217698,-48.49502025691779,179.32855566154262,212.8193200260681,257.9916528360038,1.8104034079460353e-06
74,1.0091610044825589e-08,1.5e-10,6.039442399169448e-06,807328.803586048,0.0,0.0,807328.803586048,0.0,0.0,0.0,952509657109.7054,-230.92492651794322,-25.68142949123877,57.214266821037334,-44.77672992149136,7.563118839357606,-180.49895089607872,-39.371157905445905,176.50491598219148,223.36180767860236,265.73590915618587,1.8502637943194632e-06
75,1.0241610044825589e-08,1.5e-10,6.143726129969198e-06,819328.8035860481,0.0,0.0,819328.803586048,0.0,0.0,0.0,952205719532.044,-190.8246249249414,-35.036421509495,48.7217559204076,-49.247739780157836,-7.5831362491805985,-159.02467835307277,-49.97248647079459,190.834876322424,198.40776117410311,230.78968428747376,1.8848822469625843e-06
76,1.0391610044825589e-08,1.5e-10,6.252373946594005e-06,831328.8035860481,0.0,0.0,831328.803586048,0.0,0.0,0.0,952013023142.9346,-215.02284065349178,-41.68626341101313,56.4491266788411,-34.672328177493455,-11.167454129175614,-173.79256913645344,-32.87075960190258,190.08569680425694,226.190294782691,259.290832135914,1.9237758717829714e-06
77,1.0541610044825588e-08,1.5e-10,6.359204842616149e-06,843328.8035860481,0.0,0.0,843328.803586048,0.0,0.0,0.0,951836765357.5275,-183.47975277395975,-27.669586576157897,65.40207846528668,-54.546584489821264,-37.54961714233798,-169.8374537071788,-64.5973438719246,173.41288551535797,221.02936991635136,241.26781915361795,1.9599660446560142e-06
78,1.0691610044825588e-08,1.5e-10,6.4671998299074525e-06,855328.803586048,0.0,0.0,855328.803586048,0.0,0.0,0.0,951672300157.3572,-200.6836760466325,-32.72701449586611,60.32623138629088,-30.357807793329282,-25.312463444212547,-175.84703677281374,-40.82573394523074,170.50340930282022,225.99613949095496,250.57689835144103,1.9975525794087304e-06
79,1.0841610044825588e-08,1.5e-10,6.574246517806634e-06,867328.8035860481,0.0,0.0,867328.803586048,0.0,0.0,0.0,951543974135.8551,-175.06297464183208,-44.82997181794282,65.4776243685885,-28.026183783719617,-48.876795147317985,-150.90319871144808,-46.708178074704854,176.48788823655758,223.93976978921833,239.9200569887564,2.033540587957044e-06
80,1.0991610044825587e-08,1.5e-10,6.681243758159952e-06,879328.8035860481,0.0,0.0,879328.803586048,0.0,0.0,0.0,951343684943.265,-194.22667739300763,-28.356821891020978,67.53404599282078,-39.80580887739067,-25.555336853806644,-172.04199484365745,-44.297088342141436,162.09902639933452,219.78201424676155,244.02690120423227,2.070144623137679e-06
81,1.1141610044825587e-08,1.5e-10,6.7891853523356575e-06,891328.803586048,0.0,0.0,891328.803586048,0.0,0.0,0.0,951182297656.2091,-194.41322421567378,-34.50813661453721,67.17318295759799,-36.69536538770801,-32.279584000459096,-162.11741990641016,-43.95909803344988,155.728279784446,226.69280821614538,249.06883836130163,2.1075049488918743e-06
82,1.1291610044825587e-08,1.5e-10,6.894225415937856e-06,903328.8035860481,0.0,0.0,903328.803586048,0.0,0.0,0.0,951058939680.614,-156.6478536928395,-32.369745692522706,74.35873047322976,-22.588037205391906,-55.615038071312675,-127.464693630661,-35.02691743752315,179.7346579081403,212.26289176409793,225.59087900881318,2.1413435807431963e-06
83,1.1441610044825586e-08,1.5e-10,7.003526186467453e-06,915328.8035860481,0.0,0.0,915328.803586048,0.0,0.0,0.0,950795530259.3682,-207.3662353890016,-34.15378514285325,68.34246648398135,-41.42646912937901,-26.429652421646598,-171.30068114371068,-43.91506550021631,155.90258411643123,233.79588781070018,260.29840099022067,2.1803883408917296e-06
84,1.1591610044825586e-08,1.5e-10,7.1138726724314334e-06,927328.803586048,0.0,0.0,927328.803586048,0.0,0.0,0.0,950483434400.4802,-228.95763703549218,-43.484474466759515,44.60935429066483,-28.347631871039816,-6.326024722376731,-148.50111014621368,-34.86199884869756,162.8880892990613,235.55732907544564,271.6367638727777,2.2211338554726464e-06
85,1.1741610044825586e-08,1.5e-10,7.2249345315170205e-06,939328.8035860481,0.0,0.0,939328.803586048,0.0,0.0,0.0,949880281991.7262,-199.078139026121,-37.93783591074465,69.34658711801116,-34.464000348865326,-49.670862522751456,-154.52514663883412,-29.787392231898302,153.02210771432328,248.74902806212026,267.55683065299337,2.2612673800705952e-06
86,1.1891610044825585e-08,1.5e-10,7.336483433407026e-06,951328.803586048,0.0,0.0,951328.803586048,0.0,0.0,0.0,949692680730.2299,-204.20269118463244,-51.294248530218745,67.41205945152481,-28.38229005966264,-46.19182272910948,-145.81613065867288,-32.47021137927309,160.4619224297441,250.39454763524455,271.3199150351579,2.301965367325869e-06
87,1.2041610044825585e-08,1.5e-10,7.448406888368551e-06,963328.8035860481,0.0,0.0,963328.803586048,0.0,0.0,0.0,949503141215.8876,-195.89275048367034,-51.92500396001372,59.964669808126374,-37.58543320990293,-59.55072670535636,-150.10641334673858,-43.09369963603794,155.53618374757437,255.44352546451978,272.43931268778346,2.342831264229036e-06
88,1.2191610044825585e-08,1.5e-10,7.5596997640250555e-06,975328.803586048,0.0,0.0,975328.803586048,0.0,0.0,0.0,949291069439.2402,-198.54757870023838,-52.70125082139551,71.79000185890527,-32.31040661805125,-51.66880361138165,-161.50631188930865,-40.92047604034592,154.78258911036343,250.2164339955092,269.3345244638152,2.3832314428986086e-06
89,1.2341610044825584e-08,1.5e-10,7.678464386576102e-06,987328.8035860481,0.0,0.0,987328.803586048,0.0,0.0,0.0,948996444039.0414,-233.57237620605397,-32.77959117292228,66.21819647778706,-20.074938939938423,-64.9692739750474,-141.9082328372889,-29.17881051583628,162.8762050629876,298.54172466874815,316.445687302104,2.4306982959939243e-06
90,1.2491610044825584e-08,1.5e-10,7.79374011811505e-06,999328.8035860481,0.0,0.0,999328.803586048,0.0,0.0,0.0,948759932049.4196,-219.14111790068455,-56.59980001320111,62.18351534920007,-9.947901144712693,-55.587481357543346,-135.03755551889168,-24.617815769926686,164.2141025863546,274.7286743942342,294.3174779942929,2.4748459176930682e-06
91,1.2641610044825584e-08,1.5e-10,7.907649595775974e-06,1011328.8035860481,0.0,0.0,1011328.803586048,0.0,0.0,0.0,948576453604.9603,-191.97824852239302,-59.08327333570532,52.76812693108356,-28.84141345116832,-78.87253147701578,-134.9197763622548,-34.190567824307294,150.27266535527548,270.85086326621246,283.54013000403177,2.517376937193673e-06
92,1.2791610044825584e-08,1.5e-10,8.025612845630414e-06,1023328.803586048,0.0,0.0,1023328.803586048,0.0,0.0,0.0,948381844718.3676,-224.31697722450346,-48.55370211013626,61.66491247929491,-28.575138127864733,-69.45723698429254,-126.90373928103818,-39.83932038935623,158.59566916936532,293.50109338733256,310.9127447837859,2.564013848911241e-06
93,1.2941610044825583e-08,1.5e-10,8.138918691646745e-06,1035328.8035860481,0.0,0.0,1035328.803586048,0.0,0.0,0.0,948000990612.1748,-197.52371480202913,-43.877760998056004,61.50467257690289,-15.584805273172677,-68.19018799733377,-139.45222207290772,-41.76675187380417,147.5188999865188,265.71390040072464,278.40572708593635,2.6057747079741315e-06
94,1.3091610044825583e-08,1.5e-10,8.25117637949611e-06,1047328.803586048,0.0,0.0,1047328.803586048,0.0,0.0,0.0,947663246283.3053,-204.78279665760238,-31.27778670387309,63.067641946836986,-11.66963409704949,-51.11129727955151,-149.86925453731547,-35.49590294975911,172.1852800401568,255.89409234687932,272.7410107092438,2.646685859580518e-06
95,1.3241610044825583e-08,1.5e-10,8.36618495177845e-06,1059328.803586048,0.0,0.0,1059328.803586048,0.0,0.0,0.0,947459406802.9397,-210.64244940296365,-57.18175577507598,64.07683690973644,-33.66271352674002,-47.234152099769084,-132.29001435106946,-24.904947862824542,157.60176198824018,279.19177324156186,294.12386550813574,2.6908044394067383e-06
96,1.3391610044825582e-08,1.5e-10,8.484672353935441e-06,1071328.803586048,0.0,0.0,1071328.803586048,0.0,0.0,0.0,947073092958.1183,-230.43776499730785,-32.74023202331221,58.32475460317378,-18.240279974260584,-67.075600295908,-144.59309350870737,-27.053331823835173,141.03450994452314,297.51326423761697,314.01659307634685,2.73790692836819e-06
97,1.3541610044825582e-08,1.5e-10,8.599850308794874e-06,1083328.803586048,0.0,0.0,1083328.803586048,0.0,0.0,0.0,946871637156.515,-193.2511052643994,-30.37688055354359,63.6904075493391,-36.707202323825804,-86.97226842975473,-138.799021513803,-31.287530585781028,147.06719712909222,280.2233698184821,290.10870815801024,2.7814232345918918e-06
98,1.3691610044825582e-08,1.5e-10,8.71674151893924e-06,1095328.803586048,0.0,0.0,1095328.803586048,0.0,0.0,0.0,946471587538.2961,-228.627550617457,-42.66172716330502,66.39244104086968,-34.92197657221111,-55.9869774517832,-150.5467874356515,-30.986435053276846,155.96376591072266,284.614526605925,305.5722580134915,2.8272590732939155e-06
99,1.3841610044825581e-08,1.5e-10,8.833341008611582e-06,1107328.803586048,0.0,0.0,1107328.803586048,0.0,0.0,0.0,946308622355.2009,-232.0636886159029,-45.92555781786224,62.22589783708581,-28.35754315081312,-49.28799675331005,-141.61273090879308,-33.96229287672801,160.56803276061714,281.3530557139048,304.1715098636626,2.872884799773465e-06
100,1.3991610044825581e-08,1.5e-10,8.950757753659511e-06,1119328.803586048,0.0,0.0,1119328.803586048,0.0,0.0,0.0,946101862841.0026,-240.21721432043537,-26.36631595218857,65.80925311463925,-13.726005200597934,-46.99671234682872,-153.59671485164625,-20.261140527991785,144.18097530037252,287.2139258973883,310.1506953295787,2.9194074040729017e-06
101,1.414161004482558e-08,1.5e-10,9.068719972614225e-06,1131328.803586048,0.0,0.0,1131328.803586048,0.0,0.0,0.0,945852450072.3413,-231.8369010491103,-38.31393705488851,59.78798152728143,-28.136943851860405,-61.05371487101391,-163.09473280747142,-11.915148911256594,136.8820950174724,292.8906151728197,313.00493315798934,2.9663581440466002e-06
102,1.429161004482558e-08,1.5e-10,9.183413881123203e-06,1143328.803586048,0.0,0.0,1143328.803586048,0.0,0.0,0.0,945507810171.1318,-210.07193965251705,-42.56937357331352,69.50132165139411,-42.46324248519272,-61.62863955323276,-141.22687122362848,-18.956626148268032,145.8062196179665,271.700578467734,290.577189534601,3.0099447224767906e-06
103,1.444161004482558e-08,1.5e-10,9.303605584676603e-06,1155328.803586048,0.0,0.0,1155328.803586048,0.0,0.0,0.0,945264173081.0095,-217.90773144578247,-30.849509790360493,46.48000456483606,-22.07931356851525,-95.20063429990617,-149.5580326447849,-22.159327732391894,134.60890693303944,313.10836502768836,322.89524044898144,3.0583790085441377e-06
104,1.459161004482558e-08,1.5e-10,9.423434207753965e-06,1167328.803586048,0.0,0.0,1167328.803586048,0.0,0.0,0.0,945022323055.2689,-233.46690705869656,-44.29253529640496,59.6896644885254,-38.968126710872504,-72.0509301428249,-146.9236646511815,-27.74979990624697,142.2599450152965,305.5178364870308,323.5494842852219,3.106911431186921e-06
105,1.474161004482558e-08,1.5e-10,9.542296596112534e-06,1179328.803586048,0.0,0.0,1179328.803586048,0.0,0.0,0.0,944789993758.2141,-218.52789948352327,-33.52792841985333,77.08975707321169,-42.2790629314066,-83.21918140086045,-161.17417890040863,-19.59195979708458,145.07523856592178,301.74708023029655,316.63555463427684,3.1544067643820625e-06
106,1.4891610044825579e-08,1.5e-10,9.661585189178261e-06,1191328.803586048,0.0,0.0,1191328.803586048,0.0,0.0,0.0,944573061101.2844,-232.61056094149865,-35.730298186174615,61.96435337722293,-34.86277023608942,-69.47480395926134,-156.21563508346657,-28.372137776535872,142.22885187190005,302.0853642571468,319.732922844979,3.2023667028088095e-06
107,1.504161004482558e-08,1.5e-10,9.780441766424163e-06,1203328.803586048,0.0,0.0,1203328.803586048,0.0,0.0,0.0,944392333723.7979,-221.97787525320464,-33.872690569917395,70.98743890462528,-43.46740602709868,-79.41004395798421,-158.79515925835986,-15.626974431699324,116.37594198278958,301.38791855217346,318.1589125094887,3.250090539685233e-06
108,1.5191610044825582e-08,1.5e-10,9.90346856309689e-06,1215328.803586048,0.0,0.0,1215328.803586048,0.0,0.0,0.0,944211986260.21,-238.78293134670545,-34.23137534485454,69.06133387312191,-39.258488755124965,-89.98416770441618,-149.8666750855874,-29.152837943787077,127.37657647188567,328.7670984067848,343.4645737083744,3.301610225741489e-06
109,1.5341610044825583e-08,1.5e-10,1.0023878119270507e-05,1227328.803586048,0.0,0.0,1227328.803586048,0.0,0.0,0.0,943948372428.2308,-224.90099009286777,-41.0116625271148,68.55026177975793,-35.80550551805572,-86.8889166076936,-146.0379469201854,-20.24285789588541,126.36374589296352,311.7899060583097,326.24516657991023,3.350547000728475e-06
110,1.5491610044825585e-08,1.5e-10,1.0146059476109732e-05,1239328.803586048,0.0,0.0,1239328.803586048,0.0,0.0,0.0,943766609570.1469,-224.97402742866996,-35.4320823707508,80.95642025718455,-34.46425550736374,-100.2574315042,-157.52905172000527,-26.035916589286465,133.36381799532805,325.231458323516,337.32598103217003,3.4011458978833007e-06
111,1.5641610044825586e-08,1.5e-10,1.0267269530381682e-05,1251328.803586048,0.0,0.0,1251328.803586048,0.0,0.0,0.0,943593109711.1355,-219.96286722603278,-32.75395750722539,69.73647605264506,-43.086304012392446,-99.1734380105073,-153.80632683419176,-35.43352731138066,123.05760447605752,319.1363046331639,330.65992141293907,3.4507448860952415e-06
112,1.5791610044825587e-08,1.5e-10,1.038933567424689e-05,1263328.803586048,0.0,0.0,1263328.803586048,0.0,0.0,0.0,943328887872.6471,-249.33719151460699,-33.65376514573593,79.79292066951932,-35.9603525992281,-69.46840613388113,-168.08381409520968,-10.347610124213688,140.6440286491208,318.80559707877677,340.43380407715534,3.501809956706815e-06
113,1.594161004482559e-08,1.5e-10,1.0512208967462368e-05,1275328.803586048,0.0,0.0,1275328.803586048,0.0,0.0,0.0,943090699513.9152,-225.36259417208638,-33.5385136886759,68.37422964011041,-39.03953436271728,-103.89943425264384,-131.04664290655643,-0.08406193235749983,132.16540055562186,329.2620278180882,341.52897397288933,3.553039302802748e-06
114,1.609161004482559e-08,1.5e-10,1.0634504290816676e-05,1287328.803586048,0.0,0.0,1287328.803586048,0.0,0.0,0.0,942847879075.4879,-214.05896861451347,-24.88219916896494,63.56868095203321,-47.639364483577666,-113.8321621209716,-144.8345819540042,-19.877990117936985,130.4190796470757,327.89113015620177,336.62999133175026,3.6035338015025108e-06
115,1.624161004482559e-08,1.5e-10,1.0758295452579512e-05,1299328.803586048,0.0,0.0,1299328.803586048,0.0,0.0,0.0,942629721781.4586,-221.80347778463224,-16.980265419010703,78.08044013601015,-27.711758759076602,-115.72660661371629,-130.43156644742143,3.6341232321682995,122.85607080957985,337.5300838100791,347.2578343012538,3.655622476647699e-06
116,1.6391610044825593e-08,1.5e-10,1.087929980617516e-05,1311328.803586048,0.0,0.0,1311328.803586048,0.0,0.0,0.0,942401008580.8923,-206.4907563194706,-19.384011107913885,71.34221865892978,-39.89446008420851,-113.76624143893078,-147.8742353591207,-7.222188804122959,108.04807211706235,320.25699719146746,329.3948529385804,3.7050317045884862e-06
117,1.6541610044825594e-08,1.5e-10,1.100377446793622e-05,1323328.803586048,0.0,0.0,1323328.803586048,0.0,0.0,0.0,942173428603.4795,-222.1659510504542,-26.46357777580547,69.49370270425337,-41.93528874553583,-119.97816159316594,-132.56978791133795,-2.809112476253547,109.30049505308259,342.1441120908044,351.80336577557586,3.7578022094548225e-06
118,1.6691610044825595e-08,1.5e-10,1.1125577118164199e-05,1335328.803586048,0.0,0.0,1335328.803586048,0.0,0.0,0.0,941933515849.7603,-204.75752524381286,-21.170788052447513,81.24290705327022,-62.449344768122316,-120.80942245964334,-133.44727081883696,-10.938351841544765,91.18062409619905,325.56694714577617,336.0309123018656,3.8082068463001024e-06
119,1.6841610044825597e-08,1.5e-10,1.1248718058030888e-05,1347328.803586048,0.0,0.0,1347328.803586048,0.0,0.0,0.0,941656738934.77,-221.02888040512954,-10.07894205926392,75.94339829010154,-42.641116328656324,-112.0051379136764,-152.55764574509573,-2.030112674030967,104.06560243209894,333.03401780355716,344.1003750965851,3.85982190256459e-06
120,1.6991610044825598e-08,1.5e-10,1.1372555672768252e-05,1359328.803586048,0.0,0.0,1359328.803586048,0.0,0.0,0.0,941316386513.372,-221.41096912629945,-13.497020847611793,86.6418649169449,-48.30923355280678,-116.017221632332,-145.18758878737853,-11.352467916302317,113.21861522167052,337.42819025295586,347.9423873472973,3.912013260666685e-06
121,1.71416100448256e-08,1.5e-10,1.149621776588334e-05,1371328.803586048,0.0,0.0,1371328.803586048,0.0,0.0,0.0,941106254476.7219,-225.3374963631531,-15.295912586055387,83.4642697265345,-41.88172766035442,-110.2736238906843,-148.16998783091194,-4.3166944643086715,99.27057194077997,335.61111975167574,347.88357261052016,3.964195796558263e-06
122,1.72916100448256e-08,1.5e-10,1.161962060969618e-05,1383328.803586048,0.0,0.0,1383328.803586048,0.0,0.0,0.0,940900161063.6738,-220.17164259842767,-22.896470406253,73.22583045534583,-38.728621486932326,-114.35478368595427,-134.05056414057844,-16.331001816384607,99.80456268199924,334.52642577798247,344.05835681992846,4.015804550081252e-06
123,1.7441610044825602e-08,1.5e-10,1.1744404633107424e-05,1395328.803586048,0.0,0.0,1395328.803586048,0.0,0.0,0.0,940702666184.6715,-231.955917411161,-15.891084853501935,100.82739982208939,-40.810824483655,-109.69315361754121,-140.13550306068316,4.88889309530274,113.87008777313568,341.64907051748156,355.9968909354173,4.069204083721565e-06
124,1.7591610044825603e-08,1.5e-10,1.1870487718368919e-05,1407328.803586048,0.0,0.0,1407328.803586048,0.0,0.0,0.0,940505234117.6835,-220.1296377368934,-11.72458345862879,81.97832648437013,-42.74323886718491,-134.2018566850487,-144.789669750022,-12.009909660690333,107.98601613124724,354.3314939318131,362.0556304497514,4.123512428289027e-06
125,1.7741610044825605e-08,1.5e-10,1.1995112429739341e-05,1419328.803586048,0.0,0.0,1419328.803586048,0.0,0.0,0.0,940327646344.3868,-222.25553596819518,-22.849913322109177,81.96155125214037,-36.13707907544783,-119.66526022600468,-132.8225835897819,11.408308358281417,128.4282346158657,341.9207957202007,352.83185934071986,4.1764372071901355e-06
126,1.7891610044825606e-08,1.5e-10,1.2118434745184888e-05,1431328.803586048,0.0,0.0,1431328.803586048,0.0,0.0,0.0,940130040698.7129,-187.58217997693788,-1.9149413811461644,99.49836740898486,-47.17224408056911,-152.63057161041206,-152.22505647285746,-20.822591811376025,104.34997566015299,340.2127511308697,346.095948227932,4.228351599424326e-06
127,1.8041610044825607e-08,1.5e-10,1.2243470656701334e-05,1443328.803586048,0.0,0.0,1443328.803586048,0.0,0.0,0.0,939938778062.2017,-210.0501372816718,-14.909052325137628,92.9383017030779,-13.453124482615204,-138.39663803252054,-148.86805819327554,5.203568049455516,113.17030028285878,348.44677484017916,356.41280306510714,4.281813519884092e-06
128,1.819161004482561e-08,1.5e-10,1.2369705312981408e-05,1455328.803586048,0.0,0.0,1455328.803586048,0.0,0.0,0.0,939759065101.8754,-217.96015673846534,-19.004626641918758,83.28510195440137,-34.336366999551295,-137.49332141306908,-147.97556849277248,-15.192886062333752,109.00792944589926,355.4534776863172,362.6369739728428,4.336209065980018e-06
129,1.834161004482561e-08,1.5e-10,1.2495564734257867e-05,1467328.803586048,0.0,0.0,1467328.803586048,0.0,0.0,0.0,939454901259.7611,-223.7100451038124,-19.462380873111748,91.47238680296567,-35.6504039425002,-127.42990627244168,-154.33263451864707,-4.837736446359278,113.91536305771544,351.13995093088505,361.1759489917552,4.390385458328782e-06
130,1.849161004482561e-08,1.5e-10,1.2621318280103868e-05,1479328.803586048,0.0,0.0,1479328.803586048,0.0,0.0,0.0,939279399675.1956,-207.04272659537992,-14.338757631465466,77.92494071294651,-29.10150960620904,-146.62544107239364,-135.12612468936513,3.2928063335693265,105.84092995647353,353.66816722419213,359.7382233932616,4.444346191837771e-06
131,1.8641610044825613e-08,1.5e-10,1.2742892955986718e-05,1491328.803586048,0.0,0.0,1491328.803586048,0.0,0.0,0.0,939119425794.9348,-179.96940304156524,-19.281609879133974,96.61500848710617,-40.64112797414539,-147.67498571698366,-157.1493507675039,-11.056906997914806,100.5517222598428,327.6443883086786,335.26590444530865,4.494636077504567e-06
132,1.8791610044825614e-08,1.5e-10,1.2869706707145257e-05,1503328.803586048,0.0,0.0,1503328.803586048,0.0,0.0,0.0,938883035035.7524,-221.31065478515342,-11.822006902195742,81.86545456384773,-24.05611988616611,-137.31616100482998,-131.30362830655693,1.5071544974095323,107.65862760693838,358.6268153445765,365.91983244925353,4.549524052371955e-06
133,1.8941610044825615e-08,1.5e-10,1.2998067511888205e-05,1515328.803586048,0.0,0.0,1515328.803586048,0.0,0.0,0.0,938637151597.1129,-239.3407207620975,-0.9294433364971975,82.20918709702178,-36.02840580832559,-127.56778416352158,-148.1978882752005,0.13229061183294738,101.28265262653562,366.9085045177966,377.1409032082718,4.606095187853195e-06
134,1.9091610044825617e-08,1.5e-10,1.3124916529917807e-05,1527328.803586048,0.0,0.0,1527328.803586048,0.0,0.0,0.0,938395396109.7402,-210.46891317035124,-0.16970861733182058,91.62563544178846,-42.43806449350754,-150.60991579665276,-145.0446947227745,-19.97542466948829,95.03347853053477,361.0788285572234,367.04548216694144,4.661152010178237e-06
135,1.9241610044825618e-08,1.5e-10,1.3251978350614202e-05,1539328.803586048,0.0,0.0,1539328.803586048,0.0,0.0,0.0,938178572088.4409,-213.9813319561637,-21.20056028973118,82.69170699243077,-33.286075161417926,-147.06607994375955,-133.10524947083098,2.1146137228106165,102.65154646129747,361.0474114768524,368.1628646685337,4.716376439878516e-06
136,1.939161004482562e-08,1.5e-10,1.3378197299809568e-05,1551328.803586048,0.0,0.0,1551328.803586048,0.0,0.0,0.0,937790269988.187,-200.96531305098173,-3.1159453339672027,83.42068666502821,-43.265175681789906,-156.57860716300803,-134.17383641811168,-15.263897360818865,108.00782474118702,357.5439198265117,361.92280955723186,4.770664861312101e-06
137,1.954161004482562e-08,1.5e-10,1.350598303321154e-05,1563328.803586048,0.0,0.0,1563328.803586048,0.0,0.0,0.0,937543362575.2078,-215.04844769838581,-14.832675493714222,79.05479745927398,-43.42047521142776,-150.81463335356315,-118.4307955773743,-14.298198789783022,111.48287046308754,365.8630806436096,371.18211381112553,4.8263421783837705e-06
138,1.9691610044825622e-08,1.5e-10,1.3636078849215664e-05,1575328.803586048,0.0,0.0,1575328.803586048,0.0,0.0,0.0,937109558607.61,-215.410172737722,1.9946639737472687,94.64258834350922,-45.23028545367314,-167.69826377519306,-137.18756121845485,-16.53013366860279,111.94705795320192,383.1084361266668,387.81464885184414,4.884514375711547e-06
139,1.9841610044825623e-08,1.5e-10,1.376393322367057e-05,1587328.803586048,0.0,0.0,1587328.803586048,0.0,0.0,0.0,936736415445.9005,-197.5248189550628,-3.473349443824365,95.4870612472097,-34.491464727339626,-172.20250587271562,-138.6441519774227,1.1394917263254694,97.75370168125576,369.727324433369,375.58228122453767,4.940851717895228e-06
140,1.9991610044825625e-08,1.5e-10,1.3894225719124687e-05,1599328.803586048,0.0,0.0,1599328.803586048,0.0,0.0,0.0,936453165423.117,-221.6335183588838,-19.270034430732405,86.81529418311435,-33.72341703344861,-161.59309597384362,-137.18945826369546,-18.6836219555302,100.66993051431392,383.22661393939313,388.57717898407077,4.999138294742839e-06
141,2.0141610044825626e-08,1.5e-10,1.402654502580851e-05,1611328.803586048,0.0,0.0,1611328.803586048,0.0,0.0,0.0,936158183931.104,-215.68028442635986,9.368835776849025,100.82456430788247,-32.82235607266964,-183.71250793773217,-133.83204197345816,-8.688544634464225,97.87021449001593,399.3927920004066,404.103168634467,5.059753770038009e-06
142,2.0291610044825628e-08,1.5e-10,1.4157161748612939e-05,1623328.803586048,0.0,0.0,1623328.803586048,0.0,0.0,0.0,935876198268.8217,-261.3491522574168,-22.47538356896634,87.19145130244951,-24.50980953225489,-117.23847753413916,-126.64451608625694,-28.330004650368213,106.90117555888956,378.58762942251377,390.22034120558874,5.118286821218847e-06
143,2.044161004482563e-08,1.5e-10,1.4286441995319439e-05,1635328.803586048,0.0,0.0,1635328.803586048,0.0,0.0,0.0,935611973168.0658,-221.61821958485913,-8.084805346886835,83.9150922583989,-30.83995650801758,-154.1669494241802,-117.52380741225267,-21.88554481386872,100.22349930146189,375.7851686515644,380.2872841912953,5.175329913847542e-06
144,2.059161004482563e-08,1.5e-10,1.4417055538888902e-05,1647328.803586048,0.0,0.0,1647328.803586048,0.0,0.0,0.0,935345775232.0469,-230.76310225484286,-9.562325836209297,73.80514084462637,-18.537849368666166,-153.60723487643935,-123.97896167033603,-21.299447452387824,104.55315569750275,384.37033677651084,388.6294401043856,5.2336243298632e-06
145,2.074161004482563e-08,1.5e-10,1.45465574864188e-05,1659328.803586048,0.0,0.0,1659328.803586048,0.0,0.0,0.0,935075043356.2568,-225.39090794117138,-18.689897267071707,76.41019028489724,-29.437585593278534,-151.07926391215832,-126.90201885966364,-14.06830789338638,99.03372052041222,376.4701715048276,381.9646570728042,5.290919028424121e-06
146,2.0891610044825633e-08,1.5e-10,1.4678948724671886e-05,1671328.803586048,0.0,0.0,1671328.803586048,0.0,0.0,0.0,934698072825.104,-256.619407484248,-16.276150265653406,83.13015316632348,-13.942860670287274,-135.55869113087627,-117.47703895076371,-10.645131771907652,118.41652125641225,392.17809826034346,400.9300974663218,5.351058543044069e-06
147,2.1041610044825634e-08,1.5e-10,1.4808314310192298e-05,1683328.803586048,0.0,0.0,1683328.803586048,0.0,0.0,0.0,934353184598.7335,-199.04487851441834,-15.403835474608158,90.19243534300901,-47.981351457538906,-180.1512735856089,-138.9364481299327,-7.460239400731027,95.63479154188612,379.1961517621414,384.908415396109,5.408794805353485e-06
148,2.1191610044825636e-08,1.5e-10,1.4939086302700045e-05,1695328.803586048,0.0,0.0,1695328.803586048,0.0,0.0,0.0,933929327731.0424,-231.82356430919674,-1.5557740406231872,83.21204704048824,-34.13446182277982,-152.68670084545846,-131.34139161543771,-11.550687609442685,111.41628883459045,384.5102648351037,390.13383506502095,5.467314880613238e-06
149,2.1341610044825637e-08,1.5e-10,1.5064071806081495e-05,1707328.803586048,0.0,0.0,1707328.803586048,0.0,0.0,0.0,933708105351.5087,-196.8659647730159,-22.631926163942534,75.11309143879906,-56.727581674797214,-150.1825400772417,-114.27123090785975,-33.3764219417749,129.08527851730264,347.0485045125369,352.02588583823757,5.520118763488974e-06
150,2.1491610044825638e-08,1.5e-10,1.519373425494694e-05,1719328.803586048,0.0,0.0,1719328.803586048,0.0,0.0,0.0,933435662504.6594,-232.4714067332311,-9.02546913811036,72.59444765543797,-45.530152766863594,-143.4927614096371,-136.49602180331826,-18.566968830686104,119.9052537815116,375.96416782578217,382.15830226142214,5.577442508828187e-06
151,2.164161004482564e-08,1.5e-10,1.532715742766477e-05,1731328.803586048,0.0,0.0,1731328.803586048,0.0,0.0,0.0,933216200623.3578,-244.27554139357565,2.728947516767872,76.74292096024143,-39.58407737118113,-157.36166314038192,-127.68949824214619,-14.722768849077351,117.31892451217173,401.6372042138609,406.94131541713426,5.638483706140757e-06
152,2.179161004482564e-08,1.5e-10,1.545773420502793e-05,1743328.803586048,0.0,0.0,1743328.803586048,0.0,0.0,0.0,932928951423.5433,-220.3217234080585,0.9358378236806936,85.38920655866463,-57.45647379490894,-164.0008434615209,-134.85400031263117,-16.48858900814056,105.69326463599359,384.3225665634418,389.4764747528128,5.696905177353679e-06
153,2.1941610044825642e-08,1.5e-10,1.5588083417055263e-05,1755328.803586048,0.0,0.0,1755328.803586048,0.0,0.0,0.0,932682525465.3495,-198.56178833941667,6.49600756968474,88.69791270824163,-59.23628968066523,-187.46680538328303,-127.82220610886156,-20.371222070509752,117.55718070371084,386.0285934250359,389.32966684587666,5.75530462738056e-06
154,2.2091610044825644e-08,1.5e-10,1.571925995163402e-05,1767328.803586048,0.0,0.0,1767328.803586048,0.0,0.0,0.0,932459374297.0393,-217.85376099351444,-3.3342967795009355,88.16097914784571,-53.55600755829409,-170.58734194700523,-126.9392481490503,-2.322516705576071,111.4530495484428,388.44110263163105,394.0127561216259,5.814406540798804e-06
155,2.2241610044825645e-08,1.5e-10,1.5851030489634215e-05,1779328.803586048,0.0,0.0,1779328.803586048,0.0,0.0,0.0,932077958432.784,-217.38434821934143,8.098519146947378,77.64257666853788,-57.694398646548755,-176.09770742060942,-137.50365502341563,-16.95686307507112,114.09176831021017,393.48205536889344,397.022079214285,5.873959852680946e-06
156,2.2391610044825646e-08,1.5e-10,1.5981414871792558e-05,1791328.803586048,0.0,0.0,1791328.803586048,0.0,0.0,0.0,931856842006.6329,-212.34743318058577,-1.893994703480271,75.69794738677807,-57.691135151256354,-170.78283500665248,-116.77352829866253,14.16934371887906,112.55018616494466,383.1302678938385,388.90374854825274,5.9322954149631845e-06
157,2.2541610044825648e-08,1.5e-10,1.6112067272469334e-05,1803328.803586048,0.0,0.0,1803328.803586048,0.0,0.0,0.0,931238640467.6649,-205.64239007028402,2.4231797501810237,80.37629220866137,-59.40852222285214,-180.60975339026933,-134.96463473526592,10.204655697956342,115.3447647436667,386.25214316271683,391.59331118797456,5.9910344116413804e-06
158,2.269161004482565e-08,1.5e-10,1.6244733977404004e-05,1815328.803586048,0.0,0.0,1815328.803586048,0.0,0.0,0.0,930974847042.4625,-206.96588966986732,2.9981887328741044,77.35117172853288,-50.4481184760318,-193.98969939466525,-134.77872865616015,-1.734005884031287,128.22327300411644,400.9555887854642,404.34183552803125,6.051685686970585e-06
159,2.284161004482565e-08,1.5e-10,1.6373565267328202e-05,1827328.803586048,0.0,0.0,1827328.803586048,0.0,0.0,0.0,930490611133.3162,-185.0089221757172,11.979143796902827,97.88149308142386,-47.938939152307384,-191.6198251104967,-132.1723633820003,-6.0640014409755345,105.0274202545122,376.6287470076424,381.2487158691511,6.108872994350958e-06
160,2.2991610044825652e-08,1.5e-10,1.6504420189536408e-05,1839328.803586048,0.0,0.0,1839328.803586048,0.0,0.0,0.0,930262661327.5073,-201.14753555470634,12.990106754141866,100.24727183509582,-50.545783391738176,-187.50957896863204,-136.99343411701386,-15.62638132135976,121.47988143711942,388.6571142622606,392.49664361137496,6.167747490892665e-06
161,2.3141610044825653e-08,1.5e-10,1.663644674378155e-05,1851328.8035860483,0.0,0.0,1851328.803586048,0.0,0.0,0.0,930067247537.9924,-213.50289151592827,-0.20922040390843896,88.81573577202384,-43.2294993822866,-181.62822781061104,-139.93809530409877,-9.556785867786054,120.75926466744058,395.1311190661936,399.1401296189729,6.2276185103355105e-06
162,2.3291610044825654e-08,1.5e-10,1.6766920702288266e-05,1863328.803586048,0.0,0.0,1863328.803586048,0.0,0.0,0.0,929668632312.8766,-207.81596268303886,-4.084459551797577,83.4495732838729,-37.219473718138254,-176.79755405182766,-137.57495972602226,-7.1322186141405455,136.92047894379735,384.61351646451476,388.2763598675651,6.285859964315645e-06
163,2.3441610044825656e-08,1.5e-10,1.68981719319808e-05,1875328.803586048,0.0,0.0,1875328.803586048,0.0,0.0,0.0,929421397342.8678,-198.6843027620913,7.525713610277751,92.96219606325087,-53.614208800210065,-192.64947592196103,-144.00993467916228,-6.651465966871665,129.44779181286785,391.3337784243419,395.49485680152395,6.345184192835874e-06
164,2.3591610044825657e-08,1.5e-10,1.7031521428013014e-05,1887328.803586048,0.0,0.0,1887328.803586048,0.0,0.0,0.0,929194972314.5065,-213.73950635547843,3.544460840035494,105.01568763668168,-53.57112546378324,-190.16863868230232,-161.17199387984473,-1.8715749303062865,124.55048212016416,403.9081447836495,410.06644362379177,6.406694159379443e-06
165,2.374161004482566e-08,1.5e-10,1.7164425257297804e-05,1899328.803586048,0.0,0.0,1899328.803586048,0.0,0.0,0.0,928777696636.1422,-204.16403003213793,1.3271913125045403,80.49130455134058,-43.35419142068687,-198.45465148850377,-134.01281833823964,-15.16653016249781,135.17870064872105,402.61868126676603,405.1225982717504,6.467462549120206e-06
166,2.389161004482566e-08,1.5e-10,1.7295046899321533e-05,1911328.803586048,0.0,0.0,1911328.803586048,0.0,0.0,0.0,928313223574.8785,-204.0088626692918,-13.759560801071832,84.19860672003301,-53.06585071007078,-180.94851189942463,-130.03800108677493,2.964328540291545,137.49456406535666,384.9573743299861,390.3959243950621,6.526021937779465e-06
167,2.404161004482566e-08,1.5e-10,1.7424552223733952e-05,1923328.803586048,0.0,0.0,1923328.803586048,0.0,0.0,0.0,928053289019.2036,-169.6415253731765,1.0912987232115874,86.50880931437898,-48.4211615764793,-213.2622838973398,-135.75788025131206,-20.727852282443727,124.69088762560891,382.9038090246875,386.625779538323,6.5840158047102135e-06
168,2.4191610044825662e-08,1.5e-10,1.7556620302825092e-05,1935328.803586048,0.0,0.0,1935328.803586048,0.0,0.0,0.0,927789139255.9225,-195.87248143285058,-2.554394643115775,92.50372706889104,-43.95168837654082,-201.17273776495105,-139.15132653985563,-5.015073998093379,126.47055576029511,397.0452189671407,401.22341770136126,6.6441993173654174e-06
169,2.4341610044825664e-08,1.5e-10,1.768661109238755e-05,1947328.803586048,0.0,0.0,1947328.803586048,0.0,0.0,0.0,927337874119.6371,-206.87701635777026,-3.305495494992523,105.8086830776449,-30.649123870922004,-173.4553544546167,-144.69850337339096,-3.9463662549680905,144.02379883977207,380.3323705806036,385.8343543482696,6.702074470517658e-06
170,2.4491610044825665e-08,1.5e-10,1.781804378512574e-05,1959328.803586048,0.0,0.0,1959328.803586048,0.0,0.0,0.0,926904280780.0453,-206.4826964095198,0.4560689894084974,89.29924807880221,-30.44661940913193,-184.75126425050055,-128.9980347606886,-7.638710724208755,124.31637322404079,391.23396042669845,394.65347041423144,6.7612724910797924e-06
171,2.4641610044825666e-08,1.5e-10,1.7950217846427023e-05,1971328.803586048,0.0,0.0,1971328.803586048,0.0,0.0,0.0,926682576642.8589,-204.9679136815433,-2.796449882807502,82.89316244612489,-35.71848027212374,-191.8120907604342,-126.69478571828468,-16.399930624511267,123.68389777415075,396.7800042176536,399.3286058142942,6.821171781951936e-06
172,2.4791610044825668e-08,1.5e-10,1.8081937187887315e-05,1983328.8035860483,0.0,0.0,1983328.803586048,0.0,0.0,0.0,926466170978.1301,-212.38216370798455,-7.67356306722444,90.04790813560334,-26.928019429497038,-179.78575156263437,-129.80808287225884,-4.950402139832038,120.15384774379892,392.16791505082927,396.2245181446899,6.88060545967364e-06
173,2.494161004482567e-08,1.5e-10,1.8214762622155396e-05,1995328.803586048,0.0,0.0,1995328.803586048,0.0,0.0,0.0,926061646143.4948,-200.25910640486202,-2.2761638554492345,101.68791456356016,-15.471836816989164,-201.27522116341146,-138.78028851716135,12.366291861857333,132.99872868181336,401.5343273515576,407.04105474901587,6.941661617885992e-06
174,2.509161004482567e-08,1.5e-10,1.8345167884870602e-05,2007328.803586048,0.0,0.0,2007328.803586048,0.0,0.0,0.0,925627081394.3907,-168.37874650084228,-8.976593825904736,96.47946999735984,-43.69493626216277,-219.6972720174073,-132.72617152156477,-6.7768694367323885,126.855704932021,388.07601832585584,393.82647964833774,7.000735589833243e-06
175,2.5241610044825672e-08,1.5e-10,1.848061391550546e-05,2019328.8035860478,0.0,0.0,2019328.803586048,0.0,0.0,0.0,925207319996.1749,-201.94959948795835,-3.8883847858743468,102.51462762267242,-6.0200786098893495,-218.22966025156262,-129.62586532069054,7.656397164623648,120.32960378414596,420.1785521074556,425.14230355809804,7.064506935366958e-06
176,2.5391610044825673e-08,1.5e-10,1.861511940308248e-05,2031328.803586048,0.0,0.0,2031328.803586048,0.0,0.0,0.0,924855324363.8623,-220.82288560440526,-15.374114989662147,92.24511762887005,-25.033530510069394,-189.54236210858443,-130.35140948471258,-0.10847601894676782,123.26451405104551,410.36457602491737,414.86883100638426,7.1267372600179155e-06
177,2.5541610044825675e-08,1.5e-10,1.87494611261177e-05,2043328.803586048,0.0,0.0,2043328.803586048,0.0,0.0,0.0,924544018288.8402,-217.92525501590845,-4.962555480128849,77.23133160090403,3.659821623224815,-192.6908140672317,-115.26013263606839,4.232760688545133,118.31484831926086,410.6154324792763,413.5616950006853,7.1887715142680185e-06
178,2.5691610044825676e-08,1.5e-10,1.8881982746262936e-05,2055328.803586048,0.0,0.0,2055328.803586048,0.0,0.0,0.0,924242272205.676,-200.39251621230895,-8.056424515314475,86.24043071546227,-26.45419930835392,-198.77802865142496,-120.80709088987857,-6.560702429200393,112.19519567933426,399.1699411117367,402.3377607710458,7.249122178383675e-06
179,2.5841610044825677e-08,1.5e-10,1.9012568223891436e-05,2067328.803586048,0.0,0.0,2067328.803586048,0.0,0.0,0.0,923825729728.084,-175.29411484483137,-12.417868621840178,89.94335882550236,-16.100893242702302,-213.18771051231775,-124.65475941900057,-1.4542242875537743,119.96966994260211,388.48125302575306,392.79130077914374,7.308040873500546e-06
180,2.599161004482568e-08,1.5e-10,1.9146260054344106e-05,2079328.803586048,0.0,0.0,2079328.803586048,0.0,0.0,0.0,923541928235.1873,-210.6563835354119,-3.807594837978087,96.84903533852375,-23.111328792719416,-195.05391402259565,-131.7517174316674,8.7182268152511,115.10993713377955,405.70975328163996,410.76802640694336,7.369656077461588e-06
181,2.614161004482568e-08,1.5e-10,1.928441896424041e-05,2091328.803586048,0.0,0.0,2091328.803586048,0.0,0.0,0.0,923254735800.5503,-202.031320748449,-19.263302529674032,96.43433353807745,-22.027079470911403,-236.39957376616113,-128.75260785716975,-1.010929173194599,131.4584063846737,438.4303775658037,442.9684191592619,7.436101340335477e-06
182,2.629161004482568e-08,1.5e-10,1.941792289869478e-05,2103328.803586048,0.0,0.0,2103328.803586048,0.0,0.0,0.0,922968570723.6376,-214.59622852983574,-8.990602878514649,108.56029658724333,-9.927641684778894,-188.97720721664913,-135.46649446676875,7.347566696199908,130.1961570304021,403.572944710268,409.5079994751771,7.497527540256754e-06
183,2.6441610044825683e-08,1.5e-10,1.955061994031748e-05,2115328.803586048,0.0,0.0,2115328.803586048,0.0,0.0,0.0,922705674249.1305,-176.55289419116423,-3.6322707008937,95.14463521620064,-42.723006899872864,-226.25530427042852,-135.73057066328386,-14.188844713338524,119.3436354187275,402.8077313581399,407.5144556223091,7.5586547086001e-06
184,2.6591610044825684e-08,1.5e-10,1.9686979198189178e-05,2127328.803586048,0.0,0.0,2127328.803586048,0.0,0.0,0.0,922456555275.6523,-237.45085743926765,-16.927264792689936,94.97205113204399,3.62663043123641,-183.41109137937084,-120.08510431438306,18.211683820469407,145.17396975213077,420.86150229260073,427.36042571595675,7.6227587724574936e-06
185,2.6741610044825685e-08,1.5e-10,1.982284868320248e-05,2139328.803586048,0.0,0.0,2139328.803586048,0.0,0.0,0.0,922210706566.5769,-223.61225505433575,0.862747942016464,108.74696490271045,-20.37493883367504,-195.57097107647144,-134.98898215168842,2.9707058591563404,129.57794190225997,419.18280233793615,424.58614247239217,7.686446693828352e-06
186,2.6891610044825687e-08,1.5e-10,1.995841959856622e-05,2151328.803586048,0.0,0.0,2151328.803586048,0.0,0.0,0.0,921969896551.6992,-240.66496452662054,5.806469364818594,106.89397796762512,-41.59639371663689,-173.75296542959512,-141.64188112624035,9.097547589780914,128.6291204013079,414.4175308306515,422.14037974739745,7.749767750790461e-06
187,2.7041610044825688e-08,1.5e-10,2.0095263241150964e-05,2163328.803586048,0.0,0.0,2163328.803586048,0.0,0.0,0.0,921725160749.3341,-232.99304008833502,-4.75562887103653,118.00440885121101,-10.663012773718025,-192.21182712401625,-147.73191834612638,-21.5796632716397,152.32863436130978,425.20450053364067,429.5798788151119,7.814204732612728e-06
188,2.719161004482569e-08,1.5e-10,2.023055214538301e-05,2175328.803586048,0.0,0.0,2175328.803586048,0.0,0.0,0.0,921502404803.7273,-222.21814412778133,1.393767299475683,117.79457790352285,-20.876960819098198,-192.90657874937892,-146.6691160344104,-9.745238885243372,142.91708393212795,415.12434265591156,420.28263322700815,7.877247127596779e-06
189,2.734161004482569e-08,1.5e-10,2.0366049322319298e-05,2187328.803586048,0.0,0.0,2187328.803586048,0.0,0.0,0.0,921171474294.4171,-230.0108115920506,-6.495801753863024,112.83159334203846,-13.53733272503102,-185.95986031219476,-154.45312935326868,-15.804773767726536,128.7841945440222,415.97031369977725,420.91531783329395,7.940384425271772e-06
190,2.7491610044825692e-08,1.5e-10,2.0499611494089893e-05,2199328.803586048,0.0,0.0,2199328.803586048,0.0,0.0,0.0,920843066773.6838,-216.16475855589152,-0.6805765863098017,110.5629418969145,-24.67783611446742,-187.61413363560803,-149.05574109852964,-17.16755254580602,127.41363762948667,403.778551425269,408.1506656592323,8.001607025120657e-06
191,2.7641610044825693e-08,1.5e-10,2.0634014878837694e-05,2211328.803586048,0.0,0.0,2211328.803586048,0.0,0.0,0.0,920585826804.3147,-223.21948810189244,-3.1670277104786395,114.69017656625327,-23.512916531707937,-185.35973402598657,-144.41391586340916,-16.697993121154315,143.1812985984262,408.5788973326807,413.34391621300665,8.063608612552608e-06
192,2.7791610044825695e-08,1.5e-10,2.0769549258337387e-05,2223328.803586048,0.0,0.0,2223328.803586048,0.0,0.0,0.0,920333928496.3245,-241.1298918815474,-2.3431455855588137,114.4355968921766,-14.577801526529102,-173.4257164933015,-144.75612218368016,-14.904359308148296,148.03699259551024,414.55531671202124,420.4584715304987,8.126677383282183e-06
193,2.7941610044825696e-08,1.5e-10,2.0904713895065277e-05,2235328.803586048,0.0,0.0,2235328.803586048,0.0,0.0,0.0,920077593086.9791,-231.5187377744532,-4.197733703398526,112.8567415609611,-17.987931838500902,-181.44315324899048,-144.323986271952,-12.666388426147131,143.0438271276112,412.96110517037135,418.1908598533071,8.18940601226018e-06
194,2.8091610044825697e-08,1.5e-10,2.1039779943610967e-05,2247328.803586048,0.0,0.0,2247328.803586048,0.0,0.0,0.0,919864137640.3112,-231.06515345747138,-5.191808159080587,113.63565932510188,-9.481532180213977,-181.12985889339473,-148.27382894188153,-3.6174760023531216,151.46754937925104,412.19472734416223,418.14541162111334,8.252127824003347e-06
195,2.82416100448257e-08,1.5e-10,2.1174095782718275e-05,2259328.803586048,0.0,0.0,2259328.803586048,0.0,0.0,0.0,919633798459.1852,-235.83313598352385,-9.512297498740082,108.19292898835924,-10.034071640344589,-170.45858947925893,-151.2103663337125,-2.733593868625064,146.3185259313631,406.2914763480174,412.72266193704723,8.314036223293904e-06
196,2.83916100448257e-08,1.5e-10,2.131063388536336e-05,2271328.803586048,0.0,0.0,2271328.803586048,0.0,0.0,0.0,919422206606.7682,-235.4238456004624,1.5865529971443593,106.89646365025304,-7.50774606258277,-187.13356509424133,-145.64039928748048,-8.501662354104125,144.6115648874677,422.55715285343115,427.2834606867075,8.378128742396911e-06
197,2.85416100448257e-08,1.5e-10,2.144886759032011e-05,2283328.803586048,0.0,0.0,2283328.803586048,0.0,0.0,0.0,919175224387.3975,-237.6944178313943,-2.0677615382007564,111.50581363389722,-1.8868724209274186,-196.54451900265087,-157.4483982743817,-2.0670588297348225,133.45966024018134,434.2387268650426,439.67838700214867,8.444080500447233e-06
198,2.8691610044825703e-08,1.5e-10,2.158451087417728e-05,2295328.803586048,0.0,0.0,2295328.803586048,0.0,0.0,0.0,918967057783.8494,-229.21775463188536,-5.5622124128146435,98.69580496931444,-3.5054825066441917,-187.98461428134314,-154.6096458707232,-16.43774438607357,146.6281446062289,417.2021996633467,420.62875764833717,8.507174814094483e-06
199,2.8841610044825704e-08,1.5e-10,2.1718241928934928e-05,2307328.803586048,0.0,0.0,2307328.803586048,0.0,0.0,0.0,918719127650.6799,-238.0143634979431,-2.8887609781201786,119.74691960321367,4.9332364246598335,-163.99846176965784,-155.25868413680953,-3.3709525958527933,143.29119548466736,402.0127702053202,409.88289651476066,8.568657248571697e-06
200,2.8991610044825705e-08,1.5e-10,2.1854536458774607e-05,2319328.803586048,0.0,0.0,2319328.803586048,0.0,0.0,0.0,918443019942.518,-205.5162361914194,-15.25227233999859,81.33502971443947,-28.235720676326054,-206.82465078388066,-138.15392630982222,-40.87610396927243,148.02308379212525,429.78739850231466,425.47489754451595,8.632478483203374e-06
201,2.9141610044825707e-08,1.5e-10,2.1991123995598765e-05,2331328.803586048,0.0,0.0,2331328.803586048,0.0,0.0,0.0,917761971103.3287,-235.17516475585106,3.0145647754580276,104.51323667945911,-10.162496122060368,-187.67726577320414,-156.3144618598379,-6.430577990782878,135.0518500598694,422.85240625358665,427.7039251941788,8.696634071982502e-06
202,2.9291610044825708e-08,1.5e-10,2.2126544537540267e-05,2343328.803586048,0.0,0.0,2343328.803586048,0.0,0.0,0.0,917478942866.4152,-230.51813120164684,2.41969064383682,105.48218367577063,-9.066502014123625,-184.61722580426388,-151.3412707464167,-14.108742643529855,147.3599219110454,415.13547767819335,419.336111956722,8.75953448877601e-06
203,2.944161004482571e-08,1.5e-10,2.2263524718334646e-05,2355328.803586048,0.0,0.0,2355328.803586048,0.0,0.0,0.0,917213862678.8473,-237.52757465971425,-2.8536775756605404,104.81879572935325,-5.284365853784653,-187.57035672846706,-151.33381712153985,-4.158895147899841,148.1898881587752,425.0980552539768,430.05008068077285,8.824042000878126e-06
204,2.959161004482571e-08,1.5e-10,2.2398525483818654e-05,2367328.803586048,0.0,0.0,2367328.803586048,0.0,0.0,0.0,916968591415.9604,-226.57337587726968,2.567830319678938,111.94218322174311,-16.770708381824267,-185.5671223151479,-160.8677012860627,-6.623571775904418,142.79992200867284,412.1406257002712,417.48503769471046,8.886664756532333e-06
205,2.9741610044825712e-08,1.5e-10,2.2533466892251192e-05,2379328.803586048,0.0,0.0,2379328.803586048,0.0,0.0,0.0,916728177828.5773,-218.79891674944278,12.611070273354166,111.07726692020168,-14.887069850419419,-193.75576610815014,-151.02351243887037,2.583271408373458,146.08882994880156,412.55481370648266,418.003079575995,8.949365218468732e-06
206,2.9891610044825713e-08,1.5e-10,2.2669936013305173e-05,2391328.803586048,0.0,0.0,2391328.803586048,0.0,0.0,0.0,916497869926.65,-247.91512757980425,3.742527680177369,110.5960732324999,-0.1933418021536638,-171.92809805388288,-154.12396366818137,13.735331307818855,153.64305001707572,419.8433593397133,428.19402988337293,9.013594322951238e-06
207,3.004161004482571e-08,1.5e-10,2.279986715105283e-05,2403328.803586048,0.0,0.0,2403328.803586048,0.0,0.0,0.0,916294817055.2279,-214.42456654819634,-5.79977595580924,118.67019543822632,-25.516583582662484,-162.31896767946535,-178.88821916519865,7.4761064267345425,140.14384739693426,376.7436707389548,385.96934295019184,9.071489724393767e-06
208,3.019161004482571e-08,1.5e-10,2.2937388605760097e-05,2415328.803586048,0.0,0.0,2415328.803586048,0.0,0.0,0.0,916033698975.2158,-261.5020435437815,-8.138624343844388,109.56257012516396,-0.10648061824491736,-164.2294908821219,-158.69266703469546,3.4318932217280556,156.09849361669592,425.73167361607426,434.37566881845765,9.136646074716535e-06
209,3.034161004482571e-08,1.5e-10,2.30748607484264e-05,2427328.803586048,0.0,0.0,2427328.803586048,0.0,0.0,0.0,915854921274.3175,-253.59061048188147,-9.947813870731737,107.3919625936884,-1.5889261602825784,-172.56967263575254,-159.71093669994679,7.4244527109651175,155.5672240238355,426.1604246293519,433.87228161660784,9.201726916959025e-06
210,3.0491610044825706e-08,1.5e-10,2.321422288231304e-05,2439328.803586048,0.0,0.0,2439328.803586048,0.0,0.0,0.0,915674275768.3877,-269.5926479558245,0.24500483096894682,106.45350327622023,-2.940540883751272,-168.36080129854838,-164.29758214730114,8.17202131281333,151.3906944967418,437.953593178232,446.8298239067608,9.26875139054504e-06
211,3.0641610044825704e-08,1.5e-10,2.3350983032344435e-05,2451328.803586048,0.0,0.0,2451328.803586048,0.0,0.0,0.0,915491147112.8942,-256.22487338857223,-4.391166467488469,109.39790043779767,-8.626169311243377,-164.45714423526863,-168.74592076924384,10.382287083700893,154.57787192315882,420.6821637922816,429.7515250674892,9.333214119305162e-06
212,3.07916100448257e-08,1.5e-10,2.348684201979247e-05,2463328.803586048,0.0,0.0,2463328.803586048,0.0,0.0,0.0,915306926109.9333,-224.93530460024996,7.347554680002784,113.13891899221329,-22.77103835411481,-193.2954399453572,-157.36960568763985,-13.21551419932768,146.1007114962509,418.23089260999717,422.72991946616384,9.396623607225086e-06
213,3.09416100448257e-08,1.5e-10,2.3623715648153362e-05,2475328.803586048,0.0,0.0,2475328.803586048,0.0,0.0,0.0,915108249564.4736,-236.00552006638293,12.241739086567856,114.24731741756591,-28.80278868775069,-188.22501746223114,-172.24173381463456,-13.890776585033233,137.62393058228585,424.23068774086516,429.6285116995438,9.461067883980018e-06
214,3.10916100448257e-08,1.5e-10,2.3758806370073438e-05,2487328.803586048,0.0,0.0,2487328.803586048,0.0,0.0,0.0,914799985283.7427,-224.39190144164004,12.311124272677796,124.616017207704,-18.909042195384753,-188.73830482570455,-172.9659539642546,-30.099546135563376,155.5901343943343,413.1303570441631,417.3647266023639,9.523672592970372e-06
215,3.1241610044825696e-08,1.5e-10,2.3897565852770485e-05,2499328.803586048,0.0,0.0,2499328.803586048,0.0,0.0,0.0,914572179349.212,-225.65842493450893,25.299904308963807,124.50155742469538,-36.45780719489683,-213.2744046144096,-183.83463082230674,-27.84376783529382,135.60005056861107,438.9329817759898,443.4461709587769,9.590189518614187e-06
216,3.1391610044825694e-08,1.5e-10,2.4032844528248528e-05,2511328.803586048,0.0,0.0,2511328.803586048,0.0,0.0,0.0,914362512798.3176,-237.62353546401894,4.370671099030415,122.16262269064308,-0.1608240651718608,-175.15958586929042,-177.69568454810488,-13.729663206348347,162.18479712847324,412.7832742762569,419.1609597136535,9.653063662571236e-06
217,3.154161004482569e-08,1.5e-10,2.4167880640712474e-05,2523328.803586048,0.0,0.0,2523328.803586048,0.0,0.0,0.0,914164858117.6892,-216.70553491361574,26.338492657496197,102.0836463567456,-21.225994593119015,-169.56771728502483,-182.83141444564623,-56.08067756539566,151.939690003378,427.10516940457654,416.0782619060258,9.71547540185714e-06
218,3.169161004482569e-08,1.5e-10,2.4306927336305775e-05,2535328.803586048,0.0,0.0,2535328.803586048,0.0,0.0,0.0,913495222597.687,-250.95633755109816,14.187016180849053,125.00719128411485,-22.157295613366124,-186.91473123039233,-184.36121592450283,-20.834779279990205,149.59842988620667,437.8712239381847,444.0040111652006,9.78207600353192e-06
219,3.184161004482569e-08,1.5e-10,2.4444429404529717e-05,2547328.803586048,0.0,0.0,2547328.803586048,0.0,0.0,0.0,913318524005.2296,-236.72726518693477,9.62152048290551,129.49182974425014,-18.18452442652935,-191.76945209177677,-179.84326512024913,-27.867153239241638,152.6198734756123,428.4968729360727,433.5865138096588,9.84711398060337e-06
220,3.1991610044825686e-08,1.5e-10,2.458377251263356e-05,2559328.803586048,0.0,0.0,2559328.803586048,0.0,0.0,0.0,913145725995.9265,-251.30763059881963,14.640764309501174,133.8777119539542,-28.91265477565627,-188.71207179535864,-196.7263930660824,-38.23212935395791,149.77986497790442,440.01985862348096,445.84236200363455,9.913990334903915e-06
221,3.2141610044825684e-08,1.5e-10,2.4723550480347537e-05,2571328.803586048,0.0,0.0,2571328.803586048,0.0,0.0,0.0,912944361154.1289,-248.64471202505297,9.078349655728244,136.54272313702444,-10.244205711109077,-194.8261359605413,-179.1323511962678,-40.09416735449904,158.42296297355952,443.47100975142394,448.1920968424158,9.981219149430277e-06
222,3.229161004482568e-08,1.5e-10,2.4863119001801993e-05,2583328.803586048,0.0,0.0,2583328.803586048,0.0,0.0,0.0,912744006610.3724,-257.6037478533241,3.798904741728052,139.27503482853754,-17.156044841029736,-182.967743639281,-192.7519789514804,-30.735785019162677,145.89129353789622,440.5716339267077,447.97157918071855,1.0048414886307385e-05
223,3.244161004482568e-08,1.5e-10,2.4998249805348638e-05,2595328.803586048,0.0,0.0,2595328.803586048,0.0,0.0,0.0,912539835130.783,-241.74482488956636,10.500468887458158,157.5470044539682,-6.973980107528132,-169.0646011881059,-176.71064697952386,-38.12901861262007,164.87131091987615,410.8095706609665,418.7238817760095,1.0111223468573787e-05
224,3.259161004482568e-08,1.5e-10,2.513511683189605e-05,2607328.803586048,0.0,0.0,2607328.803586048,0.0,0.0,0.0,912298335185.7084,-243.17805077760127,24.013514187442933,134.90819555807047,-18.233099329400527,-180.9992971400352,-184.1982824011315,-60.452349415332904,149.81627970801568,424.1774967618788,428.3320074189567,1.0175473269686631e-05
225,3.2741610044825676e-08,1.5e-10,2.5272221361604626e-05,2619328.803586048,0.0,0.0,2619328.803586048,0.0,0.0,0.0,911924351068.4601,-242.28750905001658,11.79365427143047,138.13191111673927,-19.33909408132916,-182.8790484385611,-191.4417372624266,-41.337673236539096,150.960996129402,425.11569743792126,430.8160581062347,1.0240095678402565e-05
226,3.2891610044825674e-08,1.5e-10,2.5411033389923335e-05,2631328.803586048,0.0,0.0,2631328.803586048,0.0,0.0,0.0,911474267884.9082,-256.8288856983492,20.25237277691372,132.97538397489802,-4.673341123097268,-179.3451663520823,-188.5072228083336,-42.48778420494508,156.10947431248857,436.1741954458888,442.05117126058235,1.0306403354091653e-05
227,3.304161004482567e-08,1.5e-10,2.5549584636173612e-05,2643328.803586048,0.0,0.0,2643328.803586048,0.0,0.0,0.0,911297351652.3077,-253.181929707356,12.728715747606493,139.684371873524,-6.0177115699029144,-180.85857756981437,-192.28929445476183,-28.117224153898903,148.9882866740084,434.0399746290213,441.5014049339488,1.0372628564831745e-05
228,3.319161004482567e-08,1.5e-10,2.5690036245912247e-05,2655328.803586048,0.0,0.0,2655328.803586048,0.0,0.0,0.0,911119926974.838,-249.58050995032053,9.613284050627552,125.92372703999128,-17.418009628176495,-198.47310775926405,-190.78479395469418,-36.161732178892834,157.05911580985304,448.05375900707,452.4466464498734,1.0440495561799226e-05
229,3.334161004482567e-08,1.5e-10,2.5828892791284302e-05,2667328.803586048,0.0,0.0,2667328.803586048,0.0,0.0,0.0,910930651616.5482,-250.2627938620241,11.565426153201585,131.8495220901197,-2.7596350184111422,-186.64573567703206,-196.87405781915888,-37.94842090797216,162.78649217279977,436.9085975086671,442.2560944831619,1.05068339759717e-05
230,3.3491610044825666e-08,1.5e-10,2.5967731071227516e-05,2679328.803586048,0.0,0.0,2679328.803586048,0.0,0.0,0.0,910751794558.2618,-230.06704771029686,-2.6706065702104045,139.14153414841246,-10.43845444632222,-208.4042256044947,-213.26565193190453,-42.197844995269335,160.62863257196528,438.4713419106894,443.31371619214104,1.057333103340052e-05
231,3.3641610044825664e-08,1.5e-10,2.6106458445019967e-05,2691328.803586048,0.0,0.0,2691328.803586048,0.0,0.0,0.0,910535379958.9258,-253.58763591424332,3.31497060419347,140.77828982630183,-6.856151432523734,-181.59189688417723,-205.6298091329219,-39.24963779743486,168.58487228360454,435.17961255055144,441.5956434926492,1.0639570379924418e-05
232,3.379161004482566e-08,1.5e-10,2.6246039372970032e-05,2703328.803586048,0.0,0.0,2703328.803586048,0.0,0.0,0.0,910344047933.2494,-251.2818352839347,15.417498464594258,136.42693365869795,-8.742880429064112,-190.49667662165538,-211.0344612036358,-39.41637694211216,159.38313129717176,441.7785919136611,447.7064500179549,1.070672634742711e-05
233,3.394161004482566e-08,1.5e-10,2.6386767478275432e-05,2715328.803586048,0.0,0.0,2715328.803586048,0.0,0.0,0.0,910165975330.1785,-256.84875559783234,17.892648715272088,133.00452886345747,-6.118624415884102,-192.59259589735137,-217.89393297890317,-38.72470137938485,160.39847380495982,449.44142787484884,455.50507425563274,1.0775052108565456e-05
234,3.409161004482566e-08,1.5e-10,2.652693965127594e-05,2727328.803586048,0.0,0.0,2727328.803586048,0.0,0.0,0.0,909971648020.4476,-261.333671088112,22.051676856533266,134.00795291270816,-0.37069688237409176,-183.8143008902891,-203.24726938319995,-40.39092495523748,168.48077843939902,445.1480529322399,451.2658010086199,1.0842741978716749e-05
235,3.4241610044825656e-08,1.5e-10,2.6666012578368328e-05,2739328.803586048,0.0,0.0,2739328.803586048,0.0,0.0,0.0,909793389002.372,-244.69226294912806,12.398947342687752,137.8654186604425,-13.85798028371193,-194.0365407167208,-211.8912043818895,-43.48976381225707,158.87624184324443,438.72888479053745,444.12254814715715,1.0909360360938823e-05
236,3.4391610044825655e-08,1.5e-10,2.680912329505345e-05,2751328.803586048,0.0,0.0,2751328.803586048,0.0,0.0,0.0,909607674410.6221,-272.89433693643684,26.035381039686936,132.36234855317676,-11.598751789044927,-193.15696827134119,-217.53271509285224,-49.58015669201726,156.7481692887242,464.32915377474296,470.9993141183672,1.0980010258056577e-05
237,3.454161004482565e-08,1.5e-10,2.6948848724430505e-05,2763328.803586048,0.0,0.0,2763328.803586048,0.0,0.0,0.0,909180159735.9545,-237.5272177664702,40.746901455498836,128.19485280424732,-20.84245775046002,-207.04295465407247,-194.79738279017963,-42.02169655811688,154.53402830906805,444.5702534613432,448.4419272992515,1.1047276547151465e-05
238,3.469161004482565e-08,1.5e-10,2.7087792689400105e-05,2775328.803586048,0.0,0.0,2775328.803586048,0.0,0.0,0.0,909003689358.072,-252.98690100336225,-0.19561806505716722,137.3040376146577,3.5086171095310674,-183.22223231853556,-199.30649092890616,-17.79330171803873,182.61122113110204,436.209213450747,443.5744946002588,1.1113812721341504e-05
239,3.484161004482565e-08,1.5e-10,2.7226472746157738e-05,2787328.803586048,0.0,0.0,2787328.803586048,0.0,0.0,0.0,908835385649.322,-227.9380770684094,22.4297951759254,128.32068281928187,-32.687163177702836,-209.68453393772683,-201.5306851899382,-42.1007213759123,152.12622215486923,437.62269294932173,441.53289065349287,1.1180042654939529e-05
240,3.4991610044825647e-08,1.5e-10,2.736676235013285e-05,2799328.803586048,0.0,0.0,2799328.803586048,0.0,0.0,0.0,908662090221.4413,-264.6577703001778,2.166316409323724,131.93821001613466,9.952278228358296,-179.88447730970026,-200.79207878337516,-10.232851052497885,185.65760502478773,444.54232896919285,452.85324798717784,1.1247970642137604e-05
241,3.5141610044825645e-08,1.5e-10,2.7508864355637484e-05,2811328.803586048,0.0,0.0,2811328.803586048,0.0,0.0,0.0,908503959062.2124,-255.3567202287945,18.772638737786956,139.00853809490172,-8.164185655114355,-203.18153237485805,-202.55590604359642,-28.10728106195317,170.02885277903482,458.5383274131847,464.38633773491426,1.1317628592797841e-05
242,3.529161004482564e-08,1.5e-10,2.7648012590752917e-05,2823328.803586048,0.0,0.0,2823328.803586048,0.0,0.0,0.0,908360992225.3076,-236.27813144997134,17.73110026319272,134.09126819360355,-0.7048675776414736,-203.6364180542138,-211.41837738516742,-28.053277245359197,171.96677010851528,439.9146329476172,445.24541484529186,1.1384415405024635e-05
243,3.544161004482564e-08,1.5e-10,2.7788986736924833e-05,2835328.803586048,0.0,0.0,2835328.803586048,0.0,0.0,0.0,908224973132.9569,-253.37857247540964,18.120793237837386,127.99542283501951,-2.598386176064244,-197.64620106866812,-204.8195421269736,-24.765078413182046,174.91534001247254,451.0248566341452,456.4968041550622,1.1452889925647894e-05
244,3.559161004482564e-08,1.5e-10,2.7928474989833325e-05,2847328.803586048,0.0,0.0,2847328.803586048,0.0,0.0,0.0,908092556368.2881,-232.82991941529036,31.170221332525035,124.63432192947292,-6.684454059683257,-210.12767353711212,-205.93022309391887,-27.86603179928465,169.350471092405,442.95767574375583,447.3818500091663,1.151999720314927e-05
245,3.574161004482564e-08,1.5e-10,2.80672208922395e-05,2859328.803586048,0.0,0.0,2859328.803586048,0.0,0.0,0.0,907946292157.0514,-247.7650230230082,14.695732869610122,140.7515148552487,-5.663369662161216,-187.60394175739123,-203.89620166184756,-23.936519691561994,182.95296000916426,435.3690450362214,442.1251135126171,1.1586315970176163e-05
246,3.5891610044825635e-08,1.5e-10,2.820671436897571e-05,2871328.803586048,0.0,0.0,2871328.803586048,0.0,0.0,0.0,907816425909.5778,-257.9224879654995,25.88874283983288,134.4190198151797,-5.67271018300262,-182.19052932382715,-204.77238865103936,-29.37749485723671,173.92146887911517,440.1130963746758,446.925818580248,1.16533548429632e-05
247,3.604161004482563e-08,1.5e-10,2.8347967839654725e-05,2883328.803586048,0.0,0.0,2883328.803586048,0.0,0.0,0.0,907677147208.7688,-247.25273810552457,25.239235165671662,137.5969211502209,-11.02050015003792,-205.93301527746192,-211.41456784269954,-23.02923257727579,180.2232257918224,453.18583174916915,459.03531827431044,1.1722210140704346e-05
248,3.619161004482563e-08,1.5e-10,2.848845359233389e-05,2895328.803586048,0.0,0.0,2895328.803586048,0.0,0.0,0.0,907555569232.2212,-246.9470304299518,29.90687769509299,136.3280293426615,-6.665236744922569,-201.06793946299072,-203.10134187432286,-26.01786263418051,189.0797962769432,448.01504802192795,453.564541985136,1.1790244822002117e-05
249,3.634161004482563e-08,1.5e-10,2.8628126707015263e-05,2907328.803586048,0.0,0.0,2907328.803586048,0.0,0.0,0.0,907442348711.5107,-239.3035076415688,37.28657645959818,137.37990406959406,-0.9122231784781917,-204.16149348101922,-210.03499592863182,-33.20876554777893,172.77956906438226,443.4650786545693,448.9919846576745,1.1857593619700769e-05
250,3.649161004482563e-08,1.5e-10,2.8768904234941152e-05,2919328.803586048,0.0,0.0,2919328.803586048,0.0,0.0,0.0,907334431150.6367,-238.41612799019865,33.48135343618365,150.6727876453354,-14.112669962911966,-211.82324216228122,-223.96907758899448,-17.702043626453968,182.57338756405787,450.2394473271647,457.7567620792958,1.1926257134012663e-05
251,3.6641610044825625e-08,1.5e-10,2.8909742429910773e-05,2931328.803586048,0.0,0.0,2931328.803586048,0.0,0.0,0.0,907214152535.534,-239.96077556578564,34.04568480423475,131.053012810073,-13.11561704190281,-211.50118737477672,-206.76327290315092,-34.797155420347394,178.77172898073067,451.46203977746416,455.6133533350885,1.1994599137012925e-05
252,3.679161004482562e-08,1.5e-10,2.9051683122287944e-05,2943328.803586048,0.0,0.0,2943328.803586048,0.0,0.0,0.0,907069097093.859,-247.5922403825333,38.34603094361638,136.7187904735565,-20.202641358288304,-210.2188743303208,-215.0303199319718,-18.605543111861962,179.2564911552009,457.8111915355441,463.9431172203504,1.2064190604595978e-05
253,3.694161004482562e-08,1.5e-10,2.9192558972862427e-05,2955328.803586048,0.0,0.0,2955328.803586048,0.0,0.0,0.0,906819575819.75,-246.30528178088173,28.164753784706228,130.00711022734714,-11.225213603143398,-204.55156046718912,-203.37007147648706,-29.108721375120734,176.29041763543552,450.8569178696471,455.61677126505043,1.2132533120285736e-05
254,3.709161004482562e-08,1.5e-10,2.9334517530241017e-05,2967328.803586048,0.0,0.0,2967328.803586048,0.0,0.0,0.0,906692560405.31,-250.03658268340723,38.49420462292284,126.41749641954205,-16.486076203012107,-207.9998714970524,-207.60902413722826,-20.585544617089322,171.7207065895954,458.03628357735187,463.36870980086024,1.2202038426755865e-05
255,3.724161004482562e-08,1.5e-10,2.9476583951464343e-05,2979328.803586048,0.0,0.0,2979328.803586048,0.0,0.0,0.0,906578810981.8894,-249.23508079478583,34.1208349629443,125.79396756407594,-4.394982921985333,-209.73412709632413,-201.52825070857156,-20.770025265078065,176.48253377659287,458.96926716475366,464.06162601210775,1.227164767065768e-05
256,3.7391610044825615e-08,1.5e-10,2.9619586664929526e-05,2991328.803586048,0.0,0.0,2991328.803586048,0.0,0.0,0.0,906469051941.5565,-253.63687379628794,43.78995218299718,118.16973401578365,-9.094544969840443,-211.89212047702782,-211.98833234462145,-25.533061444701048,171.48554787377648,465.52905685448616,470.2199040261503,1.2342180656261602e-05
257,3.754161004482561e-08,1.5e-10,2.9761112481526174e-05,3003328.803586048,0.0,0.0,3003328.803586048,0.0,0.0,0.0,906345085988.1459,-253.00110969570807,39.68188280942669,120.16030830237317,-12.775594768220536,-201.89219174789477,-207.69790573081298,-21.365745868406105,175.69540923618393,454.8933661736012,460.037846288803,1.2411186333204922e-05
258,3.769161004482561e-08,1.5e-10,2.9903664389424496e-05,3015328.803586048,0.0,0.0,3015328.803586048,0.0,0.0,0.0,906249717995.6703,-243.8452990035633,41.49758094138348,122.17209961056217,-21.451671555249227,-218.92202815868765,-206.54591224452454,-20.52139056599574,174.5589240119448,462.76739723795725,467.2044409605781,1.248126699934901e-05
259,3.784161004482561e-08,1.5e-10,3.0044543130000595e-05,3027328.803586048,0.0,0.0,3027328.803586048,0.0,0.0,0.0,906125656284.0543,-250.81976877946795,41.4583710142976,123.93077022896574,-15.448813545636897,-199.37602052168535,-202.32795305953007,-14.5042611880291,179.81802076437626,450.19586070141446,456.00902364507635,1.2549668352895771e-05
260,3.799161004482561e-08,1.5e-10,3.0184784539416275e-05,3039328.803586048,0.0,0.0,3039328.803586048,0.0,0.0,0.0,905990281933.5261,-238.1554404950474,48.78668845350096,133.6492482085871,-11.898097257495149,-208.6839721006422,-205.19050644883527,-15.2424839122061,164.5025450944512,446.8616471624501,453.48323441938476,1.261769083805868e-05
261,3.8141610044825605e-08,1.5e-10,3.0325716447701027e-05,3051328.803586048,0.0,0.0,3051328.803586048,0.0,0.0,0.0,905854007297.1649,-248.34768104311982,47.555183168957335,125.84393222523651,-13.749951188526168,-202.68354734432498,-198.9601843752841,-22.130715101380343,169.80227268785345,451.0400784399136,456.48588723519833,1.2686163721143959e-05
262,3.8291610044825603e-08,1.5e-10,3.046856335383516e-05,3063328.803586048,0.0,0.0,3063328.803586048,0.0,0.0,0.0,905723121441.5325,-251.3935164224997,45.92232811545883,118.30446315896339,-30.175065560586678,-212.7881571429201,-205.27029122180718,-25.21666754122646,169.4467868508155,464.1881458711021,468.3634296889409,1.27564182355973e-05
263,3.84416100448256e-08,1.5e-10,3.06113085060077e-05,3075328.803586048,0.0,0.0,3075328.803586048,0.0,0.0,0.0,905604583019.5801,-251.9507260361313,45.130537479892844,128.69777336637551,-16.99617920412305,-211.14234919130215,-202.31621090392076,-18.289568559148055,173.35728600934905,463.0971349377211,468.6358095062576,1.2826713607023239e-05
264,3.85916100448256e-08,1.5e-10,3.0754369011421447e-05,3087328.803586048,0.0,0.0,3087328.803586048,0.0,0.0,0.0,905483836544.4347,-259.63270728925306,44.256944221261364,124.0600965246938,-16.0231666652684,-205.07246405227392,-196.67084655966113,-19.16440448021319,173.75041178187917,464.7052441051071,470.16140595409183,1.2897237817916353e-05
265,3.87416100448256e-08,1.5e-10,3.089674232705798e-05,3099328.803586048,0.0,0.0,3099328.803586048,0.0,0.0,0.0,905223993348.8427,-255.11476108099913,41.23780359468961,123.82456804057729,-17.850277554576923,-205.2420078802374,-197.68782080227697,-23.7480559194735,173.0016010015524,460.3568420789007,465.27561166783045,1.2967029159666528e-05
266,3.8891610044825596e-08,1.5e-10,3.1039940097363154e-05,3111328.8035860476,0.0,0.0,3111328.803586048,0.0,0.0,0.0,905119929619.4446,-261.47573511836515,42.9030145738379,125.20788896073009,-16.87950635578693,-203.98631130023867,-195.28276964006625,-21.76623624965379,174.00162777735343,465.46211903757137,470.85036707344085,1.3037656714727545e-05
267,3.9041610044825594e-08,1.5e-10,3.1181591738788495e-05,3123328.803586048,0.0,0.0,3123328.803586048,0.0,0.0,0.0,905010507090.8083,-247.21519014506066,41.32963519719523,128.0654930281518,-25.779649952605297,-208.54859082136045,-198.87779731061048,-23.130237170445543,162.30606094722603,455.76476672273435,460.88663717498054,1.3106789710303792e-05
268,3.919161004482559e-08,1.5e-10,3.1326345312901474e-05,3135328.803586048,0.0,0.0,3135328.803586048,0.0,0.0,0.0,904904111141.728,-266.2374563076275,42.545386185373886,118.46055088256556,-19.720038825412345,-209.7840560384745,-189.37439931477772,-21.71775575638411,169.66720053985537,476.02158439355895,480.7095806582221,1.3178896147402526e-05
269,3.934161004482559e-08,1.5e-10,3.146677369035333e-05,3147328.803586048,0.0,0.0,3147328.803586048,0.0,0.0,0.0,904796909357.6489,-236.16811547021967,58.392839474166195,121.79611083581531,-20.967533847943216,-212.56622741683927,-180.4892807406819,-26.936410548732212,177.40675515868384,448.7344189997024,452.7888527042529,1.3246814475308164e-05
270,3.949161004482559e-08,1.5e-10,3.161057513240629e-05,3159328.803586048,0.0,0.0,3159328.803586048,0.0,0.0,0.0,904676725379.1421,-267.826335233126,49.78949965181046,121.04467867509125,-21.390011745559022,-201.42054850633602,-195.4828730844554,-23.990075284094317,165.80494375946273,469.24695954877217,474.7261283951953,1.3318023394567444e-05
271,3.9641610044825586e-08,1.5e-10,3.175575046217913e-05,3171328.803586048,0.0,0.0,3171328.803586048,0.0,0.0,0.0,904574009502.9752,-270.52987290538624,44.73009218921716,114.92019873351533,-24.569655670741636,-208.21428443019948,-188.4524343320753,-27.36602029878712,169.52877399272177,478.7441439290935,483.0118679443964,1.3390475174759102e-05
272,3.9791610044825584e-08,1.5e-10,3.1899861369722695e-05,3183328.803586048,0.0,0.0,3183328.803586048,0.0,0.0,0.0,904447985701.7036,-260.37522413882425,50.09876701697936,121.00336073517474,-27.146838852792495,-211.56214812277054,-185.17940458932904,-22.133746119822785,162.76706903819166,471.9373673993111,476.57166712133017,1.3461960924827302e-05
273,3.994161004482558e-08,1.5e-10,3.20445104487311e-05,3195328.803586048,0.0,0.0,3195328.803586048,0.0,0.0,0.0,904341455677.5903,-259.7943005752707,52.12116123267388,115.00953587366392,-30.53094704475178,-215.97990369331674,-182.70252338534166,-18.12792161879437,164.35460274139652,475.77420507101687,479.99715761822284,1.3533960498470036e-05
274,4.009161004482558e-08,1.5e-10,3.219179348027571e-05,3207328.803586048,0.0,0.0,3207328.803586048,0.0,0.0,0.0,904232583820.0784,-264.9403250912753,57.97608194130206,111.4982195401909,-29.533625535683267,-229.14597782510674,-191.39803761631657,-24.109889475130167,166.75654664658668,494.0863106625776,497.5600370572584,1.3608594504028625e-05
275,4.024161004482558e-08,1.5e-10,3.233569176076796e-05,3219328.803586048,0.0,0.0,3219328.803586048,0.0,0.0,0.0,904129819223.8644,-262.3509686461884,49.89586220739801,122.19970990940718,-26.13923457292014,-207.71695282318902,-188.53791807345797,-17.80088331964894,169.77480858206528,470.06793485313034,475.28658016728167,1.3679887491053718e-05
276,4.0391610044825576e-08,1.5e-10,3.2478674590858336e-05,3231328.803586048,0.0,0.0,3231328.803586048,0.0,0.0,0.0,904038239890.8226,-254.58141772317987,52.96962087291015,126.07946458744404,-31.648185929078544,-209.79904699577042,-194.612221085807,-23.790589256560338,171.5680002878627,464.3804835130263,469.1843267461965,1.3750265140065646e-05
277,4.0541610044825574e-08,1.5e-10,3.26254462755324e-05,3243328.803586048,0.0,0.0,3243328.803586048,0.0,0.0,0.0,903947749517.7537,-261.96176045994673,62.900079642189276,124.00444520985458,-26.347490408404077,-228.1897625371183,-187.28634661437852,-12.644969108313243,167.89116937149177,490.15146881500226,495.31107589091147,1.3824561801449283e-05
278,4.069161004482557e-08,1.5e-10,3.277004997072341e-05,3255328.803586048,0.0,0.0,3255328.803586048,0.0,0.0,0.0,903859850749.7301,-271.54739708947915,62.338715932944,109.96084177725754,-36.1914667151346,-203.03462396553005,-191.65090143796075,-20.864628943314376,170.52889559113999,474.58198498921035,479.39064399728386,1.3896470398048876e-05
279,4.084161004482557e-08,1.5e-10,3.291469843823755e-05,3267328.803586048,0.0,0.0,3267328.803586048,0.0,0.0,0.0,903781836563.0,-263.4529888095911,59.12539996667485,120.88149617817032,-36.36792270052878,-211.83556356843258,-202.99389526579336,-21.478055496882295,165.48802794497436,475.28850306535765,480.3358289699077,1.3968520772394362e-05
280,4.099161004482557e-08,1.5e-10,3.3061371636083236e-05,3279328.803586048,0.0,0.0,3279328.803586048,0.0,0.0,0.0,903701240932.8722,-280.3317494148932,67.77315711615303,119.31505367935556,-31.463855183650885,-207.85404351580152,-193.0719817515685,-23.83799625831923,188.0790661012049,488.18502267029316,493.52027384841807,1.4042548813471624e-05
281,4.1141610044825566e-08,1.5e-10,3.320605622119793e-05,3291328.803586048,0.0,0.0,3291328.803586048,0.0,0.0,0.0,903536146775.6826,-232.37081769055848,61.011003492483,85.1679172542098,-40.54207564724758,-222.8147363768799,-188.66290984485553,-47.787130450468034,175.4245736032539,490.7991690634282,479.94597258584,1.41145407093595e-05
282,4.1291610044825564e-08,1.5e-10,3.3351241777933496e-05,3303328.803586048,0.0,0.0,3303328.803586048,0.0,0.0,0.0,903012007622.2809,-262.4868054941784,59.12087927119979,117.83424551387621,-40.42113007618048,-216.4951792654721,-195.77759824990508,-16.89976779226893,169.86950967704493,478.98130123676526,483.5955003039814,1.4187080034405096e-05
283,4.144161004482556e-08,1.5e-10,3.349610938775604e-05,3315328.803586048,0.0,0.0,3315328.803586048,0.0,0.0,0.0,902895728678.9705,-246.73503893111004,56.02622804401206,129.306158503783,-36.848799423982754,-231.0665845011396,-198.63140413247243,-15.813498908218621,163.87590812915695,477.800960862835,482.90223657748146,1.4259515369891718e-05
284,4.159161004482556e-08,1.5e-10,3.3641903288338976e-05,3327328.803586048,0.0,0.0,3327328.803586048,0.0,0.0,0.0,902775989531.2083,-254.29389049509362,45.80419099631729,120.56872372650813,-20.576777967723576,-229.37212332150267,-188.79597674212334,-7.510779670402624,159.8617041936567,483.66540358851216,488.7651330538302,1.4332830139849793e-05
285,4.174161004482556e-08,1.5e-10,3.378698600048991e-05,3339328.803586048,0.0,0.0,3339328.803586048,0.0,0.0,0.0,902559833256.2394,-267.15674197273034,56.11222398403933,141.0362684566771,-34.56785385378849,-209.5806850103084,-196.84384764239582,-1.002488077981975,142.4209625266313,476.73684945533756,485.86180951471243,1.4405709411277e-05
286,4.1891610044825556e-08,1.5e-10,3.3931264165158556e-05,3351328.803586048,0.0,0.0,3351328.803586048,0.0,0.0,0.0,902439373597.7839,-253.33001700380828,50.82382601324577,124.96304447248717,-30.961746276488963,-219.28244850361813,-189.80738832310186,3.4740231063255593,162.76765559450703,472.6119295070131,479.1894479167277,1.4477587828464509e-05
287,4.2041610044825554e-08,1.5e-10,3.4077470203368516e-05,3363328.803586048,0.0,0.0,3363328.803586048,0.0,0.0,0.0,902275489180.2789,-267.80290519799905,63.56045981569067,119.78608408352756,-29.647820749376383,-217.1338479111289,-191.4261636232412,9.647086792019877,153.766749220762,484.9359054707735,492.4015695264587,1.4551448063893478e-05
288,4.219161004482555e-08,1.5e-10,3.422550976599199e-05,3375328.8035860476,0.0,0.0,3375328.803586048,0.0,0.0,0.0,901971330453.2568,-269.82464998317863,66.07671394502078,117.84188020054262,-41.54403279538669,-233.12697879763266,-193.73428591246855,8.50034047808294,145.93478096188468,495.1488229659169,504.4801864548948,1.4627120091861711e-05
289,4.234161004482555e-08,1.5e-10,3.4370946930452214e-05,3387328.803586048,0.0,0.0,3387328.803586048,0.0,0.0,0.0,901688181198.7297,-265.58631048561347,76.74610397113575,123.39767661933583,-32.442875798983145,-214.28024686367255,-194.01080753884122,5.157094821191621,159.2133780580891,479.8658227957363,487.5608020840615,1.4700254212174321e-05
290,4.249161004482555e-08,1.5e-10,3.45175089879404e-05,3399328.803586048,0.0,0.0,3399328.803586048,0.0,0.0,0.0,901550970442.945,-266.6099644648365,58.99641184802052,115.02490911038687,-43.39877790624951,-220.81678486862705,-189.58591333129436,7.987945717776399,146.89423450303437,487.4257533810487,493.97962490377245,1.4774351155909887e-05
291,4.2641610044825546e-08,1.5e-10,3.46632029913976e-05,3411328.803586048,0.0,0.0,3411328.803586048,0.0,0.0,0.0,901049303884.517,-272.2866840691241,53.494650369498636,110.02406640872812,-38.30703657636548,-208.3290608948844,-178.12376584272093,21.135863853270532,144.42074286496185,480.61483484792615,488.4099355726043,1.4847612646245777e-05
292,4.2791610044825544e-08,1.5e-10,3.481065784542134e-05,3423328.803586048,0.0,0.0,3423328.803586048,0.0,0.0,0.0,900914203207.1821,-275.15894860455785,58.021027033300015,100.96663609142628,-41.95586194845557,-217.76870112162217,-179.16660792655537,20.84576870275033,148.8690996152806,492.92646780218473,499.41252293450424,1.4922524524685952e-05
293,4.294161004482554e-08,1.5e-10,3.4959270494179364e-05,3435328.803586048,0.0,0.0,3435328.803586048,0.0,0.0,0.0,900789955467.1411,-281.01903182878755,66.33421784698692,99.05003825205806,-41.4736578464966,-219.70989983074693,-183.8654483918095,18.020364441236097,144.04063171171012,500.7278555864462,507.2325522024933,1.4998609407516326e-05
294,4.309161004482554e-08,1.5e-10,3.510604324110524e-05,3447328.8035860485,0.0,0.0,3447328.803586048,0.0,0.0,0.0,900621768923.63,-272.4119756174019,50.954360768258546,106.29275653580866,-34.53941188297028,-216.34170798782256,-169.99881287608068,2.529870619570018,145.21065042578144,488.75267129957814,494.1351546828199,1.507272968071875e-05
295,4.324161004482554e-08,1.5e-10,3.525285382419632e-05,3459328.803586048,0.0,0.0,3459328.803586048,0.0,0.0,0.0,900477921662.9625,-272.9532714163799,44.55636081649665,106.31405084354289,-24.507491359507934,-215.58793000925473,-176.16834164143992,18.492628278963938,154.05421116573788,488.5400465013744,495.2352104616811,1.5147014962288001e-05
296,4.3391610044825537e-08,1.5e-10,3.540039459435304e-05,3471328.803586048,0.0,0.0,3471328.803586048,0.0,0.0,0.0,900330898187.9294,-263.0491380704145,65.76876003011215,100.8607676611907,-49.47143084869122,-232.06900967130153,-175.16818505718368,0.07846221113778266,142.71933605477838,495.1171221419133,499.2964839726129,1.5221909434883893e-05
297,4.3541610044825535e-08,1.5e-10,3.554575446724354e-05,3483328.803586048,0.0,0.0,3483328.803586048,0.0,0.0,0.0,900202106811.7058,-267.8386423934514,43.84212803232099,93.99749378062747,-38.475729255271695,-211.45492643623152,-180.27696187584934,5.766725140964051,159.4466843074613,479.4210658889414,484.0820052633168,1.529452173567339e-05
298,4.369161004482553e-08,1.5e-10,3.569215961651749e-05,3495328.803586048,0.0,0.0,3495328.803586048,0.0,0.0,0.0,900046850744.7867,-261.6028193306613,52.03975793456347,97.88927583646569,-35.03670616405583,-225.38976069584513,-173.05863344160207,13.656795466405272,152.60503269341012,486.99153632617487,491.91620258583345,1.5368309166061268e-05
299,4.384161004482553e-08,1.5e-10,3.583995530820827e-05,3507328.803586048,0.0,0.0,3507328.803586048,0.0,0.0,0.0,899922901064.1177,-272.87037498400355,52.460092156890454,108.69146105399419,-39.46316558688268,-222.37982570575554,-176.9491995390744,17.3163969550713,143.3390118990024,495.24897818277935,501.8438345160573,1.5443585741238676e-05
300,4.399161004482553e-08,1.5e-10,3.59871311621576e-05,3519328.803586048,0.0,0.0,3519328.803586048,0.0,0.0,0.0,899692247455.4337,-278.170566803863,44.99480694794022,95.49073537637236,-32.115496377825764,-212.86985310384637,-178.2719918271186,10.721509503605763,158.81199852151607,491.0393659841033,496.47081284726477,1.5518056363165765e-05
301,4.414161004482553e-08,1.5e-10,3.6136323588469396e-05,3531328.803586048,0.0,0.0,3531328.803586048,0.0,0.0,0.0,899556692709.305,-274.5760076403916,52.782456600057394,100.1086316332023,-29.83244937312717,-230.6220780679354,-177.1213618083624,16.930392175431376,148.5680180630986,505.1968083063125,510.76570406231525,1.559467121877511e-05
302,4.4291610044825525e-08,1.5e-10,3.6287039084719985e-05,3543328.803586048,0.0,0.0,3543328.803586048,0.0,0.0,0.0,899433267048.4446,-276.61359708429035,56.236459137556466,103.34651984471661,-27.451827857231397,-239.11197982889496,-180.5926985570627,12.744531173732168,152.33628093207102,515.7245632083219,521.0332697098293,1.5672826209231586e-05
303,4.444161004482552e-08,1.5e-10,3.643538318828139e-05,3555328.803586048,0.0,0.0,3555328.803586048,0.0,0.0,0.0,899297583261.2147,-257.42434042750693,48.5247818974995,98.70028732692256,-32.67778639056047,-243.2306898161372,-173.96674473538806,17.093345820791367,150.20926594765064,500.65385709283174,505.43354288250896,1.5748641240663964e-05
304,4.459161004482552e-08,1.5e-10,3.658473847612783e-05,3567328.803586048,0.0,0.0,3567328.803586048,0.0,0.0,0.0,899131822009.6892,-252.62630901638653,65.9058554119599,86.52656645365735,-50.78573944008195,-256.31422009658445,-170.4060103654002,-0.2692423007084902,147.35421984230447,508.93955919566883,511.6226935329851,1.5825384644693912e-05
305,4.474161004482552e-08,1.5e-10,3.6733638682290535e-05,3579328.803586048,0.0,0.0,3579328.803586048,0.0,0.0,0.0,898967855578.8522,-286.8892221524952,25.632179867481995,87.38157767391914,-18.455821150249687,-214.9159372582739,-184.24262745371368,32.97615692147878,175.04226084332046,501.8040735326584,508.3389155949705,1.5901635482033158e-05
306,4.489161004482552e-08,1.5e-10,3.688371651404018e-05,3591328.803586048,0.0,0.0,3591328.803586048,0.0,0.0,0.0,898820678837.2666,-280.03195391284964,39.11988954391812,85.82245956521653,-27.71422218224378,-230.95150357350977,-180.9836353003819,22.109861872063252,162.20000376399904,510.9825983550058,515.7039577593566,1.597899107569706e-05
307,4.5041610044825515e-08,1.5e-10,3.70306836712347e-05,3603328.803586048,0.0,0.0,3603328.803586048,0.0,0.0,0.0,898681144805.5621,-274.30228788723235,41.37134396794064,98.26427826729224,-27.6015711068197,-215.2839299828105,-175.7548854557233,16.782649856616338,159.35496280564183,489.58534066680994,495.39876283926515,1.605330089012295e-05
308,4.519161004482551e-08,1.5e-10,3.717799241219895e-05,3615328.803586048,0.0,0.0,3615328.803586048,0.0,0.0,0.0,898544119779.5319,-279.4475207163648,37.384199879695565,78.16478916955202,-29.084915491327145,-212.98317330827714,-167.8649762481105,4.304664931339823,159.16480772481506,492.4299465017611,496.26128340852193,1.6127740082634228e-05
309,4.534161004482551e-08,1.5e-10,3.73253202644152e-05,3627328.803586048,0.0,0.0,3627328.803586048,0.0,0.0,0.0,898296799442.6482,-257.83570678458693,39.54868881716342,89.46819679304156,-32.099473716981024,-235.90181632479116,-178.97220755603536,13.183367883681184,150.59540192486546,493.73708982543894,497.73103267042075,1.6202399737534792e-05
310,4.549161004482551e-08,1.5e-10,3.747550082213738e-05,3639328.803586048,0.0,0.0,3639328.803586048,0.0,0.0,0.0,898160207481.3593,-296.6446895837784,32.483194814515734,85.26750781695043,-14.908266541775916,-213.44117324688804,-174.5168866094631,32.01559301764641,172.53662091231664,510.0852525543878,516.8985934187598,1.6279934526547606e-05
311,4.564161004482551e-08,1.5e-10,3.762470885255115e-05,3651328.803586048,0.0,0.0,3651328.803586048,0.0,0.0,0.0,898027116069.0847,-244.9714462191628,63.26920077681902,93.3507150749135,-52.06218418712549,-263.2605181400318,-179.62174903632953,-1.7761649157085824,142.7498566176124,508.23157829429863,511.56750157641295,1.6356669651784068e-05
312,4.5791610044825505e-08,1.5e-10,3.777588287846425e-05,3663328.803586048,0.0,0.0,3663328.803586048,0.0,0.0,0.0,897895630640.481,-280.7874012597968,56.0191258539717,83.0794124092683,-34.87099831143673,-237.8332698232655,-181.20676539911273,24.804785308672443,169.77417819076652,518.5916294054305,523.1009977454789,1.643513480144589e-05
313,4.59416100448255e-08,1.5e-10,3.792572715999961e-05,3675328.803586048,0.0,0.0,3675328.803586048,0.0,0.0,0.0,897775999103.8113,-268.77150688077796,59.336197553331836,79.66900184566991,-45.924599905872945,-241.8107551217745,-181.8288295401874,16.075241410419597,163.86422297075774,510.58227024180786,513.9647186123913,1.6512229509237746e-05
314,4.60916100448255e-08,1.5e-10,3.807595490365525e-05,3687328.803586048,0.0,0.0,3687328.803586048,0.0,0.0,0.0,897667572275.0771,-283.4073896234084,52.24651540985431,84.6985538990624,-33.374504842126875,-228.17598068285764,-178.2854062632914,28.952919749615006,174.8032824490597,511.5833554127378,516.8778217367008,1.658976118249825e-05
315,4.62416100448255e-08,1.5e-10,3.822604420722412e-05,3699328.803586048,0.0,0.0,3699328.803586048,0.0,0.0,0.0,897558558439.3291,-269.02022835700905,61.0619065173414,77.65095374906468,-55.86733351294729,-243.34278720214806,-186.1529143994652,10.571030728774652,146.79719219095097,512.3633302771524,515.6117822958739,1.6667102949842632e-05
316,4.63916100448255e-08,1.5e-10,3.837572553404219e-05,3711328.8035860485,0.0,0.0,3711328.803586048,0.0,0.0,0.0,897443175240.9717,-273.9671140210986,55.54433458730215,82.3910425299422,-48.338636299287614,-234.83005980918495,-180.36144809699297,17.45061409951326,156.79001989496751,508.7975246094375,512.7481532296557,1.674401517282708e-05
317,4.6541610044825495e-08,1.5e-10,3.852558031437557e-05,3723328.803586048,0.0,0.0,3723328.803586048,0.0,0.0,0.0,897338970329.3258,-282.3361237633818,42.38612224345247,88.39490001451757,-26.32312484125678,-227.21825687655985,-181.51373257144746,27.244844892482394,174.1176155896063,508.68845626018526,514.424212162931,1.682117880465152e-05
318,4.6691610044825493e-08,1.5e-10,3.8675787091936933e-05,3735328.803586048,0.0,0.0,3735328.803586048,0.0,0.0,0.0,897170637172.2826,-281.58142799954265,57.09338854700698,85.21155569316333,-29.27465427591499,-230.06160935830206,-184.80925120404277,27.580522221509778,159.43400767490638,511.64386578465064,517.0852985664386,1.6898741599436486e-05
319,4.684161004482549e-08,1.5e-10,3.882720000034378e-05,3747328.8035860476,0.0,0.0,3747328.803586048,0.0,0.0,0.0,897030265949.9725,-270.22622077527444,47.317067543225114,84.2551945112947,-40.173019117298594,-250.9145320399754,-180.89613200283563,15.164648069280005,167.9829188244311,521.1418851620833,524.4808379430983,1.6977413725127952e-05
320,4.699161004482549e-08,1.5e-10,3.89787658130053e-05,3759328.803586048,0.0,0.0,3759328.803586048,0.0,0.0,0.0,896915955026.4907,-278.3279562469647,47.38477651943501,81.38591075656777,-29.452319119387752,-243.3746146873832,-174.9037621436512,16.06560739117522,160.36919109277693,521.704789992259,525.2861790112637,1.705620665197964e-05
321,4.714161004482549e-08,1.5e-10,3.913057929670035e-05,3771328.803586048,0.0,0.0,3771328.803586048,0.0,0.0,0.0,896802078321.8948,-275.52820335017714,45.0186027083687,86.00382043850054,-33.05102810455293,-247.8148623050311,-188.30785838210804,18.96676584063582,159.74212378019902,523.3463734714509,527.3888176389235,1.713531497462548e-05
322,4.7291610044825485e-08,1.5e-10,3.928509997337083e-05,3783328.803586048,0.0,0.0,3783328.803586048,0.0,0.0,0.0,896688398846.0612,-294.74603196274074,43.46118388045839,76.985543869321,-32.66445785481464,-246.22713255301514,-170.02676660039094,16.692100330888195,165.0172912826857,540.9773899519404,544.4374118798481,1.721698058640746e-05
323,4.7441610044825484e-08,1.5e-10,3.943744800597729e-05,3795328.803586048,0.0,0.0,3795328.803586048,0.0,0.0,0.0,896578231501.2654,-274.49517652233135,56.86159171650957,85.74200181508371,-44.742478444018666,-252.98567789085627,-169.53442768012488,7.343064340417046,151.4411908616039,527.4864897199458,530.5097459501384,1.729655704829998e-05
324,4.759161004482548e-08,1.5e-10,3.9593747181777054e-05,3807328.803586048,0.0,0.0,3807328.803586048,0.0,0.0,0.0,896442678371.8373,-304.1361822682036,41.32641842054653,81.57810268962228,-53.49058653883193,-248.37462890104047,-169.31957955796733,6.788258438407845,165.7103183688556,552.5177769209404,555.8473838658358,1.7379934155879855e-05
325,4.774161004482548e-08,1.5e-10,3.9742420936464735e-05,3819328.803586048,0.0,0.0,3819328.803586048,0.0,0.0,0.0,896130947173.1237,-271.9287108706344,41.160484665200755,76.7392239398877,-35.64396639067827,-230.56177453066667,-163.43689096109657,1.5374404641661454,159.91735737948278,502.49972834451677,505.10392349639176,1.7455699744404315e-05
326,4.789161004482548e-08,1.5e-10,3.989485191075098e-05,3831328.803586048,0.0,0.0,3831328.803586048,0.0,0.0,0.0,896021916925.507,-268.0884178905672,64.4079127370815,75.64134949504357,-44.35187992936157,-261.0417787361428,-167.633306811119,-0.7079156598786875,139.9147042583435,529.141319567248,531.2861994374666,1.7535392674319934e-05
327,4.8041610044825476e-08,1.5e-10,4.004931253610467e-05,3843328.803586048,0.0,0.0,3843328.803586048,0.0,0.0,0.0,895917953074.251,-284.68540799832994,51.35908813316929,78.78147479269268,-27.832751704640767,-256.78599910510843,-166.28549950480595,12.8012011230037,153.7482891582472,541.4854418393353,544.5122238762416,1.761706950790137e-05
328,4.8191610044825474e-08,1.5e-10,4.020086494475589e-05,3855328.803586048,0.0,0.0,3855328.803586048,0.0,0.0,0.0,895587772403.3945,-273.918634766352,49.65472697430112,82.37405523076363,-37.455031196917204,-248.18858356969997,-177.47645353260657,4.2395997999344335,153.13715951534056,522.1258456115238,524.9545819504725,1.7695812695193943e-05
329,4.834161004482547e-08,1.5e-10,4.035589802126875e-05,3867328.803586048,0.0,0.0,3867328.803586048,0.0,0.0,0.0,895478183499.4269,-277.2142974419628,46.755139885325654,69.4039659026538,-42.054914518083244,-269.34790264587764,-172.77454828443393,-2.8565760086493377,161.5328705273185,546.5877763384848,547.9919512049574,1.7778011487874686e-05
330,4.841661004482547e-08,7.5e-11,4.043271934904572e-05,3873328.803586048,0.0,0.0,3873328.803586048,0.0,0.0,0.0,895397160173.0527,-272.17374768225403,49.83061713773922,86.28494387552097,-33.578614314678795,-264.12971820175255,-165.615567427708,17.139724620427206,167.06639992492998,536.3418526241268,539.7450553258869,1.7818492367024127e-05
331,4.849161004482547e-08,7.5e-11,4.050939482927095e-05,3879328.803586048,0.0,0.0,3879328.803586048,0.0,0.0,0.0,895338290549.5581,-292.01925672008815,65.40921528324738,66.53438384861502,-40.22002792822295,-242.53653860159167,-163.59222516897384,-23.25217320594301,147.51703239979216,534.6027667336128,536.2104471328228,1.7858708150559087e-05
332,4.858161004482547e-08,9e-11,4.059938768878381e-05,3886528.803586048,0.0,0.0,3886528.803586048,0.0,0.0,0.0,895282499029.4275,-263.1319814004727,54.14127974003834,84.50094306412547,-42.27231880483375,-249.1218329694505,-172.11769976128977,-6.487209989511835,144.79748025766813,512.3180625005444,514.6238944121759,1.790502430105618e-05
333,4.868961004482547e-08,1.0799999999999999e-10,4.070963040084543e-05,3895168.803586048,0.0,0.0,3895168.803586048,0.0,0.0,0.0,895205752661.6653,-286.9518933187664,43.2671484064761,71.6096186990474,-27.72925428060892,-245.28508684813193,-173.54022271801145,5.758448211992498,159.47017811754355,532.2336850190674,534.7843574261402,1.7962781011658204e-05
334,4.881921004482547e-08,1.2959999999999997e-10,4.0842550585707356e-05,3905536.803586048,0.0,0.0,3905536.803586048,0.0,0.0,0.0,895120283708.1095,-285.41691829245576,40.115582854201094,79.23092136093307,-33.818287930157425,-251.667013837148,-179.57260932868886,5.476941341557452,146.8676098451803,537.0807249150233,539.9982442166622,1.803276478410868e-05
335,4.896921004482547e-08,1.5e-10,4.099412459185016e-05,3917536.803586048,0.0,0.0,3917536.803586048,0.0,0.0,0.0,895024309617.7804,-272.82076947905426,44.431694979815816,75.00503998378264,-24.42566523410776,-250.0095897486889,-168.1353915256502,-3.98012239295561,149.6340755434639,522.826914191792,524.8348875902361,1.8111490017247217e-05
336,4.9119210044825465e-08,1.5e-10,4.114415956076924e-05,3929536.8035860485,0.0,0.0,3929536.803586048,0.0,0.0,0.0,894928491386.0967,-274.0332037510069,51.297223115450905,78.33031497298039,-35.19758315278279,-237.64755325628136,-166.20863766292567,3.43301447951383,148.7138358748093,511.677441449043,514.4638728387846,1.8188659598173036e-05
337,4.9194210044825464e-08,7.5e-11,4.1221301511304304e-05,3935536.803586048,0.0,0.0,3935536.803586048,0.0,0.0,0.0,894861853356.17,-305.5067059165386,56.45791969537102,52.268254355915985,-44.903331925884125,-234.78803350056415,-195.32500719323414,-26.30891837046361,115.77458684491906,540.291321091038,544.0234750950835,1.8229461358805168e-05
338,4.9269210044825463e-08,7.5e-11,4.1296713326178594e-05,3941536.803586048,0.0,0.0,3941536.803586048,0.0,0.0,0.0,894811745103.4528,-277.69923210445137,29.412891802818102,86.91954391221769,-8.937009956035839,-238.9635362442834,-158.02048465363373,3.7711243862247517,156.77007032456478,516.6594946385115,519.9232506571234,1.8268455602604453e-05
339,4.9359210044825466e-08,9e-11,4.1388691498832354e-05,3948736.803586048,0.0,0.0,3948736.803586048,0.0,0.0,0.0,894751413924.5107,-269.26998367339786,47.05203519351837,70.74190824067055,-46.20980393571945,-265.42269683490963,-172.4127378339243,5.718729255665399,145.39100813479925,534.689126071728,536.741123075064,1.831676230368121e-05
340,4.946721004482546e-08,1.0799999999999999e-10,4.149696213485742e-05,3957376.803586048,0.0,0.0,3957376.803586048,0.0,0.0,0.0,894695674519.842,-276.3802321500339,40.64277838368813,70.6243667769301,-36.11497877235658,-237.70277558507777,-158.9025243893303,-0.07651816255422988,153.2116700622137,514.0795636817285,516.1920720736663,1.8372511047465166e-05
341,4.959681004482546e-08,1.2959999999999997e-10,4.163002124692314e-05,3967744.803586048,0.0,0.0,3967744.803586048,0.0,0.0,0.0,894620274213.3834,-281.21483439256417,46.149886852820835,72.72726860246192,-41.08595524439789,-257.6394300124732,-170.67064413314293,-1.2878676892256034,144.60066179861704,538.8505638039612,540.8168061885565,1.84426009055472e-05
342,4.974681004482546e-08,1.5e-10,4.178497227763301e-05,3979744.803586048,0.0,0.0,3979744.803586048,0.0,0.0,0.0,894551612976.8965,-279.2687007994855,47.94102041319399,79.31832600335277,-31.76260253838017,-266.37681961275916,-156.6022480996576,-6.910116352090369,133.8418392145572,545.6419102030433,547.5302576506568,1.85247304441948e-05
343,4.989681004482546e-08,1.5e-10,4.1939401199023445e-05,3991744.803586048,0.0,0.0,3991744.803586048,0.0,0.0,0.0,894462303771.9401,-294.93520773563284,37.18701768826923,77.83845919995571,-35.74941223582148,-245.79065792720175,-178.2908656497612,-7.571483645230878,139.63035600729694,540.722061630335,543.4441075244307,1.8606247060323464e-05
344,4.997181004482546e-08,7.5e-11,4.201506803125812e-05,3997744.803586048,0.0,0.0,3997744.803586048,0.0,0.0,0.0,894415718081.099,-252.9086594608853,58.38020465792106,76.96378706256883,-38.969992577445275,-270.0876440971728,-153.78502103448503,-20.60017487413537,122.00377082467477,522.9928007542856,524.5400687926474,1.8645587565482913e-05
345,5.004681004482546e-08,7.5e-11,4.208901230002406e-05,4003744.803586048,0.0,0.0,4003744.803586048,0.0,0.0,0.0,894376151545.5269,-247.63959554121257,22.22018484014529,76.2698574612854,-49.584251953713505,-250.79049788905803,-156.811746453522,2.9068600610990996,163.06578847902546,498.42833239386306,500.7863646628306,1.8683146542832624e-05
346,5.0091810044825455e-08,4.5e-11,4.213400023607079e-05,4007344.803586048,0.0,0.0,4007344.803586048,0.0,0.0,0.0,894348350993.5426,-245.1944978535745,55.32423470892474,88.21918033570311,-48.55018724563481,-268.6601617444821,-157.70027159810783,-29.79503435842173,128.78501884616378,513.8511110037426,515.4216841661317,1.87063405186201e-05
347,5.013681004482545e-08,4.5e-11,4.217960410869631e-05,4010944.803586048,0.0,0.0,4010944.803586048,0.0,0.0,0.0,894314433716.5828,-270.889676848289,35.568693316062834,67.3283429434162,-52.48534552165846,-254.7747603419129,-176.22077569838254,0.7523221185164435,145.02854859655218,525.6563624469758,527.6065828914458,1.8730082814850215e-05
348,5.0190810044825455e-08,5.3999999999999994e-11,4.223269911392554e-05,4015264.803586048,0.0,0.0,4015264.803586048,0.0,0.0,0.0,894259672532.468,-236.50321594417673,28.522825919983195,83.97903884232386,-42.2012282672753,-260.26329036528836,-163.98225124278116,-13.319472661100507,119.49722044456989,496.7628253149547,499.34854330618,1.875704763618875e-05
349,5.025561004482545e-08,6.479999999999999e-11,4.229879014175282e-05,4020448.803586048,0.0,0.0,4020448.803586048,0.0,0.0,0.0,894190004928.0632,-267.37041426385616,41.09349055344918,74.09236369064833,-16.35413228147976,-265.80819098626506,-163.1888824692599,-9.839097397284824,138.57838095531807,533.1748998693059,534.8454631016218,1.8791705622197733e-05
350,5.033337004482545e-08,7.775999999999999e-11,4.23783388245489e-05,4026669.603586048,0.0,0.0,4026669.603586048,0.0,0.0,0.0,894113714527.9243,-277.6850796505132,42.7281234216706,69.87028936823585,-38.09343793050244,-257.6545154804959,-160.57208278880682,-2.749431268081678,138.05444801566716,535.3374943130719,537.0275924097625,1.8833464887783516e-05
351,5.042668204482545e-08,9.331199999999998e-11,4.2473362971040375e-05,4034134.563586048,0.0,0.0,4034134.563586048,0.0,0.0,0.0,894034944083.1041,-272.5834062861532,44.37510009920203,80.78144490261877,-26.223753056786222,-258.2486923619673,-158.3670669019315,-8.052859892806064,138.80610538704332,530.8282466107886,532.7748134282737,1.8883179171174135e-05
352,5.048266924482545e-08,5.5987199999999985e-11,4.2530880023639e-05,4038613.5395860476,0.0,0.0,4038613.5395860476,0.0,0.0,0.0,893980902806.5216,-271.04771643501005,55.6197705506395,67.28455271755354,-58.81862819290356,-269.58364573386365,-163.52089584618855,-13.663091504839883,127.6416094426604,540.6251013636427,541.912733041682,1.8913519347741485e-05
353,5.053865644482545e-08,5.5987199999999985e-11,4.258781533636345e-05,4043092.515586047,0.0,0.0,4043092.5155860474,0.0,0.0,0.0,893927677382.7925,-280.51192551212847,38.10496443998086,84.95216765282076,-28.696082520678093,-248.01976608958478,-167.6733948474109,-7.227717100292683,148.18996227076056,528.5278601518314,530.9093170471108,1.8943243473856864e-05
354,5.060584108482545e-08,6.718463999999998e-11,4.265617076543661e-05,4048467.2867860473,0.0,0.0,4048467.2867860473,0.0,0.0,0.0,893876956625.0935,-289.3045316633777,34.2582534286701,64.99149727276843,-11.958866564898592,-239.38236385180946,-146.06340799025554,7.27158043473314,148.8394229603673,528.6830309534391,531.2690693293113,1.897893659502289e-05
355,5.068646265282545e-08,8.062156799999998e-11,4.273915229136914e-05,4054917.012226048,0.0,0.0,4054917.0122260475,0.0,0.0,0.0,893815630359.4485,-264.3761845722112,47.23848896800107,80.40817940598343,-62.30722488568771,-278.570731421165,-176.12506633370546,-25.133097590201764,114.11039638114647,542.9427873931007,545.1895084196467,1.902289062804883e-05
356,5.0734835593625446e-08,4.837294079999998e-11,4.278911780137967e-05,4058786.8474900476,0.0,0.0,4058786.8474900476,0.0,0.0,0.0,893749869374.3928,-295.65726192258614,36.19141558103257,85.34509759771609,-27.547083949768723,-248.07052443338958,-160.0798481552462,2.977365294548137,152.66290714352638,543.7244798140744,546.8417248385754,1.9049342970431416e-05
357,5.0783208534425445e-08,4.837294079999998e-11,4.283604354460005e-05,4062656.6827540477,0.0,0.0,4062656.6827540477,0.0,0.0,0.0,893716544985.8439,-209.64970031312026,52.5131681817275,88.70578427613027,-47.25193250360583,-275.95667379311385,-164.9531540910397,-33.478958354442916,110.9464803853024,485.6025045903498,489.15715059699875,1.907300494031914e-05
358,5.084125606338544e-08,5.804752895999997e-11,4.289460513057812e-05,4067300.485070848,0.0,0.0,4067300.485070848,0.0,0.0,0.0,893675681822.6399,-274.30246184045427,31.638439534581202,67.86494645848275,-34.53653317008979,-246.51393717028645,-163.00121332025074,-3.35492255305297,125.61384242174442,520.8122118838636,522.838535085255,1.9103354425325907e-05
359,5.091091309813744e-08,6.965703475199997e-11,4.2966298623033306e-05,4072873.0478510074,0.0,0.0,4072873.047851008,0.0,0.0,0.0,893609112827.0538,-277.5723473484253,41.86622751207526,76.37469104959273,-40.01909413821436,-264.0122503334234,-176.38819739832618,-4.023976999753039,138.21241602157554,541.5805613008428,543.6948253827957,1.9141226594672078e-05
360,5.099450153983984e-08,8.358844170239996e-11,4.3051520122206404e-05,4079560.1231871997,0.0,0.0,4079560.1231871997,0.0,0.0,0.0,893477821274.5999,-266.58333314968627,47.7296112168754,71.52511349763894,-33.067173601021565,-266.08566447358714,-155.4842996266576,-7.2908583221605,130.33925847267,532.6646663339777,534.2200239395414,1.91858812139994e-05
361,5.1044654604861285e-08,5.0153065021439973e-11,4.310063091868667e-05,4083572.3683889145,0.0,0.0,4083572.368388915,0.0,0.0,0.0,893442359709.2678,-214.45435812607974,92.7212866163046,82.54389200566807,-53.454802035596636,-280.61747264865403,-158.75850273483965,-29.785931769708455,101.97082239858723,495.06776192440987,499.068449868092,1.9210911026415786e-05
362,5.1094807669882726e-08,5.0153065021439973e-11,4.315205524021381e-05,4087584.6135906307,0.0,0.0,4087584.6135906302,0.0,0.0,0.0,893394417898.8627,-300.5758241576561,29.799056281951735,66.5317661240546,-35.106591913131076,-234.70176832701995,-168.9370624117215,23.31553540781528,149.5827472789743,535.273236752352,539.249993124939,1.9237956066383792e-05
363,5.115499134790846e-08,6.018367802572796e-11,4.321314221321993e-05,4092399.307832689,0.0,0.0,4092399.3078326886,0.0,0.0,0.0,893352343806.5474,-265.4459649389988,44.57958942167866,68.80553828322283,-15.786868071692014,-262.45984159429247,-158.57625160968698,3.7509071058785968,135.08956910445502,527.9016250203422,529.9996200400436,1.926985339287004e-05
364,5.122721176153933e-08,7.222041363087355e-11,4.3285959620893934e-05,4098176.9409231585,0.0,0.0,4098176.9409231585,0.0,0.0,0.0,893297711089.6924,-262.6213759548174,50.3336942044665,76.92062146385183,-41.53429135159537,-258.2771949691496,-177.26538652053597,-4.78420611239581,131.49263014088518,520.894068637268,523.2563717461887,1.930764318447254e-05
365,5.131387625789638e-08,8.666449635704826e-11,4.3372638867511916e-05,4105110.1006317222,0.0,0.0,4105110.1006317222,0.0,0.0,0.0,893246661421.3771,-230.21805249654267,45.762890424914744,95.1515015751741,-22.138304438462637,-283.8922668048691,-173.40401867399964,6.2596474446460695,118.34340744528753,514.1059569126933,519.5107392786276,1.93526663210442e-05
366,5.136587495571061e-08,5.1998697814228953e-11,4.3426300586944286e-05,4109269.99645686,0.0,0.0,4109269.9964568606,0.0,0.0,0.0,893197460282.2756,-316.4794744836483,16.114743368616185,81.99605629026267,4.829515859616906,-223.8762778700083,-162.53628338654693,39.727925429261525,181.5494812457132,540.3512308405303,547.763783602509,1.9381149324501325e-05
367,5.1417873653524836e-08,5.1998697814228953e-11,4.347847236807919e-05,4113429.892281999,0.0,0.0,4113429.892281999,0.0,0.0,0.0,893160540561.5247,-216.2874012427075,87.04060313199994,72.5628547467972,-71.30899656610178,-303.858888375695,-178.1771827503521,-35.50801490133982,88.94208534323833,520.1419696865045,525.6423728580617,1.9408482043405925e-05
368,5.148027209090191e-08,6.239843737707474e-11,4.354089109491684e-05,4118421.7672721646,0.0,0.0,4118421.767272165,0.0,0.0,0.0,893124288688.8114,-263.91263933064863,41.08112843158115,71.95825433209566,-34.0341764264054,-249.021483035552,-156.64398228636935,-13.602705159478042,131.58811686474974,512.9294871113608,514.3278150375381,1.9440575295363834e-05
369,5.15551502157544e-08,7.487812485248968e-11,4.361663715684914e-05,4124412.0172603643,0.0,0.0,4124412.0172603643,0.0,0.0,0.0,893071946638.6306,-266.85592020041247,43.15791868748221,77.0115674729557,-39.61189076328944,-256.9512998707197,-175.2639679547925,0.6854735125934454,132.93411269108194,523.8027418445313,526.3243458707492,1.947998547544685e-05
370,5.16000770906659e-08,4.4926874911493806e-11,4.366023215471943e-05,4128006.1672532842,0.0,0.0,4128006.167253284,0.0,0.0,0.0,893043262022.2072,-255.47320126157766,33.02520717728085,67.70648139017513,-69.78282065973545,-227.45679725883303,-176.73162717499463,-42.22638692259631,133.51566978539384,482.925322083128,484.53001699876023,1.9501753894911415e-05
371,5.164500396557739e-08,4.4926874911493806e-11,4.370519859056853e-05,4131600.317246203,0.0,0.0,4131600.3172462033,0.0,0.0,0.0,893003314128.7372,-258.67303933504905,45.94726936750948,74.75824064594671,-17.912458684716306,-254.78431602297084,-165.7508898292972,4.755530665969302,148.98785776925436,513.4529049628171,515.8522846874774,1.952492952597838e-05
372,5.1698916215471184e-08,5.3912249893792566e-11,4.3759421217272513e-05,4135913.297237707,0.0,0.0,4135913.297237707,0.0,0.0,0.0,892972855318.7633,-283.6823601875395,24.954935601918258,87.56166466094297,-10.633751694665351,-232.47616919857887,-169.75521940594862,6.858462308089931,156.73986536673257,516.1540573393495,519.9876214537877,1.9552963228567876e-05
373,5.1763610915343733e-08,6.469469987255107e-11,4.3825662548362536e-05,4141088.8732275115,0.0,0.0,4141088.873227511,0.0,0.0,0.0,892930447057.1488,-252.324198500731,56.307923268152734,70.71753028377091,-55.36989151175518,-285.99003927553395,-171.55282453619483,-16.95009163825586,124.38289873719758,538.3095254769769,540.242759361681,1.95879140717431e-05
374,5.1841244555190795e-08,7.763363984706129e-11,4.390447874090363e-05,4147299.564415276,0.0,0.0,4147299.564415276,0.0,0.0,0.0,892884206959.5624,-263.60756766505045,49.754341943051735,81.56575711870475,-37.89590878715403,-264.44816460709734,-171.23890672646164,-10.003223515837036,131.85343679725858,528.0511847149336,530.198926265888,1.9629075344232123e-05
375,5.1934404923007266e-08,9.316036781647354e-11,4.3999326905700396e-05,4154752.3938405938,0.0,0.0,4154752.3938405938,0.0,0.0,0.0,892833395856.6385,-273.61069696542984,46.30827558392581,78.56391538942201,-35.15115767058057,-256.6381500559917,-162.77039471915623,-3.8754355353547734,137.66884090122593,530.2439861013465,532.3226512234061,1.9678666718217134e-05
376,5.199030114369715e-08,5.589622068988412e-11,4.4056149683524256e-05,4159224.0914957845,0.0,0.0,4159224.0914957845,0.0,0.0,0.0,892797423142.4233,-269.8634800051125,43.07575406476538,80.02035071696704,-37.31827387431181,-259.06823534301486,-174.24042011502115,-8.020601830835236,141.5019710000841,528.927172536598,530.9432245139487,1.9708344437868365e-05
377,5.204619736438704e-08,5.589622068988412e-11,4.411274745743548e-05,4163695.7891509747,0.0,0.0,4163695.789150975,0.0,0.0,0.0,892765176106.8229,-262.04902828739887,47.204362032291016,77.48358667815592,-23.26411194424513,-263.3485636830466,-176.58886494050444,-3.636547320677247,138.72790186696668,525.3930715020296,527.7562729538007,1.973784401897186e-05
378,5.21132728292149e-08,6.707546482786094e-11,4.418138831916652e-05,4169061.826337204,0.0,0.0,4169061.826337204,0.0,0.0,0.0,892719216930.8496,-251.12704159213695,62.38190204532749,80.7612332107021,-60.7485929692217,-286.6302008249709,-176.03595079508565,-27.08068076291509,122.26531951111298,537.7523662148351,539.9302705057345,1.9774060092840664e-05
379,5.219376338700833e-08,8.049055779343312e-11,4.426207633014066e-05,4175501.070960679,0.0,0.0,4175501.0709606786,0.0,0.0,0.0,892684979280.6815,-247.36099085198006,23.75281785147082,90.39958797940358,1.7308598068936984,-268.06351743259364,-161.1779285210883,4.52031272325685,167.79150134508055,515.4197832404521,518.6871468687015,1.981580951061241e-05
380,5.2290352056360454e-08,9.658866935211974e-11,4.436248878739281e-05,4183228.164508848,0.0,0.0,4183228.164508848,0.0,0.0,0.0,892623887850.1351,-281.637670820929,41.07149331628728,82.04502735211163,-25.127905534297962,-269.7000277691371,-180.23058325077352,15.161161174815668,155.46252446731125,551.3326876939636,554.4871288145822,1.986936668455749e-05
381,5.2406258459583e-08,1.1590640322254368e-10,4.448002058927404e-05,4192500.676766651,0.0,0.0,4192500.6767666517,0.0,0.0,0.0,892565098144.6132,-245.77389258372187,41.74501834037948,86.35611173542524,-35.05916817286736,-281.9088594151018,-193.1566009140272,-5.692557025382501,139.2683201444671,527.6778716851924,531.0674632513296,1.993092080409147e-05
382,5.247580230151653e-08,6.954384193352621e-11,4.4549954601685056e-05,4198064.184121334,0.0,0.0,4198064.184121334,0.0,0.0,0.0,892498754834.7882,-232.51294648022153,49.580563423216184,85.23537425022144,-28.61497723513944,-286.6466496745506,-204.41118529912757,23.02521538112881,134.02234473672016,519.1546134174024,525.5519857931976,1.9967469708319325e-05
383,5.2545346143450055e-08,6.954384193352621e-11,4.461985610642987e-05,4203627.691476016,0.0,0.0,4203627.691476016,0.0,0.0,0.0,892442722684.7927,-249.54632560905398,36.25482074460766,75.7427821793448,-33.812234152053556,-268.93823777344494,-175.7306846191647,-6.319325869222704,140.3574312989718,518.4797758220524,520.5515325633199,2.0003670861818162e-05
384,5.262879875377029e-08,8.345261032023145e-11,4.4704657798583315e-05,4210303.900301635,0.0,0.0,4210303.900301635,0.0,0.0,0.0,892387873638.9476,-245.13064269186546,24.57356894962339,85.9845766268979,-35.8125773986414,-284.0181442528452,-183.80856872247526,16.898231912751964,145.3972022213558,529.1437016725663,533.4427214558317,2.004818804937998e-05
385,5.2728941886154566e-08,1.0014313238427773e-10,4.4806125873010865e-05,4218315.350892376,0.0,0.0,4218315.350892377,0.0,0.0,0.0,892293920116.8525,-255.78389328138246,13.591393817204915,54.65447314443909,-47.1787044208331,-271.0615549627085,-175.09628055953854,-8.28245053664338,168.56768074924904,526.8405147632068,527.9654293618389,2.0101060161266884e-05
386,5.28491136450157e-08,1.2017175886113328e-10,4.4926725065741696e-05,4227929.091601267,0.0,0.0,4227929.091601267,0.0,0.0,0.0,892177004948.9093,-247.27427499735188,58.468194770967024,94.93917245284179,-23.490196879360955,-269.35837968981656,-185.49837543163682,-5.4421036822681055,142.27765250308798,516.6274324827367,520.35437671587,2.016359206194792e-05
387,5.2921216700332383e-08,7.210305531667996e-11,4.500108878221264e-05,4233697.3360266015,0.0,0.0,4233697.3360266015,0.0,0.0,0.0,892091399918.8872,-252.73445336112127,50.87392179306838,79.43555409734788,-36.8957284854864,-292.4398578839075,-175.75446026664213,3.2023948665069275,159.8843225696699,545.1694226963205,547.8707966432432,2.020309522030468e-05
388,5.2993319755649067e-08,7.210305531667996e-11,4.5075129536817936e-05,4239465.5804519355,0.0,0.0,4239465.5804519355,0.0,0.0,0.0,892025333339.7996,-259.29610309260784,45.563163125434286,94.11290487545054,-27.099893180355394,-280.5590766652266,-176.81754630904962,-2.7547870363913,171.2600224585628,539.8499995579394,542.6754270296494,2.02422237766388e-05
389,5.307984342202908e-08,8.652366638001595e-11,4.51633932151484e-05,4246387.473762337,0.0,0.0,4246387.473762337,0.0,0.0,0.0,891952310752.2386,-229.13715916123198,58.03664138369223,98.51898726631134,-35.18781358959456,-305.57884437268467,-179.0869394924662,-0.12766237718791262,147.82861393691363,534.7109789841861,539.9926550201839,2.0288945920969425e-05
390,5.31836718216851e-08,1.0382839965601914e-10,4.5270539904321255e-05,4254693.745734818,0.0,0.0,4254693.745734818,0.0,0.0,0.0,891865520188.5613,-277.6570951789351,37.540057550349964,85.25905297767082,-30.97502437101701,-266.1377955213161,-178.45209372605345,3.9366532795321816,175.05420436677613,543.7895848624387,546.2814665089453,2.034566545139879e-05
391,5.330826590127232e-08,1.2459407958722295e-10,4.539629586611345e-05,4264661.272101796,0.0,0.0,4264661.272101796,0.0,0.0,0.0,891768470561.6171,-221.62950684162462,41.29692558369217,82.12697427157522,-27.036166883698918,-302.85408819567397,-173.50480454011196,-0.6725625187785755,172.76912202425598,524.4784046002793,528.7325724550977,2.041154239961162e-05
392,5.345777879677699e-08,1.4951289550466753e-10,4.554804482060301e-05,4276622.303742169,0.0,0.0,4276622.303742169,0.0,0.0,0.0,891649968628.9387,-236.5746102816976,39.42018981099935,89.19527233642312,-40.842583702257016,-292.25099568129315,-180.9955268909808,0.8669410411674506,151.26349643476127,528.8201517768574,532.6209115877783,2.0491176094309443e-05
393,5.353277879677699e-08,7.5e-11,4.56264187823479e-05,4282622.303742169,0.0,0.0,4282622.303742169,0.0,0.0,0.0,891591345672.97,-246.29666385599447,70.06183907431168,96.25908294817656,-35.58764364601904,-313.09482575668665,-181.30331801858657,0.8819922904533002,161.6873528964806,559.3864453335132,563.9789795925464,2.0533474517778886e-05
394,5.360777879677699e-08,7.5e-11,4.570260048804668e-05,4288622.303742169,0.0,0.0,4288622.303742169,0.0,0.0,0.0,891541221314.9401,-264.57255783310745,28.991335459955998,88.54004567343472,-34.58642776949331,-262.91453221287276,-180.8415147550405,9.71492267881466,183.40838553983676,527.4817987413171,530.53790562358,2.0573264860700654e-05
395,5.369777879677699e-08,9e-11,4.579458422415907e-05,4295822.303742169,0.0,0.0,4295822.303742169,0.0,0.0,0.0,891473973100.3148,-237.95874650158768,65.52957402806004,85.69801646280057,-57.973178074938126,-298.52223327141417,-177.35251938487545,-8.545680685199184,149.5998424061834,536.4758520724948,539.7135815772909,2.062183908304261e-05
396,5.380577879677699e-08,1.0799999999999999e-10,4.5904982725561524e-05,4304462.303742169,0.0,0.0,4304462.303742169,0.0,0.0,0.0,891404864390.3579,-260.81967634839384,34.17111520433289,95.37563513053107,-34.949320073998756,-273.53385393773,-174.03845310026423,6.409054695946785,176.60717361913032,534.3481000031201,537.6239257467066,2.0679902467023254e-05
397,5.393537879677699e-08,1.2959999999999997e-10,4.6037954190605794e-05,4314830.303742169,0.0,0.0,4314830.303742169,0.0,0.0,0.0,891319989785.5181,-257.38535409492533,44.10681748079062,84.81144752716148,-44.290920177615945,-281.680159807386,-168.55636489782037,-2.161974184621357,163.38812762333498,539.0602113902853,541.3598214637454,2.0750062699884956e-05
398,5.4085378796776986e-08,1.5e-10,4.619315044643967e-05,4326830.303742169,0.0,0.0,4326830.303742169,0.0,0.0,0.0,891231083516.3029,-278.10926532016845,41.02704010434339,77.38579010825337,-41.09220002107603,-268.7359786590564,-172.36735690060033,-3.758037251086008,164.59690482116673,546.8396976403715,548.5363310235961,2.0832343149538495e-05
399,5.4235378796776984e-08,1.5e-10,4.6345851694747115e-05,4338830.303742169,0.0,0.0,4338830.303742169,0.0,0.0,0.0,891108897367.9021,-239.21556004799268,46.46015490456536,78.45161438379436,-23.955917440401116,-293.32902920152384,-181.44229380269434,-10.14730662672713,171.2131191289585,532.5392034134329,535.1026594974448,2.0912608548463112e-05
400,5.438537879677698e-08,1.5e-10,4.6500610223515834e-05,4350830.303742169,0.0,0.0,4350830.303742169,0.0,0.0,0.0,890977934409.931,-245.0433678221872,66.77260779100025,90.32617933766906,-53.47598377464359,-301.25618321305785,-176.8230335247316,-24.006886315878848,153.4476021684807,546.2940127069081,548.8165559767498,2.0994931031859626e-05
401,5.453537879677698e-08,1.5e-10,4.665384521074854e-05,4362830.303742169,0.0,0.0,4362830.303742169,0.0,0.0,0.0,890823131034.586,-267.07094426894315,30.34215098133989,88.83633942104237,-23.560968335808766,-266.22081641827873,-170.8141580210925,11.277353463771304,170.76958514689736,533.2864075751452,536.4259338967171,2.1075394921944133e-05
402,5.468537879677698e-08,1.5e-10,4.680441097998997e-05,4374830.303742169,0.0,0.0,4374830.303742169,0.0,0.0,0.0,890689544499.2375,-250.38143719571897,34.14768391919517,88.29406954212227,-25.320190568681532,-265.76045373470447,-158.9358474718221,5.172298476861461,149.47245355609851,516.1363864208688,519.0812225821189,2.115325710533145e-05
403,5.4835378796776976e-08,1.5e-10,4.695639624705312e-05,4386830.3037421685,0.0,0.0,4386830.303742169,0.0,0.0,0.0,890529919239.4227,-246.83629464883558,39.89070139150567,81.62058775450923,-43.05829179176704,-279.63989857939316,-155.73960446550439,-1.768276044276581,150.34211334162995,526.4709077696456,528.8389957089503,2.123258295468779e-05
404,5.4985378796776974e-08,1.5e-10,4.7108266337870524e-05,4398830.3037421685,0.0,0.0,4398830.303742169,0.0,0.0,0.0,890217768980.2627,-261.2727920694804,31.169732013150284,84.88292958385296,-41.35736863784066,-263.3635307847373,-161.620133205943,-4.883157069265198,149.79342801475883,524.6308694664144,526.7404051771625,2.1311594015464363e-05
405,5.513537879677697e-08,1.5e-10,4.725943178736909e-05,4410830.303742169,0.0,0.0,4410830.303742169,0.0,0.0,0.0,889934949274.3336,-232.544462361205,44.54005235685222,98.62965495035952,-25.756410403990344,-289.02912435905716,-145.41557429120223,-8.323510993340252,132.832482832601,521.5683286764047,525.3452596131111,2.139039580440633e-05
406,5.528537879677697e-08,1.5e-10,4.741178725126728e-05,4422830.303742169,0.0,0.0,4422830.303742169,0.0,0.0,0.0,889789417633.8202,-245.15916529432917,44.45756482934172,90.7572217631222,-33.87201222967587,-283.9548226830292,-146.40471051111962,-8.529792562903769,137.17282527453284,529.1085841974568,531.769729234418,2.1470161263791494e-05
407,5.543537879677697e-08,1.5e-10,4.756306130661666e-05,4434830.303742169,0.0,0.0,4434830.303742169,0.0,0.0,0.0,889652729758.5833,-242.22355480917247,31.741836737203897,100.02694649156112,-18.162321584061083,-279.15464896295146,-144.52242598765446,-1.1789003749800082,143.38162736707613,521.3729755706873,524.9810591088849,2.1548908422657828e-05
408,5.5585378796776966e-08,1.5e-10,4.771455338277547e-05,4446830.303742169,0.0,0.0,4446830.303742169,0.0,0.0,0.0,889537032912.3159,-239.92194124793497,31.390355181148756,98.2536977345447,-16.508155560857347,-282.98939675146755,-141.09641251937038,4.325713055860453,138.8115595298454,522.9059379847524,526.9097168168788,2.162794488018036e-05
409,5.5735378796776964e-08,1.5e-10,4.786660176404107e-05,4458830.303742169,0.0,0.0,4458830.303742169,0.0,0.0,0.0,889422019509.5887,-233.61852351232614,42.73977814990188,92.63832671367113,-25.23192271746102,-293.98540014256645,-141.76162895689328,-6.2722957030034925,130.19504303101075,527.5987212587457,531.2345005181219,2.170763005525808e-05
410,5.588537879677696e-08,1.5e-10,4.802159396855517e-05,4470830.303742169,0.0,0.0,4470830.303742169,0.0,0.0,0.0,889274768698.9525,-256.7644088221982,43.39734479916052,109.80298809062084,-2.5667375933711654,-288.87191109974015,-141.2310421844623,9.11411428667073,131.69918072243865,545.6309484577746,550.7798777660199,2.179024703692298e-05
411,5.603537879677696e-08,1.5e-10,4.8173940439634344e-05,4482830.303742169,0.0,0.0,4482830.303742169,0.0,0.0,0.0,889123590368.4869,-241.05314708187936,34.471589180757036,102.54419768194654,-20.38239437587948,-287.4035017216664,-147.66267152444436,5.758336398407165,127.9764202128949,528.4514600560607,532.9953624250559,2.187019634128674e-05
412,5.618537879677696e-08,1.5e-10,4.8326141327006444e-05,4494830.303742169,0.0,0.0,4494830.303742169,0.0,0.0,0.0,888988534036.6235,-247.82228705936873,35.196608182060636,97.20011619834062,-19.759159603542653,-279.45091057911395,-138.9216120694115,2.6808116053579916,129.4466137139197,527.2678532923142,530.83094080759,2.194982098240788e-05
413,5.6335378796776956e-08,1.5e-10,4.847970230261677e-05,4506830.303742169,0.0,0.0,4506830.303742169,0.0,0.0,0.0,888844692609.2303,-240.95450175204465,48.73290086156893,87.11317443841408,-31.520446301843478,-296.7125145468164,-137.4640089020901,-7.930548432328943,121.01904878221767,537.6618910641636,540.7377639788258,2.2030931647004705e-05
414,5.6485378796776954e-08,1.5e-10,4.863247032097648e-05,4518830.303742169,0.0,0.0,4518830.303742169,0.0,0.0,0.0,888690561435.2966,-253.63677508409614,35.66403272089407,91.44536148197672,-5.888738155322042,-277.41819400480085,-127.72618117370166,2.761068453976342,124.94823400860433,531.055045354593,534.2886220858613,2.2111074940317585e-05
415,5.663537879677695e-08,1.5e-10,4.87857108597496e-05,4530830.303742169,0.0,0.0,4530830.303742169,0.0,0.0,0.0,888529332335.6252,-251.3223520742885,38.05377857091223,87.33933526618058,-15.645145023556587,-283.0462670431205,-138.6215622350753,6.858702839968756,126.41956433891764,534.3686966331062,537.6431101744882,2.219172140684376e-05
416,5.678537879677695e-08,1.5e-10,4.89378097691444e-05,4542830.303742169,0.0,0.0,4542830.303742169,0.0,0.0,0.0,888374988994.9049,-242.61725701318443,41.28205436210744,93.01846341550292,-15.348333205908565,-284.5808025992693,-141.49475768582175,-4.258673261521749,124.84385221780471,527.1981359109393,530.5351364824392,2.2271301677316124e-05
417,5.693537879677695e-08,1.5e-10,4.909159389194345e-05,4554830.303742169,0.0,0.0,4554830.303742169,0.0,0.0,0.0,888187344997.8988,-280.56778441144047,16.88880678237204,87.0428398815652,7.678737770323441,-255.44137808987907,-137.64411586834947,17.82985774374103,148.7298623067792,536.0092403253971,539.8375406036756,2.2352277308406675e-05
418,5.7085378796776947e-08,1.5e-10,4.924584217398465e-05,4566830.303742169,0.0,0.0,4566830.303742169,0.0,0.0,0.0,888018382479.1317,-229.91326605764283,62.93843724261169,103.11316039459491,-26.805964797737804,-313.09372632237285,-134.88254409073727,-21.15727798479183,105.4573235164688,543.0070690614463,547.8372941781287,2.2434452902533394e-05
419,5.7235378796776945e-08,1.5e-10,4.939595185749556e-05,4578830.303742169,0.0,0.0,4578830.303742169,0.0,0.0,0.0,887834567674.3871,-248.12672976706753,31.469925968442,93.34540240355393,-27.08978019126485,-264.9817736859841,-145.1081751264847,-10.817780387416777,122.25856762440438,513.1085807480017,515.5829576739527,2.2511790346184486e-05
420,5.738537879677694e-08,1.5e-10,4.9552707800468995e-05,4590830.303742169,0.0,0.0,4590830.303742169,0.0,0.0,0.0,887652145094.3097,-281.74457569593835,3.453937218660713,87.04294458507937,15.938551133312707,-274.0603859729738,-129.6905270712669,36.82262134893195,145.76740222591286,555.8050385539129,560.5931076085652,2.259587931232577e-05
421,5.753537879677694e-08,1.5e-10,4.97050372765747e-05,4602830.303742169,0.0,0.0,4602830.303742169,0.0,0.0,0.0,887482961457.2988,-225.73286760381006,63.043763270163865,90.10164696124035,-29.297717106706727,-304.82920536684816,-132.86403116898944,-29.591558357288218,97.19204727534502,530.5621507904737,534.4210239485675,2.2676042465918058e-05
422,5.768537879677694e-08,1.5e-10,4.9858727364681834e-05,4614830.3037421685,0.0,0.0,4614830.303742169,0.0,0.0,0.0,887303247639.9426,-250.1538520695237,37.75661747534728,82.72457004904476,-11.448450537415473,-287.62959141841674,-132.96275545734085,-0.060791194502483055,127.34165543683078,537.7835206022465,540.5536390096652,2.275712551176951e-05
423,5.783537879677694e-08,1.5e-10,5.001325737777141e-05,4626830.303742169,0.0,0.0,4626830.303742169,0.0,0.0,0.0,887117369114.7041,-256.2593916141517,46.46193188802421,84.91560297740479,0.7853960987504225,-287.2378854634481,-125.82983607420533,-7.867299024455171,127.39454133009646,543.4973539479814,546.2901866881449,2.283906903977273e-05
424,5.7985378796776935e-08,1.5e-10,5.0168553583100047e-05,4638830.303742169,0.0,0.0,4638830.303742169,0.0,0.0,0.0,886947178572.8434,-259.19677909859473,31.430874458515298,93.40946140542096,-13.334752222731648,-288.4801352314132,-149.50240379464987,4.562414836068801,104.74123759711182,547.6769885594531,551.5545319685555,2.2921802219568016e-05
425,5.813537879677693e-08,1.5e-10,5.0321633293068385e-05,4650830.303742169,0.0,0.0,4650830.303742169,0.0,0.0,0.0,886744420089.8064,-243.12672608709545,38.423197049088735,87.63094082433186,2.454236457354247,-291.0873691023025,-131.61837579369734,-11.255804868936066,120.10502895810517,534.2141723213921,537.3053662220875,2.300239802450133e-05
426,5.828537879677693e-08,1.5e-10,5.047618596423326e-05,4662830.303742169,0.0,0.0,4662830.303742169,0.0,0.0,0.0,886530856678.6058,-252.7505470168955,42.002241122615665,83.11137762180786,-12.347577437405963,-291.0993889612943,-138.9617474285345,-13.02806286126464,120.99180281541759,543.8473258679198,546.1676187291588,2.3084323167310703e-05
427,5.843537879677693e-08,1.5e-10,5.0627094777768616e-05,4674830.303742169,0.0,0.0,4674830.303742169,0.0,0.0,0.0,886338640631.1453,-235.40217365235523,26.298492598320443,91.16043314923996,-4.6351369308791694,-284.25056449789685,-126.13348077673768,-17.124839159863345,125.0062165131239,519.6528140641108,522.320166425921,2.316267119227459e-05
428,5.858537879677693e-08,1.5e-10,5.0780150320874385e-05,4686830.303742169,0.0,0.0,4686830.303742169,0.0,0.0,0.0,886149253541.9716,-242.76797847900926,35.80861037770299,83.94832872187311,-5.310515073728015,-291.41601978227715,-136.78170807037645,-16.706007538979563,118.12834845158784,534.1840742792641,536.7258883727487,2.3243180075530504e-05
429,5.8735378796776925e-08,1.5e-10,5.093488576879261e-05,4698830.303742169,0.0,0.0,4698830.303742169,0.0,0.0,0.0,885971566719.717,-271.6843065852836,34.33061937595195,72.42846770648346,6.4341369635117935,-272.8624386749328,-132.8114606881748,-20.974979934002505,119.34442391209211,544.5468205300511,545.9199004464507,2.3325068060597473e-05
430,5.888537879677692e-08,1.5e-10,5.1088837639641896e-05,4710830.303742169,0.0,0.0,4710830.303742169,0.0,0.0,0.0,885709572286.1775,-241.84421885863276,42.89499278934716,91.57550437116393,12.82411256687137,-298.2539085663016,-131.33179164361925,-8.918278049446599,119.5962923473363,540.0982033439748,544.1736048236338,2.3406694101321018e-05
431,5.903537879677692e-08,1.5e-10,5.1241232285526276e-05,4722830.303742169,0.0,0.0,4722830.303742169,0.0,0.0,0.0,885475320712.1233,-244.04938779311308,38.044047539520406,81.8808853715709,15.804630070354854,-285.5143423291523,-125.45822156078036,-10.958438788022987,116.53790091835604,529.563804436047,532.6168035537166,2.3486586621854075e-05
432,5.918537879677692e-08,1.5e-10,5.1394548657846e-05,4734830.303742169,0.0,0.0,4734830.303742169,0.0,0.0,0.0,885232560833.9137,-247.7993308328662,40.02344765194384,72.45393068299224,9.648785516671891,-287.8700232374278,-120.0574196057459,-2.975470203324242,107.11793171553444,535.6694174538178,538.4832973070243,2.356735911645013e-05
433,5.933537879677692e-08,1.5e-10,5.155148880417962e-05,4746830.303742169,0.0,0.0,4746830.303742169,0.0,0.0,0.0,884965233202.3307,-244.5646324686962,35.51325125975,87.723899977379,23.213782453724782,-316.0696130413133,-122.11654892139099,-11.959589287448116,111.60724140186193,560.634310049202,564.9026227299714,2.3652094509859624e-05
434,5.9485378796776915e-08,1.5e-10,5.170503241882376e-05,4758830.303742169,0.0,0.0,4758830.303742169,0.0,0.0,0.0,884703055488.6791,-245.51084593923213,32.519079824556925,77.97884419355044,9.942809109912215,-291.7239241255341,-131.7642998743324,-7.854968395281669,110.65680421993123,537.2373798709731,540.1144162011436,2.3733111672289794e-05
435,5.963537879677692e-08,1.5e-10,5.185677616324459e-05,4770830.303742169,0.0,0.0,4770830.303742169,0.0,0.0,0.0,884530347823.2347,-241.61700897538654,33.9735652575432,82.77738507132163,15.149942470343035,-283.6842045727195,-127.59635876768783,-19.268502265945244,108.98497685071771,525.3012650408124,528.0109635070818,2.3812313316815856e-05
436,5.978537879677692e-08,1.5e-10,5.200792220195995e-05,4782830.303742169,0.0,0.0,4782830.303742169,0.0,0.0,0.0,884386652241.0037,-243.23180680105887,29.87793400791421,71.10788995776437,20.111317281106153,-277.98819217013687,-129.07343333991167,-12.292686609360198,110.63766698368981,521.2200432203031,523.6146774843432,2.3890855518438508e-05
437,5.993537879677692e-08,1.5e-10,5.2158354626038554e-05,4794830.303742169,0.0,0.0,4794830.303742169,0.0,0.0,0.0,884247636427.6018,-229.66787675966208,27.973397624062187,81.92560295075683,18.15121520938225,-287.1240900266061,-123.56741158690066,-14.04174402200207,107.51560459996514,516.789452405403,520.0997302865379,2.396887047798149e-05
438,6.008537879677691e-08,1.5e-10,5.2307742725742134e-05,4806830.303742169,0.0,0.0,4806830.303742169,0.0,0.0,0.0,884065495614.8408,-245.6744264642054,32.79737341228226,80.77617233347053,5.520255400439528,-262.78235818109596,-134.43668257514332,-7.6010636107041885,104.71687642047591,508.4568193289497,511.07199803158255,2.4045531277686227e-05
439,6.023537879677691e-08,1.5e-10,5.246139886767798e-05,4818830.303742169,0.0,0.0,4818830.303742169,0.0,0.0,0.0,883893193035.32,-246.63007156492148,20.449226398649603,63.19123947402786,24.462902245933925,-292.0242380097809,-121.6500406755732,-18.95722281548231,112.9882606741848,538.6166085167171,540.5162875969148,2.4126608720825765e-05
440,6.038537879677691e-08,1.5e-10,5.2610349386120695e-05,4830830.303742169,0.0,0.0,4830830.303742169,0.0,0.0,0.0,883652625370.3835,-230.6784138095585,33.651715817619,75.78146611805884,26.63912384993232,-275.8724236343554,-137.49644351562844,-8.11071469952753,110.02414182614521,506.5508625787347,510.1610351980963,2.420313287610548e-05
441,6.053537879677691e-08,1.5e-10,5.276170140069523e-05,4842830.303742169,0.0,0.0,4842830.303742169,0.0,0.0,0.0,883448826236.5845,-251.98858940435747,29.593433681740137,66.68173611758489,26.177542200857967,-270.0421547595297,-126.00754654908185,-5.6421751637589725,113.20310613757793,522.0307694114567,524.3645236364855,2.4281787554650953e-05
442,6.06853787967769e-08,1.5e-10,5.2912359533664956e-05,4854830.303742169,0.0,0.0,4854830.303742169,0.0,0.0,0.0,883239931218.589,-240.2187481516155,37.658226121346736,75.92486706788542,36.67180546288942,-277.71256444237963,-123.33768672749234,-12.380073733779513,108.25222047910462,517.9313369993812,521.5217592662318,2.4360015818540888e-05
443,6.08353787967769e-08,1.5e-10,5.306106472131389e-05,4866830.303742169,0.0,0.0,4866830.303742169,0.0,0.0,0.0,883088596169.745,-229.8035475201053,23.75933543091448,85.84837311828973,22.85405220283859,-274.8373427780622,-129.97436188404788,-12.26618025547395,116.43155666209037,504.6409136010413,507.8667570741119,2.4436195832102004e-05
444,6.09853787967769e-08,1.5e-10,5.321012784618746e-05,4878830.303742169,0.0,0.0,4878830.303742169,0.0,0.0,0.0,882945385636.9347,-231.34049115144995,35.26499194731402,68.51329269899833,28.1706179119713,-276.2854259456427,-126.77574579890587,-14.171829089605472,109.5646677637291,507.6259419869644,510.66806091014666,2.4512796041238527e-05
445,6.11353787967769e-08,1.5e-10,5.3362176070174596e-05,4890830.303742169,0.0,0.0,4890830.303742169,0.0,0.0,0.0,882799937096.3619,-299.08767596148317,24.457259895849646,108.84363880334585,19.736132354363797,-275.02173603735315,-113.63388270847346,27.24331063915216,120.5970679638328,498.0286184899175,531.2773901193486,2.459248764975643e-05
446,6.12853787967769e-08,1.5e-10,5.351143311381343e-05,4902830.303742169,0.0,0.0,4902830.303742169,0.0,0.0,0.0,882379783290.7523,-235.45581386027231,36.62993038084068,65.3949877394068,25.85300302867394,-273.2072318052521,-122.92278136446168,-9.733298447135466,108.3775957197347,508.66307137364765,511.4858769600896,2.4669210531300442e-05
447,6.14353787967769e-08,1.5e-10,5.366351251566282e-05,4914830.303742169,0.0,0.0,4914830.303742169,0.0,0.0,0.0,882237708926.4565,-269.1466476282544,32.32691775523626,72.30950884881662,31.820761161948372,-256.35603129202525,-119.66062671144181,8.150892978527237,116.19695525804418,525.502705011411,528.9056782199413,2.4748546383033433e-05
448,6.15853787967769e-08,1.5e-10,5.381303587905516e-05,4926830.3037421685,0.0,0.0,4926830.303742169,0.0,0.0,0.0,882092362623.1837,-229.9578065849298,47.02943035595651,69.69599578012728,18.587631039569867,-280.9544779695207,-125.50617623311864,-19.647841327264544,102.03597516045497,510.9123124250493,514.1517518608332,2.4825669145812558e-05
449,6.173537879677689e-08,1.5e-10,5.396226530137879e-05,4938830.303742169,0.0,0.0,4938830.303742169,0.0,0.0,0.0,881958004775.6816,-238.0040659028613,37.26103179776532,68.96745839653879,35.83574694793066,-270.3647067948135,-119.79755165046552,-14.32824233750942,107.81269914670122,508.36879926441895,511.48017620374816,2.490239117224312e-05
450,6.188537879677689e-08,1.5e-10,5.4113377843833094e-05,4950830.303742169,0.0,0.0,4950830.303742169,0.0,0.0,0.0,881824275541.0162,-249.26761404170077,43.61491390679175,61.525831085080995,39.34887722586776,-271.5958481389371,-114.4642465928196,-11.216527740952849,115.18473898284631,520.8634890036321,524.0258837049096,2.4980995054798854e-05
451,6.203537879677689e-08,1.5e-10,5.4264308193129655e-05,4962830.303742169,0.0,0.0,4962830.303742169,0.0,0.0,0.0,881673341363.4645,-243.24489187896003,39.6902362454821,59.31145382527083,24.545999438931368,-276.7307690542576,-124.68606594396766,-15.828357160336166,105.93237015484075,519.9756928340413,522.3709438658334,2.5059350696378728e-05
452,6.218537879677689e-08,1.5e-10,5.4413003539058216e-05,4974830.303742169,0.0,0.0,4974830.303742169,0.0,0.0,0.0,881537889444.661,-235.75719771533343,35.325258371075705,74.88769041635095,34.18140638054531,-269.02217786621554,-121.16489992355041,-20.913630748559005,114.12150685289924,504.779405732508,507.70964759007984,2.513550714351724e-05
453,6.233537879677688e-08,1.5e-10,5.456469634134069e-05,4986830.303742169,0.0,0.0,4986830.303742169,0.0,0.0,0.0,881364970889.2369,-245.45827403929408,41.64127966036014,67.70284028494169,32.936580505448795,-279.59913429680216,-125.70592951891604,-23.26596985396379,101.22456650198545,525.0574412558972,528.0016866891929,2.521470739652062e-05
454,6.248537879677688e-08,1.5e-10,5.4714497268771955e-05,4998830.303742169,0.0,0.0,4998830.303742169,0.0,0.0,0.0,881244448680.0331,-234.9943390430183,44.69356010110775,79.44191514190751,50.67346622095861,-277.53242547885753,-132.5087469512701,-28.931924399506606,102.21332384080597,512.5267945881956,517.1797060424095,2.5292284352426982e-05
455,6.263537879677688e-08,1.5e-10,5.4868075821566565e-05,5010830.303742169,0.0,0.0,5010830.303742169,0.0,0.0,0.0,881086840966.3865,-266.0885061672475,39.50219288342172,67.05130145407523,26.911423960708984,-270.50897866081385,-118.14114304551866,-14.129705671669866,102.43171139996804,536.5975111091151,538.9150920144914,2.5373121616229154e-05
456,6.278537879677688e-08,1.5e-10,5.50186275888941e-05,5022830.303742169,0.0,0.0,5022830.303742169,0.0,0.0,0.0,880958111951.6001,-244.9384497679291,51.6019218019857,69.21315490544809,41.211161037928676,-272.2440844604537,-120.88361162742915,-21.007057839828015,100.15373922432255,517.1825665316143,521.0715911771647,2.545128235490573e-05
457,6.293537879677688e-08,1.5e-10,5.516929032390403e-05,5034830.3037421685,0.0,0.0,5034830.303742169,0.0,0.0,0.0,880628200396.8198,-247.35055350845468,42.562586067657534,69.05253222232675,41.40164212501121,-270.00272686549204,-116.16619690848263,-5.645938198995607,106.08678954616539,517.353312829229,521.1040908483457,2.552944796853298e-05
458,6.308537879677687e-08,1.5e-10,5.5317878088788556e-05,5046830.303742169,0.0,0.0,5046830.303742169,0.0,0.0,0.0,880492875606.0569,-249.00362767822722,49.262644523720105,70.09459484245917,35.79207496387546,-253.84413142706714,-119.90644482073542,-0.8119352167903207,104.0580510631965,502.84779115273057,506.9111247759094,2.5605484637249368e-05
459,6.323537879677687e-08,1.5e-10,5.5469406147482305e-05,5058830.303742169,0.0,0.0,5058830.303742169,0.0,0.0,0.0,880361176062.8423,-253.28641109245387,35.75459281063001,58.54803960733995,37.32044014496103,-269.8746796941148,-110.45017895783002,-4.260347985507625,104.1543146292089,523.1611227123813,525.8943398358913,2.568436878822475e-05
460,6.338537879677687e-08,1.5e-10,5.561907310545394e-05,5070830.303742169,0.0,0.0,5070830.303742169,0.0,0.0,0.0,880223918532.6685,-252.73332055529164,36.57152367473466,64.53596486449175,37.52554107556476,-257.46684588833614,-121.1756934661402,-3.0146092752021922,107.5581844582656,510.200196222628,513.2886729389007,2.5761362089165586e-05
461,6.353537879677687e-08,1.5e-10,5.577089384073318e-05,5082830.303742169,0.0,0.0,5082830.303742169,0.0,0.0,0.0,880087795923.6914,-255.93881729324232,46.75754507036303,50.401694278887064,49.911503414884315,-269.2580328046606,-105.45280382943035,0.4792857257021632,102.35547657764573,525.1968825135344,529.0293111463184,2.5840716485837534e-05
462,6.368537879677687e-08,1.5e-10,5.5920300667967716e-05,5094830.303742169,0.0,0.0,5094830.303742169,0.0,0.0,0.0,879956794742.129,-242.85995379440735,50.6140803698041,55.579324047308035,35.01211176797086,-266.76553835860676,-112.41868603165035,-18.260218057266613,99.80827422693275,509.6255245272735,512.7083487593933,2.5917622738151444e-05
463,6.383537879677686e-08,1.5e-10,5.6070373331204753e-05,5106830.303742169,0.0,0.0,5106830.303742169,0.0,0.0,0.0,879819315446.0581,-251.52839746739852,37.75877899743605,57.12106215981059,45.472048933911886,-261.64543367492973,-112.08953200154664,-0.264763601540624,102.95895367444083,513.1738631890616,516.5229714079078,2.599510118386263e-05
464,6.398537879677686e-08,1.5e-10,5.622284961666338e-05,5118830.303742169,0.0,0.0,5118830.303742169,0.0,0.0,0.0,879672061756.2872,-265.3185557815073,49.25866611341619,54.77491259483645,53.00048728735545,-263.7660476991768,-108.93714991752876,-0.343571174771194,110.94975952579708,529.0846337512377,533.2972227084026,2.607509576726889e-05
465,6.413537879677686e-08,1.5e-10,5.637325452686004e-05,5130830.303742169,0.0,0.0,5130830.303742169,0.0,0.0,0.0,879530530541.207,-255.39893510000812,47.23587967252168,57.000827585825135,49.34727013449216,-260.0641393967457,-107.37644021998649,-6.328454163460292,107.44012599250867,515.4631062169433,519.3022149491222,2.615299109951126e-05
466,6.428537879677686e-08,1.5e-10,5.6524732030971535e-05,5142830.303742169,0.0,0.0,5142830.303742169,0.0,0.0,0.0,879420389340.6703,-255.05515469573766,45.766945456645296,54.111737452206285,34.27649005035826,-267.94777490065485,-108.26692728871113,-12.978597354320739,100.92685288536273,523.0029607501767,525.6472966427145,2.6231838194007668e-05
467,6.443537879677686e-08,1.5e-10,5.667501829249869e-05,5154830.303742169,0.0,0.0,5154830.303742169,0.0,0.0,0.0,879276031014.5198,-266.5380947531033,28.65826476952195,57.520757646444906,41.84256326300208,-247.07587252669845,-102.39201227288169,-2.923569032263384,106.07423397307781,513.9716931611437,516.5516001121431,2.630932093402449e-05
468,6.458537879677685e-08,1.5e-10,5.6825675963538865e-05,5166830.303742169,0.0,0.0,5166830.303742169,0.0,0.0,0.0,879111544852.2928,-248.75906140654857,48.09573076578597,55.14803391336088,42.903470039512975,-268.982850898099,-115.45641455180744,-20.552764235579197,94.55589190280358,517.9229764220387,521.1745157201128,2.6387497111382504e-05
469,6.473537879677685e-08,1.5e-10,5.69758055517631e-05,5178830.303742169,0.0,0.0,5178830.303742169,0.0,0.0,0.0,878974699622.0526,-254.26593549644156,44.458406442843966,57.39033869893897,44.54692019021864,-259.4818758253647,-113.86324668265839,-15.521602898593317,95.71893267681259,513.7478414128577,516.991896816421,2.6465045895904967e-05
470,6.488537879677685e-08,1.5e-10,5.712686396381805e-05,5190830.303742169,0.0,0.0,5190830.303742169,0.0,0.0,0.0,878838108459.4235,-257.6485386462239,44.33264439471085,54.68738918413887,46.039169560659026,-262.2056785764531,-112.90547454664097,-9.330577883471678,104.9549036708134,519.8542468905462,523.1486619101113,2.6543518195191485e-05
471,6.503537879677685e-08,1.5e-10,5.727628577930911e-05,5202830.303742169,0.0,0.0,5202830.303742169,0.0,0.0,0.0,878678602729.525,-263.4534002296413,33.34778873434775,65.17799455381434,53.220616963690155,-244.6099731260539,-112.95956605215517,-10.75907208885471,100.40804909010454,508.06340080869677,511.6487574950123,2.6620265508815738e-05
472,6.518537879677685e-08,1.5e-10,5.742708881814159e-05,5214830.303742169,0.0,0.0,5214830.303742169,0.0,0.0,0.0,878310554529.3376,-258.6101435834658,26.05920705043664,59.63582650260264,57.79105860027566,-259.4636406381822,-112.93295299312231,-16.823275222605144,102.77955676800089,518.0738132272027,520.9507332145116,2.6698408118797916e-05
473,6.533537879677685e-08,1.5e-10,5.757775272245069e-05,5226830.303742169,0.0,0.0,5226830.303742169,0.0,0.0,0.0,878154383723.1339,-253.79597437451184,31.98340469914353,53.32339768752809,55.03836237833334,-263.7670965454732,-108.28491411361347,-17.902387560696194,98.46318349888577,517.5630991760069,520.460687343684,2.6776477221899468e-05
474,6.548537879677684e-08,1.5e-10,5.772769628963742e-05,5238830.303742169,0.0,0.0,5238830.303742169,0.0,0.0,0.0,877997673739.56,-239.50054082092794,31.699320226038882,70.31459367292399,55.680106009806224,-273.0370737261285,-118.46327006991365,-8.010095565268566,88.15654818661318,512.5376418073846,516.9283270463783,2.6854016470956425e-05
475,6.563537879677684e-08,1.5e-10,5.7878002543260826e-05,5250830.303742169,0.0,0.0,5250830.303742169,0.0,0.0,0.0,877816774805.9742,-261.7403804029623,26.985324069423275,54.118246360965955,62.01296842720885,-252.72871781975016,-105.79471653618457,-10.998464187627501,92.10718901385623,514.4691248018352,517.7142017010942,2.693167360121159e-05
476,6.578537879677684e-08,1.5e-10,5.802800603196427e-05,5262830.303742169,0.0,0.0,5262830.303742169,0.0,0.0,0.0,877685302832.4825,-243.74833556493533,34.48391642291372,62.56592536819239,59.408367974469996,-269.5033285930888,-112.79999858683075,-19.21237608463244,86.00527814015447,513.2516900502566,517.158400445617,2.700924736127843e-05
477,6.593537879677684e-08,1.5e-10,5.8178555147572624e-05,5274830.303742169,0.0,0.0,5274830.303742169,0.0,0.0,0.0,877547040087.3293,-262.2668895921976,30.48077912147061,56.92843089814265,62.61628932583936,-253.81394010535018,-104.52326134331139,-13.743667658011459,89.01996712109765,516.0808546902796,519.5710129049943,2.7087183013214182e-05
478,6.608537879677684e-08,1.5e-10,5.8331265582090615e-05,5286830.303742169,0.0,0.0,5286830.303742169,0.0,0.0,0.0,877427336283.8759,-257.82192757851453,32.747342073730096,55.287278829237145,57.00602910320801,-273.13916266477645,-116.81862749929695,-8.531672474465548,96.1785598327172,530.9611141475373,534.3723649519839,2.716733886795698e-05
479,6.623537879677683e-08,1.5e-10,5.848254395215683e-05,5298830.303742169,0.0,0.0,5298830.303742169,0.0,0.0,0.0,877287070172.6523,-255.40034526514182,30.651921517747066,57.974811317907765,51.108830822016955,-266.1780264975782,-113.60427420534273,-23.778025012959795,88.84439054476113,521.5783938157838,524.3139933125124,2.7245985966953855e-05
480,6.638537879677683e-08,1.5e-10,5.863467318205154e-05,5310830.303742169,0.0,0.0,5310830.303742169,0.0,0.0,0.0,877171383330.4432,-263.0452439616032,27.52536778937427,49.230322473158125,62.2957197299719,-263.8983796529588,-110.61950673989693,-10.999725762748357,95.83906705875604,526.9436463498262,530.018047130037,2.732548867402336e-05
481,6.653537879677683e-08,1.5e-10,5.879012372114625e-05,5322830.303742169,0.0,0.0,5322830.303742169,0.0,0.0,0.0,877034023430.3206,-288.4478350950675,19.440666170092808,53.89629875300349,57.93913908865166,-259.74471219137496,-116.2399119827993,-9.856738836202732,87.91632828641087,548.1925639511115,551.089362082159,2.7408152078335682e-05
482,6.668537879677683e-08,1.5e-10,5.894262533588554e-05,5334830.303742169,0.0,0.0,5334830.303742169,0.0,0.0,0.0,876909522549.1367,-265.65012619752974,26.888504530224623,57.460338974219624,65.69022205962612,-263.3509201730256,-108.49999316358075,-6.65094496309108,94.15094642249817,529.0010639462324,532.5692302418317,2.748803746287196e-05
483,6.683537879677683e-08,1.5e-10,5.9092568292712296e-05,5346830.303742169,0.0,0.0,5346830.303742169,0.0,0.0,0.0,876765472928.6285,-258.44203353041115,32.85023359151491,60.02025568801649,60.563043612792036,-253.64435127522415,-109.7395835244498,-18.95802887843035,90.10135117871386,512.086405956049,515.5961806771425,2.756537688997353e-05
484,6.698537879677682e-08,1.5e-10,5.9246685569598495e-05,5358830.303742169,0.0,0.0,5358830.303742169,0.0,0.0,0.0,876614864390.9493,-273.77123827400345,18.70754386377839,56.86954324943007,52.583237140418994,-265.8792103886765,-111.9230696830122,-9.037301897813693,89.07244104495479,539.65046726221,542.1016492862692,2.764669213736647e-05
485,6.713537879677682e-08,1.5e-10,5.9394707007473766e-05,5370830.303742169,0.0,0.0,5370830.303742169,0.0,0.0,0.0,876462934697.8066,-245.25367454023348,26.113241341181933,58.43161049559989,65.42029912957835,-254.18304706447273,-114.70204402608083,-14.261677853296192,83.42450428322385,499.4367408914915,503.2224641775137,2.7722175506993097e-05
486,6.728537879677682e-08,1.5e-10,5.9546880804775635e-05,5382830.303742169,0.0,0.0,5382830.303742169,0.0,0.0,0.0,876321818716.587,-270.19346241842715,15.866620648450617,53.70208401584343,58.01993077564134,-256.5301940929388,-99.72727406882419,-12.142667902691032,93.39387696628383,526.7236750753511,529.0641657580157,2.78015351318568e-05
487,6.743537879677682e-08,1.5e-10,5.969748650870996e-05,5394830.303742169,0.0,0.0,5394830.303742169,0.0,0.0,0.0,876189976710.8082,-260.85369985216965,31.61617796679043,57.18745187254085,62.776763553142594,-255.72291459643603,-107.53370368942315,-21.51514027272698,78.4896624291683,516.5766322555912,520.1303218405836,2.7879554680132888e-05
488,6.758537879677682e-08,1.5e-10,5.984978747643954e-05,5406830.303742169,0.0,0.0,5406830.303742169,0.0,0.0,0.0,876058402625.68,-248.90119832256053,36.30640975513887,52.57422579519052,47.15016699396986,-279.99438870958767,-102.92879134995091,-23.66185224197021,72.72544671054443,528.8956032998213,531.9372188597874,2.7959345262961858e-05
489,6.773537879677681e-08,1.5e-10,6.000141264496267e-05,5418830.303742169,0.0,0.0,5418830.303742169,0.0,0.0,0.0,875918967811.6989,-268.21546930358306,16.712899526149986,54.46602566705153,66.38769442161914,-254.65343841474484,-106.170446219802,-6.926470885191867,93.63963979368525,522.8689238864645,525.8904783209092,2.8038228834709995e-05
490,6.788537879677681e-08,1.5e-10,6.015370508109236e-05,5430830.303742169,0.0,0.0,5430830.303742169,0.0,0.0,0.0,875787438788.7039,-255.39959380108863,26.576307278703062,50.265119168547315,63.15687146310862,-273.0869327193787,-108.07139448545777,-20.84157228859422,76.3561923763693,528.4865373714065,531.7049725678844,2.8117984580595177e-05
491,6.803537879677681e-08,1.5e-10,6.0304732716984245e-05,5442830.3037421685,0.0,0.0,5442830.303742169,0.0,0.0,0.0,875657564401.1265,-261.07322182328187,23.237320526805014,58.00542735201649,65.86591254613207,-258.2114308710191,-102.39729826935759,-17.588488612454533,83.36779894886041,519.2846680509793,522.4662382210112,2.8196354516328327e-05
492,6.818537879677681e-08,1.5e-10,6.045536881789027e-05,5454830.3037421685,0.0,0.0,5454830.303742169,0.0,0.0,0.0,875544078268.9225,-247.5794641784871,23.541664149032584,58.72155504592842,62.58656843716729,-269.7727936117421,-96.46548707425043,-20.7459396576107,97.92264970217855,517.3522727679748,520.3572471305417,2.8274408103397908e-05
493,6.83353787967768e-08,1.5e-10,6.060760089221571e-05,5466830.303742169,0.0,0.0,5466830.303742169,0.0,0.0,0.0,875387003059.588,-262.47362254617474,30.013163023245102,54.847128573062065,53.059221389825964,-264.90029982198894,-107.63927759553992,-13.58635844157228,79.95052025022673,527.3739362453964,530.3287720856922,2.8353957419210764e-05
494,6.84853787967768e-08,1.5e-10,6.07570276374083e-05,5478830.303742169,0.0,0.0,5478830.303742169,0.0,0.0,0.0,875270048519.4202,-237.14781386632595,24.490949184583133,60.46070117213174,52.730068259055635,-272.04296894971935,-99.63397648063851,-10.641419785683784,90.62974045311513,509.19079567438075,512.3701723531082,2.843081294506373e-05
495,6.86353787967768e-08,1.5e-10,6.0910107239204094e-05,5490830.303742169,0.0,0.0,5490830.303742169,0.0,0.0,0.0,875114301358.6116,-270.8397744205692,27.617147804803995,49.90528634309219,68.25619430086608,-261.9349869054672,-105.15540419760497,-8.46417544385227,83.96965331929162,532.7747718590285,536.3407051632187,2.8511264050838214e-05
496,6.87853787967768e-08,1.5e-10,6.106189158011592e-05,5502830.303742169,0.0,0.0,5502830.303742169,0.0,0.0,0.0,874984171349.6124,-257.3189680184094,34.62571614258234,62.64085922754086,52.876396383305355,-267.19028659393484,-110.25403725483469,-21.390814081090966,77.60577778920833,524.5092682538641,527.841971565997,2.8590440346573115e-05
497,6.89353787967768e-08,1.5e-10,6.121516921676896e-05,5514830.303742169,0.0,0.0,5514830.303742169,0.0,0.0,0.0,874857059553.0621,-267.5747728944834,26.636906974951426,57.46408586776928,62.919911980208596,-266.63201289535124,-110.01927928313408,-14.387547806381628,89.36256091279549,534.2067984756275,537.4117905362189,2.867105211515355e-05
498,6.90853787967768e-08,1.5e-10,6.136717890306849e-05,5526830.303742169,0.0,0.0,5526830.303742169,0.0,0.0,0.0,874764548267.3844,-265.89833889361915,25.851252296693765,60.4868380564015,62.79788753579808,-259.63562761359043,-110.57611770058531,-14.420192744369887,93.17703701718052,525.5339780158974,528.7975760836334,2.8750371751566096e-05
499,6.92353787967768e-08,1.5e-10,6.151910516958583e-05,5538830.303742169,0.0,0.0,5538830.303742169,0.0,0.0,0.0,874661454527.9209,-278.9755653421596,29.543043113174466,65.69742661953582,58.10469431493715,-245.31454669973246,-108.2346013782023,-16.816305759228417,100.02723537729668,524.2901244260936,527.8611893329227,2.8829550929966034e-05
500,6.938537879677679e-08,1.5e-10,6.167174002914704e-05,5550830.303742169,0.0,0.0,5550830.303742169,0.0,0.0,0.0,874293650282.887,-252.6531356889517,29.393327456585833,64.36701039523729,52.020834070286746,-277.8242820770546,-106.60480800649192,-21.013914358091313,91.98437783429883,530.4774296070802,533.408535623119,2.89095622103095e-05
501,6.953537879677679e-08,1.5e-10,6.182716016073896e-05,5562830.303742169,0.0,0.0,5562830.303742169,0.0,0.0,0.0,874157846478.2045,-290.5191000749064,33.476570738342275,52.83354828465158,61.31156323781229,-257.32869944982593,-107.85245936543518,-13.838961596348247,87.33134023530422,547.8478037305654,551.494856641649,2.899228643880575e-05
502,6.968537879677679e-08,1.5e-10,6.198157741554481e-05,5574830.303742169,0.0,0.0,5574830.303742169,0.0,0.0,0.0,874061562868.7614,-276.68415310117416,41.675897900760965,62.921397420265485,60.015599632772755,-265.1127471161312,-109.79465019244877,-29.79857012024356,92.95184071848077,541.7969112478744,545.4317944488146,2.907410120797307e-05
503,6.983537879677679e-08,1.5e-10,6.213405311227925e-05,5586830.303742169,0.0,0.0,5586830.303742169,0.0,0.0,0.0,873911337661.2522,-266.4377628709359,22.722287621963524,65.76382725837952,59.37536970832041,-262.06005900873424,-110.51037682497574,-14.535073490737748,93.59653009619093,528.4978326150641,531.5384962362157,2.91538319824085e-05
504,6.998537879677678e-08,1.5e-10,6.228939936606867e-05,5598830.303742169,0.0,0.0,5598830.303742169,0.0,0.0,0.0,873800425776.5015,-268.15065563642344,36.051032542422355,62.54573291153394,41.45279007083637,-280.20425753942624,-106.1741452765776,-24.38337950375664,84.32266279652572,548.3549197209131,550.807083926563,2.9236453044997485e-05
505,7.013537879677678e-08,1.5e-10,6.244080152816456e-05,5610830.303742169,0.0,0.0,5610830.303742169,0.0,0.0,0.0,873695909375.31,-248.76889732909228,14.438471698800683,76.60510185594654,63.81747318269724,-273.1001901512008,-95.75059611233986,-19.417734308519382,105.90445745879805,521.8690833430753,525.081430317602,2.9315215259545126e-05
506,7.028537879677678e-08,1.5e-10,6.259357338226055e-05,5622830.3037421685,0.0,0.0,5622830.303742169,0.0,0.0,0.0,873569535190.17,-258.223643750287,21.770474155363633,70.55090254913603,55.57511671548352,-272.78849496378666,-101.28872432767909,-24.79155551993304,85.09058019018873,531.0121343771231,533.6891848898758,2.9395268637278606e-05
507,7.043537879677678e-08,1.5e-10,6.274902086855243e-05,5634830.3037421685,0.0,0.0,5634830.303742169,0.0,0.0,0.0,873431187889.4047,-276.9455224415828,25.734219353486203,70.44962510735128,46.62837796119606,-271.34950344611497,-101.68847701629032,-20.573162186267915,79.49435674804118,548.2950158634474,550.7964493050983,2.947788810467437e-05
508,7.058537879677678e-08,1.5e-10,6.290043494808364e-05,5646830.3037421685,0.0,0.0,5646830.303742169,0.0,0.0,0.0,873316303053.1088,-256.41214732610763,13.613225360190558,77.45787555867939,69.57561135826248,-264.89191101921426,-92.68407533164341,-10.786693834188071,98.09662895697694,521.3040553653749,524.9572645096049,2.9556631694350812e-05
509,7.073537879677677e-08,1.5e-10,6.304990528640549e-05,5658830.3037421685,0.0,0.0,5658830.303742169,0.0,0.0,0.0,873201312479.6849,-249.1887480623122,28.337475529776274,71.59063863420275,53.18492336963229,-259.64388364461945,-103.83958231159403,-26.519175015310847,77.78612331149246,508.8326287882774,511.9236161349196,2.963342023677105e-05
510,7.088537879677677e-08,1.5e-10,6.320110391772086e-05,5670830.3037421685,0.0,0.0,5670830.303742169,0.0,0.0,0.0,873090921752.207,-257.2557331661523,17.501478921851845,70.98614610942192,63.115275809982585,-262.83255105001433,-97.27077595842773,-17.795152557312612,87.3537210986143,520.0882808767811,523.1103309382585,2.971188678641179e-05
511,7.103537879677677e-08,1.5e-10,6.335317885943318e-05,5682830.303742169,0.0,0.0,5682830.303742169,0.0,0.0,0.0,872989574628.7378,-272.03392267253776,25.17506744490389,71.67849203945615,55.229531667567656,-253.46396874056956,-109.15241893031539,-24.913060686512644,75.14321693320099,525.497888487943,528.7083221171433,2.979119303472936e-05
512,7.118537879677677e-08,1.5e-10,6.350486802073791e-05,5694830.303742169,0.0,0.0,5694830.303742169,0.0,0.0,0.0,872827462967.674,-248.349403233003,26.88490453604613,77.86004708837284,51.264169704116455,-275.407118054583,-97.70953834932196,-24.09259347075083,69.67099284700483,523.7565177150518,527.0923923208774,2.9870256893577493e-05
513,7.133537879677677e-08,1.5e-10,6.365569794570136e-05,5706830.303742169,0.0,0.0,5706830.303742169,0.0,0.0,0.0,872727456063.5182,-257.93456243477374,16.4411542872171,81.78106468926994,74.88148169262371,-259.1411941124571,-95.18358471791787,-12.673724637308613,80.68826237634818,517.0757538943916,521.3537593486639,2.9948459957479793e-05
514,7.148537879677676e-08,1.5e-10,6.380944389188995e-05,5718830.303742169,0.0,0.0,5718830.303742169,0.0,0.0,0.0,872623425759.516,-264.9588964709089,22.550976042324915,79.13500796303734,60.4144231301461,-271.9633391028447,-93.39171700056386,-20.170467767548836,75.93805347760089,536.922232470715,540.2376703956202,3.0029495608039136e-05
515,7.163537879677676e-08,1.5e-10,6.396407307893922e-05,5730830.303742169,0.0,0.0,5730830.303742169,0.0,0.0,0.0,872503587021.4777,-271.882557192574,20.99496748644791,77.32116843683761,56.869820936445166,-270.6466114414501,-94.8174944816227,-14.725145761169587,74.23696497938076,542.529163110983,545.716641233641,3.011135310422418e-05
516,7.178537879677676e-08,1.5e-10,6.411466110597184e-05,5742830.303742169,0.0,0.0,5742830.303742169,0.0,0.0,0.0,872409698417.4236,-247.97267126305826,17.79785712922525,86.58742365569921,70.9030878299493,-267.9962491700866,-93.94253108110463,-22.210694705656756,80.88908983382227,515.9689187843536,520.0177349615067,3.0189355764468407e-05
517,7.193537879677676e-08,1.5e-10,6.426682933300879e-05,5754830.303742169,0.0,0.0,5754830.303742169,0.0,0.0,0.0,872309165763.3777,-259.31634487316666,19.541737248547758,77.99350373625269,67.54598842292347,-267.0137157205716,-97.98806705925875,-17.43074584499041,81.19633501868421,526.3300590678832,529.9884672425495,3.026885403455479e-05
518,7.208537879677676e-08,1.5e-10,6.441816053626781e-05,5766830.303742169,0.0,0.0,5766830.303742169,0.0,0.0,0.0,872159010485.5853,-244.4489438467804,30.531276564484795,77.1816507615304,54.14947184185786,-277.18716565405896,-100.26295873650746,-32.6316613375636,64.78811152909769,521.6361063863495,525.2930840228843,3.034764799715822e-05
519,7.223537879677675e-08,1.5e-10,6.457005995654472e-05,5778830.303742169,0.0,0.0,5778830.303742169,0.0,0.0,0.0,872008189863.7012,-256.9111806353852,19.820869475170188,79.89113920983237,66.66321629209207,-267.77296293404737,-97.2807152889784,-24.182817054335967,72.37521297537766,524.6841478121611,528.2680938855801,3.0426888211241058e-05
520,7.238537879677675e-08,1.5e-10,6.472093987805737e-05,5790830.303742169,0.0,0.0,5790830.303742169,0.0,0.0,0.0,871885788577.2212,-233.96452549875204,14.571749109530206,71.36794772919292,65.52143273616797,-284.9834597701621,-96.0911179510213,-22.557441200107558,83.95530358521285,518.9479924357114,522.6434865473409,3.050528473422316e-05
521,7.253537879677675e-08,1.5e-10,6.487529062296026e-05,5802830.303742169,0.0,0.0,5802830.303742169,0.0,0.0,0.0,871746682225.4512,-262.61177877722,37.09529595321771,68.60274626419526,60.640408673683844,-278.72787443607757,-92.88367072706895,-20.719559979787597,68.97701798562777,541.340494722972,545.2290059131627,3.0587069085110134e-05
522,7.268537879677675e-08,1.5e-10,6.502178920016254e-05,5814830.303742169,0.0,0.0,5814830.303742169,0.0,0.0,0.0,871626217578.7596,-242.48194831170733,19.34842577762949,72.80439885139349,56.41088586162033,-245.98394553648458,-94.0236460431686,-17.863228796881124,74.05040502842992,488.4658987256751,491.5845121295297,3.066080676192956e-05
523,7.283537879677675e-08,1.5e-10,6.517376265722444e-05,5826830.303742169,0.0,0.0,5826830.303742169,0.0,0.0,0.0,871498270350.8483,-252.88965953391585,29.834579040271517,81.33647324423538,68.27705783247525,-272.14051724465253,-91.48772960611781,-14.182201851358583,73.46531769667556,525.0301739198217,529.7172345980075,3.074026434711926e-05
524,7.298537879677674e-08,1.5e-10,6.532427748149128e-05,5838830.303742169,0.0,0.0,5838830.303742169,0.0,0.0,0.0,871347332235.9701,-249.3379400531133,23.0719678990518,83.49543783919601,41.59936757552936,-266.2088346576374,-95.02713295962495,-28.125847951069677,73.50502576187134,515.5469212141338,518.1253819172974,3.081798315440686e-05
525,7.313537879677674e-08,1.5e-10,6.547521320026309e-05,5850830.303742169,0.0,0.0,5850830.303742169,0.0,0.0,0.0,871202739343.9686,-242.3301223031202,34.66653045414386,87.68334619687475,45.8237465130402,-276.0967095093748,-89.21914352250062,-21.36018483701846,72.54900247876273,518.4269659875504,522.3647960644138,3.089633787381652e-05
526,7.328537879677674e-08,1.5e-10,6.562682394034413e-05,5862830.303742169,0.0,0.0,5862830.303742169,0.0,0.0,0.0,871071519023.8839,-245.8866365726824,27.449598111359926,78.81096632556812,49.66342551427474,-277.0618013898272,-87.28348530184941,-14.940719982372702,75.8816950372156,522.948579369001,526.4830546810234,3.0975310332018676e-05
527,7.343537879677674e-08,1.5e-10,6.577949190328371e-05,5874830.303742169,0.0,0.0,5874830.303742169,0.0,0.0,0.0,870945776445.8826,-242.11014256589522,31.65784085472954,88.69159681289781,62.94885282426749,-287.6503542052397,-90.57533109654166,-4.903519256876875,75.12000521384256,529.7606273480485,535.4818624128171,3.10556326113806e-05
528,7.358537879677674e-08,1.5e-10,6.59325933394053e-05,5886830.303742169,0.0,0.0,5886830.303742169,0.0,0.0,0.0,870762620165.5831,-240.1241208669663,33.345640675414714,77.85265824654667,44.376036644377436,-293.42503415300973,-95.97392741876237,-23.630672578213094,70.21755389920077,533.5492916491283,537.4350984228478,3.113624787614402e-05
529,7.373537879677674e-08,1.5e-10,6.60850841961932e-05,5898830.303742169,0.0,0.0,5898830.303742169,0.0,0.0,0.0,870590713755.185,-241.90951758089378,21.92541040136445,86.81268674526136,60.159046943761645,-286.8921961055325,-83.17498238765423,-11.846116945131628,76.85474500813926,528.8018391982945,533.3276835647807,3.121624702867874e-05
530,7.388537879677673e-08,1.5e-10,6.623732916373564e-05,5910830.303742169,0.0,0.0,5910830.303742169,0.0,0.0,0.0,870423807780.6017,-246.34856301899052,26.072960094833757,83.80823504133218,51.939621452255274,-280.83971767916705,-90.44270432856747,-19.96723773337908,73.90133822965667,527.1884144633337,530.8507713577432,3.1295874644382404e-05
531,7.403537879677673e-08,1.5e-10,6.639305565132471e-05,5922830.303742169,0.0,0.0,5922830.303742169,0.0,0.0,0.0,870296310321.9281,-261.6280420214965,31.746381063657626,92.80296738209562,69.69855999283206,-288.2270630663074,-92.46772376575979,-13.774139651334773,80.20957118634215,549.8552283211725,555.1025679154658,3.1379140029569726e-05
532,7.418537879677673e-08,1.5e-10,6.654848660525442e-05,5934830.303742169,0.0,0.0,5934830.303742169,0.0,0.0,0.0,870148456751.8315,-252.34269323094574,18.401631769277397,85.26910457509749,50.07054816273101,-296.3535549245866,-101.86339675035686,-23.791236910624864,80.80681815480669,548.6963777167322,551.9816741116388,3.146193728068647e-05
533,7.433537879677673e-08,1.5e-10,6.670561293212421e-05,5946830.303742169,0.0,0.0,5946830.303742169,0.0,0.0,0.0,869984205695.9895,-255.65593110862662,24.34093119974866,80.12607702812186,40.04813281091905,-304.59230116717504,-105.74395795915424,-25.899151743180216,67.56008281718441,560.2483591269064,563.4932171145558,3.154646126325365e-05
534,7.448537879677673e-08,1.5e-10,6.685991488303163e-05,5958830.303742169,0.0,0.0,5958830.303742169,0.0,0.0,0.0,869857038299.7397,-251.62078529634735,7.935958053776335,88.23696838650976,66.19518080577875,-289.0735113325395,-94.71507310036608,-12.946714399373084,93.70463318924213,540.6944213329487,544.554561912324,3.16281444475405e-05
535,7.463537879677672e-08,1.5e-10,6.701725919148964e-05,5970830.303742169,0.0,0.0,5970830.303742169,0.0,0.0,0.0,869690863962.2288,-262.87943646177985,16.91358457139758,80.73611127497905,56.580453395557036,-298.1881405476215,-101.60698513426163,-11.679229257238966,84.16386200526154,561.0676982899741,564.5387331853132,3.17128252575183e-05
536,7.478537879677672e-08,1.5e-10,6.717092601634194e-05,5982830.303742169,0.0,0.0,5982830.303742169,0.0,0.0,0.0,869557461840.6785,-243.90166183483788,17.623589793230792,86.69274969726587,57.739354725799515,-293.07702142542104,-102.11298922302744,-25.648913220607692,82.59859764096558,536.9788015652443,540.7536480952185,3.179393830473258e-05
537,7.493537879677672e-08,1.5e-10,6.732766151041941e-05,5994830.303742169,0.0,0.0,5994830.303742169,0.0,0.0,0.0,869370042051.7297,-256.22491105211594,7.08736264604161,84.39427031902923,60.0931530531203,-300.8764975463392,-110.03499786439141,-12.883782939647618,87.60626546853194,557.1015274679455,560.7167992801111,3.18780458246246e-05
538,7.508537879677672e-08,1.5e-10,6.748308206484078e-05,6006830.303742169,0.0,0.0,6006830.303742169,0.0,0.0,0.0,869235437044.8125,-248.57047180666774,13.533655542845054,83.6476515173422,63.991917258617875,-299.86201607526425,-103.2560254621186,-12.014533515699265,83.8709592277672,548.4326064619297,552.7154068067993,3.1960953135645624e-05
539,7.523537879677672e-08,1.5e-10,6.764029807975322e-05,6018830.303742169,0.0,0.0,6018830.303742169,0.0,0.0,0.0,869090485717.0317,-259.1266400612969,15.131963643451545,79.38588481181071,50.087162090436074,-301.0539393470071,-108.90783120232517,-6.307297510351453,81.8665077873575,560.1806984060033,563.7642111025953,3.2045517767311016e-05
540,7.538537879677671e-08,1.5e-10,6.779459392046402e-05,6030830.303742169,0.0,0.0,6030830.303742169,0.0,0.0,0.0,868978133651.8402,-244.94518906568197,11.314169983185655,78.28620312713197,51.37607274955773,-296.2060815613741,-105.60055936106572,-16.32251580957757,80.51517737128268,541.151389966704,544.5367670463813,3.2127198282367975e-05
541,7.553537879677671e-08,1.5e-10,6.794666428475501e-05,6042830.303742169,0.0,0.0,6042830.303742169,0.0,0.0,0.0,868873743976.878,-227.35915429297725,9.123601327942664,90.2425464829711,38.92605078700749,-298.9748593693899,-102.18072787783316,-12.493976733524153,86.05646398434912,526.3341317952359,530.6678624743782,3.220679846173913e-05
542,7.568537879677671e-08,1.5e-10,6.810431278794117e-05,6054830.303742169,0.0,0.0,6054830.303742169,0.0,0.0,0.0,868744568550.0895,-255.39368067183565,7.795395673778311,70.25830258499177,48.99894363545952,-308.1949744133824,-102.08579656468616,-8.323631043186646,88.6848231675982,563.5887546425437,566.5467924438269,3.229178048060571e-05
543,7.583537879677671e-08,1.5e-10,6.825743072255694e-05,6066830.303742169,0.0,0.0,6066830.303742169,0.0,0.0,0.0,868660956933.0394,-217.1543349737395,13.78721987155605,94.20740169768432,47.44873646290438,-316.7116244326263,-107.43393237915961,-19.179372776542145,80.03381064991915,533.8660745678826,540.0865059689003,3.2372793456501045e-05
544,7.59853787967767e-08,1.5e-10,6.841566256460962e-05,6078830.303742169,0.0,0.0,6078830.303742169,0.0,0.0,0.0,868562429852.4658,-261.30057104854296,3.7696072721366836,68.49043151414946,62.997482476979236,-305.621010583529,-97.23699244948345,8.425374316729123,94.9141286537802,566.9216959318265,570.538950137971,3.245837429902174e-05
545,7.61353787967767e-08,1.5e-10,6.857261472230457e-05,6090830.303742169,0.0,0.0,6090830.303742169,0.0,0.0,0.0,868486349549.9684,-255.20553622158604,8.912213914433009,70.81042374058951,52.256567424566654,-303.42432144785033,-94.3464352842389,-1.587427685569008,85.51655078176584,558.6299647539416,561.8833372460011,3.2542656799608646e-05
546,7.62853787967767e-08,1.5e-10,6.872712531005212e-05,6102830.303742169,0.0,0.0,6102830.303742169,0.0,0.0,0.0,868428304830.9877,-240.68857693739673,9.60270929566452,81.22449362125603,59.782933594692636,-301.4583613897296,-98.4063654434688,4.31241822513881,95.61217642717979,542.1470432481144,546.9923340916185,3.262470564972239e-05
547,7.64353787967767e-08,1.5e-10,6.888470028614706e-05,6114830.303742169,0.0,0.0,6114830.303742169,0.0,0.0,0.0,868366943453.309,-239.84393307042794,13.73579329481458,68.49752583900661,52.12567633032069,-323.685629550914,-93.35630531738342,-2.0106728758574297,88.91861156034521,563.5296668950599,568.1855028312052,3.270993347514707e-05
548,7.65853787967767e-08,1.5e-10,6.90426140067851e-05,6126830.303742169,0.0,0.0,6126830.303742169,0.0,0.0,0.0,868312342915.3191,-238.48258191290245,7.564360173458214,76.18098447627246,52.80637782761795,-327.2777077212534,-100.17926890197295,-5.800539557953781,88.7440078183182,565.7603866579982,570.633480775768,3.2795528497263436e-05
549,7.67353787967767e-08,1.5e-10,6.92026761096869e-05,6138830.303742169,0.0,0.0,6138830.303742169,0.0,0.0,0.0,868203694726.4407,-250.28432001953684,17.532840541426513,64.50255773260112,42.2490887700344,-329.9424773705928,-91.67806594870545,-6.696736354362658,78.23496483022673,580.226910170042,584.0751099068838,3.2883139763749466e-05
550,7.68853787967767e-08,1.5e-10,6.936028094111663e-05,6150830.303742169,0.0,0.0,6150830.303742169,0.0,0.0,0.0,868120380622.4271,-243.94152045770034,3.276760896283825,66.61486091260304,46.7517066645099,-319.472334900416,-99.04460921139447,5.353410526415725,97.89366753925991,563.4237914296962,567.3671410309901,3.2968244834904114e-05
551,7.703537879677669e-08,1.5e-10,6.95205007792096e-05,6162830.303742169,0.0,0.0,6162830.303742169,0.0,0.0,0.0,868034559365.7998,-226.52018580603075,21.855149183862373,72.08984832664613,39.14418463098342,-354.9680767576183,-75.19838107764656,15.306212742233582,86.13174790927233,581.4883600290356,589.4526881252365,3.30566627381229e-05
552,7.718537879677669e-08,1.5e-10,6.96828667852904e-05,6174830.303742169,0.0,0.0,6174830.303742169,0.0,0.0,0.0,867897373405.9878,-248.9831003766117,7.759669187379302,64.24186605433346,33.42711255951724,-346.2732332497138,-89.0939500426539,21.881423962758003,92.32763478387035,595.2564262941952,600.4387083782531,3.314672854437964e-05
553,7.733537879677669e-08,1.5e-10,6.984395294709483e-05,6186830.303742169,0.0,0.0,6186830.303742169,0.0,0.0,0.0,867823092060.7062,-240.11600083845394,22.006495216645735,56.296492636133486,39.94555449442148,-347.3025228783828,-89.20187737503403,5.234855916433445,78.93845402254144,587.4186196077844,592.8463103293935,3.323565549092905e-05
554,7.748537879677669e-08,1.5e-10,7.00015588051267e-05,6198830.303742169,0.0,0.0,6198830.303742169,0.0,0.0,0.0,867734347662.7764,-229.57110156259557,13.9126396713431,58.60233628608143,18.26405225137657,-334.4063434649695,-95.8339118425964,11.05742872875091,86.4655220047395,563.9774925821522,568.96918481766,3.3321000868651696e-05
555,7.763537879677668e-08,1.5e-10,7.016366238485149e-05,6210830.303742169,0.0,0.0,6210830.303742169,0.0,0.0,0.0,867619612908.8667,-247.31585065933635,37.50669535604864,54.661157275242665,37.94989753708526,-346.48540330656857,-84.6648256748603,16.245471712055398,91.60817775104832,593.8013076762373,599.5565508393651,3.34109343512776e-05
556,7.778537879677668e-08,1.5e-10,7.032162898973412e-05,6222830.303742169,0.0,0.0,6222830.303742169,0.0,0.0,0.0,867406202393.5189,-241.5204819484573,22.02058741534667,63.727539493827464,46.20282706950172,-324.4001595773806,-92.52682751760274,3.461650080915198,82.19691330431624,565.9206843693667,570.6555248339143,3.349653268000269e-05
557,7.793537879677668e-08,1.5e-10,7.04858371076796e-05,6234830.303742169,0.0,0.0,6234830.303742169,0.0,0.0,0.0,867313184836.7311,-258.6155288078656,28.495210156839,49.845906706202214,42.054917238085345,-349.04770367982894,-86.98572945089936,18.896868955142743,74.73371318571124,607.6632862955421,612.5887481217427,3.3588420992220954e-05
558,7.808537879677668e-08,1.5e-10,7.064159192940462e-05,6246830.303742169,0.0,0.0,6246830.303742169,0.0,0.0,0.0,867153107973.0897,-222.79288685495396,14.284244305060028,64.04867637960433,31.230865581790926,-328.94788727866927,-80.55578723928156,-1.65604383259266,78.280767697549,551.7408206883457,556.9237751321393,3.3671959558490774e-05
559,7.823537879677668e-08,1.5e-10,7.080600009925196e-05,6258830.303742169,0.0,0.0,6258830.303742169,0.0,0.0,0.0,867025410634.8121,-266.396056694691,23.996272707417134,57.05304812510726,46.63678578730974,-342.31080770547476,-90.91099871184551,10.630990272296263,72.28735073236278,608.7069188829531,612.9851332213073,3.376390732847397e-05
560,7.838537879677667e-08,1.5e-10,7.096166321732217e-05,6270830.3037421685,0.0,0.0,6270830.303742169,0.0,0.0,0.0,866969720275.2997,-248.22679154682436,8.51301897565448,62.33116127462014,56.94747654206132,-301.9129344500335,-96.4701572858829,-1.9851239097281934,90.03433544379448,550.1397733565396,553.4171425543738,3.384691989985713e-05
561,7.853537879677667e-08,1.5e-10,7.112166396234162e-05,6282830.3037421685,0.0,0.0,6282830.303742169,0.0,0.0,0.0,866889282658.155,-238.6049055369641,30.36345558344491,62.189975392093444,36.5292216651533,-341.53522166668733,-99.43979625717769,-11.470487469232907,69.08900460988491,580.1401686821021,585.4487495604516,3.39347372122912e-05
562,7.868537879677667e-08,1.5e-10,7.128072593180862e-05,6294830.30374217,0.0,0.0,6294830.303742169,0.0,0.0,0.0,866838317029.878,-256.034222999162,10.887198209407808,62.95899433813682,60.043693704704786,-316.5310468334468,-95.36689113536937,11.198086133485049,89.76290071741128,572.5653086579016,576.6902079944284,3.402124074349036e-05
563,7.883537879677667e-08,1.5e-10,7.144300463907679e-05,6306830.30374217,0.0,0.0,6306830.303742169,0.0,0.0,0.0,866755377500.6495,-252.58731480649783,31.289872063389662,59.31135324225015,44.80641011071593,-342.28710195467795,-96.12857969670172,-0.9213982852432253,70.92819168251206,594.8744724117558,599.8633149705511,3.4111220240735946e-05
564,7.898537879677667e-08,1.5e-10,7.160075458895849e-05,6318830.30374217,0.0,0.0,6318830.303742169,0.0,0.0,0.0,866704238206.5503,-243.26751255313792,18.229263465762983,64.65692304690404,49.8133716258794,-320.92044151260126,-97.34229985370077,4.868895505719816,85.90742532336331,564.1879965627679,568.7848485473334,3.419653796801805e-05
565,7.913537879677666e-08,1.5e-10,7.17613455973482e-05,6330830.30374217,0.0,0.0,6330830.303742169,0.0,0.0,0.0,866612393387.9718,-256.86160095770856,15.217868200106667,55.066549643217314,46.120862948337546,-326.2084915305369,-97.05403147455179,12.14410410089059,84.98481699830246,583.0701399694419,586.8408864669722,3.4284564100988095e-05
566,7.928537879677666e-08,1.5e-10,7.191697640305885e-05,6342830.303742169,0.0,0.0,6342830.303742169,0.0,0.0,0.0,866553300375.3053,-225.47849166727107,9.567865172204217,60.04308418648147,34.23019294998438,-325.0904564922613,-83.62288993913305,6.771544797002165,86.42032380371523,550.5690876810459,555.4852656345828,3.436788689083328e-05
567,7.943537879677666e-08,1.5e-10,7.207728716620911e-05,6354830.303742169,0.0,0.0,6354830.303742169,0.0,0.0,0.0,866463461229.7019,-255.52775802501023,18.918959258640797,50.26604747519097,52.15718169400039,-325.6900925462098,-99.18336929046046,13.686165072159943,79.18395380268458,581.2179857849982,585.350982155239,3.445568953815657e-05
568,7.958537879677666e-08,1.5e-10,7.223756003453736e-05,6366830.303742169,0.0,0.0,6366830.303742169,0.0,0.0,0.0,866399114170.5741,-244.10124834651356,9.2272067144572,50.591688195294545,51.350206657697065,-337.6196610436808,-93.63933742693281,2.2976773958802656,93.92069003958954,581.7210815665869,586.0633442942103,3.45435990398007e-05
569,7.973537879677666e-08,1.5e-10,7.23964902087506e-05,6378830.303742169,0.0,0.0,6378830.303742169,0.0,0.0,0.0,866342097394.7484,-243.98608417717946,18.436788711981325,62.84652818132063,47.19040782516493,-328.32472275426574,-103.86509401814045,-1.9616455412845715,85.2023022932148,572.3109236485196,576.7999219824225,3.463011902809806e-05
570,7.988537879677665e-08,1.5e-10,7.255759330116242e-05,6390830.303742169,0.0,0.0,6390830.303742169,0.0,0.0,0.0,866293435026.3701,-258.9774130912445,5.423858758624192,55.34900873672894,52.98494550523959,-327.4953842849875,-102.9281475907649,10.272505462704023,97.71265112432495,586.4729117176179,589.9974518986342,3.4718618645882855e-05
571,8.003537879677665e-08,1.5e-10,7.272293200668454e-05,6402830.303742169,0.0,0.0,6402830.303742169,0.0,0.0,0.0,866221481965.1777,-275.1675710786163,2.98711672437902,59.97274760006189,31.32570482257609,-339.6130174977715,-123.64271177375049,-2.086223219351691,66.41472594494394,614.7806906588969,618.013550190708,3.481132067841146e-05
572,8.018537879677665e-08,1.5e-10,7.288348635943168e-05,6414830.30374217,0.0,0.0,6414830.303742169,0.0,0.0,0.0,866142776392.9004,-257.58416047393706,13.381835061523473,61.89917802727924,65.42466706307587,-324.9851955243117,-100.6842876301092,7.918031720255622,84.4715922276051,582.5694813358887,587.0979799795683,3.4899385375408396e-05
573,8.033537879677665e-08,1.5e-10,7.304146041321994e-05,6426830.30374217,0.0,0.0,6426830.303742169,0.0,0.0,0.0,865971168723.3936,-242.24846843307913,8.087678206665888,59.83690904267648,59.91478293299539,-323.5773350534478,-100.00297287961578,2.2620422078492446,95.96616967480824,565.8258991576276,570.2595990715059,3.498492431526912e-05
574,8.048537879677665e-08,1.5e-10,7.320571581516712e-05,6438830.30374217,0.0,0.0,6438830.303742169,0.0,0.0,0.0,865863453814.3389,-264.30535091500747,14.307820106283097,55.042466140247555,63.87113144678214,-343.273010133854,-115.67278263891382,7.4147750383420945,82.03993430444439,607.5784617353454,612.3274054173329,3.5076773426081725e-05
575,8.063537879677664e-08,1.5e-10,7.336900199200574e-05,6450830.30374217,0.0,0.0,6450830.303742169,0.0,0.0,0.0,865766249580.1576,-264.50157808911507,20.128801204285136,65.58758494965336,57.27055561970036,-336.29560948200583,-102.27504067301385,4.6555245258606766,74.68062375834558,600.7972969895325,605.4509708713787,3.516759107171243e-05
576,8.078537879677664e-08,1.5e-10,7.352979904477735e-05,6462830.303742169,0.0,0.0,6462830.303742169,0.0,0.0,0.0,865700413371.6766,-253.6595618556771,0.38185049417821243,62.38416392465079,75.08371956314511,-330.65134027851843,-98.60662336195854,9.534848019385667,103.03521175187636,584.3109495458402,589.087583967535,3.5255954209307564e-05
577,8.093537879677664e-08,1.5e-10,7.36921441157577e-05,6474830.303742169,0.0,0.0,6474830.303742169,0.0,0.0,0.0,865620796190.9393,-259.2308367876754,22.394923132723857,72.4674145133393,49.99254808818916,-335.20095956010505,-97.86393834906508,3.6881394780851053,73.67634377781262,594.4318969811367,599.2895333879762,3.534584763931576e-05
578,8.108537879677664e-08,1.5e-10,7.385325440383449e-05,6486830.303742169,0.0,0.0,6486830.303742169,0.0,0.0,0.0,865575990196.3662,-257.147965132001,11.264277701404152,65.32540215497666,66.88792727791588,-329.0589199338862,-94.5378742563836,8.528915959042777,90.14268583140205,586.2069714663784,590.9507789540636,3.543449025615887e-05
579,8.123537879677664e-08,1.5e-10,7.401272446362643e-05,6498830.303742169,0.0,0.0,6498830.303742169,0.0,0.0,0.0,865394613009.2437,-243.5308199024038,6.780697597737742,70.16972400568238,67.58851057638643,-331.9079340263447,-90.12698095471313,6.839793459279217,84.18188987212501,575.4388594767386,581.0039084287181,3.5521640842423175e-05
580,8.138537879677663e-08,1.5e-10,7.417538406358736e-05,6510830.303742169,0.0,0.0,6510830.303742169,0.0,0.0,0.0,865336201800.924,-273.30885335499767,1.6849974504680545,63.33054209281632,80.88293193718475,-322.6637129788484,-96.23544494091124,17.014478580532806,89.57363787196256,595.9726718110954,600.3618958778505,3.5611695126804853e-05
581,8.153537879677663e-08,1.5e-10,7.433621220723598e-05,6522830.303742169,0.0,0.0,6522830.303742169,0.0,0.0,0.0,865295022116.0864,-248.79469363852886,6.947165935976327,69.09124939902156,74.49647824008576,-335.6843221604762,-94.44310077029293,5.464526170410435,84.61240802131272,584.4791126367247,590.1088789476744,3.570021145864701e-05
582,8.168537879677663e-08,1.5e-10,7.450073461997731e-05,6534830.303742169,0.0,0.0,6534830.303742169,0.0,0.0,0.0,865208175314.1139,-264.47109866480554,18.279381121434128,48.373948129995654,59.79048051272667,-344.9099281794602,-90.95073794879748,11.628226925601991,75.04752021427824,609.3811114549145,613.855139211417,3.579228972952872e-05
583,8.183537879677663e-08,1.5e-10,7.466318002878126e-05,6546830.303742169,0.0,0.0,6546830.303742169,0.0,0.0,0.0,865107243860.366,-265.1431871798263,9.588326219634348,55.93040354782006,84.36194113001049,-329.70122574100316,-90.06706709447563,19.35356247462647,85.88931283369642,594.8445120343698,600.0553821180758,3.588229803684643e-05
584,8.198537879677663e-08,1.5e-10,7.482675316148867e-05,6558830.303742169,0.0,0.0,6558830.303742169,0.0,0.0,0.0,865006245877.0204,-265.26115535047575,12.913608823990817,55.236606148210626,80.09843260093818,-337.29099577156643,-87.82571086930146,17.46252963365097,85.90411618364217,602.552253967382,607.8201288141174,3.597347105616855e-05
585,8.213537879677662e-08,1.5e-10,7.498745930447788e-05,6570830.303742169,0.0,0.0,6570830.303742169,0.0,0.0,0.0,864685084494.4159,-250.5251867103039,23.301074579406016,59.738143837360425,73.79632038348619,-333.2410714176291,-102.11456351487595,2.759727855191213,86.04980977797534,583.7663104896287,589.5713518097299,3.606190675894001e-05
586,8.228537879677662e-08,1.5e-10,7.515013483516217e-05,6582830.303742169,0.0,0.0,6582830.303742169,0.0,0.0,0.0,864596930257.0758,-264.0679183953514,22.53466769269864,59.653268260629915,71.92374351413754,-332.3818027560831,-98.79076291602269,11.939911138793677,81.96149292006157,596.4497664200687,601.734964774365,3.615216700365616e-05
587,8.243537879677662e-08,1.5e-10,7.531495561189771e-05,6594830.303742169,0.0,0.0,6594830.303742169,0.0,0.0,0.0,864486619309.2351,-274.3636925039417,23.649621319612226,53.65449982339281,61.87329940537972,-336.37818544395066,-94.7255823375829,16.241698190609878,79.48910981108226,610.7365598607585,615.1643489009608,3.62444416559913e-05
588,8.258537879677662e-08,1.5e-10,7.547905978470433e-05,6606830.303742169,0.0,0.0,6606830.303742169,0.0,0.0,0.0,864407228387.1008,-282.9091639512756,36.74460757754764,57.825031733289485,74.6121793568995,-322.6908200532202,-92.02695040419903,8.257964655292183,77.44032727301786,605.599746173523,610.6870698652348,3.6336044716471085e-05
589,8.273537879677662e-08,1.5e-10,7.564613675973128e-05,6618830.303742169,0.0,0.0,6618830.303742169,0.0,0.0,0.0,864297768405.5768,-301.02663554518233,33.64275617159171,53.84235818360727,74.88529104729814,-324.3346338277783,-82.85041944377048,6.747186286627666,79.84501641351561,625.3613516852413,629.6115423440384,3.643048644782269e-05
590,8.288537879677662e-08,1.5e-10,7.580885992535938e-05,6630830.303742169,0.0,0.0,6630830.303742169,0.0,0.0,0.0,864196373574.7269,-255.4947623767046,34.48792363249624,50.18929290974817,70.95240632488618,-341.933270193518,-85.98837656312003,3.619840998015953,78.9003829912165,597.4281096643343,603.4058578587674,3.6520997326501504e-05
591,8.303537879677661e-08,1.5e-10,7.597446993207797e-05,6642830.30374217,0.0,0.0,6642830.303742169,0.0,0.0,0.0,864089923109.206,-278.3338238166254,21.593191136399298,46.721908789153794,71.68450300491304,-337.6356065428726,-95.12758868475393,20.3974496819716,84.57274092736833,615.969510230879,620.5076032188299,3.6614073466984326e-05
592,8.318537879677661e-08,1.5e-10,7.613988018641312e-05,6654830.30374217,0.0,0.0,6654830.303742169,0.0,0.0,0.0,863996654761.0215,-281.3140053855948,28.385089152956255,52.27044186744049,62.85910315069798,-333.06908233942215,-94.68376538323417,19.364061423438674,77.24408453514303,614.3831728290485,618.8267608259357,3.670689748110821e-05
593,8.333537879677661e-08,1.5e-10,7.6305004938896e-05,6666830.30374217,0.0,0.0,6666830.303742169,0.0,0.0,0.0,863904969675.8025,-271.80250987671957,26.99841993489717,43.6047801486486,68.62459681371148,-341.2462856035359,-98.98033791341655,14.869111940427302,82.3773021909483,613.048868885669,617.8316148958215,3.679957222334259e-05
594,8.348537879677661e-08,1.5e-10,7.646827610876675e-05,6678830.30374217,0.0,0.0,6678830.303742169,0.0,0.0,0.0,863840868621.3497,-260.5609876927857,26.893313443172065,50.39444553202126,69.86342712877642,-340.36806511766474,-101.27321158524194,3.6200856419325893,86.30008333938063,600.9291299970798,606.1408432782974,3.6890493349834334e-05
595,8.36353787967766e-08,1.5e-10,7.66330060026477e-05,6690830.303742169,0.0,0.0,6690830.303742169,0.0,0.0,0.0,863779073731.2572,-273.7131416018949,20.93259718768577,47.389412401157266,81.09344249637977,-336.5040152714603,-101.31163675102317,13.852539675137306,94.27509578321357,610.2172374917327,615.1550559545652,3.698276660822752e-05
596,8.37853787967766e-08,1.5e-10,7.679742177120542e-05,6702830.303742169,0.0,0.0,6702830.303742169,0.0,0.0,0.0,863724382434.2125,-263.5628031575367,32.407951633420616,53.24300778691475,71.76833186964198,-344.954375723026,-101.25421906100188,1.0547492036926436,83.76821122633253,608.5173324080325,614.1691237458223,3.707489197678939e-05
597,8.39353787967766e-08,1.5e-10,7.696337723356596e-05,6714830.303742169,0.0,0.0,6714830.303742169,0.0,0.0,0.0,863661773879.1786,-280.461847932909,27.296557657522264,57.399247117854564,83.58827110204399,-337.80909012649914,-117.704434375026,0.20728565770176743,86.9467097049847,618.2710142922175,623.5986285954193,3.71684317710787e-05
598,8.40853787967766e-08,1.5e-10,7.712659634590699e-05,6726830.303742169,0.0,0.0,6726830.303742169,0.0,0.0,0.0,863582869331.9929,-255.42315360176997,29.70040132048937,36.348365268724145,71.23906253944044,-345.49294281784483,-103.51378050019851,6.880970370395352,86.43497268363944,600.9161484321174,606.564751492414,3.725941648380257e-05
599,8.42353787967766e-08,1.5e-10,7.729081535960703e-05,6738830.303742169,0.0,0.0,6738830.303742169,0.0,0.0,0.0,863515909508.5613,-282.0225070047829,16.009055585588317,41.36143066057512,73.64095887926923,-324.6149011223762,-106.92540145897757,14.374572852403306,97.86373094330114,606.6374580304919,610.2094746890835,3.735094790500593e-05
600,8.43853787967766e-08,1.5e-10,7.745429597319683e-05,6750830.303742169,0.0,0.0,6750830.303742169,0.0,0.0,0.0,863462055309.6144,-274.9687658762736,28.377025671073863,51.45477573499142,74.56146449745707,-326.5035010987127,-106.42951443771086,14.647676244653512,83.8075085295516,601.472325129606,606.476230568935,3.7441919339591274e-05
601,8.45353787967766e-08,1.5e-10,7.762074622240116e-05,6762830.303742169,0.0,0.0,6762830.303742169,0.0,0.0,0.0,863412094843.7991,-282.7582953649265,36.214986789402865,42.055215516079194,82.98816349866104,-338.8476380555076,-94.10412849907215,13.486179437203313,93.1147387334523,621.6059765362326,627.0627686396689,3.753597875488722e-05
602,8.468537879677659e-08,1.5e-10,7.778567866855331e-05,6774830.303742169,0.0,0.0,6774830.303742169,0.0,0.0,0.0,863347492842.8115,-282.3333071640831,27.385124023453493,44.93905051270848,71.22252263549053,-329.1017737634165,-103.64346483053329,7.4854719401895,88.72744285000307,611.4622371982568,615.4961600047068,3.7628303178887926e-05
603,8.483537879677659e-08,1.5e-10,7.794964889949697e-05,6786830.303742169,0.0,0.0,6786830.303742169,0.0,0.0,0.0,863229990777.8684,-283.77202834101394,27.051715613769666,53.89076799834375,79.85735582674079,-320.9117080429172,-107.65576053392799,4.6481392762057565,90.53615336730647,604.6837764452838,609.2224963067164,3.7719686553333935e-05
604,8.498537879677659e-08,1.5e-10,7.811629951201496e-05,6798830.303742169,0.0,0.0,6798830.303742169,0.0,0.0,0.0,863134816948.7273,-295.46292721156374,32.690294941923746,46.166964489986114,77.85270098202648,-327.03685142683804,-104.2963568648017,11.210060303427813,87.95258868703259,622.4998301155414,626.9752679234915,3.781373284352246e-05
605,8.513537879677659e-08,1.5e-10,7.827857831391779e-05,6810830.303742169,0.0,0.0,6810830.303742169,0.0,0.0,0.0,863098865025.1289,-265.8733752667486,36.66759256007902,48.442295603510736,64.36560202778311,-328.17618178567994,-104.72038392656854,-2.131391305122567,82.8193919891641,594.0496006631737,598.7204221626539,3.790354090684685e-05
606,8.528537879677658e-08,1.5e-10,7.844354692832779e-05,6822830.303742169,0.0,0.0,6822830.303742169,0.0,0.0,0.0,863060122108.1271,-270.90357862421763,31.3217191969165,37.901463363716026,69.26458243381373,-341.2482484383254,-104.7527816215443,6.888330863025035,84.84383423159616,612.151873363799,616.8895525137058,3.799607433972391e-05
607,8.543537879677658e-08,1.5e-10,7.860668224782186e-05,6834830.303742169,0.0,0.0,6834830.303742169,0.0,0.0,0.0,863021116698.1923,-285.4201173531285,28.89189526336273,46.35483311166552,76.61304487796818,-313.45893602951156,-110.63372475156046,14.449362958455385,90.55099442261087,598.879114082099,603.3203795696496,3.808657239665936e-05
608,8.558537879677658e-08,1.5e-10,7.876922400219756e-05,6846830.303742169,0.0,0.0,6846830.303742169,0.0,0.0,0.0,863012610703.4261,-278.0763325248282,28.668835327031186,44.443732255573046,74.34926205951564,-317.16651632050974,-100.97450033514119,11.308975819327925,94.45374149314856,595.2429090220254,599.509228785069,3.817649878097712e-05
609,8.573537879677658e-08,1.5e-10,7.893086874475505e-05,6858830.30374217,0.0,0.0,6858830.303742169,0.0,0.0,0.0,862776464130.4697,-270.8941532258929,39.556118357504054,39.28200295625665,66.52954694864663,-318.97705839800864,-112.14763502450322,-7.40462924833239,80.52667420201526,589.8712637042627,594.2576455999167,3.826563742781711e-05
610,8.588537879677658e-08,1.5e-10,7.909445615096331e-05,6870830.30374217,0.0,0.0,6870830.303742169,0.0,0.0,0.0,862761513783.3683,-279.5027727724541,29.943258630756347,47.188151302781435,84.19242029602704,-322.6901955291884,-103.90469608594985,7.864557728539593,88.06722582968503,602.1932519158614,607.2021984210847,3.835671775758027e-05
611,8.603537879677657e-08,1.5e-10,7.925673254149888e-05,6882830.30374217,0.0,0.0,6882830.303742169,0.0,0.0,0.0,862730699331.3322,-273.58264960993654,27.718562847775832,52.104289324083055,80.10239363459328,-319.916207370124,-112.2634441882562,2.8152792306525334,92.95335371856828,593.4988894104524,598.2986858682973,3.844646256046051e-05
612,8.618537879677657e-08,1.5e-10,7.942020302621605e-05,6894830.30374217,0.0,0.0,6894830.303742169,0.0,0.0,0.0,862694513983.2024,-274.1895442859952,33.78696919247587,49.72694507590781,76.13678076690717,-327.5275602201984,-116.66734437334877,-2.934638106314202,88.03578154051598,601.7171359550468,606.6651900320646,3.8537462338965324e-05
613,8.633537879677657e-08,1.5e-10,7.958370474623376e-05,6906830.30374217,0.0,0.0,6906830.303742169,0.0,0.0,0.0,862659841780.4695,-276.1754031527502,41.343485317025554,48.39299611927342,81.65988729040089,-325.60452511954736,-111.92088332297978,-1.561565109227577,79.85608502915132,601.7799580279644,607.5117885909626,3.862858910725397e-05
614,8.648537879677657e-08,1.5e-10,7.974675656889902e-05,6918830.30374217,0.0,0.0,6918830.303742169,0.0,0.0,0.0,862638169235.9128,-284.355051676805,30.01107763865997,42.840184953564574,84.85516099867682,-314.2858532002171,-110.50825147494344,1.7734644672072282,94.4135117757336,598.6409315491783,603.1728295337537,3.871906503168403e-05
615,8.663537879677657e-08,1.5e-10,7.990990956692694e-05,6930830.30374217,0.0,0.0,6930830.303742169,0.0,0.0,0.0,862606856059.9283,-276.48999597447914,38.169574115504005,51.2602347007843,82.11176790135744,-322.842520400527,-106.46567295954368,-0.22096976940363083,86.4090098339884,599.332546076678,604.7649407873045,3.880977977280213e-05
616,8.678537879677656e-08,1.5e-10,8.007221708113928e-05,6942830.30374217,0.0,0.0,6942830.303742169,0.0,0.0,0.0,862595454292.6023,-269.1734414351675,32.15391785233941,52.64658353551636,80.5432708319634,-324.5961088701868,-115.74188985873508,0.13493297631711257,86.47387084392497,593.7695747503415,599.1943837335605,3.8899658930362166e-05
617,8.693537879677656e-08,1.5e-10,8.023615854995306e-05,6954830.30374217,0.0,0.0,6954830.303742169,0.0,0.0,0.0,862565174601.7421,-281.2527065731434,25.984458292478426,54.89977196751549,67.06003361871446,-323.4965846592179,-107.12509831520158,-6.401697371037939,95.11101351944387,604.7493149315553,608.304583042142,3.899090461781849e-05
618,8.708537879677656e-08,1.5e-10,8.03975410246855e-05,6966830.30374217,0.0,0.0,6966830.303742169,0.0,0.0,0.0,862541141637.9247,-256.4376678068454,28.124071722780297,57.00108857046116,78.51535502999634,-331.2472408902502,-112.98280188348052,4.295030672157276,92.15229376578233,587.6849305447683,593.655419401654,3.907995293072874e-05
619,8.723537879677656e-08,1.5e-10,8.055954629648448e-05,6978830.303742169,0.0,0.0,6978830.303742169,0.0,0.0,0.0,862512749216.9386,-277.79759114949337,31.96707217745512,58.13481118836342,72.4882936462365,-313.69635922107005,-111.78301977466501,-4.762823793312601,85.87218498178876,591.4939697120498,595.9068470639216,3.916933895778833e-05
620,8.738537879677656e-08,1.5e-10,8.072363130378165e-05,6990830.303742169,0.0,0.0,6990830.303742169,0.0,0.0,0.0,862459844454.1565,-287.08347795562776,29.093034391543853,43.72242223268861,79.94343811210271,-318.1756283104234,-112.40705976875994,10.385225216568672,86.64603173100261,605.2591288860168,609.7712013931886,3.9260804637997304e-05
621,8.753537879677655e-08,1.5e-10,8.088808039429524e-05,7002830.303742169,0.0,0.0,7002830.303742169,0.0,0.0,0.0,862388283533.3309,-272.2832406086412,49.52576772227518,47.64149133817222,51.80732699377399,-336.24258897777366,-107.23761215123216,-11.384118539273963,57.59185655012235,608.52585968127,613.4736129982857,3.935282567994705e-05
622,8.768537879677655e-08,1.5e-10,8.105100066005764e-05,7014830.303742169,0.0,0.0,7014830.303742169,0.0,0.0,0.0,862392184484.4418,-281.3882642759267,39.03424894940281,54.30664648428524,88.01063949167182,-316.00554013074134,-104.52738427103618,0.7038006934700297,80.75647364428266,597.3938104717732,603.2047889069343,3.944330639828309e-05
623,8.783537879677655e-08,1.5e-10,8.121388773828347e-05,7026830.303742169,0.0,0.0,7026830.303742169,0.0,0.0,0.0,862363198406.2373,-261.022434190722,45.535916104774294,45.75964486465631,67.61773515584869,-336.7938595387869,-93.8653746508221,9.273170670238713,79.51315745190095,597.8163002014446,603.857773883521,3.953388506436562e-05
624,8.798537879677655e-08,1.5e-10,8.137698805668137e-05,7038830.303742169,0.0,0.0,7038830.303742169,0.0,0.0,0.0,862334942084.5463,-282.6898652481093,39.130733408594146,48.32138766721839,75.18805388674144,-316.03095561203725,-104.79858519135331,2.6301263501439216,78.81866187886096,598.7208235450939,603.5592478665743,3.96244189515456e-05
625,8.813537879677655e-08,1.5e-10,8.154137952256513e-05,7050830.303742169,0.0,0.0,7050830.303742169,0.0,0.0,0.0,862285825902.8264,-279.83901889539135,53.90195880838689,48.685866513847955,83.5018115317335,-339.87502353535416,-105.39178084010304,-6.001355962612741,69.59437337777061,601.7169170602468,614.7518552819137,3.9716631729837885e-05
626,8.828537879677654e-08,1.5e-10,8.170446157023053e-05,7062830.303742169,0.0,0.0,7062830.303742169,0.0,0.0,0.0,862000907508.3971,-275.5908635403439,36.53457687766527,52.83116405370166,74.40192242198282,-323.3550689984735,-110.87079119012934,-8.835858140306494,83.55355537043964,598.9534974328546,603.7375143758088,3.980719235699426e-05
627,8.843537879677654e-08,1.5e-10,8.186815780077263e-05,7074830.303742169,0.0,0.0,7074830.303742169,0.0,0.0,0.0,861962595810.661,-263.4280524118786,49.22418921230501,48.48194378010062,53.095208311912224,-340.3151868188223,-112.30657692370386,-18.253263560843422,65.6040717234902,603.7438897938534,609.0963403519482,3.9898556808047054e-05
628,8.858537879677654e-08,1.5e-10,8.20308111306793e-05,7086830.30374217,0.0,0.0,7086830.303742169,0.0,0.0,0.0,861961912331.465,-295.18562996738183,32.739768010080724,56.71112749451978,96.1193625548818,-299.70573033701163,-107.46804825148689,9.885219178896302,93.48691436795053,594.8868423331618,600.8139182973034,3.998867889579165e-05
629,8.873537879677654e-08,1.5e-10,8.219407774879139e-05,7098830.30374217,0.0,0.0,7098830.303742169,0.0,0.0,0.0,861812983551.5272,-270.6354913372305,44.731972686176285,47.748329372177615,70.30842627434025,-329.74681366938495,-117.87340089312205,-10.475483904057427,72.0442123686122,600.3720777206773,605.9620991803857,4.007957321066871e-05
630,8.888537879677654e-08,1.5e-10,8.235667639371211e-05,7110830.30374217,0.0,0.0,7110830.303742169,0.0,0.0,0.0,861814506923.8046,-270.51748689185496,37.21798484629599,57.66740324207174,77.438423891397,-325.04255468615554,-106.96947631108841,-4.898131128298644,85.587784981736,595.5443561079622,600.9433615005148,4.016971471489379e-05
631,8.903537879677653e-08,1.5e-10,8.252237476857062e-05,7122830.30374217,0.0,0.0,7122830.303742169,0.0,0.0,0.0,861752157764.4176,-289.9994830418121,37.445403702666084,41.828448743582285,64.54335272153236,-326.29949761682826,-118.94789851000873,-1.101603071461988,73.16457904600018,616.2788568564948,620.4562509885286,4.0262783152542066e-05
632,8.918537879677653e-08,1.5e-10,8.268496876730094e-05,7134830.30374217,0.0,0.0,7134830.303742169,0.0,0.0,0.0,861737403242.6593,-263.6393365577784,32.920148365087535,50.040693129544714,86.90666271802941,-332.43047473486854,-109.69926592140547,-15.343358075009736,78.2501288929571,596.0438034029671,601.9743321522302,4.03530793023649e-05
633,8.933537879677653e-08,1.5e-10,8.284902807990329e-05,7146830.30374217,0.0,0.0,7146830.303742169,0.0,0.0,0.0,861723017801.8096,-284.8664815285161,30.439450972384435,48.699461387793775,93.15494849415157,-320.3270341225985,-108.21282665344496,-4.664971731842279,85.38403210223652,605.162517292735,610.381234030014,4.04446364874694e-05
634,8.948537879677653e-08,1.5e-10,8.301433483685726e-05,7158830.303742169,0.0,0.0,7158830.303742169,0.0,0.0,0.0,861699767424.9412,-275.75004432747136,32.01815632819845,46.65554067306511,76.05203673266817,-338.3990356826645,-117.44961560060348,-12.67852966023036,79.31324851006399,614.1123295739591,619.0476238182522,4.053749363104214e-05
635,8.963537879677653e-08,1.5e-10,8.317863196940807e-05,7170830.303742169,0.0,0.0,7170830.303742169,0.0,0.0,0.0,861694837602.2076,-286.3227556008203,25.53138863040386,56.66191778653969,100.3770738317113,-320.2285209800105,-113.03419162528797,-5.590311462244818,87.24741488905235,606.5090791657775,612.0693822368465,4.0629304038377665e-05
636,8.978537879677652e-08,1.5e-10,8.334332535075428e-05,7182830.303742169,0.0,0.0,7182830.303742169,0.0,0.0,0.0,861663124316.7855,-284.21915743555775,19.99776220106887,53.699103113435704,74.37198096157869,-325.29191823543516,-120.31173461353471,-6.058445599242678,78.04829157152751,609.4645539468211,613.472707181899,4.072132494445495e-05
637,8.993537879677652e-08,1.5e-10,8.350686038389583e-05,7194830.303742169,0.0,0.0,7194830.303742169,0.0,0.0,0.0,861497253159.0726,-290.38116550515656,25.259882644529352,60.876126306415344,95.18410660943208,-310.7544789911652,-120.43318767410747,-3.444720820758725,86.27174309062687,601.0837527497881,606.4526955461133,4.081229284878687e-05
638,9.008537879677652e-08,1.5e-10,8.367101919551052e-05,7206830.303742169,0.0,0.0,7206830.303742169,0.0,0.0,0.0,861441119423.4811,-280.9455518854073,30.138244126340414,47.28835129351448,85.46291879151957,-325.4749562644504,-105.38719701386161,-20.457329736929566,86.98276319731978,606.3626095319757,610.874287341724,4.090392399188813e-05
639,9.023537879677652e-08,1.5e-10,8.38382081494406e-05,7218830.303742169,0.0,0.0,7218830.303742169,0.0,0.0,0.0,861328737017.8918,-291.6741764128814,23.77528965642511,41.74602820849601,103.97349352115107,-334.45490839208605,-101.05837715535513,1.096358820565162,76.86457807590034,626.065879277259,631.5392186030872,4.099865487467859e-05
640,9.038537879677652e-08,1.5e-10,8.400549770602607e-05,7230830.303742169,0.0,0.0,7230830.303742169,0.0,0.0,0.0,861260488362.7479,-279.3862599220834,37.22281672435749,39.378828881294446,82.6778050741333,-348.23290876306373,-106.04802234276559,-17.588076137328436,65.47002377714053,627.5506684130921,633.1884750450193,4.109363314593534e-05
641,9.053537879677651e-08,1.5e-10,8.417122773494932e-05,7242830.303742169,0.0,0.0,7242830.303742169,0.0,0.0,0.0,861229405295.493,-277.4268136913758,35.582076746505194,46.82986538943977,94.55775753234761,-339.49818855223634,-103.97452026199016,-19.561409344357397,66.69194188676735,616.8508941924471,623.0380676207931,4.118708885607846e-05
642,9.068537879677651e-08,1.5e-10,8.434016939842309e-05,7254830.303742169,0.0,0.0,7254830.303742169,0.0,0.0,0.0,861183242082.2501,-290.2169665663517,36.154841977020524,37.52206672005059,96.23354342869023,-348.0255104287952,-97.94478268902148,-7.810753089590253,71.01682750764346,638.1873023765662,644.048630289148,4.128369615062183e-05
643,9.083537879677651e-08,1.5e-10,8.450676257210118e-05,7266830.303742169,0.0,0.0,7266830.303742169,0.0,0.0,0.0,861126553362.4952,-279.5281847861827,39.00819604169009,47.46875070031043,96.59406786203044,-342.8801897330502,-107.7898250808717,-11.716368283838243,67.18548797427944,622.3497322218724,629.1155057199666,4.1378063476479826e-05
644,9.098537879677651e-08,1.5e-10,8.467374980876234e-05,7278830.303742169,0.0,0.0,7278830.303742169,0.0,0.0,0.0,861083840916.2314,-275.7388009148985,46.930411730688,38.044421027170294,81.98995961253853,-349.72656027017564,-115.75100663420275,-14.34563120764817,68.18348430308986,625.4038018710586,632.0299838175517,4.147286797405246e-05
645,9.113537879677651e-08,1.5e-10,8.483995220078231e-05,7290830.303742169,0.0,0.0,7290830.303742169,0.0,0.0,0.0,861047835051.04,-275.7154651327552,42.930241437173166,39.787166246385574,88.59488444528621,-344.1465580287547,-121.66762326172216,-6.660145187229877,62.788607326165234,619.796711520865,626.9159077678514,4.156690536021764e-05
646,9.12853787967765e-08,1.5e-10,8.500591328431245e-05,7302830.30374217,0.0,0.0,7302830.303742169,0.0,0.0,0.0,861028929033.1317,-277.04361186676664,35.958427711426104,38.42021940461551,94.4198624828786,-341.0776070949567,-111.99807777574507,0.9938206548080396,75.70679220096204,618.0530312611556,624.5057553229015,4.166058122351607e-05
647,9.14353787967765e-08,1.5e-10,8.517116883052085e-05,7314830.30374217,0.0,0.0,7314830.303742169,0.0,0.0,0.0,860996525942.4478,-271.1927279846414,39.84672317764509,40.225161430944254,85.65114764741503,-342.33283980293027,-120.59289986863503,-2.7110087339853632,73.07915421272772,613.4540837867486,620.0916456267594,4.175359497036009e-05
648,9.15853787967765e-08,1.5e-10,8.533372355711376e-05,7326830.30374217,0.0,0.0,7326830.303742169,0.0,0.0,0.0,860951203975.247,-244.02319762754433,29.626577564299215,43.11813685709137,77.68161640742045,-352.37415592294025,-99.53999728714858,-15.730089712697131,79.50200507493057,596.3222016082456,603.1298214312611,4.184406444357478e-05
649,9.17353787967765e-08,1.5e-10,8.550006494088925e-05,7338830.30374217,0.0,0.0,7338830.303742169,0.0,0.0,0.0,860861581798.438,-286.5291383763024,36.2104647445357,50.42565457214255,101.8171528772081,-333.9002371499639,-120.66929282952186,-15.244381702180112,72.57970047908888,620.3507417899775,627.0163928673645,4.1938116902504886e-05
650,9.18853787967765e-08,1.5e-10,8.566869112258652e-05,7350830.30374217,0.0,0.0,7350830.303742169,0.0,0.0,0.0,860780987809.5276,-277.7908774456678,40.920924342323396,50.110954730611034,89.30057717047931,-358.2262450205712,-120.57633303042724,-10.409564800929207,75.94668842688434,635.9344866633222,642.9978268700103,4.203456657653539e-05
651,9.20353787967765e-08,1.5e-10,8.583757203119075e-05,7362830.30374217,0.0,0.0,7362830.303742169,0.0,0.0,0.0,860724269319.4076,-285.0478590917427,51.59483903607883,47.56540156229914,95.3853394593739,-352.82892325943277,-121.2903751768623,-28.819515532194462,61.75083032175555,637.7905607011484,645.6351392947687,4.21314118474296e-05
652,9.218537879677649e-08,1.5e-10,8.600618521026831e-05,7374830.30374217,0.0,0.0,7374830.303742169,0.0,0.0,0.0,860658830375.6697,-282.99471450063186,41.53270221481688,51.84723866159608,83.32272820043258,-352.9797648322146,-116.69508265460618,-19.366367912740056,67.2457023814737,635.8849071753598,642.1707464160419,4.222773745939201e-05
653,9.233537879677649e-08,1.5e-10,8.617265595162437e-05,7386830.30374217,0.0,0.0,7386830.303742169,0.0,0.0,0.0,860604870782.7468,-280.16451440200774,37.940963545781365,62.94334955176645,109.23569404044055,-341.0292620365186,-110.07451684042778,-20.799801491069346,70.30044869760192,621.1027622271295,628.7931646047416,4.232205643408272e-05
654,9.248537879677649e-08,1.5e-10,8.63377383894671e-05,7398830.30374217,0.0,0.0,7398830.303742169,0.0,0.0,0.0,860560459933.1626,-265.21917959333206,49.50296767725131,47.22039727824455,100.09589145824955,-347.289290407033,-119.89482711079341,-24.77483497551304,53.454683625372375,612.4141673722459,621.6382303493825,4.241530216863513e-05
655,9.263537879677649e-08,1.5e-10,8.650810966635875e-05,7410830.30374217,0.0,0.0,7410830.303742169,0.0,0.0,0.0,860402620213.1642,-294.7221937378029,35.54727147503009,46.25135518680608,96.6703054919161,-352.73571504645935,-110.31925032033668,-8.587918452614826,89.71915957879052,647.3592563226767,653.2073972992597,4.251328327823002e-05
656,9.278537879677649e-08,1.5e-10,8.667769649232459e-05,7422830.30374217,0.0,0.0,7422830.303742169,0.0,0.0,0.0,860280797739.0483,-280.281838426534,75.68369677072634,50.79480198411668,99.23235841758769,-362.1971306853327,-86.7389404657211,-27.56886235868525,62.54662554477434,642.3778628434405,652.3057353048654,4.261112913852575e-05
657,9.293537879677648e-08,1.5e-10,8.684587351026823e-05,7434830.30374217,0.0,0.0,7434830.303742169,0.0,0.0,0.0,859991974519.4668,-273.4505907144579,49.60107337953096,56.44914396720277,87.89253406762785,-359.61246510594583,-106.47914256676572,-24.673247133615217,48.52972688566477,632.9589635794408,641.0249955814608,4.2707282887862965e-05
658,9.308537879677648e-08,1.5e-10,8.701606686660537e-05,7446830.30374217,0.0,0.0,7446830.303742169,0.0,0.0,0.0,859910318068.1633,-287.70001201544216,38.86767756217459,51.06703147758141,86.2332347872541,-358.8308553885115,-98.72073558596583,-20.889274489125413,56.68825010156919,646.4235612283424,652.4610500586344,4.2805152045371764e-05
659,9.323537879677648e-08,1.5e-10,8.717995987538352e-05,7458830.30374217,0.0,0.0,7458830.303742169,0.0,0.0,0.0,859891729044.031,-269.61287312538417,35.63033778859373,53.59110683149828,92.43095375426765,-334.8472945282391,-102.25774505048636,-27.477916775112686,56.472868864700494,604.3513840627887,610.8154830024974,4.289677436782214e-05
660,9.338537879677648e-08,1.5e-10,8.735029393611512e-05,7470830.30374217,0.0,0.0,7470830.303742169,0.0,0.0,0.0,859793871786.9938,-291.0015095907075,34.770776814914576,39.81551170771494,82.22324448031844,-356.38712435141645,-109.72910713689811,-9.402473018736108,53.797023197893836,647.2757257599943,652.957375904999,4.2994717974207894e-05
661,9.353537879677648e-08,1.5e-10,8.751258508293507e-05,7482830.30374217,0.0,0.0,7482830.303742169,0.0,0.0,0.0,859788337413.9508,-254.63909653588595,41.46777562932175,70.99407501374203,107.59071133434222,-338.7414163471003,-97.5075555888702,-26.026868850950184,62.07776703863747,593.2646160401442,602.3828225306896,4.30850753975875e-05
662,9.368537879677647e-08,1.5e-10,8.767842540339867e-05,7494830.30374217,0.0,0.0,7494830.303742169,0.0,0.0,0.0,859704185053.2036,-258.0088418719338,29.25505160401619,71.85147531543427,90.12510354379664,-359.22728296690536,-89.71937983992457,-18.809925803849296,39.756122037981264,617.1171444481383,625.154407890643,4.317884855877109e-05
663,9.383537879677647e-08,1.5e-10,8.785116384868013e-05,7506830.30374217,0.0,0.0,7506830.303742169,0.0,0.0,0.0,859569582853.9191,-291.59766496967103,31.500530648344274,45.0570643822758,72.77458470857148,-371.8486219377404,-98.0263950225535,-6.16304038709219,39.77317284870816,663.3402776051262,668.934805535608,4.327918877960143e-05
664,9.398537879677647e-08,1.5e-10,8.801719297783978e-05,7518830.30374217,0.0,0.0,7518830.303742169,0.0,0.0,0.0,859518069723.738,-267.56873921553307,40.28364793312691,71.23114362457137,99.02397212236444,-350.24709240656273,-93.06441742386767,-5.874263488459728,46.51886171313549,617.7106072185203,626.5007379545801,4.337316389029462e-05
665,9.413537879677647e-08,1.5e-10,8.819149356083331e-05,7530830.30374217,0.0,0.0,7530830.303742169,0.0,0.0,0.0,859431830357.3427,-301.05518694947006,25.294470643380308,34.538558585495124,77.20862325159193,-373.19121697680896,-115.75752394977206,-19.736313867992237,33.78031966855516,674.13877727404,679.7509972563929,4.347512653988308e-05
666,9.428537879677647e-08,1.5e-10,8.836172429660749e-05,7542830.30374217,0.0,0.0,7542830.303742169,0.0,0.0,0.0,859311797379.1417,-277.79649711507443,34.763660214024256,44.11899904568276,83.83598372499239,-369.02471343449366,-103.4339038364344,-10.840536812895474,50.45726068203707,646.7109777303089,653.4907037375932,4.357315014544372e-05
667,9.443537879677646e-08,1.5e-10,8.85280357128978e-05,7554830.30374217,0.0,0.0,7554830.303742169,0.0,0.0,0.0,859286855280.5431,-273.3977376987761,38.124661461322106,35.28993169804865,99.53314088196814,-347.0631713186264,-111.77762652095427,-9.230398854929323,55.92678672399273,620.348078002986,627.9092019278772,4.36673365257329e-05
668,9.458537879677646e-08,1.5e-10,8.869805708319937e-05,7566830.30374217,0.0,0.0,7566830.303742169,0.0,0.0,0.0,859222123175.4832,-284.60212139203776,31.448981889111803,40.545137170040334,80.65586464617517,-360.36484639108903,-117.55397406492008,5.07351678456771,56.392099155704585,644.8516607139562,651.0962657522256,4.376500096559573e-05
669,9.473537879677646e-08,1.5e-10,8.886554359593878e-05,7578830.30374217,0.0,0.0,7578830.303742169,0.0,0.0,0.0,859172744358.6633,-273.2784024374433,23.158460717937988,37.519124452870294,70.81479472822971,-354.97738089716654,-110.82928971813983,8.957075744122358,55.19989356106373,628.1377906365395,633.6612817762486,4.386005015786217e-05
670,9.488537879677646e-08,1.5e-10,8.903405870966835e-05,7590830.30374217,0.0,0.0,7590830.303742169,0.0,0.0,0.0,859121539785.8302,-266.45230633374985,36.44692995550868,41.50384068181429,84.75405433794282,-368.8267325284813,-111.03880738558195,-3.8956357284866256,49.94661660061211,635.1582144670447,643.1039850119547,4.395651575561396e-05
671,9.503537879677646e-08,1.5e-10,8.920475306104678e-05,7602830.30374217,0.0,0.0,7602830.303742169,0.0,0.0,0.0,859063309481.7699,-294.8301528092551,37.7169061997649,26.506269557588976,69.53513971615251,-354.8430255007038,-122.182586321909,-2.4197094700673283,43.080323706646546,649.6378005255207,655.2545711218324,4.4054803941282234e-05
672,9.518537879677645e-08,1.5e-10,8.937322065587688e-05,7614830.303742169,0.0,0.0,7614830.303742169,0.0,0.0,0.0,859038977496.7406,-269.79498669207874,38.77830406765528,37.69261458119623,86.5708981943103,-364.96990541929466,-114.43759322169377,-0.2400333475397869,52.906142777296715,634.7298868327065,642.5599919156142,4.415118794006958e-05
673,9.533537879677645e-08,1.5e-10,8.953889143436877e-05,7626830.303742169,0.0,0.0,7626830.303742169,0.0,0.0,0.0,859044939694.5994,-256.10953257342544,38.43535044493653,40.530536286063366,80.80513066088544,-360.3733589312972,-111.04449392127852,-14.533004339314425,46.565609389600496,616.4461089182402,624.4959038984443,4.424486232565434e-05
674,9.548537879677645e-08,1.5e-10,8.970631550575445e-05,7638830.303742169,0.0,0.0,7638830.303742169,0.0,0.0,0.0,859012679884.6785,-259.586702882381,32.727615260387836,35.8334785518104,79.78175671669158,-368.33174066474976,-118.10991148843203,6.5864385094528775,60.512222973365745,627.8800947440569,635.7014979818206,4.434021755035161e-05
675,9.563537879677645e-08,1.5e-10,8.987574118456571e-05,7650830.303742169,0.0,0.0,7650830.303742169,0.0,0.0,0.0,859001980299.6422,-266.5451846352562,41.744331213902996,46.065159303004286,86.36032370574992,-374.56400940263825,-117.79249241895357,-4.489595932298233,53.57127389559103,641.0695013795632,649.8443329937893,4.443769420030068e-05
676,9.578537879677645e-08,1.5e-10,9.004338292609977e-05,7662830.303742169,0.0,0.0,7662830.303742169,0.0,0.0,0.0,858964675646.4847,-273.04541376528675,34.49059391752517,44.25673498707901,81.02924292076898,-355.9361912590511,-117.2558234950469,-0.7812226540395812,48.12552713251369,628.940674896757,636.0386351689199,4.453309999557602e-05
677,9.593537879677644e-08,1.5e-10,9.021199067818244e-05,7674830.303742169,0.0,0.0,7674830.303742169,0.0,0.0,0.0,858796110658.4152,-273.11452722325174,36.865441888080035,51.98051548301082,85.25633259732611,-362.05895529931746,-114.18906508089518,3.436838928665464,52.95307745754231,635.1315192975952,642.8777009016649,4.4629531650711264e-05
678,9.608537879677644e-08,1.5e-10,9.038033020118134e-05,7686830.303742169,0.0,0.0,7686830.303742169,0.0,0.0,0.0,858772901819.2474,-250.52275113800624,35.93632506331277,40.428952672161124,78.6227616524346,-383.8248128053384,-112.80595885731009,-3.4794215610373467,62.89084690871516,634.3045670646711,643.384646413827,4.472603934767334e-05
679,9.623537879677644e-08,1.5e-10,9.054980115163397e-05,7698830.303742169,0.0,0.0,7698830.303742169,0.0,0.0,0.0,858650913016.9817,-273.30054559133407,45.747163585046785,49.635592649415166,88.82776485015226,-367.44240168576374,-99.31809423063928,11.82695804709551,47.39333797175132,640.6988831557986,649.3557238069199,4.482344270624438e-05
680,9.638537879677644e-08,1.5e-10,9.07219851024001e-05,7710830.303742169,0.0,0.0,7710830.303742169,0.0,0.0,0.0,858586551009.8357,-262.10270387158675,29.316181909966797,32.48716072258601,71.80551298154796,-398.0086227653514,-117.56540168399523,1.055177566196125,48.57494694658143,660.0661755000662,668.7556760890063,4.492375605765773e-05
681,9.653537879677644e-08,1.5e-10,9.089155651631884e-05,7722830.303742169,0.0,0.0,7722830.303742169,0.0,0.0,0.0,858506400349.6864,-266.69092574259406,32.993740817278585,26.54597053822986,80.95828903897404,-375.516663158791,-120.77748311786198,12.036871005772165,61.97901869887633,642.1614775061422,649.8582704304207,4.502123479822229e-05
682,9.668537879677643e-08,1.5e-10,9.106263928976958e-05,7734830.303742169,0.0,0.0,7734830.303742169,0.0,0.0,0.0,858457446181.8223,-266.0431594025363,35.96796582298057,17.755056895121623,77.67316140077331,-386.6274013256008,-118.67219729072639,6.623625580764407,48.50264266153265,652.6236856299178,661.006092428933,4.512038571208663e-05
683,9.683537879677643e-08,1.5e-10,9.123109445700338e-05,7746830.30374217,0.0,0.0,7746830.303742169,0.0,0.0,0.0,858402810253.4886,-246.71693118233603,34.82420615581393,13.314647881341632,83.34062359823788,-388.8765788786514,-104.84884290680452,3.6013088644834714,68.17222388298298,635.5460188049084,644.8824726177564,4.521711808297929e-05
684,9.698537879677643e-08,1.5e-10,9.140175915821886e-05,7758830.30374217,0.0,0.0,7758830.303742169,0.0,0.0,0.0,858360976090.506,-262.7513204256294,31.982008370543376,29.016700505453784,79.54979818665672,-386.79185540894133,-111.28769291793809,12.802437031141944,53.11806398697285,649.4952058498682,657.9139574707103,4.5315805176599896e-05
685,9.713537879677643e-08,1.5e-10,9.157219892346456e-05,7770830.30374217,0.0,0.0,7770830.303742169,0.0,0.0,0.0,858307306110.2932,-273.03860553328633,40.207766650340005,17.03016914975189,82.0008117863967,-374.9501882898388,-109.0765758925495,16.449481569957644,68.24580843183533,647.9404858492584,655.1468459444068,4.5414077203491554e-05
686,9.728537879677643e-08,1.5e-10,9.174118159294306e-05,7782830.30374217,0.0,0.0,7782830.303742169,0.0,0.0,0.0,858183447563.009,-267.8729967521197,47.34998012786597,19.195296800681497,71.59945601516475,-370.3806596301566,-114.41960163105743,14.153257887262264,65.88095159196884,638.2051858858218,645.5241705836975,4.551090582907911e-05
687,9.743537879677642e-08,1.5e-10,9.191192587402641e-05,7794830.30374217,0.0,0.0,7794830.303742169,0.0,0.0,0.0,857993343184.2079,-272.6425221726774,43.38785529724278,12.38351420562705,77.93886712237907,-377.4562413328242,-105.20613697085292,17.668880808807508,63.34844005992725,650.0499766060341,657.2974083361995,4.560950044032954e-05
688,9.758537879677642e-08,1.5e-10,9.208032583091631e-05,7806830.30374217,0.0,0.0,7806830.303742169,0.0,0.0,0.0,857839595838.9994,-266.78053083906843,48.63652082759485,19.248738885912857,86.76519963637409,-367.4385147202325,-107.04168625356179,15.281005217575528,77.3586642507981,634.1700773257127,642.1620284495816,4.5705824744596975e-05
689,9.773537879677642e-08,1.5e-10,9.224753579443543e-05,7818830.30374217,0.0,0.0,7818830.303742169,0.0,0.0,0.0,857681113415.2655,-226.09671929068023,66.92107776476925,29.989102657563862,76.12414717782471,-400.5340925271993,-111.14503503296375,8.847355306994972,55.164053572142585,626.5819607557424,641.1990215530172,4.580200459782993e-05
690,9.788537879677642e-08,1.5e-10,9.241837287663363e-05,7830830.30374217,0.0,0.0,7830830.303742169,0.0,0.0,0.0,857471707326.5583,-276.71800212857005,27.24391151055826,30.228156315412136,62.78650800290101,-373.5735801611558,-121.57319803842782,22.845528704788837,63.244505016522496,650.2423211199924,656.306540739658,4.5900450578940875e-05
691,9.803537879677642e-08,1.5e-10,9.258709446279079e-05,7842830.30374217,0.0,0.0,7842830.303742169,0.0,0.0,0.0,857376269988.4615,-258.3968731669005,44.46463729329323,34.994224395660325,80.38428039898967,-377.8724637081025,-113.51380480421405,9.731807990585992,64.22374234711585,636.2042824638165,645.1465064391961,4.5997222554906755e-05
692,9.818537879677641e-08,1.5e-10,9.275895672119846e-05,7854830.30374217,0.0,0.0,7854830.303742169,0.0,0.0,0.0,857218198515.8734,-274.3796093941743,48.05283575798503,20.612349003241953,71.18969419375553,-382.81532824002295,-124.73946900989212,19.401057761206694,60.62324726064535,657.1530381567933,665.1552364805847,4.609699584037884e-05
693,9.833537879677641e-08,1.5e-10,9.29301605257955e-05,7866830.30374217,0.0,0.0,7866830.303742169,0.0,0.0,0.0,857070067628.5607,-280.95688011243664,44.35436719629669,17.749555687899115,73.04249776112015,-371.68538217868337,-125.07777573623068,22.637034680763843,62.94821589536888,652.6123355476484,659.6090982349632,4.619593720511409e-05
694,9.848537879677641e-08,1.5e-10,9.31028978262902e-05,7878830.303742169,0.0,0.0,7878830.303742169,0.0,0.0,0.0,856848975582.0187,-281.56180900719005,51.04593721789169,14.601158261041691,64.37658027156543,-381.56552627642833,-117.50978431495577,20.257725122562615,62.55249227866031,663.0861197531124,669.9907496696787,4.629643581756454e-05
695,9.863537879677641e-08,1.5e-10,9.326948567066505e-05,7890830.303742169,0.0,0.0,7890830.303742169,0.0,0.0,0.0,856691788522.0695,-275.24751296895613,83.66521885053348,2.018927339857336,80.21051093413128,-346.6280414177831,-102.06383986479038,10.591813751760242,49.920797754032414,621.8383878366457,631.1163465383927,4.6391103269545296e-05
696,9.878537879677641e-08,1.5e-10,9.344223135157751e-05,7902830.303742169,0.0,0.0,7902830.303742169,0.0,0.0,0.0,856428356095.6711,-296.4735785791027,65.25394348077145,6.632645430881562,60.45538352411651,-366.35227285638985,-103.47742960312644,29.512315600037084,53.161671101652736,662.7333301888744,668.9028439140925,4.649143869613241e-05
697,9.89353787967764e-08,1.5e-10,9.361330079447971e-05,7914830.303742169,0.0,0.0,7914830.303742169,0.0,0.0,0.0,856332339170.8899,-287.53158744883666,66.06555159378206,10.267822260198987,67.13408822992703,-363.92582347010926,-92.27662031435682,33.49444197299439,54.17357303554997,651.4166815849171,658.2880184399058,4.6590181898898395e-05
698,9.90853787967764e-08,1.5e-10,9.378312588952399e-05,7926830.303742169,0.0,0.0,7926830.303742169,0.0,0.0,0.0,856228555237.7426,-282.5081122824137,69.68067895886593,11.465641989964151,64.46661808614688,-360.63497504280804,-91.07030996860831,33.57501584620092,58.18820554815105,643.0993431044732,650.127105166296,4.668770096467334e-05
699,9.92353787967764e-08,1.5e-10,9.395140509224331e-05,7938830.303742169,0.0,0.0,7938830.303742169,0.0,0.0,0.0,856036024747.0115,-276.0758494037239,60.68755989844058,22.391435158537043,57.6813806519492,-356.70500267780164,-108.94954150427446,28.290825814526833,58.17367259933876,632.7372556829654,639.4746862606712,4.678362216761244e-05
700,9.93853787967764e-08,1.5e-10,9.41215618184879e-05,7950830.303742169,0.0,0.0,7950830.303742169,0.0,0.0,0.0,855841907754.513,-284.35804908971306,72.22325113278363,11.42426546483,69.90602725326994,-361.129035425558,-91.50266746230322,24.443830102301757,66.70532875319789,645.4435003686388,652.6469553585748,4.6881519210916225e-05
701,9.95353787967764e-08,1.5e-10,9.429024244392002e-05,7962830.303742169,0.0,0.0,7962830.303742169,0.0,0.0,0.0,855481311760.042,-280.0836059594357,76.06316389043818,15.126385746692833,42.80058222618939,-355.5854698570801,-95.2452405942712,27.260046286231123,64.02473942186961,635.6258078205317,641.5387647397114,4.6977750025627184e-05
702,9.96853787967764e-08,1.5e-10,9.446096639886566e-05,7974830.303742169,0.0,0.0,7974830.303742169,0.0,0.0,0.0,854990648049.0425,-290.8362847947193,81.43201881009567,21.9005145167314,50.45360070852002,-357.8012132297075,-105.89899016354552,37.472723476631984,59.061828161526215,648.5943722912064,655.6617376842443,4.707609928627982e-05
703,9.983537879677639e-08,1.5e-10,9.46325668313974e-05,7986830.303742169,0.0,0.0,7986830.303742169,0.0,0.0,0.0,854858852404.5948,-305.61124587427565,67.41123113082003,14.861992996907297,54.117943306577835,-348.80418731078936,-109.34672289704675,45.524507658794995,72.8210198682334,654.3724277462995,659.8691118831906,4.71750796530623e-05
704,9.998537879677639e-08,1.5e-10,9.48058140335319e-05,7998830.303742169,0.0,0.0,7998830.303742169,0.0,0.0,0.0,854739274115.7506,-284.7844985165713,105.7209567987554,6.773938365403271,46.50589695863055,-381.2976138634486,-95.95060831926682,27.33897887043732,54.35179470072473,666.0392156099614,674.849070224579,4.727630701359598e-05
705,1.0013537879677639e-07,1.5e-10,9.497798674216281e-05,8010830.303742169,0.0,0.0,8010830.303742169,0.0,0.0,0.0,854481748561.325,-290.36919834172204,79.05080979745318,14.013469118153527,44.349271474819915,-368.41392863483946,-107.20170946299474,29.11554516090526,53.447457973431014,658.740342539729,665.3172370075674,4.7376104599147115e-05
706,1.0028537879677639e-07,1.5e-10,9.515313894365452e-05,8022830.303742169,0.0,0.0,8022830.303742169,0.0,0.0,0.0,854320023177.0027,-321.9268139299005,77.55119603329851,11.716812097991122,32.991434031385126,-356.5545355378685,-131.30352872077967,26.627747271473535,62.26999813777053,678.4385270049773,683.2640527078682,4.7478594207053294e-05
707,1.0043537879677639e-07,1.5e-10,9.532360813078205e-05,8034830.303742169,0.0,0.0,8034830.303742169,0.0,0.0,0.0,854205096201.668,-284.03615967601576,79.25790856598134,26.490442585320647,42.20868407782703,-363.30301812202856,-112.0700079848755,22.949445949015793,70.60368611036425,647.2979553419282,653.7681606136371,4.757665943114534e-05
708,1.0058537879677638e-07,1.5e-10,9.549773129679281e-05,8046830.303742169,0.0,0.0,8046830.303742169,0.0,0.0,0.0,854040454109.9868,-313.42489880030115,75.16621749012766,26.59914867992417,46.27841526233206,-357.76193042653455,-124.72811399658845,31.59093555252039,70.99770224970067,671.1445838777091,676.8430342188196,4.7678185886278165e-05
709,1.0073537879677638e-07,1.5e-10,9.566928127501589e-05,8058830.303742169,0.0,0.0,8058830.303742169,0.0,0.0,0.0,853887315723.1117,-291.4457468126684,66.34607179720695,25.947962845615685,30.418010252436957,-363.0435235018316,-125.60622418322471,31.17867273594036,69.5911204793834,654.4462998468557,659.759248327461,4.777714977352729e-05
710,1.0088537879677638e-07,1.5e-10,9.583443949925337e-05,8070830.303742169,0.0,0.0,8070830.303742169,0.0,0.0,0.0,853779025824.9698,-251.85841763497376,80.88793392256426,40.941083920014435,43.74979735590823,-359.93862676875113,-133.32206136075234,14.528666039531467,66.51962581314382,611.7578327954968,621.1672533048117,4.787032486152301e-05
711,1.0103537879677638e-07,1.5e-10,9.600930913715257e-05,8082830.303742169,0.0,0.0,8082830.303742169,0.0,0.0,0.0,853631485220.1102,-310.96385216818567,86.76907768263935,14.396042346979383,51.78409470762694,-365.2156226361586,-116.53816020489886,38.863474756197405,69.12391153534588,676.1395700018454,682.8306382768029,4.797274945726453e-05
712,1.0118537879677638e-07,1.5e-10,9.618194358338036e-05,8094830.303742169,0.0,0.0,8094830.303742169,0.0,0.0,0.0,853067124581.5427,-301.49222541035493,84.57912054667509,22.83936837378839,39.6804768664625,-359.8886994688152,-129.77395731341474,30.31018201526983,70.61702459254647,661.341074995514,667.6685245124027,4.8072899735941394e-05
713,1.0133537879677637e-07,1.5e-10,9.6351150308265e-05,8106830.303742169,0.0,0.0,8106830.303742169,0.0,0.0,0.0,852962764911.6388,-273.3033989031613,94.62296406788471,23.896597890864957,39.4241685456312,-365.567440156791,-128.03587360106874,19.123731061479667,67.93541666532656,638.8317429358767,647.1249341674186,4.8169968476066506e-05
714,1.0148537879677637e-07,1.5e-10,9.652204626106165e-05,8118830.303742169,0.0,0.0,8118830.303742169,0.0,0.0,0.0,852864864629.7312,-290.9176934185487,83.39656734517807,23.466710974497115,44.2962664958845,-358.9170469591747,-132.84519480547397,28.778706016804275,77.93101489960982,649.7957350084544,656.6147289747545,4.826846068541272e-05
715,1.0163537879677637e-07,1.5e-10,9.669345293792488e-05,8130830.303742169,0.0,0.0,8130830.303742169,0.0,0.0,0.0,852610629451.6141,-291.32842622943264,101.03595951942778,16.86356972139951,36.591366631399936,-361.9578283662985,-121.96847535556037,29.626192509880983,69.19045866371019,653.2469250979467,660.5862626312697,4.8367548624807415e-05
716,1.0178537879677637e-07,1.5e-10,9.686460622781492e-05,8142830.303742169,0.0,0.0,8142830.303742169,0.0,0.0,0.0,852498204337.6462,-289.1382443289044,95.63795546542399,25.92229421547629,39.9343480902479,-362.419399251628,-121.94663323962567,25.31409970643272,76.89588628817478,651.5180395133485,658.7573123065516,4.8466362221653394e-05
717,1.0193537879677637e-07,1.5e-10,9.703527674189571e-05,8154830.303742169,0.0,0.0,8154830.303742169,0.0,0.0,0.0,852159120265.8529,-285.1204522305831,93.80945002828078,25.497761703741222,34.43866844017494,-363.1699085043632,-128.9092758846783,30.27590944599535,74.34053674450833,648.2507133968868,655.5827214169063,4.856469962986593e-05
718,1.0208537879677636e-07,1.5e-10,9.720315453906626e-05,8166830.303742169,0.0,0.0,8166830.303742169,0.0,0.0,0.0,852076117061.2391,-288.43640713131987,100.80362610996929,27.542407993441262,40.55790847318674,-340.7103198859768,-130.66946001665613,36.2096661988109,78.90902664842979,629.1071869167336,636.8768651834816,4.866023115964345e-05
719,1.0223537879677636e-07,1.5e-10,9.737489971111315e-05,8178830.303742169,0.0,0.0,8178830.303742169,0.0,0.0,0.0,851977103793.3093,-291.89682503339174,93.14530344032796,20.905231589701035,30.790570721023407,-363.6607835480838,-122.91747004726695,31.082128325134455,74.28232949766648,655.5180291951929,662.002462357453,4.8759531528997064e-05
720,1.0238537879677636e-07,1.5e-10,9.754561760583838e-05,8190830.30374217,0.0,0.0,8190830.303742169,0.0,0.0,0.0,851889037031.9863,-284.2070091168004,89.72193074293914,27.178072913444176,28.061507229326907,-364.6289533615268,-121.45866756523395,24.315802264918656,73.35725971453152,648.7962548360634,655.2778695023342,4.885782320942241e-05
721,1.0253537879677636e-07,1.5e-10,9.771851058737915e-05,8202830.30374217,0.0,0.0,8202830.303742169,0.0,0.0,0.0,851787051397.2479,-305.24163588649975,82.34833385331224,17.452018761146707,24.907625259902176,-358.0480681246884,-122.73147840644452,32.86478840025712,75.26497094439036,663.2501263378882,668.0398945388127,4.895802919360323e-05
722,1.0268537879677636e-07,1.5e-10,9.788856743707025e-05,8214830.30374217,0.0,0.0,8214830.303742169,0.0,0.0,0.0,851474345612.6267,-288.89459153542003,90.61981024060276,23.94350116299627,29.18980298288632,-355.2947071697631,-122.28604582548029,35.0641646924076,88.67118237727634,644.150171987891,650.1830314513228,4.905555664832093e-05
723,1.0283537879677635e-07,1.5e-10,9.805754975686769e-05,8226830.30374217,0.0,0.0,8226830.303742169,0.0,0.0,0.0,851383938288.2664,-288.7117203582109,87.87643301377223,25.147012002086043,30.919054778781945,-348.15350712043966,-123.17905262754222,36.71279968327697,80.93669420467495,636.8260124727415,642.8967790077268,4.9151991165172084e-05
724,1.0298537879677635e-07,1.5e-10,9.822602847427397e-05,8238830.30374217,0.0,0.0,8238830.303742169,0.0,0.0,0.0,851302183173.3835,-298.4179819012338,93.57552744365287,33.9937095838755,17.254857377577775,-334.75082838440716,-120.17743210971801,38.30905599476241,73.83467290017444,633.1298021723104,638.6413250776205,4.924778736393373e-05
725,1.0313537879677635e-07,1.5e-10,9.839564149326734e-05,8250830.30374217,0.0,0.0,8250830.303742169,0.0,0.0,0.0,851163257285.7694,-300.596346890519,83.28333769004014,11.557159867821829,30.39442989324198,-340.5696134477034,-124.15463776568826,44.68294985558493,91.75397896536525,641.1136863805993,645.982599337331,4.9344684753834324e-05
726,1.0328537879677635e-07,1.5e-10,9.856491434117427e-05,8262830.303742169,0.0,0.0,8262830.303742169,0.0,0.0,0.0,851083888746.6093,-292.8763749112515,93.9063789309577,11.865304289039543,27.373941648984633,-346.04702418047526,-126.17581247888927,38.54327274792909,74.87478078267208,638.8834758464354,644.7935473006959,4.9441403785929426e-05
727,1.0343537879677635e-07,1.5e-10,9.873039280785334e-05,8274830.303742169,0.0,0.0,8274830.303742169,0.0,0.0,0.0,850998950482.0144,-294.4626078534248,99.93499044039748,2.2935556014717147,37.462591115503244,-319.28177067077047,-123.22361200045512,26.95565106135443,82.88607800533356,613.7038903626819,619.6568435465467,4.953435231246141e-05
728,1.0358537879677634e-07,1.5e-10,9.889923803712486e-05,8286830.303742169,0.0,0.0,8286830.303742169,0.0,0.0,0.0,850896804831.8691,-280.8008601429145,109.6655484823638,-1.4952399643314773,18.347607092072035,-355.79058200239945,-126.82937516027286,28.865253236020628,65.28840628802982,636.5505341621785,643.4772889434079,4.963087390580292e-05
729,1.0373537879677634e-07,1.5e-10,9.906380493325392e-05,8298830.303742169,0.0,0.0,8298830.303742169,0.0,0.0,0.0,850833656441.3322,-283.18609916920894,78.61094319998335,17.884414335664406,53.06607290683893,-323.51721108628243,-137.5503109747543,57.43116226093881,80.21293475156726,606.6619473509962,614.2995440206347,4.972301883740601e-05
730,1.0388537879677634e-07,1.5e-10,9.923017023631278e-05,8310830.303742169,0.0,0.0,8310830.303742169,0.0,0.0,0.0,850761818724.3868,-294.0366441201256,94.49050815637682,9.44062393765535,36.22228599958829,-325.177054935567,-128.6489482251213,42.798897294607,81.66920413599948,619.1723617256689,625.344186781218,4.9816820465423193e-05
731,1.0403537879677634e-07,1.5e-10,9.939735599067057e-05,8322830.303742169,0.0,0.0,8322830.303742169,0.0,0.0,0.0,850671875533.8479,-287.8528473109578,95.03980983291855,23.307420249970317,27.41285716777554,-336.55727671543764,-136.40363999610122,50.69521139818279,89.09385782719508,624.3686481547298,631.0419433135193,4.991147675692022e-05
732,1.0418537879677634e-07,1.5e-10,9.956792274470648e-05,8334830.303742169,0.0,0.0,8334830.303742169,0.0,0.0,0.0,850560394899.854,-304.1807780117428,100.12005614890082,5.366269092614972,22.524142670530455,-342.76113787150257,-146.12836095112817,63.35865977055042,84.88323111329527,646.9003258506866,653.3243276110271,5.000947540606188e-05
733,1.0433537879677633e-07,1.5e-10,9.973800889241785e-05,8346830.303742169,0.0,0.0,8346830.303742169,0.0,0.0,0.0,850445366515.1133,-296.1713529471463,99.75914409344652,15.371018755026245,18.282438015683482,-347.5735626097185,-151.46375504339903,59.364511994803884,92.42178509932239,643.7034134505208,650.3237761088386,5.0107023972478204e-05
734,1.0448537879677633e-07,1.5e-10,9.99111027719218e-05,8358830.303742169,0.0,0.0,8358830.303742169,0.0,0.0,0.0,850294867774.5791,-312.65480772228597,95.31902419704916,19.49053736484715,8.945482201888153,-350.8379536968286,-150.51386053538496,73.27226895205271,93.87667991931788,663.4506859115297,669.5018093387479,5.020744924387902e-05
735,1.0463537879677633e-07,1.5e-10,0.00010008406830979951,8370830.303742169,0.0,0.0,8370830.303742169,0.0,0.0,0.0,849729462724.1099,-290.555263925151,94.28493018606484,29.181929782857477,11.771329053318546,-372.558844725695,-140.46542818803164,55.89455373625069,91.64752870643674,663.0727006245932,669.9862800746304,5.030794718589021e-05
736,1.0478537879677633e-07,1.5e-10,0.00010025795546819149,8382830.303742169,0.0,0.0,8382830.303742169,0.0,0.0,0.0,849583982148.6812,-306.4532801420612,106.45159094724545,25.70428826024158,0.8603170724734303,-362.6163513464887,-150.2828533005888,53.86064695330999,77.77823041252192,669.0281861191618,675.5514376787897,5.040927990154203e-05
737,1.0493537879677633e-07,1.5e-10,0.000100429659124817,8394830.30374217,0.0,0.0,8394830.30374217,0.0,0.0,0.0,849461957804.4066,-295.5618740693494,92.54884089047947,33.273958334169,24.219521542587945,-358.6464013463185,-145.8432748080777,60.06054478119059,90.1214891292587,654.1664567462738,661.636035093912,5.050852530680612e-05
738,1.0508537879677632e-07,1.5e-10,0.00010060140691106494,8406830.30374217,0.0,0.0,8406830.30374217,0.0,0.0,0.0,849336660386.3237,-298.3193203636239,91.06487473862127,25.52719301274374,22.023362639567477,-356.1528676392129,-151.88144013398775,66.88715301284854,86.32335683458855,654.4306627416421,661.7816285863393,5.0607792551094074e-05
739,1.0523537879677632e-07,1.5e-10,0.00010076965341964424,8418830.30374217,0.0,0.0,8418830.30374217,0.0,0.0,0.0,849212859104.0953,-274.25154289030155,111.69710318772148,31.09141238469177,2.852480681608391,-357.2095616171671,-134.10032247226172,54.31214980157319,79.97479511561345,631.4201403100767,639.3624154488199,5.07036969134114e-05
740,1.0538537879677632e-07,1.5e-10,0.000100938889943645,8430830.30374217,0.0,0.0,8430830.30374217,0.0,0.0,0.0,849102671281.5878,-294.23539295780563,97.63272062232139,26.391819320780005,12.519428366372672,-343.36650654723275,-149.40357483582758,68.11287243104813,78.73994167905065,637.5610636816921,644.9744827411605,5.080044308582257e-05
741,1.0553537879677632e-07,1.5e-10,0.00010110878016241646,8442830.30374217,0.0,0.0,8442830.30374217,0.0,0.0,0.0,849010225095.3702,-292.944346048798,100.66972950651218,28.43173945041911,4.082074861186211,-349.31680459796274,-140.1372163821334,61.20854370584478,85.21814296750954,642.2204612318808,648.7413215527697,5.089775428405549e-05
742,1.0568537879677632e-07,1.5e-10,0.00010127502671798624,8454830.30374217,0.0,0.0,8454830.30374217,0.0,0.0,0.0,848920614104.5175,-294.5973549750567,97.80966668861453,29.355441040759427,9.02054979633152,-323.1260421457926,-142.2610602725996,61.043179749521244,88.02514720531686,617.6827992132406,623.9621522419621,5.099134860689178e-05
743,1.0583537879677631e-07,1.5e-10,0.00010144481188539554,8466830.30374217,0.0,0.0,8466830.30374217,0.0,0.0,0.0,848780615537.1631,-302.3096738855575,95.79298661320358,34.9042969761923,5.870460478142563,-338.9877802664694,-150.1331449031848,61.717424989062444,93.79397965375968,641.2568839682573,647.5270408340608,5.108847766301689e-05
744,1.0598537879677631e-07,1.5e-10,0.0001016133289833295,8478830.30374217,0.0,0.0,8478830.30374217,0.0,0.0,0.0,848692394730.4114,-290.3933615554056,100.42822286034564,37.48280751682344,5.643092195472685,-342.5345872336613,-150.73897848568214,54.00474057257282,82.95023938577884,632.8873152616377,639.9545848192586,5.1184470850739776e-05
745,1.0613537879677631e-07,1.5e-10,0.00010177914252921365,8490830.30374217,0.0,0.0,8490830.30374217,0.0,0.0,0.0,848636230487.3904,-275.199962091882,88.88883403117222,37.45009204935783,1.0923118859199912,-340.02304596122104,-139.12998437042407,56.790381180855036,96.04800788735957,615.1827536638334,621.4056519333052,5.127768169852977e-05
746,1.0628537879677631e-07,1.5e-10,0.00010194745857716705,8502830.30374217,0.0,0.0,8502830.30374217,0.0,0.0,0.0,848568254533.0381,-299.19241609477206,99.6804756585784,37.15752709869761,12.534590062323167,-332.32407003317644,-149.4703687766495,51.77232158108186,95.73547829174338,631.4763645522808,637.9194709200619,5.1373369619167776e-05
747,1.064353787967763e-07,1.5e-10,0.00010211795196808719,8514830.30374217,0.0,0.0,8514830.30374217,0.0,0.0,0.0,848487498471.7521,-305.0856335494678,98.12401321995627,36.72792047193609,2.484853935237336,-340.92159894699955,-157.42028863373383,57.38898907615825,89.94605490057172,645.9671243094089,652.3520320762059,5.147122242397921e-05
748,1.065853787967763e-07,1.5e-10,0.00010228691585686683,8526830.30374217,0.0,0.0,8526830.30374217,0.0,0.0,0.0,848411279977.0383,-290.75378305519007,84.9035485477527,36.893241989259884,17.95099136326968,-345.0228380052427,-163.70719218188384,61.83912563312066,95.90603709014594,635.7366845300413,643.0146291117319,5.1567674618345964e-05
749,1.067353787967763e-07,1.5e-10,0.00010245580479100579,8538830.30374217,0.0,0.0,8538830.30374217,0.0,0.0,0.0,848338518551.9794,-288.7431395607384,90.14869717309487,26.206967646167385,27.754027144877558,-346.42554064723333,-159.12677761053246,69.68314125453855,90.4269141369159,635.12887693876,643.2623956528429,5.166416397769389e-05
750,1.068853787967763e-07,1.5e-10,0.00010262534714972983,8550830.30374217,0.0,0.0,8550830.30374217,0.0,0.0,0.0,848011436889.9645,-288.01091006566736,92.37195806726847,31.36741070337003,11.487591662524572,-351.7934875780392,-165.27596080230657,59.961114935764414,91.79009274305115,639.7647074895898,647.184549879127,5.176124166017576e-05
751,1.070353787967763e-07,1.5e-10,0.00010279170654279434,8562830.30374217,0.0,0.0,8562830.30374217,0.0,0.0,0.0,847940712626.1066,-297.687791184088,80.51052355164282,19.16869080779941,12.330903775795115,-321.269088852782,-159.64182041933347,52.97379001217297,100.91757984510801,618.9172694750525,623.7129346239611,5.1854798600369355e-05
752,1.071853787967763e-07,1.5e-10,0.00010295979708569503,8574830.30374217,0.0,0.0,8574830.30374217,0.0,0.0,0.0,847847469314.0791,-294.78047605635044,84.3414893100311,34.40880306984658,22.22174654733777,-335.0724285793963,-162.01795812727835,62.61739318786025,99.10228156364755,629.8250939187164,636.7693483854621,5.195031400262717e-05
753,1.073353787967763e-07,1.5e-10,0.00010312760855378603,8586830.30374217,0.0,0.0,8586830.30374217,0.0,0.0,0.0,847705545861.8073,-279.5981050097908,95.02516740149689,34.658875183433025,16.873837845154174,-348.771969250404,-155.44548149522228,50.94852906006325,94.7500111664075,628.330715751313,635.8110058782645,5.204568565350891e-05
754,1.0748537879677629e-07,1.5e-10,0.00010329810896226891,8598830.30374217,0.0,0.0,8598830.30374217,0.0,0.0,0.0,847450872073.8766,-305.60867368948703,80.29702336698146,25.36186310932326,6.577818083840985,-340.4364883251543,-166.08681480930835,74.81613196598455,98.88515014935216,646.0058797163687,652.0054840767682,5.2143486476120426e-05
755,1.0763537879677629e-07,1.5e-10,0.000103470014163683,8610830.30374217,0.0,0.0,8610830.30374217,0.0,0.0,0.0,847227382559.2756,-294.40684086360454,80.72798743386501,30.875590731771982,19.36268624364187,-361.3066967084416,-151.91343046415193,61.041868626345305,99.24699512277778,655.674185867091,662.1917712656679,5.2242815241810276e-05
756,1.0778537879677629e-07,1.5e-10,0.00010363943073257695,8622830.30374217,0.0,0.0,8622830.30374217,0.0,0.0,0.0,846775958385.0688,-285.6078656295842,98.0033514296606,29.979731251399755,17.060153387121993,-353.35838246727263,-142.49233275949823,60.01064548568885,90.27454103525127,638.9268735000877,646.371326178821,5.23397709407371e-05
757,1.0793537879677629e-07,1.5e-10,0.00010381129628384637,8634830.30374217,0.0,0.0,8634830.30374217,0.0,0.0,0.0,846576110991.0498,-321.6511066047954,85.26222243313137,28.002849866158197,15.535560222012816,-332.999458398762,-147.9151289334657,81.83952046566777,86.493177741565,654.6104948219842,661.2423011792804,5.243895728591399e-05
758,1.0808537879677628e-07,1.5e-10,0.00010397988113367831,8646830.30374217,0.0,0.0,8646830.30374217,0.0,0.0,0.0,846396467110.0748,-307.7110841619138,90.33474229709716,39.45118327894964,24.72477915967213,-324.8298410421803,-135.06719330205559,79.76451214585175,98.44587227915902,632.5014445614993,640.13264909363,5.2534977183278036e-05
759,1.0823537879677628e-07,1.5e-10,0.00010415090172798479,8658830.30374217,0.0,0.0,8658830.30374217,0.0,0.0,0.0,846219222510.8634,-306.6425734372376,89.84323143355057,32.305630420918575,22.965988701818443,-342.5757198227718,-137.30952794567918,69.63941087833611,83.21720844300147,649.1792533203959,656.1726601584104,5.26334030823018e-05
760,1.0838537879677628e-07,1.5e-10,0.00010432090454795998,8670830.30374217,0.0,0.0,8670830.30374217,0.0,0.0,0.0,846060543070.0214,-309.43015531677406,95.26548684875324,49.257797012139505,26.117393451921423,-332.5580761478672,-142.21186620341868,61.4181490785283,78.41504277436974,641.9491711861548,650.1113417938599,5.273091978357088e-05
761,1.0853537879677628e-07,1.5e-10,0.0001044932109998347,8682830.30374217,0.0,0.0,8682830.30374217,0.0,0.0,0.0,845927392442.6935,-315.6486238470234,93.85442041488442,32.25067065304192,15.068855799740012,-342.4223574470522,-122.74336463924803,58.830024202082896,75.6902735022363,658.0316913039485,663.8673635637042,5.283049988810544e-05
762,1.0868537879677628e-07,1.5e-10,0.00010466098183964017,8694830.30374217,0.0,0.0,8694830.30374217,0.0,0.0,0.0,845818948313.2465,-287.2738825311038,97.93563539087371,37.67448725703432,15.042966458498075,-340.49574617188716,-132.6213295709245,55.317316693747856,70.72747556750434,627.7306583416173,635.1538715346977,5.2925772968835645e-05
763,1.0883537879677628e-07,1.5e-10,0.00010482817585092756,8706830.30374217,0.0,0.0,8706830.30374217,0.0,0.0,0.0,845730442531.517,-303.03713940510835,98.33047857537771,36.25560279399753,31.2516207724642,-320.2960402296161,-128.3186183578958,67.95487352985175,81.16626678032887,623.2946340995097,631.323797637953,5.302047153848134e-05
764,1.0898537879677627e-07,1.5e-10,0.0001049973105978949,8718830.30374217,0.0,0.0,8718830.30374217,0.0,0.0,0.0,845484838939.842,-296.7610747770041,95.90534333938436,37.448718485516046,30.436748345022316,-339.71748685133565,-124.03286540508826,67.35603437659555,81.06048111904639,636.4401939775516,644.4262150513053,5.311713547073904e-05
765,1.0913537879677627e-07,1.5e-10,0.00010516718518774009,8730830.30374217,0.0,0.0,8730830.30374217,0.0,0.0,0.0,845330074130.283,-306.50698675754256,94.13663732969592,45.68201284259988,32.58926659304022,-334.4187471125419,-136.94369622196447,76.15829073288195,92.26268548676764,640.8874241357631,649.599658906542,5.321457541957502e-05
766,1.0928537879677627e-07,1.5e-10,0.0001053376026940479,8742830.30374217,0.0,0.0,8742830.30374217,0.0,0.0,0.0,845227417171.6809,-312.89278059363653,95.69360446016799,40.97728374628503,35.414425637933164,-331.92338160647046,-127.97910036803434,64.50895022271604,84.82162352992933,644.7780317791285,652.6373919871884,5.33124710283731e-05
767,1.0943537879677627e-07,1.5e-10,0.00010550655330423586,8754830.30374217,0.0,0.0,8754830.30374217,0.0,0.0,0.0,844969147234.6836,-287.01529207489654,99.05991306692854,55.88794249542117,15.032282334967482,-348.54328216208324,-137.26159266330683,42.4487693928587,80.65161811245187,635.5205268202454,643.2689696763316,5.340896137382455e-05
768,1.0958537879677627e-07,1.5e-10,0.00010568413594324004,8766830.30374217,0.0,0.0,8766830.30374217,0.0,0.0,0.0,844612322115.7026,-332.12589033438053,114.99149429413659,71.24865020133234,62.008468524023584,-359.28351106228007,-134.87385425119203,67.73507531143201,97.17525869792534,691.3022153611827,703.9528037048065,5.351455429438027e-05
769,1.0973537879677626e-07,1.5e-10,0.00010585966778603463,8778830.30374217,0.0,0.0,8778830.30374217,0.0,0.0,0.0,844458857022.1095,-322.77450255858895,97.90364292460936,48.94733063380938,14.524243146584809,-356.98764604707884,-122.34373855599279,33.98809106677029,78.46489851557938,679.7224080342339,685.2580750282956,5.3617343005634514e-05
770,1.0988537879677626e-07,1.5e-10,0.00010603172234030948,8790830.30374217,0.0,0.0,8790830.30374217,0.0,0.0,0.0,844318283618.589,-318.49169380291244,98.42065551483421,53.43031962400274,28.349025893538734,-337.4112039259357,-134.80602652098062,44.622906613847356,84.79333629746509,655.8651704720432,663.0915118524904,5.3716806732412385e-05
771,1.1003537879677626e-07,1.5e-10,0.00010621140202352537,8802830.30374217,0.0,0.0,8802830.30374217,0.0,0.0,0.0,844188975092.9452,-359.954624375724,103.21607301002577,68.48212890931556,53.95388457951982,-346.2214546438567,-108.78951207749564,38.64920626788412,87.31192089801296,706.1449668933503,714.7949562721693,5.382402597585321e-05
772,1.1018537879677626e-07,1.5e-10,0.00010639113544303541,8814830.30374217,0.0,0.0,8814830.30374217,0.0,0.0,0.0,843934760904.0034,-358.9012000337387,83.28950710168198,65.84648164154848,50.30325303154934,-347.72951189351255,-115.32225428669487,46.901721311456825,77.71155430878719,706.5899386838026,714.1344878324277,5.393114614902807e-05
773,1.1033537879677626e-07,1.5e-10,0.00010656741213857085,8826830.30374217,0.0,0.0,8826830.30374217,0.0,0.0,0.0,843824861755.0858,-332.4089840258659,99.08625854556854,96.10809150204426,51.53958238751333,-350.8303119287151,-112.035533810805,23.857404689984342,58.20193347782056,683.1999408021292,692.978479665973,5.4035092920977967e-05
774,1.1048537879677625e-07,1.5e-10,0.00010674417718679617,8838830.30374217,0.0,0.0,8838830.30374217,0.0,0.0,0.0,843708466767.2919,-331.27782616962077,101.60370029070614,103.86983287827942,65.68779813478582,-354.68530661393464,-106.9883032026649,39.15900934503956,84.31100363003898,685.9238587917387,697.8620601206648,5.4139772229996065e-05
775,1.1063537879677625e-07,1.5e-10,0.00010692214715988682,8850830.30374217,0.0,0.0,8850830.30374217,0.0,0.0,0.0,843521439202.9711,-340.7161122700763,89.47540943457395,94.90724130975453,40.87774305615359,-353.8999571557636,-123.07722666731262,31.570759784014406,69.82498825896187,694.5768558953159,703.1746452534306,5.424524842678408e-05
776,1.1078537879677625e-07,1.5e-10,0.00010710022709596352,8862830.30374217,0.0,0.0,8862830.30374217,0.0,0.0,0.0,843382901968.8457,-333.2206445434787,98.77578312547858,92.82063929098935,37.69263990719523,-362.21864271132716,-118.05490058635802,28.687256964623277,60.5545749442246,695.4001138104621,704.3515716640526,5.435090116253369e-05
777,1.1093537879677625e-07,1.5e-10,0.00010727936185814996,8874830.30374217,0.0,0.0,8874830.30374217,0.0,0.0,0.0,843238464818.1606,-358.66033378179003,91.29456814776366,81.21103645130083,56.855761692213214,-352.30818203910627,-118.57152636248031,30.69641398845121,84.81740959698382,698.206895849918,710.8946141398936,5.4457535354654674e-05
778,1.1108537879677625e-07,1.5e-10,0.00010745719403593533,8886830.30374217,0.0,0.0,8886830.30374217,0.0,0.0,0.0,842928940420.0968,-317.4051863136677,72.16427303942777,82.59215012555379,31.19507972343238,-376.97844671976776,-113.37721997190073,43.746962016128734,75.72239999046627,694.3445850706486,701.904319534158,5.4562821002584795e-05
779,1.1123537879677624e-07,1.5e-10,0.00010763807066551747,8898830.30374217,0.0,0.0,8898830.30374217,0.0,0.0,0.0,842806682797.7128,-355.5126458264099,84.27963842795667,85.16265105226331,42.909835676693135,-358.5046264346779,-124.12908991794433,42.15092214644532,80.06142555105576,713.9783040272785,721.9620307571249,5.4671115307198365e-05
780,1.1138537879677624e-07,1.5e-10,0.00010782019506825847,8910830.30374217,0.0,0.0,8910830.30374217,0.0,0.0,0.0,842698700049.0868,-353.2322640897452,78.47071832381188,70.48050119845921,43.69216094801643,-369.3617002065722,-121.21028682075222,48.69111890426642,65.39844967839703,722.5550860498241,730.0261424485537,5.478061922856565e-05
781,1.1153537879677624e-07,1.5e-10,0.00010800263375993002,8922830.30374217,0.0,0.0,8922830.30374217,0.0,0.0,0.0,842601857429.0964,-343.4543100923247,79.7796205955832,66.07797570209634,42.03802270925279,-381.5784363761303,-124.55043910269009,42.583284179274465,65.81032581288306,724.9939270301487,732.2239023336915,5.48904528139157e-05
782,1.1168537879677624e-07,1.5e-10,0.0001081826924577048,8934830.30374217,0.0,0.0,8934830.30374217,0.0,0.0,0.0,842495643672.6893,-348.3643522137535,76.24239394382576,90.55192896789062,37.47926517471776,-360.06983212382613,-123.66945913708908,45.55986662532844,57.067800289871556,708.395457421702,716.8354245345457,5.499797812759588e-05
783,1.1183537879677624e-07,1.5e-10,0.00010836503422373135,8946830.30374217,0.0,0.0,8946830.30374217,0.0,0.0,0.0,842409151595.4951,-344.5004693321698,89.87348834626363,85.16444142287112,31.750997871916432,-379.65735223320735,-112.66270801603223,31.91398136979478,51.83174993778239,724.1191792085872,731.7873112084862,5.5107746224277153e-05
784,1.1198537879677623e-07,1.5e-10,0.00010854857602801,8958830.30374217,0.0,0.0,8958830.30374217,0.0,0.0,0.0,842308211598.8293,-392.8034240133506,78.06303135071107,58.908163332967504,43.32893735507031,-366.3996284572681,-97.36485571425995,33.5466338595831,70.3033944653564,719.2675037908332,738.4204180985635,5.521850928699194e-05
785,1.1213537879677623e-07,1.5e-10,0.00010872727700708505,8970830.30374217,0.0,0.0,8970830.30374217,0.0,0.0,0.0,841954492667.199,-340.2355370466971,94.92758128649241,82.74469318521824,53.11729781168239,-359.017571088067,-113.02753332441279,45.656080383017326,69.15208406396452,699.2142826174742,708.857766645119,5.532483795198871e-05
786,1.1228537879677623e-07,1.5e-10,0.00010890724865744474,8982830.30374217,0.0,0.0,8982830.30374217,0.0,0.0,0.0,841874978765.3201,-353.799926951522,78.46807881678214,83.64166835349066,53.00229823677835,-353.91386007000665,-119.05770565390871,48.948840532933104,68.43637300314586,707.6754046924102,716.448415575736,5.543230521432507e-05
787,1.1243537879677623e-07,1.5e-10,0.00010908992909537056,8994830.30374217,0.0,0.0,8994830.30374217,0.0,0.0,0.0,841783155876.4469,-355.8945768028752,77.35971419725183,78.42639367995783,43.535754033098065,-370.1728644151199,-126.62464913224102,50.941550057332385,73.9718365137031,726.0291276126632,733.8797550825537,5.554238717758745e-05
788,1.1258537879677623e-07,1.5e-10,0.00010927015642711448,9006830.30374217,0.0,0.0,9006830.30374217,0.0,0.0,0.0,841697457161.0369,-330.7012274895204,89.8610993786195,76.01285508591806,35.83023312564796,-379.39296838866545,-119.9099818602631,39.24366115389706,61.20535654416834,710.0559202257803,718.2135432174696,5.565011920907007e-05
789,1.1273537879677622e-07,1.5e-10,0.00010945264883312157,9018830.30374217,0.0,0.0,9018830.30374217,0.0,0.0,0.0,841615061191.7964,-348.79512740231974,75.07655417307,68.84740394621203,62.76740283692552,-375.89174546308004,-114.08077506643048,61.418887743629064,72.2882176018865,724.6486812726706,733.4515648740157,5.576013694380117e-05
790,1.1288537879677622e-07,1.5e-10,0.00010963235310587966,9030830.30374217,0.0,0.0,9030830.30374217,0.0,0.0,0.0,841503685395.0424,-321.65891079610503,88.93668510198825,59.51882143148929,56.34153137427448,-384.5396527855229,-130.35412383436304,56.136213624123634,40.18459944992108,706.1591229258917,717.0783785948784,5.58676987005904e-05
791,1.1303537879677622e-07,1.5e-10,0.0001098119891178339,9042830.30374217,0.0,0.0,9042830.30374217,0.0,0.0,0.0,841430028134.0278,-345.8298495750902,83.66813689245872,67.10005038001891,67.90925389300547,-359.96716266844055,-114.71442735858986,44.8848588632082,75.93120184756147,705.7546263465412,714.5042419302745,5.597487433687994e-05
792,1.1318537879677622e-07,1.5e-10,0.00010999336438614252,9054830.30374217,0.0,0.0,9054830.30374217,0.0,0.0,0.0,841351352283.3854,-340.4650247750497,74.33983041676102,71.94699096150916,58.03390239566382,-376.87714799434326,-127.4118108042872,50.38819356988377,57.03921500228083,717.3038081880028,726.2681200919787,5.6083814554893735e-05
793,1.1333537879677622e-07,1.5e-10,0.00011017245224665527,9066830.30374217,0.0,0.0,9066830.30374217,0.0,0.0,0.0,841296020173.9442,-324.78168852283517,82.63285275085467,66.85585983216613,55.913786961820016,-377.5992101693343,-111.09657342697939,46.65257868005547,58.42069314378843,702.342869219125,711.2321971243919,5.6190499384462394e-05
794,1.1348537879677621e-07,1.5e-10,0.0001103551366533115,9078830.30374217,0.0,0.0,9078830.30374217,0.0,0.0,0.0,841226928724.1423,-345.2530995137833,82.05629133245407,71.06831883088981,57.37922942936731,-380.61315281750507,-124.44949861005931,57.309422421799106,60.67080650660505,725.8281860625706,735.2496382124384,5.630078683019426e-05
795,1.1363537879677621e-07,1.5e-10,0.00011053510541826105,9090830.30374217,0.0,0.0,9090830.30374217,0.0,0.0,0.0,841166936300.1091,-335.6985820830929,80.63431256459889,78.97202190655292,72.32208885291014,-372.0127558319473,-113.43730311108865,48.805997056128724,73.34527422032716,707.6761331474956,717.6617888501847,5.640843609852179e-05
796,1.1378537879677621e-07,1.5e-10,0.00011071820426500543,9102830.30374217,0.0,0.0,9102830.30374217,0.0,0.0,0.0,841088730461.8257,-345.6911199339236,72.76009984620492,64.35481134058935,65.2826508088116,-383.4236257102449,-111.6903648715343,47.252214368928016,60.33948426161973,729.077213995462,737.1766103131215,5.651901259006876e-05
797,1.1393537879677621e-07,1.5e-10,0.00011090201231906961,9114830.30374217,0.0,0.0,9114830.30374217,0.0,0.0,0.0,841004282104.5469,-342.62500935427784,72.82014829237194,66.20359587548528,67.95757233736933,-391.0776869552294,-106.01766500578395,51.52075440789661,52.305595940388564,733.6652289971005,742.4641451850081,5.663038221184651e-05
798,1.140853787967762e-07,1.5e-10,0.00011108616769461788,9126830.30374217,0.0,0.0,9126830.30374217,0.0,0.0,0.0,840883169978.1,-354.87227033789986,64.92794947222488,69.22689875083422,83.5601923458406,-380.62362109091487,-106.34150479247647,61.64451570377532,53.65833933322961,735.458123334791,745.0651452585148,5.6742141983635284e-05
799,1.142353787967762e-07,1.5e-10,0.00011126788855673563,9138830.30374217,0.0,0.0,9138830.30374217,0.0,0.0,0.0,840844840271.1198,-343.14026348868475,67.44418941118377,72.50808852552976,66.7466015893859,-376.625220169335,-106.19838054362887,46.77152746352484,56.60312197002197,719.7282231749684,727.9870669893801,5.685134004368369e-05
800,1.143853787967762e-07,1.5e-10,0.00011145041566116856,9150830.30374217,0.0,0.0,9150830.30374217,0.0,0.0,0.0,840794692004.1823,-367.53663846068173,59.36008039218768,54.476708990778256,77.34889454295026,-357.7032364681433,-95.86685841229553,52.389025854005745,56.08801628799887,725.2026531834475,732.4842054594372,5.696121267450261e-05
801,1.145353787967762e-07,1.5e-10,0.00011163148164040811,9162830.30374217,0.0,0.0,9162830.30374217,0.0,0.0,0.0,840687672691.885,-322.4666187062051,55.58354458920147,83.1542029151096,56.21910447060483,-393.3448280859304,-111.32425427577941,37.643305826012,55.71226985906142,715.7742676516351,723.9382836618078,5.706980341705188e-05
802,1.146853787967762e-07,1.5e-10,0.0001118168515113992,9174830.30374217,0.0,0.0,9174830.30374217,0.0,0.0,0.0,840631444154.051,-353.85712582643043,71.32758040977863,79.31856840705849,77.10619211071335,-389.975706442275,-113.56708135706303,38.862058532445715,46.16993541675182,743.7958605921165,753.1263770408215,5.7182772373608006e-05
803,1.148353787967762e-07,1.5e-10,0.00011200189033084013,9186830.30374217,0.0,0.0,9186830.30374217,0.0,0.0,0.0,840570445508.7842,-353.2863852862881,61.302876592300514,68.93527105482258,65.3107473213229,-388.402957338926,-123.17314269154052,53.98231537156346,36.78583982495635,741.6521995316003,750.5630627839039,5.729535683302559e-05
804,1.149853787967762e-07,1.5e-10,0.00011218364002031335,9198830.30374217,0.0,0.0,9198830.30374217,0.0,0.0,0.0,840426326395.3723,-336.62753049770447,47.46152015446994,93.75977864763205,67.13340373810239,-383.25971907088956,-110.52010671241048,37.243801706995846,43.04873262598262,719.8503669045112,728.3835151750909,5.740461436030186e-05
805,1.1513537879677619e-07,1.5e-10,0.00011237130313377124,9210830.30374217,0.0,0.0,9210830.30374217,0.0,0.0,0.0,840355597340.5475,-369.90696797105477,53.36004848897008,81.40707369064651,80.96320267346815,-388.6563686901077,-114.7226360669214,64.71483866626549,41.96787109536283,758.5102907735869,768.3604195672015,5.7519868423236936e-05
806,1.1528537879677619e-07,1.5e-10,0.00011255530911115634,9222830.30374217,0.0,0.0,9222830.30374217,0.0,0.0,0.0,840259192140.1206,-338.1623802787845,60.359404614123534,83.86376788824053,70.02763135822951,-396.24769332054285,-118.19051845790956,56.769237093053086,29.89882133039537,734.3733816828103,745.1877687905696,5.763164658855552e-05
807,1.1543537879677619e-07,1.5e-10,0.00011273971723983315,9234830.30374217,0.0,0.0,9234830.30374217,0.0,0.0,0.0,840182052519.7649,-355.43990522769997,64.29893099532941,76.03305724011526,62.0943442992418,-381.62615259531265,-133.45360118788636,60.97951251437789,43.8186898602955,737.0286486846111,746.8057919675427,5.774366745735065e-05
808,1.1558537879677619e-07,1.5e-10,0.00011292224232834054,9246830.30374217,0.0,0.0,9246830.30374217,0.0,0.0,0.0,839864243701.094,-343.62562547485453,69.3714724630991,79.30710787252156,60.31881372673938,-381.3990508833747,-132.63711445090246,36.38205150363241,47.468527945875884,724.9880796172064,733.8847058010236,5.7853750163220804e-05
809,1.1573537879677618e-07,1.5e-10,0.0001131031254940259,9258830.30374217,0.0,0.0,9258830.30374217,0.0,0.0,0.0,839798269184.6538,-340.84217287757764,66.77613103411043,91.7961490874444,68.96115727376146,-372.7836048122153,-128.5520606976965,40.904038978550886,55.423374206868665,713.589340223482,723.4369944361348,5.796226571238622e-05
810,1.1588537879677618e-07,1.5e-10,0.00011328753877276904,9270830.30374217,0.0,0.0,9270830.30374217,0.0,0.0,0.0,839717264787.707,-350.8208875646613,51.43602852558754,80.7818382210484,76.2195241351877,-386.51604681434924,-127.73596881525867,51.92754073974042,57.87878455910483,737.3005484334197,746.3135717679768,5.807421274815142e-05
811,1.1603537879677618e-07,1.5e-10,0.00011347108533039375,9282830.30374217,0.0,0.0,9282830.30374217,0.0,0.0,0.0,839658787327.6915,-335.10383395408553,63.48654387494927,87.25481767331046,41.48512341756117,-397.2282336061738,-137.74794075817852,25.8833182305392,49.23605773339779,732.2955999392732,740.3460973888308,5.8185264662759745e-05
812,1.1618537879677618e-07,1.5e-10,0.0001136559997469651,9294830.30374217,0.0,0.0,9294830.30374217,0.0,0.0,0.0,839617313997.1469,-352.01303240569456,51.39280325343065,82.2590164717198,78.02471356638686,-388.66205950999125,-113.46647904708392,52.03329896340173,53.160130392425955,740.6391804855923,749.5455755868644,5.829769649909778e-05
813,1.1633537879677618e-07,1.5e-10,0.0001138433951971494,9306830.30374217,0.0,0.0,9306830.30374217,0.0,0.0,0.0,839599151204.383,-355.5819689056025,46.102990943024245,82.89170183259228,60.69494777444731,-402.1782970256354,-124.12652560326204,40.84897609197068,50.200231356476465,757.724459408349,765.2553393603107,5.841248480000182e-05
814,1.1648537879677617e-07,1.5e-10,0.00011402822774435506,9318830.30374217,0.0,0.0,9318830.30374217,0.0,0.0,0.0,839377200187.1566,-349.8821261215576,47.558019650005804,79.80503956045376,62.48949837142781,-391.038699073592,-120.65431684033192,32.174439091012495,57.205569292153676,740.8851365499868,747.6975117549358,5.852463942676506e-05
815,1.1663537879677617e-07,1.5e-10,0.00011421315187558062,9330830.30374217,0.0,0.0,9330830.30374217,0.0,0.0,0.0,839179202437.8457,-362.1981020795416,63.84866780753913,92.14540914308746,44.28503146089706,-378.9436817890914,-133.34920993738774,27.636327828238368,51.70973256239903,741.1047906879678,748.4984403218012,5.863691419281333e-05
816,1.1678537879677617e-07,1.5e-10,0.00011439996523419314,9342830.30374217,0.0,0.0,9342830.30374217,0.0,0.0,0.0,839099540410.8933,-378.9619368271419,50.998696695758156,74.18496689616173,63.08929542055767,-374.92536214689324,-122.16925161201728,35.44981948204604,53.018474918145166,753.8504907037627,760.4299582921968,5.8750978686557155e-05
817,1.1693537879677617e-07,1.5e-10,0.00011458725335317322,9354830.30374217,0.0,0.0,9354830.30374217,0.0,0.0,0.0,838765104002.7212,-356.2101144152038,48.2718079640354,77.51578236249038,65.89638606427489,-400.8489358891721,-112.60898616168976,44.856463290679585,54.04662693375493,757.0038672208468,764.3471360050158,5.886563075695791e-05
818,1.1708537879677617e-07,1.5e-10,0.00011477319117856191,9366830.30374217,0.0,0.0,9366830.30374217,0.0,0.0,0.0,838717584780.6775,-351.0214195229693,52.24849752606549,74.64340048959438,58.015947044019555,-397.2842299085755,-113.63107965238727,32.94676495752618,34.96343135839485,748.2704351505074,755.3898267698154,5.897893923097338e-05
819,1.1723537879677617e-07,1.5e-10,0.00011495992449772097,9378830.30374217,0.0,0.0,9378830.30374217,0.0,0.0,0.0,838530330579.0852,-355.11758989839893,51.13643914673226,96.58386222513917,66.88775483066195,-397.80369222059824,-129.60909514569505,32.88949345856586,44.339327837778136,752.8898042715385,761.6566743102402,5.9093187732119914e-05
820,1.1738537879677616e-07,1.5e-10,0.0001151451448610829,9390830.30374217,0.0,0.0,9390830.30374217,0.0,0.0,0.0,838452861133.1584,-347.36855815627536,48.423224994715355,84.27432469389899,47.991686332437006,-396.0388791722072,-124.61233210189769,36.54711130238551,45.75144257142439,743.372670555988,750.631282566468,5.9205782424504885e-05
821,1.1753537879677616e-07,1.5e-10,0.00011533004238824729,9402830.30374217,0.0,0.0,9402830.30374217,0.0,0.0,0.0,838438576590.7625,-334.83509854481173,60.60878019128342,93.8981031369875,59.1561430021517,-405.4531011174757,-117.7642520547675,30.29138235272862,55.08156599361425,741.3726423914675,749.6612779304993,5.931823161619446e-05
822,1.1768537879677616e-07,1.5e-10,0.00011551592886096221,9414830.30374217,0.0,0.0,9414830.30374217,0.0,0.0,0.0,838278011078.1471,-353.894153274677,54.83285366618703,97.35115408122577,59.45592682879932,-393.64552707136687,-119.50764259123403,26.687054709283906,51.4162847505571,747.5054899435589,755.2060416428719,5.943151252244089e-05
823,1.1783537879677616e-07,1.5e-10,0.00011569946395306099,9426830.30374217,0.0,0.0,9426830.30374217,0.0,0.0,0.0,838224825229.9137,-334.2466635409863,57.10748801588978,101.54416097839841,61.97659339217819,-397.8407146724539,-113.98946847822093,14.480040489038105,49.51814497544606,732.0533971925305,740.180084098041,5.9542539535055596e-05
824,1.1798537879677616e-07,1.5e-10,0.00011587909152206299,9438830.30374217,0.0,0.0,9438830.30374217,0.0,0.0,0.0,838168774976.6377,-317.1844567175533,33.9252147548126,102.1830638468818,42.91327240742006,-389.4057996961341,-109.77973665468728,21.700171940554554,62.729485825241824,706.555842501558,713.3005363118277,5.964953461550237e-05
825,1.1813537879677615e-07,1.5e-10,0.00011606262744754347,9450830.30374217,0.0,0.0,9450830.30374217,0.0,0.0,0.0,838088207119.0939,-323.9056592487962,65.54675613064492,96.13148345559547,62.417292922131104,-408.05354558125896,-121.08299749010095,18.75836182586499,40.64763900910014,731.9249218004758,741.6912313327515,5.9760788300202286e-05
826,1.1828537879677615e-07,1.5e-10,0.00011624685636205626,9462830.30374217,0.0,0.0,9462830.30374217,0.0,0.0,0.0,838039615866.1276,-353.51653624876707,45.509164765242716,107.83486326230188,75.99234716424121,-382.6307973017243,-103.62656202998441,28.594931353204966,55.343776282605205,736.1130548042618,744.3548279004643,5.9872441524387356e-05
827,1.1843537879677615e-07,1.5e-10,0.00011643068688168415,9474830.30374217,0.0,0.0,9474830.30374217,0.0,0.0,0.0,837928936963.6982,-323.3249569408595,47.35126031991644,110.1538475495052,78.20212463767612,-410.45027865784795,-115.28004925003306,13.67106519698486,38.659617298527586,733.7411836557816,743.8046605865509,5.998401222347534e-05
828,1.1858537879677615e-07,1.5e-10,0.00011661456130032769,9486830.30374217,0.0,0.0,9486830.30374217,0.0,0.0,0.0,837893015605.4686,-341.2634631718569,47.286867536791824,110.09522438606467,81.96873389032598,-392.53312855844024,-112.59813339062195,21.409224221013304,54.08989210324781,733.7625806368422,742.8155246339898,6.009543455217044e-05
829,1.1873537879677615e-07,1.5e-10,0.00011679734483199331,9498830.30374217,0.0,0.0,9498830.30374217,0.0,0.0,0.0,837870870881.4722,-333.0421194600684,44.19089786318203,106.42289318851726,86.06911645135837,-393.71508666726913,-119.67745766925042,13.616887959559762,54.23873290059783,726.723195525273,735.7014563266174,6.020578977061943e-05
830,1.1888537879677614e-07,1.5e-10,0.00011698252919759193,9510830.30374217,0.0,0.0,9510830.30374217,0.0,0.0,0.0,837837200505.1116,-346.5488664306792,46.48132735393408,99.03578612559704,86.52823402619482,-396.15197937534555,-113.39230149709464,21.000039530987127,49.50583100046232,742.666777998593,751.2998791943907,6.0318484752498586e-05
831,1.1903537879677614e-07,1.5e-10,0.00011716572701354032,9522830.30374217,0.0,0.0,9522830.30374217,0.0,0.0,0.0,837812909938.3066,-342.79417133452006,50.77945154324537,98.73368713759194,90.33271826181029,-386.7257621654334,-108.24069777826084,12.103641407066192,45.95036572584592,729.4850910977067,738.1291570918958,6.0429204126062374e-05
832,1.1918537879677614e-07,1.5e-10,0.00011734829134521918,9534830.30374217,0.0,0.0,9534830.30374217,0.0,0.0,0.0,837792063990.8993,-341.1711447491213,43.4669208504947,104.37504098178312,90.13563603108605,-383.99929314317717,-115.40846427743551,17.44071347867659,58.50331750969385,725.1359467518216,733.7750822061251,6.053927038839329e-05
833,1.1933537879677615e-07,1.5e-10,0.00011753429908755427,9546830.30374217,0.0,0.0,9546830.30374217,0.0,0.0,0.0,837789651011.4215,-341.2358712218539,36.29082684855653,112.86101105939292,87.83335358572232,-406.68769736280296,-107.45054280942327,28.46151818413626,50.767637203166345,747.8897077994349,757.3954179252469,6.065287970108208e-05
834,1.1948537879677616e-07,1.5e-10,0.00011771807412670906,9558830.30374217,0.0,0.0,9558830.30374217,0.0,0.0,0.0,837707749607.7609,-334.28851161683167,49.592522273124786,109.88507656921192,79.5525160644768,-398.90088205190744,-119.46596024202012,12.196589792729965,33.193803007355605,733.1504377191109,742.9189801855633,6.0764317548109914e-05
835,1.1963537879677617e-07,1.5e-10,0.00011790170641684117,9570830.30374217,0.0,0.0,9570830.30374217,0.0,0.0,0.0,837679165547.4236,-353.11342262473715,39.109680915167765,107.501079050293,102.73050336979962,-378.8290788005651,-118.93454568447092,18.992858178624882,56.81005690868502,731.9086241931567,741.1163639720015,6.087548500270572e-05
836,1.1978537879677618e-07,1.5e-10,0.00011808664854344689,9582830.30374217,0.0,0.0,9582830.30374217,0.0,0.0,0.0,837650891016.6743,-343.7197169907721,37.6931772328444,94.77099800267028,96.72664131501737,-398.0014820637347,-112.57174487975685,-1.504239261149668,54.044663482558455,741.6872667136079,749.108280005403,6.098785124470653e-05
837,1.199353787967762e-07,1.5e-10,0.00011826905318297745,9594830.30374217,0.0,0.0,9594830.30374217,0.0,0.0,0.0,837608258150.5829,-332.1758179273369,50.770849510387976,108.7235318446263,101.73771761130409,-392.08302459248927,-106.77302862512954,-4.9627592307232735,45.590250353198755,724.225036311832,733.6920435160669,6.109790505123394e-05
838,1.200853787967762e-07,1.5e-10,0.00011845066818546539,9606830.30374217,0.0,0.0,9606830.30374217,0.0,0.0,0.0,837556858489.4559,-353.3680843607864,52.32787329423708,107.36293843162787,104.42187245515238,-364.6983878158729,-112.51743855165498,22.948069478771277,47.30359396416556,718.0319337189713,728.6269820747402,6.120719909854514e-05
839,1.2023537879677622e-07,1.5e-10,0.00011863262158764351,9618830.30374217,0.0,0.0,9618830.30374217,0.0,0.0,0.0,837527244766.3527,-339.6028331118248,43.14390540520658,107.76887067821482,97.22603632739789,-381.29136987734864,-106.2010383872161,18.231212795119426,55.95807704704063,720.8611289830436,730.0255742780511,6.131670293468685e-05
840,1.2038537879677623e-07,1.5e-10,0.00011881451784092143,9630830.30374217,0.0,0.0,9630830.30374217,0.0,0.0,0.0,837497262936.9331,-343.58620536278477,57.90221221312365,98.43462703441189,97.4056783545937,-377.12374323594787,-110.78277893611467,0.5244760854647678,34.720557707489185,720.6768926296105,730.0677754056904,6.142621310099771e-05
841,1.2053537879677624e-07,1.5e-10,0.00011899669939901452,9642830.30374217,0.0,0.0,9642830.30374217,0.0,0.0,0.0,837453763614.7904,-343.96943796171627,49.285502891021935,98.61399966482293,87.35066755608172,-378.87224599668144,-104.25489903346083,6.597096365378543,41.21738380645433,722.8087580207828,730.829632118629,6.15358375458155e-05
842,1.2068537879677625e-07,1.5e-10,0.00011917417605954376,9654830.30374217,0.0,0.0,9654830.30374217,0.0,0.0,0.0,837426123227.9666,-327.2943546582316,47.66716228698633,83.96177426539207,104.27640890996173,-369.2344855061554,-116.28145201195804,16.63672943016013,27.01757279606913,688.4239853368161,701.4132198252496,6.164104952878929e-05
843,1.2083537879677626e-07,1.5e-10,0.0001193543244172221,9666830.30374217,0.0,0.0,9666830.30374217,0.0,0.0,0.0,837210969736.6921,-336.3772634324854,48.07639358943443,98.16026179679127,101.36127435341552,-372.55668101522144,-104.35112583230354,14.729843085865047,48.24876273949968,708.9011036231627,718.146016909351,6.174877143132569e-05
844,1.2098537879677627e-07,1.5e-10,0.00011953616454443578,9678830.30374217,0.0,0.0,9678830.30374217,0.0,0.0,0.0,837158553930.5386,-321.4806169435069,56.02057339182139,93.05026021239173,104.21064834799357,-398.75364603223534,-116.1348472465183,12.754223071310115,39.44229365744462,720.2017670561183,731.4004981334203,6.18584815060457e-05
845,1.2113537879677629e-07,1.5e-10,0.00011971734270794039,9690830.30374217,0.0,0.0,9690830.30374217,0.0,0.0,0.0,837069994868.1693,-326.5933768772427,43.9281049595306,94.23642287602539,106.66796426801612,-389.20843354569206,-119.07504267090788,17.778338625107562,49.42681943357628,715.7694325324532,725.9527064676378,6.196737441201585e-05
846,1.212853787967763e-07,1.5e-10,0.00011989890694354515,9702830.30374217,0.0,0.0,9702830.30374217,0.0,0.0,0.0,836986839724.7626,-312.85059279533095,56.55813560570298,99.146460332754,106.89352419321185,-405.2386902584341,-122.44457343275145,15.414763655584581,34.109453593219676,718.0570922205961,730.991009268903,6.207702306340619e-05
847,1.214353787967763e-07,1.5e-10,0.00012007849211530495,9714830.30374217,0.0,0.0,9714830.30374217,0.0,0.0,0.0,836917861340.6868,-343.2830739362869,49.78165040283739,87.54580134488519,117.1828236108797,-361.93606162928427,-106.80877765999827,13.354153087319188,67.79837553010823,705.1874907526442,714.5722508856101,6.218420890103903e-05
848,1.2158537879677632e-07,1.5e-10,0.00012026054491518888,9726830.30374217,0.0,0.0,9726830.30374217,0.0,0.0,0.0,836848876103.414,-354.2041388749763,50.48589310834907,77.86451206791882,113.29841909973938,-367.71232053840095,-106.01263461733714,13.06693513436276,61.718215743647676,721.8845481936029,730.4419374014379,6.229377519164924e-05
849,1.2173537879677633e-07,1.5e-10,0.00012044057189933986,9738830.30374217,0.0,0.0,9738830.30374217,0.0,0.0,0.0,836798307295.5437,-324.2056361680599,50.78125252617664,85.46647301082027,97.83259679567215,-384.4792295125316,-120.46413287045758,2.6917703134705016,51.33041996406945,708.6526218078267,717.6075166891001,6.24014163191526e-05
850,1.2188537879677634e-07,1.5e-10,0.00012062318758671194,9750830.30374217,0.0,0.0,9750830.30374217,0.0,0.0,0.0,836739287185.8274,-382.9483947631036,44.234419793783395,60.90444806147189,107.83043505925275,-342.5926865670754,-124.3722867707394,24.017785498761846,45.25764242693924,725.5100384841778,734.2485293478347,6.251155359855477e-05
851,1.2203537879677635e-07,1.5e-10,0.00012080279483984084,9762830.30374217,0.0,0.0,9762830.30374217,0.0,0.0,0.0,836627808598.6189,-339.8655941306673,44.84648245306851,63.85351175036556,99.02182845097602,-366.4197166161688,-106.01503887928192,10.837518115234149,56.358299442769685,706.2537017630557,713.1795652106139,6.261853053333637e-05
852,1.2218537879677636e-07,1.5e-10,0.00012098467085313336,9774830.30374217,0.0,0.0,9774830.30374217,0.0,0.0,0.0,836555273201.4861,-338.06448650330543,50.14548775892113,68.55228641762457,93.27893377595176,-382.91597877689884,-128.0356964003179,17.43284977025461,43.8331187536528,720.9488185176481,729.4776596851149,6.272795218228914e-05
853,1.2233537879677638e-07,1.5e-10,0.0001211665425709253,9786830.30374217,0.0,0.0,9786830.30374217,0.0,0.0,0.0,836506416122.0112,-347.2078912665806,44.8516769060362,66.33446054423591,110.24763631335725,-373.74586975471834,-101.68585803798014,24.004148595206768,67.34458704550244,720.9221728194752,728.7734747538166,6.283726820350221e-05
854,1.224853787967764e-07,1.5e-10,0.00012134846417212578,9798830.30374217,0.0,0.0,9798830.30374217,0.0,0.0,0.0,836455324253.816,-354.17536183258215,48.36565415899181,64.31625629270864,126.51041181692032,-366.5008989601635,-110.54305576782096,35.144106793992975,75.42383856445451,720.6726576182601,730.2902875583919,6.294681174663596e-05
855,1.226353787967764e-07,1.5e-10,0.00012153333397911643,9810830.30374217,0.0,0.0,9810830.30374217,0.0,0.0,0.0,836385144569.7257,-368.65812606725905,52.83588051747947,64.09383201167226,121.3766584393818,-371.75601021028166,-114.07837644546639,30.206282091251648,72.34283228530867,740.3944198071881,749.572068971132,6.305924755698164e-05
856,1.227853787967764e-07,1.5e-10,0.00012171614013093872,9822830.30374217,0.0,0.0,9822830.30374217,0.0,0.0,0.0,836342078773.249,-345.7586145811268,61.77482359846013,68.934928369201,114.54989561946917,-381.101987271475,-116.11909200466735,18.837974791710888,72.62225266487411,726.8364569315534,736.3976332882054,6.316970720197487e-05
857,1.2293537879677642e-07,1.5e-10,0.00012189955364757433,9834830.30374217,0.0,0.0,9834830.30374217,0.0,0.0,0.0,836205689479.2385,-362.3589133490575,57.474629559068546,66.0711841648324,121.43860447910349,-368.2760205884538,-113.23129465207401,28.74066323443422,75.20523745542606,730.6087952748915,740.2445665817014,6.328074388696212e-05
858,1.2308537879677643e-07,1.5e-10,0.00012208896311828666,9846830.30374217,0.0,0.0,9846830.30374217,0.0,0.0,0.0,836131318626.4692,-372.0303909990266,67.57148681195218,67.0711676816419,123.64222871729199,-398.01238976101286,-122.83338483526036,42.78236263785366,71.45463470545099,770.0629069300418,781.218059360823,6.339792659586624e-05
859,1.2323537879677644e-07,1.5e-10,0.00012227144335477222,9858830.30374217,0.0,0.0,9858830.30374217,0.0,0.0,0.0,835996831591.0206,-355.13404139636384,52.17826364861711,67.07142480491875,112.14201108478947,-369.4882290752969,-122.08485785541932,25.622950461557735,72.35458733565183,724.5944721411039,733.3540016896775,6.350792969611969e-05
860,1.2338537879677646e-07,1.5e-10,0.00012245500979220312,9870830.30374217,0.0,0.0,9870830.30374217,0.0,0.0,0.0,835969159424.3008,-365.2586386407571,50.72549996785551,67.28058391202998,122.28974849352132,-366.4627316579292,-114.03766956960794,27.95455836138391,78.01936113399488,731.6930404022611,740.8257445590795,6.361905355780355e-05
861,1.2353537879677647e-07,1.5e-10,0.0001226362574943377,9882830.30374217,0.0,0.0,9882830.30374217,0.0,0.0,0.0,835957117185.9187,-366.71532952602183,46.24467095376595,62.377210712176904,116.8116233014668,-350.12095277205464,-114.24987441048722,13.384702369365947,83.21881260633329,716.8075267789125,724.5793812549227,6.37277404649918e-05
862,1.2368537879677648e-07,1.5e-10,0.00012281878085319145,9894830.30374217,0.0,0.0,9894830.30374217,0.0,0.0,0.0,835933467764.4218,-370.4241579948088,48.58501084988604,70.37327753240379,128.32489700272666,-354.2403749574314,-115.24205519084451,24.76125439132653,84.50005140508895,724.6355078881098,734.1404507300443,6.38378615326013e-05
863,1.238353787967765e-07,1.5e-10,0.000123002623720346,9906830.30374217,0.0,0.0,9906830.30374217,0.0,0.0,0.0,835904519566.0405,-381.4328578456158,42.73652300902378,74.04344579775642,121.88409371621314,-351.9941331052152,-128.34218649051442,21.983543073240494,74.1081242387543,733.3978689785819,742.4709021380652,6.3949232167922e-05
864,1.239853787967765e-07,1.5e-10,0.00012318041921128667,9918830.30374217,0.0,0.0,9918830.30374217,0.0,0.0,0.0,835881610341.536,-351.07364293199925,55.14494007642983,67.9362448204275,132.84298936370172,-342.34052162297877,-117.05530546289322,1.5192801820020296,67.52056212676509,693.3846175311695,703.5815870806777,6.405476940598411e-05
865,1.241353787967765e-07,1.5e-10,0.00012336205868326302,9930830.30374217,0.0,0.0,9930830.30374217,0.0,0.0,0.0,835840199508.9434,-366.72668719794615,47.83827000048063,68.71201992476547,133.32665294345998,-347.509117142157,-107.94993143765458,17.505261697975264,74.41925406637604,721.1417705075722,728.4621840613898,6.416403873359332e-05
866,1.2428537879677652e-07,1.5e-10,0.0001235443397455161,9942830.30374217,0.0,0.0,9942830.30374217,0.0,0.0,0.0,835422579871.112,-369.2312725727122,49.57159390040756,78.54829779415874,135.50871242184144,-353.65535250881493,-113.57629172896766,15.32106867367121,77.8301246438255,722.8566471774881,733.0746012413844,6.427399992377953e-05
867,1.2443537879677653e-07,1.5e-10,0.00012372324659142155,9954830.30374217,0.0,0.0,9954830.30374217,0.0,0.0,0.0,835417522441.7021,-347.75339236196123,85.09296318302218,82.0297355140718,137.17386007549914,-354.2202212964273,-122.74271079058992,20.61669755593404,54.08310959145189,698.0389522460567,714.6044368821314,6.438119058931185e-05
868,1.2458537879677655e-07,1.5e-10,0.00012390478913711133,9966830.30374217,0.0,0.0,9966830.30374217,0.0,0.0,0.0,835214884375.6174,-375.6180278205623,63.52154508554115,87.13060474453764,130.07749611861732,-342.07799879750723,-121.57458339327364,15.628018830813371,71.50152339929731,717.2511108473774,729.3051640671999,6.449058636392192e-05
869,1.2473537879677656e-07,1.5e-10,0.0001240893531518158,9978830.30374217,0.0,0.0,9978830.30374217,0.0,0.0,0.0,835190049914.9314,-386.7669767068939,46.098395641150084,77.04645653353775,145.63387324807994,-351.0360957354055,-106.22355171926665,22.959768771922217,74.03997225321491,737.7727705477234,748.7869484048025,6.460290440618264e-05
870,1.2488537879677657e-07,1.5e-10,0.00012427041653367339,9990830.30374217,0.0,0.0,9990830.30374217,0.0,0.0,0.0,835147239208.1821,-375.3441772994267,57.401920723937884,84.755097229005,141.07337468667635,-338.8395318328164,-112.69146510384324,21.02743850621543,81.03368250525448,714.1438638356406,726.4017435259661,6.471186466771153e-05
871,1.2503537879677658e-07,1.5e-10,0.00012445497339125865,10002830.30374217,0.0,0.0,10002830.30374217,0.0,0.0,0.0,835068500531.9481,-357.6753480208766,59.132723205309574,78.47489492074537,147.96575197663404,-380.2119532909062,-110.36930130147138,11.885964287305649,73.35093708588806,737.8575071186165,749.7284379972929,6.482432393341113e-05
872,1.251853787967766e-07,1.5e-10,0.00012463976927642973,10014830.30374217,0.0,0.0,10014830.30374217,0.0,0.0,0.0,835031994561.2618,-369.88218544439053,53.019374415219545,87.16963240629582,143.71321361050488,-369.3217636844043,-119.80335099188241,15.763607528234557,74.56261391521862,739.1744111351899,750.6721654624437,6.49369247582305e-05
873,1.253353787967766e-07,1.5e-10,0.00012482342859763176,10026830.30374217,0.0,0.0,10026830.30374217,0.0,0.0,0.0,835003358336.633,-368.5774713290216,52.58126924823825,96.40210314169859,148.12931965110536,-363.0224926832584,-119.77154651724877,4.951568738905147,79.63526275510124,731.5700113891722,743.376745406318,6.504843127004144e-05
874,1.254853787967766e-07,1.5e-10,0.0001250074171079262,10038830.30374217,0.0,0.0,10038830.30374217,0.0,0.0,0.0,834994242147.4633,-360.4744904133858,57.16304769909949,98.5385331709676,146.44272379181646,-373.34683906557643,-125.24972746362103,-1.3426696061191956,73.6824592195227,733.7914415593885,745.904535804771,6.516031695041216e-05
875,1.2563537879677662e-07,1.5e-10,0.0001251923993755308,10050830.30374217,0.0,0.0,10050830.30374217,0.0,0.0,0.0,834989143929.6259,-368.2943627127798,52.655690202887016,94.4534680067118,153.0597336533098,-372.0683584648764,-121.97193855934508,5.484706104838723,77.044301852599,740.3326677189671,752.4761538933585,6.527318837349616e-05
876,1.2578537879677664e-07,1.5e-10,0.00012537682631820582,10062830.30374217,0.0,0.0,10062830.30374217,0.0,0.0,0.0,835000282365.9822,-359.2804623079879,55.28113702161143,98.48627271553799,156.8422404919937,-377.34139314331975,-121.21961751827962,-0.4244114607944782,74.70882888694403,736.5917559880033,749.410544919534,6.538559995523409e-05
877,1.2593537879677665e-07,1.5e-10,0.00012556007101769518,10074830.30374217,0.0,0.0,10074830.30374217,0.0,0.0,0.0,834992930756.6846,-371.7243444559123,53.89996144962478,89.58641035257263,146.91252655798445,-357.4460578944078,-129.3409203856906,-8.050351597791046,79.6407914266158,729.1400723992048,740.4115347838915,6.549666168545168e-05
878,1.2608537879677666e-07,1.5e-10,0.00012574460565329909,10086830.30374217,0.0,0.0,10086830.30374217,0.0,0.0,0.0,834852163294.3661,-366.375367544486,66.20971344077674,96.0245730488886,150.5610559701962,-371.01841187484166,-130.18957225456373,-8.512314478117352,76.22833221591466,737.3633213573381,750.2755619217327,6.560920301973994e-05
879,1.2623537879677667e-07,1.5e-10,0.00012593082623088523,10098830.30374217,0.0,0.0,10098830.30374217,0.0,0.0,0.0,834790760562.7701,-373.70252139905074,59.59660586299396,106.98539699642504,152.07199250111873,-374.64065768667257,-136.73455542754408,-6.25504985524159,75.46114798745135,748.3125649128427,761.2854068886006,6.572339583077322e-05
880,1.2638537879677668e-07,1.5e-10,0.00012611831088255623,10110830.30374217,0.0,0.0,10110830.30374217,0.0,0.0,0.0,834760164758.0651,-362.12775546060084,72.62117235295622,118.19281514389144,149.8401342169224,-394.3552579822446,-135.65342847112973,-10.393123547486947,68.38673149069426,756.4523610035383,771.0123486762325,6.583904768307466e-05
881,1.265353787967767e-07,1.5e-10,0.00012630375767695815,10122830.30374217,0.0,0.0,10122830.30374217,0.0,0.0,0.0,834700232089.7606,-379.9022215815657,53.716293340527116,104.61244313188772,160.8961255995143,-363.03103292102463,-128.57867896220176,6.365451929170129,85.22280173917682,742.9024298119152,756.3722218014933,6.595250351634488e-05
882,1.266853787967767e-07,1.5e-10,0.0001264894942813923,10134830.30374217,0.0,0.0,10134830.30374217,0.0,0.0,0.0,834646194555.2985,-370.84150739103245,53.95641468574975,112.25185644038565,144.63992630916132,-374.53624925356223,-137.5227310706441,-17.034295488027,66.34319079944464,745.346933181789,757.2448239832914,6.606609023994238e-05
883,1.2683537879677671e-07,1.5e-10,0.0001266753141622052,10146830.30374217,0.0,0.0,10146830.30374217,0.0,0.0,0.0,834628712396.6134,-368.3620283735266,52.72495585365557,118.6674944874474,143.2939623444623,-377.37089160851514,-134.45447570058704,-10.320802432606639,71.07207326740652,745.7019105915639,757.7425194595094,6.61797516178613e-05
884,1.2698537879677673e-07,1.5e-10,0.00012686019070729622,10158830.30374217,0.0,0.0,10158830.30374217,0.0,0.0,0.0,834627390130.7456,-379.50333105699144,57.615118422051566,129.25667655559644,166.37743867537276,-358.77747785517073,-135.23689373528293,2.479442048583073,72.50524532679859,738.2497691212119,754.315558924329,6.629289895169995e-05
885,1.2713537879677674e-07,1.5e-10,0.00012704294731152177,10170830.30374217,0.0,0.0,10170830.30374217,0.0,0.0,0.0,834633700903.3336,-358.2979936581458,49.70467658122194,108.7156947570614,134.7877103715725,-367.8653891335849,-141.25486929731207,-33.88534083392766,63.36069410283568,726.132192631499,736.5788577734223,6.640338578036597e-05
886,1.2728537879677675e-07,1.5e-10,0.000127231255764344,10182830.30374217,0.0,0.0,10182830.30374217,0.0,0.0,0.0,834619000740.9373,-371.2659696174893,47.117778810357166,114.51547402909901,151.2191577579712,-391.30188590385717,-144.32535998403873,-18.0836131771314,75.78671798744762,762.5365725415961,774.202688961198,6.651951618371015e-05
887,1.2743537879677676e-07,1.5e-10,0.00012741507622332943,10194830.30374217,0.0,0.0,10194830.30374217,0.0,0.0,0.0,834638863535.4158,-369.9403554402715,41.11510851951391,123.5347827505,146.5734191596878,-362.66922259084913,-140.81988703623836,-22.02215221716737,77.7480654735194,732.578071257994,743.7788148877412,6.663108300594331e-05
888,1.2758537879677677e-07,1.5e-10,0.0001276009764748078,10206830.30374217,0.0,0.0,10206830.30374217,0.0,0.0,0.0,834646186752.6549,-354.142125807841,53.46492752082769,128.02200777462178,152.38057656403365,-391.6778924089551,-144.36199568142095,-12.551299090779944,59.16263722273639,745.7891620791627,760.0491582115781,6.674509037967504e-05
889,1.2773537879677678e-07,1.5e-10,0.00012778646661245488,10218830.30374217,0.0,0.0,10218830.30374217,0.0,0.0,0.0,834641584490.2052,-364.9900614044038,46.39893106096405,113.34901602866968,149.62938531495163,-378.5878934282038,-148.4081050983466,-18.243634630408632,53.46880891925052,743.547189354878,756.1533190861352,6.685851337753797e-05
890,1.278853787967768e-07,1.5e-10,0.00012797142868272219,10230830.30374217,0.0,0.0,10230830.30374217,0.0,0.0,0.0,834620046517.1426,-371.08041271174017,47.595500242012605,117.21033423382026,151.90590589920814,-368.93697244285084,-146.13515251872693,-22.49293011918372,61.66205053734804,739.986496522063,752.484386856878,6.69713860355665e-05
891,1.280353787967768e-07,1.5e-10,0.00012815494735781034,10242830.30374217,0.0,0.0,10242830.30374217,0.0,0.0,0.0,834637239436.8503,-361.68748589332984,41.53899932280993,126.48877628326501,159.29728236244114,-368.43262669143786,-142.69893830170722,-19.20091262878931,63.6994183733733,730.0880487976864,743.2507014453943,6.708287364078331e-05
892,1.2818537879677682e-07,1.5e-10,0.00012833706059405526,10254830.30374217,0.0,0.0,10254830.30374217,0.0,0.0,0.0,834669321549.7059,-338.7191765693176,47.64586884806723,135.32229581207977,128.29345210867388,-382.79103532422016,-135.64705347948302,-35.10510853999199,62.1032493472878,721.4795695468149,732.5734715274564,6.719275966151244e-05
893,1.2833537879677683e-07,1.5e-10,0.00012852272131220506,10266830.30374217,0.0,0.0,10266830.30374217,0.0,0.0,0.0,834468177982.9188,-387.69561353337633,47.39425551744563,119.00115989676844,178.9456565814532,-356.0147629796225,-143.67648085551474,-12.501978260987089,48.243120727506906,743.6795851786059,759.8040995263433,6.730673027644139e-05
894,1.2848537879677684e-07,1.5e-10,0.00012870713918213865,10278830.30374217,0.0,0.0,10278830.30374217,0.0,0.0,0.0,834380208825.1154,-368.56338284448515,40.59687274194203,134.08392148667645,152.09979794249517,-367.65052601178974,-142.36402124813796,-29.465913646528584,54.76251891723775,736.1846551726219,748.7096463454608,6.74190367233932e-05
895,1.2863537879677685e-07,1.5e-10,0.00012889106946439526,10290830.30374217,0.0,0.0,10290830.30374217,0.0,0.0,0.0,834302334334.0535,-380.4972989964287,37.998698365588666,123.42883766980478,165.1950658756019,-352.55627096181286,-133.90451060398243,-30.023386018010065,61.06779560131487,733.0241512205337,745.6796723568106,6.753088867424672e-05
896,1.2878537879677686e-07,1.5e-10,0.00012907542970188985,10302830.30374217,0.0,0.0,10302830.30374217,0.0,0.0,0.0,834223013234.507,-365.7018826261293,48.163931680834665,128.1578630566664,154.16346092025302,-369.84680887946115,-141.42225499393518,-20.93532226200941,48.81140386213636,735.5298407046704,749.236760070291,6.764327418825727e-05
897,1.2893537879677687e-07,1.5e-10,0.0001292592757987828,10314830.30374217,0.0,0.0,10314830.30374217,0.0,0.0,0.0,834128411463.14,-374.0801433850055,38.77472494519835,128.71031107350015,161.3284467436464,-358.2317105570617,-141.8190417461668,-26.861191778273763,61.58421379183892,732.2823098634286,745.1753120268669,6.77550504850613e-05
898,1.2908537879677688e-07,1.5e-10,0.0001294433423525788,10326830.30374217,0.0,0.0,10326830.30374217,0.0,0.0,0.0,834086288516.2671,-375.3754992832624,47.41397146527724,113.43559352362928,154.1667174496336,-358.4817158805842,-136.9792436280606,-17.81805545132029,51.88492224159251,733.8277317304664,746.7388260835016,6.786706130897383e-05
899,1.292353787967769e-07,1.5e-10,0.00012962274206308958,10338830.303742172,0.0,0.0,10338830.30374217,0.0,0.0,0.0,834053896584.6783,-367.72203266614883,44.910699167562285,124.87310744432735,155.86014119929803,-334.6121729159259,-144.27167621815215,-16.035898916159443,59.36349059824972,702.3042540400181,716.5184337977121,6.797453907404348e-05
900,1.293853787967769e-07,1.5e-10,0.00012980500793191203,10350830.303742172,0.0,0.0,10350830.30374217,0.0,0.0,0.0,834028410842.3158,-365.7557511799701,51.63671711381365,114.76675938510643,146.85587421314295,-356.38005466656676,-140.27317350970935,-29.16300087416913,54.48014721343042,722.1060048448708,734.5134321169678,6.808471608886103e-05
901,1.2953537879677692e-07,1.5e-10,0.0001299876392950656,10362830.303742172,0.0,0.0,10362830.30374217,0.0,0.0,0.0,833998647149.6674,-380.83088689400944,34.62342888119692,111.71536183622896,156.15510007611948,-343.4679296467593,-138.23333657158025,-10.536221577149522,59.232856262126134,724.2595294759142,736.655333181394,6.819521438883823e-05
902,1.2968537879677693e-07,1.5e-10,0.0001301699435601445,10374830.303742172,0.0,0.0,10374830.30374217,0.0,0.0,0.0,833993834975.833,-377.22370216557096,48.404000224374734,122.4022847384627,152.26935578137443,-344.6771127140199,-150.60100924747564,-27.46744440741931,48.06237874898264,721.8713711889491,735.7973476795926,6.830558399099017e-05
903,1.2983537879677694e-07,1.5e-10,0.0001303529110886184,10386830.303742172,0.0,0.0,10386830.30374217,0.0,0.0,0.0,834014150486.219,-375.7679818028162,46.471081382705464,118.09394630469275,157.3193649768684,-350.57488645849884,-144.85443056096008,-23.225090698725783,49.06612606265965,726.3133420656113,740.039828009776,6.841658996519164e-05
904,1.2998537879677695e-07,1.5e-10,0.00013053586142994336,10398830.303742172,0.0,0.0,10398830.30374217,0.0,0.0,0.0,834045639007.0798,-373.5473203905533,40.009460144846095,120.49655586893468,159.25013161840113,-352.80374527584263,-150.0750867803463,-27.76466468161337,51.964911288666364,726.3215505429558,739.6015483933081,6.852753019745063e-05
905,1.3013537879677696e-07,1.5e-10,0.0001307193892590422,10410830.303742172,0.0,0.0,10410830.30374217,0.0,0.0,0.0,834092602980.2437,-368.5038623711741,40.69506717146329,117.1185059162833,158.20224489255585,-362.0320225907623,-140.4247556028384,-34.01361373899258,48.638981813762115,730.5063853558856,742.9434509971933,6.86389717151002e-05
906,1.3028537879677697e-07,1.5e-10,0.0001309045489550877,10422830.303742172,0.0,0.0,10422830.30374217,0.0,0.0,0.0,834120767176.867,-387.1047327874956,43.57627227781687,110.73699449257866,150.54786821717616,-354.0273378342653,-156.38002749134574,-21.235093995975127,47.74879258541944,741.1023651792875,754.1732358068821,6.875209770047124e-05
907,1.3043537879677698e-07,1.5e-10,0.0001310869010082225,10434830.30374217,0.0,0.0,10434830.30374217,0.0,0.0,0.0,834159946285.0165,-383.10926075073445,43.94390223851073,108.22410630731147,150.95687004669082,-339.2149925415095,-161.82820166327468,-24.85160797965492,34.5997543171741,722.2945404209322,736.7093959512247,6.886260410986393e-05
908,1.30585378796777e-07,1.5e-10,0.00013127029903420417,10446830.30374217,0.0,0.0,10446830.30374217,0.0,0.0,0.0,834195271141.8947,-387.32999567733884,39.64999620837151,109.70917446952436,154.40517133565325,-342.05225963924653,-150.10009437633417,-20.5326718387688,49.27710238772406,729.3518952483878,742.4580918233257,6.897397282363743e-05
909,1.30735378796777e-07,1.5e-10,0.0001314552951996908,10458830.30374217,0.0,0.0,10458830.30374217,0.0,0.0,0.0,834255651147.5923,-383.82141072235675,39.118547821601716,120.60727301645724,140.44958861292457,-356.3332538459451,-167.2975332350512,-30.889570470213613,41.59958452653681,740.1364544236046,752.8351799844017,6.908689810063509e-05
910,1.3088537879677702e-07,1.5e-10,0.00013164271105040802,10470830.30374217,0.0,0.0,10470830.30374217,0.0,0.0,0.0,834293612386.1871,-407.0538851402376,39.40417250912518,104.63407459070767,158.34889068101535,-348.84688321049964,-155.61695029785227,-10.413951510240283,48.598368943927674,755.8778684704921,769.6131957252425,6.920234007999388e-05
911,1.3103537879677703e-07,1.5e-10,0.00013182855424954878,10482830.30374217,0.0,0.0,10482830.30374217,0.0,0.0,0.0,834228258565.7351,-383.0559476508262,54.21025626787759,106.7173808349441,143.02880949178484,-362.789277311523,-154.10121370173295,-28.677831856858848,37.181950914040996,745.8178850425961,758.9132596684697,6.931617706894414e-05
912,1.3118537879677704e-07,1.5e-10,0.00013201222708323197,10494830.30374217,0.0,0.0,10494830.30374217,0.0,0.0,0.0,834280209303.5901,-385.6058464287101,33.95710192205626,110.62215328806099,136.24564702151477,-345.84363450859746,-161.79347912741136,-21.536096249896147,36.20672952355218,731.4222261246479,743.6920633750516,6.94277308784504e-05
913,1.3133537879677705e-07,1.5e-10,0.00013219840773014897,10506830.30374217,0.0,0.0,10506830.30374217,0.0,0.0,0.0,834299955213.1515,-396.6681886515673,42.31296298271891,104.33931399764846,148.1286946557937,-351.3116124820136,-149.9412117758833,-18.28898459834887,39.45328101201402,747.955155150922,760.7638917863301,6.954184546221835e-05
914,1.3148537879677706e-07,1.5e-10,0.00013238375194248476,10518830.30374217,0.0,0.0,10518830.30374217,0.0,0.0,0.0,834329801013.857,-390.7806088670576,43.63927172754461,102.07112725873391,138.22847036807335,-352.0031506559642,-154.4842122978479,-26.844093052378696,38.02714411046253,742.7583597499154,754.7424721175827,6.965505683303598e-05
915,1.3163537879677707e-07,1.5e-10,0.00013256622120079244,10530830.30374217,0.0,0.0,10530830.30374217,0.0,0.0,0.0,834375395632.1124,-386.85335955192267,61.03091277042676,110.97085216244287,155.87043053898932,-335.4497283591358,-145.52312243877662,-9.88443803080414,35.65567575599573,722.2786051127472,738.7088652066979,6.976586316281699e-05
916,1.3178537879677709e-07,1.5e-10,0.0001327509659445545,10542830.30374217,0.0,0.0,10542830.30374217,0.0,0.0,0.0,834406957806.2408,-367.4264114927789,48.36556113135793,93.43476494661651,130.22828848777394,-371.79122074753445,-153.5094340204143,-30.22755974323191,31.03177698823779,739.1929739281976,750.5922006806641,6.987845199291908e-05
917,1.319353787967771e-07,1.5e-10,0.00013293526526317846,10554830.30374217,0.0,0.0,10554830.30374217,0.0,0.0,0.0,834464116254.7809,-377.13028092006795,49.443129474938104,100.52072317169751,137.82902156041376,-358.5467147143282,-153.35494516523715,-22.949312580157525,34.85256819944963,735.6525103994003,748.1234787995817,6.999067051473901e-05
918,1.320853787967771e-07,1.5e-10,0.00013312097486321167,10566830.30374217,0.0,0.0,10566830.30374217,0.0,0.0,0.0,834506469391.8522,-391.61392461394485,48.385893187644264,98.38996082832713,139.4429024950582,-353.2132154031133,-152.37574307746746,-13.090098958510723,34.72882526090466,744.8006750354717,757.6487080071773,7.010431782094009e-05
919,1.3223537879677712e-07,1.5e-10,0.00013330452011502112,10578830.30374217,0.0,0.0,10578830.30374217,0.0,0.0,0.0,834586764358.714,-368.307747417165,52.884044900719545,99.38390757206379,138.05434854900713,-362.54794888513067,-143.3929995814849,-30.2821106452487,30.95280288492514,730.8312233053161,743.031426943565,7.021577253498163e-05
920,1.3238537879677713e-07,1.5e-10,0.0001334882027296989,10590830.30374217,0.0,0.0,10590830.30374217,0.0,0.0,0.0,834616553564.8527,-398.6664275575846,48.042394379682,103.13262220066173,145.14091635545796,-332.09636257477825,-156.86773954264453,-5.156919472739945,38.39377387051635,730.7356604496287,745.5088084239428,7.032759885624523e-05
921,1.3253537879677714e-07,1.5e-10,0.0001336783819737062,10602830.30374217,0.0,0.0,10602830.30374217,0.0,0.0,0.0,834662245053.645,-392.87857255501643,69.2798042547058,127.30105853383574,153.88006755606796,-380.45582715397694,-137.3902763776254,-1.6421081381839904,48.68449717260954,773.3065817892557,789.0217091899817,7.044595211262372e-05
922,1.3268537879677715e-07,1.5e-10,0.00013386209850514932,10614830.30374217,0.0,0.0,10614830.30374217,0.0,0.0,0.0,834655226733.4852,-373.3579584835933,49.704580909477585,111.22088499143652,133.39881675301945,-358.45474659855597,-158.27043406465776,-31.25125146512931,43.249960087300714,731.7846917643429,743.8506385023967,7.055752970839907e-05
923,1.3283537879677717e-07,1.5e-10,0.0001340492380353682,10626830.30374217,0.0,0.0,10626830.30374217,0.0,0.0,0.0,834707179344.108,-393.5990301902112,54.94675922553812,96.95619256473324,133.5561071894273,-361.0714500983682,-151.44081742137726,-25.194895310652548,33.98034965919476,754.6418592512139,766.8190192109743,7.067255256128072e-05
924,1.3298537879677718e-07,1.5e-10,0.00013423274687292418,10638830.30374217,0.0,0.0,10638830.30374217,0.0,0.0,0.0,834768805261.7393,-374.4364135972283,46.98265468026759,97.99712830535323,123.96097743831864,-356.6472342406383,-151.55327786943977,-38.2494340417527,31.957551162414912,731.054785152804,741.7943567247418,7.078382171478944e-05
925,1.331353787967772e-07,1.5e-10,0.00013441734161242133,10650830.30374217,0.0,0.0,10650830.30374217,0.0,0.0,0.0,834792625702.5226,-373.9501274332034,50.74270451439099,109.95482553140526,140.47022564972843,-363.73720010099595,-152.4777385041117,-38.92919769758729,32.59395919153788,737.6585784098862,750.2324970092121,7.089635658934081e-05
926,1.332853787967772e-07,1.5e-10,0.00013460007199701433,10662830.30374217,0.0,0.0,10662830.30374217,0.0,0.0,0.0,834834728817.9926,-359.71397634493036,38.77622576588778,105.84892038113985,134.45976326562644,-366.01200703070555,-152.0409253196681,-40.92273795465065,25.227871191649562,725.6971692332617,737.178924178943,7.100693342796766e-05
927,1.334353787967772e-07,1.5e-10,0.0001347847342846889,10674830.30374217,0.0,0.0,10674830.30374217,0.0,0.0,0.0,834875864782.1571,-393.6891253015525,31.85024783217009,102.9501426913427,160.6171069820903,-344.1709281734371,-138.8362167696175,-18.963143527757165,43.60843023849776,737.8309424598638,750.2986826788102,7.111947823036947e-05
928,1.3358537879677722e-07,1.5e-10,0.00013496948247259438,10686830.30374217,0.0,0.0,10686830.30374217,0.0,0.0,0.0,834853478025.7692,-367.76593730973167,54.1404232373489,105.60325668661767,121.41346607721137,-371.4704576742716,-142.77970248849135,-45.003226651961924,16.169328984015944,739.2069139967682,750.52417525219,7.123205685665729e-05
929,1.3373537879677723e-07,1.5e-10,0.00013515283444768896,10698830.30374217,0.0,0.0,10698830.30374217,0.0,0.0,0.0,834904131766.8169,-382.02254549342547,51.482980374262596,109.8108719835158,142.71499134323614,-346.8661073503818,-137.6274306083302,-25.209577436528452,18.220494052270684,728.8597396699557,742.5442593692752,7.134343849556268e-05
930,1.3388537879677724e-07,1.5e-10,0.0001353362034381155,10710830.30374217,0.0,0.0,10710830.30374217,0.0,0.0,0.0,834955972896.2635,-364.9200919397316,45.47177595902073,114.65462972792218,137.28936425274074,-364.57203008994463,-150.50085523380096,-44.43943301992421,8.678609469163417,729.4624774567558,742.7056947178738,7.145484434977036e-05
931,1.3403537879677726e-07,1.5e-10,0.00013551799947916486,10722830.30374217,0.0,0.0,10722830.30374217,0.0,0.0,0.0,835001884654.7107,-374.82893137693577,23.917379750267617,103.682936601291,142.32335779830427,-344.8629443619999,-131.34225667912713,-36.83219576740966,36.35267815955695,719.6621945446601,729.339822326588,7.156424532311934e-05
932,1.3418537879677727e-07,1.5e-10,0.00013570522173520443,10734830.30374217,0.0,0.0,10734830.30374217,0.0,0.0,0.0,834977789955.5463,-393.672681625305,30.421920194857638,96.18928627908458,132.9769024362143,-362.4517461388268,-141.42676835458957,-43.717359023936595,24.868433017036217,756.0953336710671,765.7452858046995,7.167910711599004e-05
933,1.3433537879677728e-07,1.5e-10,0.0001358885132676968,10746830.30374217,0.0,0.0,10746830.30374217,0.0,0.0,0.0,834946081715.2839,-371.61196073330836,36.57032348422934,111.67867776464192,136.0878615012896,-357.7938575975551,-141.65628460944575,-42.009124582181975,32.55831273130262,729.3764157601603,739.9934149424405,7.179010612823141e-05
934,1.344853787967773e-07,1.5e-10,0.00013607285958214485,10758830.30374217,0.0,0.0,10758830.30374217,0.0,0.0,0.0,834985877626.6913,-378.6663629081033,30.69777544119771,117.89143224621587,141.38661564867573,-357.51384755349847,-151.3523650843525,-43.22988962205802,27.85899305567897,736.1511725597879,747.5925417503441,7.190224500949397e-05
935,1.346353787967773e-07,1.5e-10,0.00013625472105044002,10770830.30374217,0.0,0.0,10770830.30374217,0.0,0.0,0.0,834891344174.1442,-372.5818062329131,32.41118054555693,109.6475759057115,136.88288173209625,-347.2365234705268,-142.05680933114402,-38.640559769053546,29.542007423519237,719.7724894204106,730.5905694937667,7.201183359491803e-05
936,1.347853787967773e-07,1.5e-10,0.00013643915011536434,10782830.30374217,0.0,0.0,10782830.30374217,0.0,0.0,0.0,834913545761.7572,-386.57889266958324,30.064598959618717,100.55281932318486,141.39527604942074,-350.39221249307286,-136.97772691888423,-33.196857410899135,26.57621722664345,736.9403652988044,747.6010293746045,7.212397374932422e-05
937,1.3493537879677732e-07,1.5e-10,0.00013662243378658693,10794830.30374217,0.0,0.0,10794830.30374217,0.0,0.0,0.0,834809503482.1254,-383.79956677849975,37.790253162791174,98.06732452778141,160.52158802556986,-344.82027250305896,-136.41217740815262,-26.437249016520465,20.516770720069704,728.5911558591517,742.0661694965636,7.22352836747487e-05
938,1.3508537879677733e-07,1.5e-10,0.00013680842669943602,10806830.30374217,0.0,0.0,10806830.30374217,0.0,0.0,0.0,834822810695.87,-383.0990135576848,44.788571559536635,84.53760632843431,140.20375686603438,-364.1251975033676,-129.73105726886774,-16.841184557969385,23.28761079175222,747.187224211656,758.3791263250151,7.234904054369746e-05
939,1.3523537879677735e-07,1.5e-10,0.00013699059964935142,10818830.30374217,0.0,0.0,10818830.30374217,0.0,0.0,0.0,834896353225.774,-366.8218665299963,30.78267480336006,97.72091201332864,153.6148577539332,-355.1491149830215,-129.23560273428618,-41.72958216754095,17.4962578738162,721.9490018792463,733.3535377804697,7.245904357436453e-05
940,1.3538537879677736e-07,1.5e-10,0.00013717252882458608,10830830.30374217,0.0,0.0,10830830.30374217,0.0,0.0,0.0,834750507839.1677,-356.67314136461846,26.88335799118373,84.73799748153382,141.31602322397146,-364.0541339921278,-132.26663805352752,-20.914173218611836,40.00744322188766,720.691226437353,730.107353667611,7.256855967741467e-05
941,1.3553537879677737e-07,1.5e-10,0.00013735703765112433,10842830.30374217,0.0,0.0,10842830.30374217,0.0,0.0,0.0,834786738795.645,-390.88580147493786,56.27475109304962,87.52535212125957,162.37915423568955,-345.5688521937717,-149.3751415864331,-26.045153176440703,18.796421530530218,736.4176874320891,752.2590978373839,7.268139854209028e-05
942,1.3568537879677738e-07,1.5e-10,0.0001375378120080509,10854830.30374217,0.0,0.0,10854830.30374217,0.0,0.0,0.0,834783201711.304,-382.48557007642074,30.168706848196408,81.33402547182946,133.3174506885265,-330.5212263192587,-128.0101711060998,-29.538205101682276,17.574520402080893,712.9692950126796,723.2648154147174,7.278988826440249e-05
943,1.358353787967774e-07,1.5e-10,0.0001377203519776657,10866830.30374217,0.0,0.0,10866830.30374217,0.0,0.0,0.0,834526813091.3799,-382.42301461055877,47.16152759411918,95.93464988042287,154.49377096440986,-341.08061629503595,-121.49719542511428,-15.810350822267496,24.08354865929453,723.4648902247775,736.7821419118098,7.290040558568926e-05
944,1.359853787967774e-07,1.5e-10,0.00013790391704601718,10878830.30374217,0.0,0.0,10878830.30374217,0.0,0.0,0.0,834526013765.046,-372.54728577786767,38.88640121071341,87.65900443336541,149.85244178020943,-358.46468891882176,-119.36248768638785,-20.39910538401475,22.2876425609352,730.9722556157257,742.2460225724673,7.301174248907513e-05
945,1.361353787967774e-07,1.5e-10,0.0001380872055245827,10890830.30374217,0.0,0.0,10890830.30374217,0.0,0.0,0.0,834553878671.9025,-372.4385744293087,41.17636600078326,84.17223471361532,145.6898736462626,-356.76681264489423,-123.12637018600603,-22.09658756728181,14.102775223550461,729.1648015253145,740.7219986763745,7.312285078887659e-05
946,1.3628537879677742e-07,1.5e-10,0.00013826855639169214,10902830.30374217,0.0,0.0,10902830.30374217,0.0,0.0,0.0,834561774828.1747,-366.6345710803619,35.38481510842959,70.8338736322258,142.0801514232546,-350.55356632256087,-117.55717663809797,-34.75058216496685,22.153194106357088,717.1575487480519,726.8986772011265,7.323188559045675e-05
947,1.3643537879677744e-07,1.5e-10,0.00013845465053785263,10914830.30374217,0.0,0.0,10914830.30374217,0.0,0.0,0.0,834444539792.4219,-395.1668597851614,39.22521745676314,83.9919108130208,159.72961041659045,-352.6543806476082,-122.03082197495328,-21.206055318163042,41.32852398687206,747.7905293036948,759.26789695564,7.33457757750001e-05
948,1.3658537879677745e-07,1.5e-10,0.00013863970565074988,10926830.30374217,0.0,0.0,10926830.30374217,0.0,0.0,0.0,834445788533.8468,-374.67361737648196,12.695366000321672,55.218020560291386,123.73034729230955,-368.68602808262085,-120.90419116086034,-43.97501621606739,23.989512950213093,743.3294582834728,749.6282670038081,7.345822001505068e-05
949,1.3673537879677746e-07,1.5e-10,0.00013881900554663207,10938830.30374217,0.0,0.0,10938830.30374217,0.0,0.0,0.0,834388491239.3362,-367.57585241052846,28.617182294609574,93.92966038319861,141.35055700185706,-334.9900130665654,-127.06198136131376,-17.42444289099325,27.395714311244763,702.5352020428281,713.3132780601662,7.356521700675971e-05
950,1.3688537879677747e-07,1.5e-10,0.00013900046922486943,10950830.303742168,0.0,0.0,10950830.30374217,0.0,0.0,0.0,834421500657.4738,-368.6240025991093,36.62339299305928,80.3133199526784,151.7134659728773,-348.49195297868397,-119.68112000719282,-21.359603116652657,21.899053686605047,717.0847178389246,728.3747258909826,7.367447321564336e-05
951,1.3703537879677748e-07,1.5e-10,0.00013918286739039455,10962830.303742168,0.0,0.0,10962830.30374217,0.0,0.0,0.0,834431045557.6736,-407.97269784136944,29.722793561532473,87.16650601518299,138.90915013370156,-314.7872986224654,-136.36083448485215,-8.596489619512047,10.914913597507663,722.7273977028493,736.2250500299431,7.378490697314785e-05
952,1.371853787967775e-07,1.5e-10,0.00013936435561626747,10974830.303742168,0.0,0.0,10974830.30374217,0.0,0.0,0.0,834446635677.0405,-373.80097724566843,43.538842118384224,87.2790127017465,148.55980817883267,-343.53935621692347,-101.69400001880585,-31.248956014656834,16.437474620318472,717.3075595533157,728.4373968812902,7.389417258268005e-05
953,1.373353787967775e-07,1.5e-10,0.00013954605548446603,10986830.303742168,0.0,0.0,10986830.30374217,0.0,0.0,0.0,834266309356.1454,-380.06260960198455,34.78055898730896,78.80071496172685,152.08461093681115,-338.69633539345654,-108.06410595374639,-21.871939554060752,19.088629438914175,718.7236960161156,729.7326461803698,7.40036324796071e-05
954,1.3748537879677751e-07,1.5e-10,0.0001397266472647997,10998830.30374217,0.0,0.0,10998830.30374217,0.0,0.0,0.0,834323451732.7516,-370.7146024347608,36.56092591246431,87.57171795685814,148.76145116296993,-340.7541656868336,-110.0457336833498,-33.588065897589075,18.083512737371937,711.4345589581345,722.2832702290607,7.411197497014145e-05
955,1.3763537879677753e-07,1.5e-10,0.00013990914020812407,11010830.30374217,0.0,0.0,11010830.30374217,0.0,0.0,0.0,834375193763.7693,-385.14177464601835,31.200851221831265,77.77607905169606,159.4659008301915,-338.952751899866,-113.40480716254922,-27.7045805477916,22.787001648269346,724.0579227211911,735.309144075543,7.422227134175279e-05
956,1.3778537879677754e-07,1.5e-10,0.00014009192063169152,11022830.30374217,0.0,0.0,11022830.30374217,0.0,0.0,0.0,834454434818.2078,-370.61622980056643,46.54238319895153,77.52553888449678,149.44815396450272,-355.702210777166,-107.36980089154586,-42.6056238796578,10.832201552883093,726.2812281693209,737.4914573689674,7.433289506035813e-05
957,1.3793537879677755e-07,1.5e-10,0.00014027180648086172,11034830.30374217,0.0,0.0,11034830.30374217,0.0,0.0,0.0,834278653070.7023,-368.08390743383336,34.62995943366157,86.2961150116293,142.17540623562388,-338.94140854500233,-117.02504286301571,-40.668350562398906,15.591961363473926,706.9886305139073,717.4098387646342,7.444050653617281e-05
958,1.3808537879677756e-07,1.5e-10,0.00014045105630539244,11046830.30374217,0.0,0.0,11046830.30374217,0.0,0.0,0.0,834364632131.9077,-372.8886895705943,27.14327153520749,90.10521221335972,154.07776103469996,-329.6633203362981,-107.1045388923948,-33.2167407957584,25.780543205020038,702.5145673408084,713.0199031635879,7.454745952164735e-05
959,1.3823537879677757e-07,1.5e-10,0.00014063268588170353,11058830.30374217,0.0,0.0,11058830.30374217,0.0,0.0,0.0,834417058794.0236,-378.16918215303133,31.435258441993874,79.7937038753946,157.67991236090046,-340.0689717815063,-115.65413628274617,-29.73618285449139,11.352697593105026,718.1986814418982,729.8596799382523,7.465693847363809e-05
960,1.3838537879677758e-07,1.5e-10,0.00014081276592159826,11070830.30374217,0.0,0.0,11070830.30374217,0.0,0.0,0.0,834496256212.9523,-378.6456721846213,25.844900118730365,79.71022350926434,165.81022139345353,-329.1677149922347,-107.20771959467255,-26.570035925671853,13.20883621735681,707.7737630626684,719.6588575820577,7.47648873022754e-05
961,1.385353787967776e-07,1.5e-10,0.00014099358573625318,11082830.30374217,0.0,0.0,11082830.30374217,0.0,0.0,0.0,834461516519.6139,-377.9543603682747,35.01115794533938,75.60734124912966,155.28883520432524,-334.7869695517915,-118.02705886779735,-25.051392984414743,11.550364565651503,712.7006368685728,724.7655483715832,7.487360213453113e-05
962,1.386853787967776e-07,1.5e-10,0.00014117805292873986,11094830.30374217,0.0,0.0,11094830.30374217,0.0,0.0,0.0,834297060197.6781,-394.5682934676782,27.191088309438417,75.38248839814584,164.3571610939905,-342.5303690728734,-114.41418540259276,-21.824940412324235,22.379675559914713,737.0562369060441,748.4552247610497,7.49858704182453e-05
963,1.3883537879677762e-07,1.5e-10,0.00014136061711267413,11106830.30374217,0.0,0.0,11106830.30374217,0.0,0.0,0.0,834306629384.0942,-388.2100648554161,26.938144083685675,60.83090068272937,167.97593371309938,-336.65544533737165,-114.1502924833905,-29.490567987162414,26.51199728661809,724.8496212511305,736.1059748157535,7.509628631446766e-05
964,1.3898537879677763e-07,1.5e-10,0.00014154356056040725,11118830.30374217,0.0,0.0,11118830.30374217,0.0,0.0,0.0,834303961461.3312,-378.55743236165256,25.540931182988643,62.400140751822974,165.66469036805725,-348.6475014000514,-115.92611191489787,-20.548299756584957,18.181875908919316,727.1896822109618,738.2854889235953,7.52070291378062e-05
965,1.3913537879677764e-07,1.5e-10,0.00014172754187338906,11130830.30374217,0.0,0.0,11130830.30374217,0.0,0.0,0.0,834317750161.9974,-385.8977717500967,26.30970474645152,61.185388856435935,176.40666172245744,-348.1531655506331,-112.70472862889447,-24.490430478510174,22.567464476518637,734.0371981096695,745.752823630862,7.531889206135083e-05
966,1.3928537879677765e-07,1.5e-10,0.00014191454135610004,11142830.30374217,0.0,0.0,11142830.30374217,0.0,0.0,0.0,834340585742.2701,-392.44780373161444,38.3540097626727,59.1603498004612,177.7750465252952,-361.13957964579527,-113.32709595142636,-8.855368386771463,19.985988101061444,753.5743059831083,766.5023463974867,7.543386741331044e-05
967,1.3943537879677766e-07,1.5e-10,0.0001420986772473148,11154830.30374217,0.0,0.0,11154830.30374217,0.0,0.0,0.0,834288697167.0032,-376.71848843335323,26.553956756909315,56.84140698758831,163.0594575428813,-358.6260815923359,-119.48331483157348,-21.30971913264983,18.731913012222535,735.3299317273596,746.0665255263104,7.554577739213939e-05
968,1.3958537879677767e-07,1.5e-10,0.00014228307876068324,11166830.30374217,0.0,0.0,11166830.30374217,0.0,0.0,0.0,834319914158.7897,-393.3190543107496,27.22942323421989,55.46960807198271,170.77642183772372,-343.6612245771956,-114.95251469853582,-19.69593302950654,32.74892608699035,736.9759815072744,748.1346863255163,7.565799759508821e-05
969,1.3973537879677768e-07,1.5e-10,0.00014246921526836213,11178830.30374217,0.0,0.0,11178830.30374217,0.0,0.0,0.0,834347710854.9364,-388.0276237883074,25.95654815791389,50.00636824409738,150.98784405460938,-361.36843772524855,-128.66815172874715,-33.72374832895478,29.415649872784225,749.3780496019,758.6974786732187,7.57718022168892e-05
970,1.398853787967777e-07,1.5e-10,0.00014265390204301406,11190830.30374217,0.0,0.0,11190830.30374217,0.0,0.0,0.0,834109941817.5726,-385.9926191177005,30.535493463303908,48.95914362278907,151.55004112508232,-353.0756416879745,-134.91548008400545,-28.22450690150528,25.08771309309127,739.4994966033679,749.815896949648,7.588427460143163e-05
971,1.400353787967777e-07,1.5e-10,0.00014283729225770408,11202830.30374217,0.0,0.0,11202830.30374217,0.0,0.0,0.0,834097489387.414,-386.96802972878777,37.19074724316679,50.56013200892174,164.57474526778586,-342.87486948623643,-134.97815167380244,-13.362392122842746,23.963240531305388,729.8242849895188,742.5898676372416,7.599566308157721e-05
972,1.4018537879677772e-07,1.5e-10,0.00014301956082193458,11214830.30374217,0.0,0.0,11214830.30374217,0.0,0.0,0.0,834135531241.2606,-379.30537961829515,33.136115235732724,56.53971350746052,161.17382066897684,-343.46558257024395,-128.9903013556433,-24.224041609082683,30.478593644563446,722.753614332764,734.1510151858469,7.610578573385509e-05
973,1.4033537879677773e-07,1.5e-10,0.00014320342292156854,11226830.30374217,0.0,0.0,11226830.30374217,0.0,0.0,0.0,834179307392.524,-365.2231926134301,26.808408128094104,37.052816939277385,149.7304209232618,-369.5768743183331,-125.69615665030159,-36.44913093062859,39.054578337672496,734.78193453561,743.512421155877,7.621731259702847e-05
974,1.4048537879677774e-07,1.5e-10,0.00014338513224181832,11238830.30374217,0.0,0.0,11238830.30374217,0.0,0.0,0.0,834196497866.9504,-380.47046488278573,25.248717637722606,53.24335299833452,155.38563704345322,-338.64223135443007,-139.03076068197535,-17.148707786474578,31.255722828423824,719.0945419861442,729.980283735247,7.632680963958876e-05
975,1.4063537879677775e-07,1.5e-10,0.00014356745259588955,11250830.30374217,0.0,0.0,11250830.30374217,0.0,0.0,0.0,834261123888.2701,-379.705833570903,39.399645070834644,55.03339737610607,158.29010189990794,-343.41294160648937,-129.11889156520238,-23.336333578256045,38.94286464710206,723.1008939635522,734.4352475347899,7.643697492671897e-05
976,1.4078537879677776e-07,1.5e-10,0.00014374698463249594,11262830.30374217,0.0,0.0,11262830.30374217,0.0,0.0,0.0,834253620363.0944,-358.8666443006163,41.33605985516049,55.862016142733204,156.0242970636058,-345.77401340581764,-124.21295453790474,-23.637701252732008,40.63405377967016,704.6237131923241,715.6940634721348,7.654432903623979e-05
977,1.4093537879677777e-07,1.5e-10,0.00014393444780536472,11274830.30374217,0.0,0.0,11274830.30374217,0.0,0.0,0.0,834199934463.9515,-387.03770971575693,49.26190630682156,45.256980919001656,150.83329906235832,-370.4174633924563,-138.25826131931228,-22.974511898924227,23.998153102548883,757.4361777099372,769.2038460709425,7.665970961315043e-05
978,1.4108537879677778e-07,1.5e-10,0.00014411694406772657,11286830.30374217,0.0,0.0,11286830.30374217,0.0,0.0,0.0,834220181536.7998,-366.32960074140067,49.610748507494236,58.990989222217976,155.3354998931856,-358.04059496765404,-129.5805649854749,-37.93134540974815,29.162207068817384,724.3534278922526,736.3619999666162,7.677016391314541e-05
979,1.412353787967778e-07,1.5e-10,0.00014429621298966944,11298830.30374217,0.0,0.0,11298830.30374217,0.0,0.0,0.0,834234081157.01,-355.7936004011053,39.605379092128665,59.7400509623996,157.90765349083358,-346.51582027176244,-148.76954264280252,-18.992121289030848,28.396619968770327,702.2919108680683,715.2887267943637,7.687745722216456e-05
980,1.413853787967778e-07,1.5e-10,0.00014448203970798332,11310830.30374217,0.0,0.0,11310830.30374217,0.0,0.0,0.0,834222959295.9359,-396.1049847310498,48.703481537102896,53.648263545749586,167.99977501746207,-349.4632790667712,-134.163574187102,-7.744285790590938,29.33233211988346,745.5510847450819,759.3412475093927,7.699135840929097e-05
981,1.4153537879677782e-07,1.5e-10,0.00014466391755027361,11322830.30374217,0.0,0.0,11322830.30374217,0.0,0.0,0.0,834227691970.5757,-364.8234154929253,38.445357270891996,50.51143413243472,146.17239175932116,-356.2569510827103,-115.84243339583693,-37.86540506866532,38.44359768917885,721.0640767183066,730.3267076948971,7.710090741544521e-05
982,1.4168537879677783e-07,1.5e-10,0.00014484978775651655,11334830.30374217,0.0,0.0,11334830.30374217,0.0,0.0,0.0,834212464979.5115,-395.67027868711034,34.07511521795402,46.05398258270518,151.34048920040718,-351.38607544165575,-135.60358191187765,-21.55749112500322,33.63106435314432,747.0417234962232,757.5342410264357,7.721453755159918e-05
983,1.4183537879677784e-07,1.5e-10,0.00014503393959351595,11346830.30374217,0.0,0.0,11346830.30374217,0.0,0.0,0.0,834237536835.8909,-395.68161317533526,34.13541919971252,61.51784354106452,153.80304449289397,-339.81759680197416,-129.30312329129058,-35.359255788383656,33.508103477469064,735.4820002642512,746.3531883537668,7.732649052985224e-05
984,1.4198537879677785e-07,1.5e-10,0.0001452212375249141,11358830.30374217,0.0,0.0,11358830.30374217,0.0,0.0,0.0,834239291065.1973,-416.56882387173465,28.99042192848933,49.3758076859099,140.55284506877405,-340.55896770345583,-133.4373441794258,-37.92680848143174,33.69224082431887,757.1067985330782,766.8694987611369,7.74415209546664e-05
985,1.4213537879677786e-07,1.5e-10,0.00014540442783709338,11370830.30374217,0.0,0.0,11370830.30374217,0.0,0.0,0.0,834289258105.4371,-381.7938880133391,42.7105219525119,66.38188126289243,145.9600161453796,-347.52804717542364,-130.92101435211666,-51.28907940272244,28.380220651725427,729.3050634859195,740.0890404167725,7.755253431072891e-05
986,1.4228537879677787e-07,1.5e-10,0.00014559047492995888,11382830.30374217,0.0,0.0,11382830.30374217,0.0,0.0,0.0,834343695729.4349,-407.85276355515276,35.48210054476689,56.548527530284204,166.67999408093002,-339.9592961730372,-126.7648538494985,-34.05328102789795,32.92866747288968,747.8983368390101,759.9818029781057,7.766653158117563e-05
987,1.4243537879677789e-07,1.5e-10,0.00014577299892735765,11394830.30374217,0.0,0.0,11394830.30374217,0.0,0.0,0.0,834378846294.2733,-395.33195451523767,41.109728564597575,66.17608537647045,148.50318543627733,-329.0516304968723,-118.43111715795945,-29.277680660483423,33.57621902534966,724.3662040742836,735.5388858881024,7.777686241405885e-05
988,1.425853787967779e-07,1.5e-10,0.00014595840349800914,11406830.30374217,0.0,0.0,11406830.30374217,0.0,0.0,0.0,834413271194.9608,-407.0210671456207,26.56291385576197,60.41345618763832,154.0273954640534,-336.9342547435142,-120.95196825878656,-27.690808017016717,42.24137277494247,743.9372370064256,753.9111125356688,7.78899490809392e-05
989,1.427353787967779e-07,1.5e-10,0.00014614356638885932,11418830.30374217,0.0,0.0,11418830.30374217,0.0,0.0,0.0,834442235650.2074,-390.6722291599766,49.484005365465315,58.830294236764395,128.99589679072605,-352.0805455089253,-118.78047497074874,-44.33183394088788,22.624827390511953,742.7343193683337,752.2833530983452,7.800279158390395e-05
990,1.4288537879677792e-07,1.5e-10,0.0001463276826578899,11430830.30374217,0.0,0.0,11430830.30374217,0.0,0.0,0.0,834497115537.0155,-385.7237618375807,24.791587614992807,67.0104149681533,151.15791056600708,-350.23325796789646,-122.55965415110037,-49.555409179972735,46.19291394141916,735.9394755381021,744.5806238691104,7.811447867748432e-05
991,1.4303537879677793e-07,1.5e-10,0.00014651133430136103,11442830.30374217,0.0,0.0,11442830.30374217,0.0,0.0,0.0,834549181826.1515,-387.3100550628939,41.50584514135684,64.33759211889014,134.73217753970508,-345.34117760241116,-120.96343447284166,-44.24896933238158,34.26711892061125,732.6331141395295,741.8493602259996,7.822575608151823e-05
992,1.4318537879677794e-07,1.5e-10,0.00014669564079423762,11454830.30374217,0.0,0.0,11454830.30374217,0.0,0.0,0.0,834603636819.3977,-397.6761940490755,32.79606300825292,61.5612519562729,145.30776524797926,-339.04370633843797,-124.6996383676914,-34.417204395707046,35.28797062291366,736.7022029007516,746.571378825933,7.833774178834211e-05
993,1.4333537879677795e-07,1.5e-10,0.00014687645177749567,11466830.30374217,0.0,0.0,11466830.30374217,0.0,0.0,0.0,834662952689.0262,-399.09063186940415,28.886932737992385,88.44062843516008,136.08260654219865,-338.0593383778244,-121.23816128283003,-16.969676100090087,38.281876985525585,700.4502349246237,722.8602335295258,7.844617082337155e-05
994,1.4348537879677797e-07,1.5e-10,0.0001470569155290335,11478830.30374217,0.0,0.0,11478830.30374217,0.0,0.0,0.0,834428568836.0743,-381.49950002226683,29.792545423424098,64.69432099242756,123.31167636834316,-329.94108391084444,-134.60099995175437,-38.188867136105,24.95583717169774,711.4172286429166,720.4629124608238,7.855424026024068e-05
995,1.4363537879677798e-07,1.5e-10,0.00014724000718343853,11490830.30374217,0.0,0.0,11490830.30374217,0.0,0.0,0.0,834479954295.5222,-386.48902855437984,48.36806925156714,64.06245525578517,137.6782523034257,-342.2580318775258,-118.2301858916482,-47.562659574011974,31.570054884907968,728.7294955272198,738.8092829649777,7.866506165268542e-05
996,1.43785378796778e-07,1.5e-10,0.00014742212608071786,11502830.30374217,0.0,0.0,11502830.30374217,0.0,0.0,0.0,834539595080.0391,-388.50294284394516,51.358272860823355,59.90183455145037,141.57029890780103,-333.2662706345851,-126.8565090582131,-34.184428475199255,33.55859000436386,721.7482555537354,733.1280690192428,7.877503086303831e-05
997,1.43935378796778e-07,1.5e-10,0.00014760479727476015,11514830.30374217,0.0,0.0,11514830.30374217,0.0,0.0,0.0,834600550494.3336,-388.1174247472268,35.03684811544221,70.3325927500026,131.14907522481852,-338.1764516991254,-113.17410365996939,-43.146778227519555,45.48101492143067,726.2752557499214,734.3676585726337,7.88851860118242e-05
998,1.44085378796778e-07,1.5e-10,0.00014778652089864226,11526830.30374217,0.0,0.0,11526830.30374217,0.0,0.0,0.0,834661567483.908,-368.826880124884,40.25130120332608,51.01568127857057,136.4890249035023,-351.1226764658126,-124.25713789697278,-39.98527351434747,29.316572674220048,719.9311027931622,729.2953018937548,7.899458030710827e-05
999,1.4423537879677802e-07,1.5e-10,0.00014797295994287,11538830.30374217,0.0,0.0,11538830.30374217,0.0,0.0,0.0,834673560923.88,-418.15117896627635,37.472752117456906,62.5090026316395,124.94054053703545,-333.1500589202153,-114.41386580163743,-39.68022932415028,28.911256253703893,751.2858076389871,760.4273791185881,7.910864441397605e-05
1000,1.4438537879677803e-07,1.5e-10,0.00014815619442104717,11550830.30374217,0.0,0.0,11550830.30374217,0.0,0.0,0.0,834736953331.1107,-384.7216420138719,55.59015135105153,47.76979370646552,139.47818474902977,-344.75529653819234,-121.52962906402558,-32.06764871955239,32.1484138372509,729.459975288745,740.3253425550927,7.921969321535932e-05
1001,1.4453537879677804e-07,1.5e-10,0.00014834058014183803,11562830.30374217,0.0,0.0,11562830.30374217,0.0,0.0,0.0,834801718072.5183,-392.63949972484124,49.97184763343993,61.00638270554793,129.30924486751266,-344.68771968414967,-117.39212180769358,-35.16618503561788,35.598972249409265,737.3057194433478,746.701590283747,7.933169845390188e-05
1002,1.4468537879677806e-07,1.5e-10,0.00014852359406523934,11574830.30374217,0.0,0.0,11574830.30374217,0.0,0.0,0.0,834863998843.3151,-398.3459197405792,56.15241422979681,59.40134666329209,140.7046995976448,-329.5708900020364,-112.76053586127101,-40.04519126033187,39.49685356751366,727.8965866607733,739.0883392229259,7.944256170478532e-05
1003,1.4483537879677807e-07,1.5e-10,0.00014870769528482858,11586830.30374217,0.0,0.0,11586830.30374217,0.0,0.0,0.0,834915734689.5138,-390.44488602513917,47.05512495316724,66.59662692582096,138.26880229563582,-344.76485251356706,-121.3495851833482,-37.15386747461076,39.86619171332623,735.1897059665899,745.090421834528,7.95543252680605e-05
1004,1.4498537879677808e-07,1.5e-10,0.000148891923893566,11598830.30374217,0.0,0.0,11598830.30374217,0.0,0.0,0.0,834975046636.7705,-385.5203941488239,45.49726535519645,71.18612783464509,124.90423780105954,-351.1050473846839,-107.3847984261004,-43.52821815069077,40.28378818247595,736.6074784626146,744.5998454837215,7.966601524488305e-05
1005,1.451353787967781e-07,1.5e-10,0.00014907629982489296,11610830.30374217,0.0,0.0,11610830.30374217,0.0,0.0,0.0,835013091016.2509,-389.44869071115585,51.323020926320275,53.201893910525484,134.40812779621004,-347.68946036758786,-125.6487060608335,-29.465805358504806,40.60359142099742,737.1126529055006,747.0115452635451,7.977806697667259e-05
1006,1.452853787967781e-07,1.5e-10,0.0001492579273431105,11622830.30374217,0.0,0.0,11622830.30374217,0.0,0.0,0.0,835084877416.9587,-366.84987781525444,48.36655130133209,64.00790257197797,119.65943720524199,-352.51228779712335,-115.93931145685923,-42.801192546606885,31.739114865389094,719.3299556791615,727.6287497862676,7.988721128914052e-05
1007,1.454353787967781e-07,1.5e-10,0.00014944160231368108,11634830.30374217,0.0,0.0,11634830.30374217,0.0,0.0,0.0,834825870329.9519,-399.7507001732254,48.67838413796422,67.71448865238595,148.0607033662001,-331.8443508146058,-117.88147199949977,-18.978467914076614,39.56588166202973,731.5610102803851,743.2855921284676,7.99987041279598e-05
1008,1.4558537879677812e-07,1.5e-10,0.0001496276569812316,11646830.30374217,0.0,0.0,11646830.30374217,0.0,0.0,0.0,834881162974.3523,-387.39534204382295,62.697653337489314,65.01449770291804,136.9374320329423,-360.41781248664046,-113.82368566807011,-30.64804016599312,26.412184813201026,747.7891960975327,758.7282464726522,8.011251336493069e-05
1009,1.4573537879677813e-07,1.5e-10,0.00014981237821325342,11658830.30374217,0.0,0.0,11658830.30374217,0.0,0.0,0.0,834945741797.1243,-383.80405227058424,51.674301041215436,59.85151664483477,143.51493758163858,-355.37735260048004,-108.86669288504886,-25.659340140889725,38.95412133235464,739.1602049584636,749.2370686725546,8.022489892523157e-05
1010,1.4588537879677815e-07,1.5e-10,0.0001499926966236821,11670830.30374217,0.0,0.0,11670830.30374217,0.0,0.0,0.0,835026821954.9683,-359.9429170598672,41.67500414711684,68.13973083381445,121.60461408492048,-350.72952356851397,-108.72908605336386,-33.585543097556325,48.76320334709601,710.6512019535982,718.0159234244898,8.033260131374525e-05
1011,1.4603537879677816e-07,1.5e-10,0.0001501774990375908,11682830.30374217,0.0,0.0,11682830.30374217,0.0,0.0,0.0,835062811732.8186,-392.45098177636424,67.64706881184664,58.82609344219825,139.12398237871764,-346.97146724702793,-118.01927253430489,-34.357536553973276,31.138621680474976,739.401849559212,751.2534769756855,8.04452893352916e-05
1012,1.4618537879677817e-07,1.5e-10,0.00015036047570935948,11694830.30374217,0.0,0.0,11694830.30374217,0.0,0.0,0.0,835134519677.4039,-370.6457776149078,50.481659182576585,78.50830576208794,130.59577905566687,-356.9291385602423,-115.62029091306387,-33.048412874286186,38.91174026674587,727.5477962998825,736.8728607836445,8.055582026440915e-05
1013,1.4633537879677818e-07,1.5e-10,0.00015054415923521376,11706830.30374217,0.0,0.0,11706830.30374217,0.0,0.0,0.0,835200265508.8339,-367.77385082985705,60.876689491608296,69.74484120150858,137.07267410517898,-364.6080487548342,-111.27918742182155,-41.23041373217072,39.43253168722615,732.3624832891719,742.5770101620318,8.066720681593346e-05
1014,1.464853787967782e-07,1.5e-10,0.0001507328483809505,11718830.30374217,0.0,0.0,11718830.30374217,0.0,0.0,0.0,835278795180.9276,-372.2639190338503,49.66016119013442,95.60875806726962,118.2300468837012,-393.2493641093089,-119.70697256917978,-31.06752467552257,22.637192900476574,765.4891314865662,774.6339848215376,8.078340191365668e-05
1015,1.466353787967782e-07,1.5e-10,0.000150919885487542,11730830.30374217,0.0,0.0,11730830.30374217,0.0,0.0,0.0,835201071136.6941,-400.8751488397936,54.575808415021704,78.0007984289464,136.45522978040606,-353.57597619598874,-105.59566503221097,-39.67302255662467,27.485146610217093,754.4336669920202,764.5994935537807,8.089809183768975e-05
1016,1.467853787967782e-07,1.5e-10,0.00015110728162469973,11742830.30374217,0.0,0.0,11742830.30374217,0.0,0.0,0.0,835243535857.6995,-397.32709924722826,61.86507114484448,75.26680148149052,126.61484444325498,-359.36469176080595,-118.01460832613563,-33.42747313166814,23.188060268252023,756.6650473749719,767.1103529898168,8.101315839063823e-05
1017,1.4693537879677822e-07,1.5e-10,0.00015129266698456524,11754830.30374217,0.0,0.0,11754830.30374217,0.0,0.0,0.0,835299564964.93,-374.820815726828,63.49469274175646,80.89980373772086,140.68730030912246,-357.30619326485095,-118.8931827159863,-30.024141778131224,13.415741300554512,747.9112387194782,755.0857062202713,8.112642124657127e-05
1018,1.4708537879677824e-07,1.5e-10,0.00015147683014393867,11766830.30374217,0.0,0.0,11766830.30374217,0.0,0.0,0.0,835163252164.1714,-376.28851375888166,65.30302448082854,79.27951402877414,142.69704033231508,-358.50505717477535,-108.02343138676378,-30.698808559906567,33.875083443070956,734.7666798909578,746.352034984917,8.1238374051819e-05
1019,1.4723537879677825e-07,1.5e-10,0.00015166373957519038,11778830.30374217,0.0,0.0,11778830.30374217,0.0,0.0,0.0,835198766854.4932,-369.5041723700707,59.52958220836346,72.79416606073835,140.70052529335797,-384.01893201580475,-109.7953720676037,-33.15088693570741,24.292845573060692,753.4984213888638,764.3083707354438,8.135302030742931e-05
1020,1.4738537879677826e-07,1.5e-10,0.00015184218099096797,11790830.30374217,0.0,0.0,11790830.30374217,0.0,0.0,0.0,835248386047.6362,-352.89441109195803,73.25900114939766,74.3557870937539,149.0577981145541,-343.6517092791372,-117.08996105659301,-44.01109684850831,29.91993455062349,696.5255439774501,710.2820484730203,8.145956261470026e-05
1021,1.4753537879677827e-07,1.5e-10,0.00015202264039405262,11802830.30374217,0.0,0.0,11802830.30374217,0.0,0.0,0.0,835291581819.9039,-355.6925365638787,56.786555515184624,68.12315137852643,137.80147372024658,-354.74995040787206,-115.43197929868124,-28.718280564747978,23.954200677599964,710.4167044446905,721.5489432737519,8.156779495619133e-05
1022,1.4768537879677828e-07,1.5e-10,0.0001522071837193843,11814830.30374217,0.0,0.0,11814830.30374217,0.0,0.0,0.0,835338412068.5656,-368.49502756592153,61.57592956169174,73.43306400597392,152.15448489711622,-368.77834148774565,-95.99679208002804,-24.206798534194533,25.53777936427283,737.2512046894743,749.1593436122465,8.168016885773317e-05
1023,1.478353787967783e-07,1.5e-10,0.00015238800717922736,11826830.30374217,0.0,0.0,11826830.30374217,0.0,0.0,0.0,835404763394.6846,-350.1392363232291,58.55402778801505,96.92740070011102,150.66416184532952,-361.7024488542579,-106.53529424477567,-23.935442236184844,17.279890118003298,711.8167703309148,725.0942756471321,8.178893299908024e-05
1024,1.479853787967783e-07,1.5e-10,0.00015256515126268804,11838830.30374217,0.0,0.0,11838830.30374217,0.0,0.0,0.0,835462153746.9392,-325.55085114298384,60.2331063120329,61.72071347487879,133.94301549225588,-363.5627121523246,-97.8473039361383,-40.3371671627274,30.39171283505818,689.0954500185579,699.6997837811448,8.18938879666474e-05
1025,1.4813537879677831e-07,1.5e-10,0.00015274820447669176,11850830.30374217,0.0,0.0,11850830.30374217,0.0,0.0,0.0,835196699382.2225,-378.76320002283364,65.52226217318798,69.36412558922176,139.35654273900005,-348.92066880247063,-110.46591118985111,-31.326443241893152,44.242937348791926,727.657081093927,738.7357933649046,8.200469833565215e-05
1026,1.4828537879677833e-07,1.5e-10,0.00015292961379071224,11862830.30374217,0.0,0.0,11862830.30374217,0.0,0.0,0.0,835200496741.1512,-364.8845312654114,74.10880631048761,70.25925851130353,135.56563441354731,-351.6906885534328,-116.99504697264106,-30.662447743758346,46.65182584662907,716.5530777691299,728.2467981252507,8.211393535537093e-05
1027,1.4843537879677834e-07,1.5e-10,0.00015311207378013915,11874830.30374217,0.0,0.0,11874830.30374217,0.0,0.0,0.0,835249157421.2064,-360.01272251435483,85.72843943902566,75.70786305010346,126.68617228289384,-363.5617581306745,-107.61585528872703,-42.536203354335726,21.794751829608565,723.5471588155673,735.7987031866745,8.222430516084893e-05
1028,1.4858537879677835e-07,1.5e-10,0.00015329495587096541,11886830.30374217,0.0,0.0,11886830.30374217,0.0,0.0,0.0,835146499763.5686,-369.02458023788074,76.95898024998674,56.48069489885263,135.50556421330361,-357.4904878474895,-100.37671987483998,-21.03273912630084,37.56680432238315,726.491849335493,737.9884415215736,8.233500342707717e-05
1029,1.4873537879677836e-07,1.5e-10,0.0001534766223802956,11898830.30374217,0.0,0.0,11898830.30374217,0.0,0.0,0.0,835179681221.0465,-365.3226962969741,71.55181421698998,59.76485682415012,126.81372679908509,-353.58955385102206,-101.95852696847871,-34.45054820791288,36.07927328161442,718.8920495829652,729.1350643288164,8.24443736867265e-05
1030,1.4888537879677837e-07,1.5e-10,0.00015365715349195918,11910830.30374217,0.0,0.0,11910830.30374217,0.0,0.0,0.0,835209734616.9713,-353.9734403020981,73.61308138631173,66.3078584042213,121.14667862596649,-357.26459422238065,-108.29911714377889,-34.386820946468305,34.226594423892664,711.2129926253294,721.5620256501473,8.255260799057402e-05
1031,1.4903537879677838e-07,1.5e-10,0.00015384223386496007,11922830.30374217,0.0,0.0,11922830.30374217,0.0,0.0,0.0,835208575366.5919,-387.2814136114778,76.46724304400529,61.69547928050027,143.34632729514473,-353.68834858599945,-94.0685900272585,-22.508921902478296,44.22113142898838,740.9466034024807,752.8848477266692,8.266554071773302e-05
1032,1.491853787967784e-07,1.5e-10,0.00015402196901287667,11934830.30374217,0.0,0.0,11934830.30374217,0.0,0.0,0.0,835115500814.6722,-350.43680499362824,67.88559950078735,61.981590791383006,138.64324340065113,-355.1619216363525,-102.86319525171545,-30.52082014801319,23.832141122689936,705.5723948285486,717.2741337856238,8.277313183780086e-05
1033,1.493353787967784e-07,1.5e-10,0.0001542011104254324,11946830.30374217,0.0,0.0,11946830.30374217,0.0,0.0,0.0,835138264438.8138,-379.95030505727743,61.60352954079565,41.21146139174358,136.7738470052312,-352.63090371378854,-102.76583748856243,-51.96118704452599,24.045146365473855,687.6347691174489,713.8559182053589,8.288021022553166e-05
1034,1.4948537879677842e-07,1.5e-10,0.00015438369285009125,11958830.30374217,0.0,0.0,11958830.30374217,0.0,0.0,0.0,834546542353.3754,-352.4630046435852,71.74347493246412,80.69784488654362,133.90713894369327,-371.9815327065166,-104.36893768204445,-27.660279696668418,48.14286930629281,724.4211001650559,735.5359158320668,8.299054061290647e-05
1035,1.4963537879677843e-07,1.5e-10,0.00015456557419179476,11970830.30374217,0.0,0.0,11970830.30374217,0.0,0.0,0.0,834492775409.8046,-373.17752544659163,81.29296346112707,59.30427741589846,135.68879170829845,-346.8572233432415,-108.52848090036146,-44.576022773393895,41.029462017878856,720.0110934018479,732.0812496170115,8.310035280034902e-05
1036,1.4978537879677844e-07,1.5e-10,0.00015474795291458882,11982830.30374217,0.0,0.0,11982830.30374217,0.0,0.0,0.0,834455203993.8004,-362.4933713086236,70.28485594157074,60.42509480899732,140.49256452022956,-360.88918454645534,-98.67993922329441,-35.44523800300686,32.68647394152998,723.3639182655453,734.6658795466216,8.321055268228102e-05
1037,1.4993537879677845e-07,1.5e-10,0.00015492963724402883,11994830.30374217,0.0,0.0,11994830.30374217,0.0,0.0,0.0,834421392543.8938,-356.47491716485456,80.02539528605078,83.33444059826132,135.65100161800027,-361.6428543221772,-117.13426482666668,-33.0587400409082,53.73785505171719,718.0933049491738,730.319311339457,8.332010057898193e-05
1038,1.5008537879677846e-07,1.5e-10,0.00015511202534475052,12006830.30374217,0.0,0.0,12006830.30374217,0.0,0.0,0.0,834305896798.0164,-361.8373463565579,88.48304183728754,79.52115067639014,138.60597331228885,-360.42530650958025,-139.85198433657155,-33.759565542840996,43.60295109683473,722.2337907709136,736.62203119364,8.343059388366098e-05
1039,1.5023537879677847e-07,1.5e-10,0.0001552955536623343,12018830.30374217,0.0,0.0,12018830.30374217,0.0,0.0,0.0,833861286338.3074,-332.469716882037,80.31178143109386,95.13439318376273,134.25194296516474,-397.47300257670844,-141.22015214894503,-34.20455889695646,30.80676773941486,729.9246733799254,744.8854521444424,8.354232670148265e-05
1040,1.5038537879677848e-07,1.5e-10,0.00015548081149736523,12030830.30374217,0.0,0.0,12030830.30374217,0.0,0.0,0.0,833753925298.6145,-374.4406250862218,70.63085316886784,79.21278152562883,143.26967640089953,-367.4568485866588,-122.86492508485217,-31.458732104730505,48.792614526798644,741.87304057753,753.8197052844989,8.365539965727532e-05
1041,1.505353787967785e-07,1.5e-10,0.0001556651034166999,12042830.30374217,0.0,0.0,12042830.30374217,0.0,0.0,0.0,833669722161.0776,-373.73705557369345,73.86313214050273,68.6239211178947,148.5595982596351,-361.7535239592513,-123.5321030582076,-26.04195221314572,57.20828413133203,735.3541135597407,747.9450261219353,8.37675914111936e-05
1042,1.506853787967785e-07,1.5e-10,0.00015584637431001098,12054830.30374217,0.0,0.0,12054830.30374217,0.0,0.0,0.0,833608423496.6976,-362.4398691372545,89.11080086404577,68.81833950375706,144.12416064604787,-352.4632099033283,-137.23970534676607,-31.072347059478727,53.75565129411436,714.8798600642234,729.4027852289724,8.387700182897795e-05
1043,1.5083537879677852e-07,1.5e-10,0.00015603308550360523,12066830.30374217,0.0,0.0,12066830.30374217,0.0,0.0,0.0,833570979666.206,-376.79958121617267,78.01256959127534,92.99939569180377,131.79387554863874,-374.73302734881514,-135.76238999369923,-43.66305805022436,49.4048528996451,751.5110845954027,763.3814677184624,8.399150904913572e-05
1044,1.5098537879677853e-07,1.5e-10,0.00015621937053532186,12078830.30374217,0.0,0.0,12078830.30374217,0.0,0.0,0.0,833556656690.3606,-370.48260087915014,91.42451213509375,79.04225028302923,126.24752798376446,-378.2034555330205,-134.53985078140778,-36.89191024025192,47.401139887191,748.660439118581,761.2109326629032,8.410569068903515e-05
1045,1.5113537879677854e-07,1.5e-10,0.00015640593122274164,12090830.30374217,0.0,0.0,12090830.30374217,0.0,0.0,0.0,833542823162.5001,-391.1738670508502,100.78368982260447,75.76173062599656,150.16616427413334,-358.26574927842137,-145.46845686407917,-36.820381963728664,41.43687707181863,749.4159936909581,766.2258530049709,8.422062456698589e-05
1046,1.5128537879677855e-07,1.5e-10,0.00015658503268155727,12102830.30374217,0.0,0.0,12102830.30374217,0.0,0.0,0.0,833468968833.4678,-335.0502782847626,92.08848245862764,89.19464144039885,135.21532573511163,-365.24283579109084,-147.14808832620525,-43.62335037362034,43.330422854181684,700.2710860056042,715.6822142531083,8.432797689912386e-05
1047,1.5143537879677856e-07,1.5e-10,0.00015676866059056744,12114830.30374217,0.0,0.0,12114830.30374217,0.0,0.0,0.0,833289889223.9606,-360.4450610261633,81.53056324382898,83.147055189682,143.3002400614152,-370.53017635848016,-149.8589387228264,-50.39426495904103,63.933437828423585,730.9512203956863,744.3141602628592,8.443962402316328e-05
1048,1.5158537879677857e-07,1.5e-10,0.00015695315334983108,12126830.30374217,0.0,0.0,12126830.30374217,0.0,0.0,0.0,833113400073.5975,-381.1112941375026,81.14781906810764,77.24705790896242,145.2093214127275,-355.44406274221404,-154.90456634292414,-44.2620598898395,69.3528402906234,736.5385238687362,750.0656099685968,8.455213386465857e-05
1049,1.5173537879677858e-07,1.5e-10,0.00015713396176443182,12138830.30374217,0.0,0.0,12138830.30374217,0.0,0.0,0.0,832937834731.3258,-366.2492400570142,79.27860538151155,96.44040385465074,129.3074143273879,-345.6227598398593,-157.4285819526979,-44.5117969639785,62.495445423984954,711.8503919564075,724.7680468543232,8.466084907168672e-05
1050,1.518853787967786e-07,1.5e-10,0.00015731504799526406,12150830.30374217,0.0,0.0,12150830.30374217,0.0,0.0,0.0,832758269774.9304,-344.59085128583445,66.16313457410482,87.2473457020204,128.2149813712362,-370.47802381588554,-137.4271057577625,-51.44680334468448,83.60252847712472,715.0417546267288,724.9194620717442,8.476958699099748e-05
1051,1.520353787967786e-07,1.5e-10,0.0001574970657668126,12162830.30374217,0.0,0.0,12162830.30374217,0.0,0.0,0.0,832623826460.2789,-360.2558592891996,78.24449046664894,83.85136437850673,140.73550901607027,-360.2674908072135,-139.8897622411195,-52.45695292055339,72.19803533578623,720.5033069348762,732.785541140404,8.487950482216854e-05
1052,1.5218537879677862e-07,1.5e-10,0.0001576816119766263,12174830.30374217,0.0,0.0,12174830.30374217,0.0,0.0,0.0,832489680968.9099,-373.01023073674025,78.22044227747014,77.39033695866812,125.92645408476909,-364.76534014874983,-142.08378282004418,-46.9721307559758,69.062200175644,737.6337407223672,748.4475524299572,8.499177195503303e-05
1053,1.5233537879677863e-07,1.5e-10,0.00015786523213703576,12186830.30374217,0.0,0.0,12186830.30374217,0.0,0.0,0.0,832394824186.368,-372.7207186508246,87.36982757925284,78.82457144728023,142.57090262326798,-358.3717589533991,-149.6207887260044,-64.80194653931522,65.81348108364004,731.0752744214568,744.7006681489186,8.510347705525537e-05
1054,1.5248537879677864e-07,1.5e-10,0.00015804990518659411,12198830.30374217,0.0,0.0,12198830.30374217,0.0,0.0,0.0,832045372167.0089,-374.0959584785362,64.22859007868055,80.64984927267214,144.58448465293034,-364.25784993297333,-154.86089801519043,-49.11870074313536,78.86826702746072,738.330716370958,749.644276022554,8.521592369665876e-05
1055,1.5263537879677865e-07,1.5e-10,0.00015823033617574778,12210830.30374217,0.0,0.0,12210830.30374217,0.0,0.0,0.0,831958216499.7328,-369.42299041662227,52.28226962221991,70.43946093094802,132.01485325652573,-341.7883314942317,-149.03898477587734,-70.04204733705501,71.45887740987668,711.1907199623113,720.6834625563965,8.532402621604222e-05
1056,1.5278537879677866e-07,1.5e-10,0.0001584165098490919,12222830.30374217,0.0,0.0,12222830.30374217,0.0,0.0,0.0,831841671574.6296,-390.53890307103023,67.4561889523699,78.970453446878,149.27549230423176,-357.5818714881674,-147.59772859801691,-46.14494697797742,78.31790988805618,748.1010899628188,760.0287647364979,8.54380305307527e-05
1057,1.5293537879677868e-07,1.5e-10,0.0001585995714544235,12234830.30374217,0.0,0.0,12234830.30374217,0.0,0.0,0.0,831756776699.5187,-361.8810799922494,55.81958430987429,79.04475653481663,148.68857135859545,-365.95673566606894,-150.5952423035713,-46.83576897054773,85.10419092249474,727.8145918144659,738.5442300935429,8.554881216526672e-05
1058,1.5308537879677869e-07,1.5e-10,0.0001587859293935066,12246830.30374217,0.0,0.0,12246830.30374217,0.0,0.0,0.0,831676795805.4276,-380.2454518896164,68.99300261033677,79.9343166663235,145.4918924851205,-369.2326020219613,-155.82616756934664,-54.771619740517565,70.2100257372005,749.4498886564796,761.3925756258778,8.56630210516106e-05
1059,1.532353787967787e-07,1.5e-10,0.00015896865948808873,12258830.30374217,0.0,0.0,12258830.30374217,0.0,0.0,0.0,831619754364.468,-375.4673186122273,57.13952060328546,77.01846283676072,150.4266623639744,-349.8337391326779,-154.28545586429703,-42.2192819616959,82.44594062991023,725.2604648769802,736.6998049500318,8.577352602235311e-05
1060,1.533853787967787e-07,1.5e-10,0.00015915451838386508,12270830.303742172,0.0,0.0,12270830.30374217,0.0,0.0,0.0,831583866102.6328,-375.98558080742544,66.99603242433638,74.09281221263153,142.5924636215387,-370.4006197603027,-143.40613436204058,-48.11623639845185,69.86296864132017,746.3658814067039,757.4647026834244,8.588714572775563e-05
1061,1.5353537879677872e-07,1.5e-10,0.000159340648334875,12282830.303742172,0.0,0.0,12282830.30374217,0.0,0.0,0.0,831528539257.9271,-384.8672928724143,55.81623737803806,55.7315456073015,146.84860351877683,-363.7006721930972,-146.33955013284594,-45.755361980107324,65.35817908337744,748.5468149345638,759.2051187224722,8.6001026495564e-05
1062,1.5368537879677873e-07,1.5e-10,0.00015952542984463391,12294830.303742172,0.0,0.0,12294830.30374217,0.0,0.0,0.0,831479864410.2239,-369.8541374315394,54.55550415114102,64.15615067046721,139.97856115965376,-369.54177735632635,-142.18990553563265,-31.246239311557044,59.325360493700344,739.2564013733676,749.5553277274482,8.611345979472311e-05
1063,1.5383537879677874e-07,1.5e-10,0.0001597109006261195,12306830.303742172,0.0,0.0,12306830.30374217,0.0,0.0,0.0,831168378368.1213,-368.9277348762887,64.68730769038088,61.72693949341014,144.18353514114892,-375.0752439021912,-138.09432586233706,-34.94488929989053,80.312907499243,743.9787056230883,754.6014075093904,8.622665000584952e-05
1064,1.5398537879677875e-07,1.5e-10,0.00015989584556233647,12318830.303742172,0.0,0.0,12318830.30374217,0.0,0.0,0.0,831132481416.0677,-380.932528519176,69.36114689461387,63.186653024550935,153.50005315490552,-358.95350267751525,-141.13797210557274,-34.12554796279314,75.59075926748658,739.8651660350728,752.2241341486181,8.63394836259718e-05
1065,1.5413537879677877e-07,1.5e-10,0.0001600842203953117,12330830.303742172,0.0,0.0,12330830.30374217,0.0,0.0,0.0,830912083820.1172,-394.8918839338658,58.67015561885876,60.04147799969576,146.22022780464695,-368.19595873007324,-153.32492984397757,-32.15813529611588,73.85595383503228,763.063650181439,773.8692535280321,8.645556401400102e-05
1066,1.5428537879677878e-07,1.5e-10,0.00016027061660955889,12342830.303742172,0.0,0.0,12342830.30374217,0.0,0.0,0.0,830841122548.4731,-377.1850927443351,56.976880974323606,58.130646511428836,134.64300971077608,-373.1438494946341,-151.1562825116579,-31.637881582430264,72.58233138826272,750.3055931741486,759.9387550761728,8.656955482726244e-05
1067,1.544353787967788e-07,1.5e-10,0.00016046040386185107,12354830.303742172,0.0,0.0,12354830.30374217,0.0,0.0,0.0,830790990875.23,-384.89467869298,62.27959314515654,55.579276675859546,139.9908769168402,-387.9271223792886,-141.1524487570287,-29.514287526859317,69.62325274439878,772.8031998746704,782.8199997447279,8.668697782722414e-05
1068,1.545853787967788e-07,1.5e-10,0.00016065047626900457,12366830.303742172,0.0,0.0,12366830.30374217,0.0,0.0,0.0,830753143718.7852,-428.76444557191604,45.660191038534876,74.71053828157166,139.57130293012222,-368.95384150043463,-150.87469749771068,-10.126114466619937,67.90615689103936,762.0039916380695,784.558808783959,8.680466164854173e-05
1069,1.547353787967788e-07,1.5e-10,0.0001608375108135373,12378830.303742172,0.0,0.0,12378830.30374217,0.0,0.0,0.0,830465975163.8772,-377.2427405738069,62.53236858054485,56.08730587964187,142.10684948177138,-377.26803599372704,-145.28550267173404,-38.10113023836841,71.81938866771534,754.4929709171868,764.9409085921808,8.691940278483055e-05
1070,1.5488537879677882e-07,1.5e-10,0.00016102587185197194,12390830.303742172,0.0,0.0,12390830.30374217,0.0,0.0,0.0,830430675040.2383,-432.1685305283412,58.231747373899644,40.633045850086866,148.98732839446222,-331.04924100376866,-145.6066459529019,-39.1303886936554,67.31706816157191,763.1650279630385,776.0239383420276,8.703580637558186e-05
1071,1.5503537879677883e-07,1.5e-10,0.00016121495473295897,12402830.303742172,0.0,0.0,12402830.30374217,0.0,0.0,0.0,830350767456.5256,-385.2776366356553,61.50733906567103,65.81105255054521,136.97517594614888,-382.98080091802933,-142.1111937587854,-37.41586079294433,80.5275300923252,768.2002218159793,777.7068014862529,8.71524623958048e-05
1072,1.5518537879677884e-07,1.5e-10,0.00016140518312858078,12414830.303742172,0.0,0.0,12414830.30374217,0.0,0.0,0.0,830314884620.9514,-398.43379912171423,64.6486462302637,60.785003572891746,142.95161490692462,-377.33233316844587,-134.78519599046706,-31.364573354171753,82.70759080898381,775.5847384705064,785.7050430601508,8.727031815226382e-05
1073,1.5533537879677886e-07,1.5e-10,0.0001615988602962753,12426830.303742172,0.0,0.0,12426830.30374217,0.0,0.0,0.0,830270542026.6907,-405.4167980574199,62.47449953490859,62.64449535621409,132.73624479344232,-393.3560966137311,-139.38043942375154,-30.785769632664607,67.79550697764584,798.7401346436653,807.960770256633,8.739151226780232e-05
1074,1.5548537879677887e-07,1.5e-10,0.00016178876299624694,12438830.303742172,0.0,0.0,12438830.30374217,0.0,0.0,0.0,830237506608.6724,-400.03018683697,64.63577765974081,73.61900797885279,141.5338774668708,-373.10927006832867,-142.8783629001762,-36.92069740469714,74.02195874104638,773.1196064065571,783.6859711839711,8.750906516347991e-05
1075,1.5563537879677888e-07,1.5e-10,0.00016197458742912819,12450830.303742172,0.0,0.0,12450830.30374217,0.0,0.0,0.0,830235198790.1643,-367.41972672559933,65.75623808637437,73.25351717491998,131.72627022783527,-379.04576176454975,-135.25210858010493,-38.47420005803269,80.03029426844867,746.4466639752608,756.0796971400601,8.762247711805091e-05
1076,1.557853787967789e-07,1.5e-10,0.00016216521615246147,12462830.303742172,0.0,0.0,12462830.30374217,0.0,0.0,0.0,830233121647.9684,-393.2631488774482,61.46978750769457,69.79138877363633,123.11255928983674,-385.65154484336483,-133.0903162464332,-41.46389005473088,75.84227945867438,778.8942312172044,787.0342879244092,8.774053226123957e-05
1077,1.559353787967789e-07,1.5e-10,0.00016235417910871416,12474830.303742172,0.0,0.0,12474830.30374217,0.0,0.0,0.0,830221302092.4111,-389.0251248959204,56.52397324062555,80.83744855067712,131.4363256078532,-378.19857189492325,-142.4923145947516,-34.849985403358424,77.99419677488164,767.2010025055714,776.2190626300113,8.785696512063407e-05
1078,1.560853787967789e-07,1.5e-10,0.0001625475966212929,12486830.30374217,0.0,0.0,12486830.30374217,0.0,0.0,0.0,830213443403.7625,-425.8985003373475,61.01890546069542,76.52091804271912,138.63096092220303,-371.02670280449473,-127.76004556425892,-42.677001329623025,77.74681981109666,796.9019374914905,806.5797939691531,8.797795208972944e-05
1079,1.5623537879677892e-07,1.5e-10,0.00016273219851810317,12498830.30374217,0.0,0.0,12498830.30374217,0.0,0.0,0.0,830200870828.7085,-372.78887713471073,56.422154911547004,93.93010840327524,136.5707721474391,-364.87839021010865,-142.4055577011162,-37.42511000866756,71.19834262612548,737.6485227448419,747.8805188771262,8.809013416756102e-05
1080,1.5638537879677893e-07,1.5e-10,0.00016292332264349706,12510830.30374217,0.0,0.0,12510830.30374217,0.0,0.0,0.0,830175623239.1132,-387.0667593418865,55.14845842467458,77.8464306320557,135.98573640427043,-394.53535612807775,-135.31886219543213,-28.683072624647227,73.20343569419737,781.5775490959292,790.6731772693403,8.820873514415142e-05
1081,1.5653537879677895e-07,1.5e-10,0.00016311332091509395,12522830.30374217,0.0,0.0,12522830.30374217,0.0,0.0,0.0,830206199119.2062,-382.7039284660222,45.14589025625268,79.7735354554434,128.10259936386038,-391.6766469537927,-142.9617172439193,-25.264780551545936,77.02154928763088,774.3537154102785,782.3740553961206,8.832609125246084e-05
1082,1.5668537879677896e-07,1.5e-10,0.00016330477242558153,12534830.30374217,0.0,0.0,12534830.30374217,0.0,0.0,0.0,830235626832.3665,-388.0056218483415,52.75561391492245,82.55244759917842,127.29048164907118,-395.80110964055456,-157.1576107784906,-39.020288951642776,61.4740403970723,783.7849833540082,792.994021252157,8.844504035564866e-05
1083,1.5683537879677897e-07,1.5e-10,0.0001634948189954436,12546830.30374217,0.0,0.0,12546830.30374217,0.0,0.0,0.0,830271407697.8251,-395.9616710734408,49.58723881478837,88.81913694952335,122.0164684756844,-388.7408469543551,-145.56127824229262,-27.342141638282673,78.82258023839721,769.3928681733368,782.6072366161068,8.856243144114107e-05
1084,1.5698537879677898e-07,1.5e-10,0.0001636840462783927,12558830.30374217,0.0,0.0,12558830.30374217,0.0,0.0,0.0,830156995643.0035,-376.2236353304069,53.63423872501319,89.23053985093934,126.12411361307123,-392.6827998568751,-147.25455433447547,-32.75690508208512,69.72089659160565,768.89256207158,777.9017416378535,8.867911670238675e-05
1085,1.57135378796779e-07,1.5e-10,0.0001638751946999921,12570830.30374217,0.0,0.0,12570830.30374217,0.0,0.0,0.0,830215080290.5956,-388.08691558370106,57.24829923017383,82.29623606831919,128.8061181271031,-393.6624392520963,-153.09170515715888,-30.94609284483204,71.19598158394703,781.5004373241763,790.9085493475059,8.879775298478887e-05
1086,1.57285378796779e-07,1.5e-10,0.00016406306493316474,12582830.30374217,0.0,0.0,12582830.30374217,0.0,0.0,0.0,830289831765.1722,-369.77036795240673,50.91775265711786,85.6527457259626,120.42680815678438,-390.41599760180617,-143.9612996740839,-39.604370810446,56.61428854031976,760.165354763008,768.7915186119391,8.891307171258066e-05
1087,1.57435378796779e-07,1.5e-10,0.00016425431681932578,12594830.30374217,0.0,0.0,12594830.30374217,0.0,0.0,0.0,830271584821.8231,-387.0080097756849,55.28882097337486,76.64259405681396,124.57546183142264,-395.4016880685086,-143.54021021473355,-21.452682134764213,64.82348598363099,782.3801824041622,791.2155833555497,8.903175405008399e-05
1088,1.5758537879677902e-07,1.5e-10,0.00016444359661545123,12606830.30374217,0.0,0.0,12606830.30374217,0.0,0.0,0.0,830268713465.9296,-378.3820282747306,51.906403333199485,82.51933322104446,125.88898018143684,-391.3383908889321,-145.11938125936865,-48.143538293816206,63.79127455941228,769.6991889936357,778.2283787980646,8.91484883069037e-05
1089,1.5773537879677904e-07,1.5e-10,0.00016463408518950322,12618830.30374217,0.0,0.0,12618830.30374217,0.0,0.0,0.0,830287339214.2454,-394.9993507724838,51.05402076587315,82.67203498852629,125.10467679462273,-382.6867655915376,-151.82613883214876,-48.26252083820828,66.50246548009486,777.6632786048788,786.1220591707817,8.926640661577932e-05
1090,1.5788537879677905e-07,1.5e-10,0.00016482352269624493,12630830.30374217,0.0,0.0,12630830.30374217,0.0,0.0,0.0,830323872820.9128,-387.6484578968553,43.264420358229366,95.72061500101807,109.61545734303613,-383.3278162055376,-143.63207457879466,-48.109061070028865,55.81626166609177,770.9530135580663,778.1411430396496,8.938312778723527e-05
1091,1.5803537879677906e-07,1.5e-10,0.00016501601744511264,12642830.30374217,0.0,0.0,12642830.30374217,0.0,0.0,0.0,830326261398.2395,-387.6412357052989,32.88254659229408,85.0127047766605,130.88081880794192,-403.61425465124125,-163.7331681231441,-42.067861516187094,72.38168049967321,791.2362220175464,799.0531271698428,8.950298575631075e-05
1092,1.5818537879677907e-07,1.5e-10,0.00016520802339863228,12654830.30374217,0.0,0.0,12654830.30374217,0.0,0.0,0.0,830343027051.9562,-387.8180475029561,42.91198218113507,89.62408259745148,123.41169345572229,-400.0508169403526,-161.74669446538059,-45.99963597663903,68.099490309892,787.8462857290324,795.9537223456792,8.96223788146626e-05
1093,1.5833537879677908e-07,1.5e-10,0.0001654015272512402,12666830.30374217,0.0,0.0,12666830.30374217,0.0,0.0,0.0,830372170612.2343,-388.75535275117494,45.12797566508203,88.21716300711688,125.3683146527906,-409.06861307952045,-161.62831840708915,-48.38860760875853,63.28705966041838,797.8022491448909,806.2751533005414,8.974332008765768e-05
1094,1.584853787967791e-07,1.5e-10,0.00016559565686312242,12678830.30374217,0.0,0.0,12678830.30374217,0.0,0.0,0.0,830400869383.114,-403.6941746735737,35.27874994574363,83.86396318350613,128.0862057961943,-398.2534106602326,-160.80083854162064,-33.49156226973543,70.54023002266233,801.923148084435,809.6673117998668,8.986477018442766e-05
1095,1.586353787967791e-07,1.5e-10,0.00016578922610053956,12690830.30374217,0.0,0.0,12690830.30374217,0.0,0.0,0.0,830462157247.9635,-394.50838105558955,38.49775508924669,100.47704290342651,119.69251342405418,-403.9456034429914,-154.9652521746502,-52.84131018023742,64.99050789161032,798.4332029768843,805.8117572678055,8.998564194801783e-05
1096,1.5878537879677911e-07,1.5e-10,0.00016598295548714753,12702830.30374217,0.0,0.0,12702830.30374217,0.0,0.0,0.0,830296109623.77,-402.73767449881944,52.33039258780655,86.16595867100179,114.56090841652231,-396.57609300963077,-163.4559247801084,-44.61234133422016,68.47592776885286,799.2869777727121,807.3125002100115,9.010673882304932e-05
1097,1.5893537879677913e-07,1.5e-10,0.0001661746811890332,12714830.30374217,0.0,0.0,12714830.30374217,0.0,0.0,0.0,830350640881.8313,-387.87807194567665,46.207267402133795,91.60032142369394,124.27531064829269,-397.91416782249587,-165.56011204872414,-42.757788764858205,75.14742111567644,785.7703234441433,794.1587848804463,9.02258626407814e-05
1098,1.5908537879677914e-07,1.5e-10,0.00016636674706941776,12726830.30374217,0.0,0.0,12726830.30374217,0.0,0.0,0.0,830403441983.3378,-398.33187688749956,52.82091810752998,84.73604991869367,126.0939458216782,-389.3038415291813,-173.601167604207,-35.226539538960566,72.81709918818584,787.6141899068988,797.0242370285707,9.034541627633568e-05
1099,1.5923537879677915e-07,1.5e-10,0.00016655859005269572,12738830.30374217,0.0,0.0,12738830.30374217,0.0,0.0,0.0,830459512615.836,-385.88631684640234,48.623035778759856,87.91180308952381,115.31047396859962,-400.99156160657503,-159.1742835683919,-41.56343453161641,74.50222856002831,786.8562086383963,794.5401340710471,9.046459729644635e-05
1100,1.5938537879677916e-07,1.5e-10,0.00016675241281909823,12750830.30374217,0.0,0.0,12750830.30374217,0.0,0.0,0.0,830475882598.5583,-406.90236078651714,48.06010021542002,92.01209375687388,118.00090202892144,-392.85997129966785,-172.59462233561817,-47.34284910579492,70.37808979445418,799.7420917056519,808.0865507330116,9.05858102790563e-05
1101,1.5953537879677917e-07,1.5e-10,0.0001669477680140801,12762830.30374217,0.0,0.0,12762830.30374217,0.0,0.0,0.0,830480106698.5605,-411.0650588253067,37.458749057650394,85.21190360269789,129.22042841408907,-398.8692202150593,-166.3718896103797,-31.857299697868225,68.25024334849232,809.7838294449092,818.1072658135174,9.070852636892833e-05
1102,1.5968537879677918e-07,1.5e-10,0.00016714171241598478,12774830.30374217,0.0,0.0,12774830.30374217,0.0,0.0,0.0,830511699312.2036,-399.3377198311526,47.4683668823987,104.51105129957517,116.19373648645097,-400.684731221336,-168.33359670028264,-31.812281230313044,60.17527326962013,800.0016981919287,809.0759727458,9.08298877648402e-05
1103,1.598353787967792e-07,1.5e-10,0.00016733853283417064,12786830.30374217,0.0,0.0,12786830.30374217,0.0,0.0,0.0,830439693533.0815,-416.84355665339643,35.12235296682627,87.74943381345358,119.03914508940275,-403.2446090565543,-167.2416463299473,-45.492696913986954,60.97087147208615,820.071542858872,827.5685427025237,9.095402304624559e-05
1104,1.599853787967792e-07,1.5e-10,0.00016753637745532188,12798830.30374217,0.0,0.0,12798830.30374217,0.0,0.0,0.0,830477958176.0767,-417.89484342615384,40.37418473788986,80.77020834228861,124.63860601409489,-408.9024804829126,-157.23501634066668,-32.62019816946125,72.93310154639141,826.7743030039118,834.1543883996311,9.107914620450553e-05
1105,1.6013537879677922e-07,1.5e-10,0.0001677324768479159,12810830.30374217,0.0,0.0,12810830.30374217,0.0,0.0,0.0,830522683305.6803,-406.8235199762761,50.110196680106185,93.61059079851678,127.53777295442515,-407.7103783188832,-157.84679735785846,-35.53057836239011,64.78750655894441,814.5145616638141,823.3926404169254,9.120265510056807e-05
1106,1.6028537879677923e-07,1.5e-10,0.00016793220765385492,12822830.30374217,0.0,0.0,12822830.30374217,0.0,0.0,0.0,830548326273.5227,-422.42228857504705,47.22981199770228,90.02169660138138,119.56558739397947,-416.6623961573335,-165.60820245147633,-38.829361963591325,63.24160923323839,839.0596384550456,847.1636437888357,9.132972964713639e-05
1107,1.6043537879677924e-07,1.5e-10,0.00016813390740284115,12834830.30374217,0.0,0.0,12834830.30374217,0.0,0.0,0.0,830639730150.2632,-399.6569657909313,33.34301139366612,118.16054290951898,100.23258157762344,-453.0331624235196,-172.0020118780745,-35.61701274452022,73.1589510177284,852.672277619338,859.9331995863419,9.145871962707434e-05
1108,1.6058537879677925e-07,1.5e-10,0.00016832930437166196,12846830.30374217,0.0,0.0,12846830.30374217,0.0,0.0,0.0,830406707410.4023,-414.4027458463641,42.09734980491577,95.50809126518328,121.74729195030463,-395.6975927595223,-163.5329336859479,-35.4838320896408,72.82214496725759,810.0826369827777,818.0783630669196,9.158143138153438e-05
1109,1.6073537879677926e-07,1.5e-10,0.00016852956854117388,12858830.30374217,0.0,0.0,12858830.30374217,0.0,0.0,0.0,830301427236.1499,-411.0170077609614,57.05635955163956,102.6563079546583,118.84607105250281,-431.2010235284298,-176.90811079232859,-37.525576858161344,75.54027960879168,842.1956309156323,851.2313987419836,9.170911609134568e-05
1110,1.6088537879677927e-07,1.5e-10,0.00016872780872612047,12870830.30374217,0.0,0.0,12870830.30374217,0.0,0.0,0.0,830212552573.3777,-412.3229850476439,48.04356905870215,92.01551744411957,107.62734961867214,-417.4199060252797,-171.97621151875228,-45.97074706865242,77.87025991800634,829.5882354542689,836.6883152495179,9.183461933863312e-05
1111,1.6103537879677928e-07,1.5e-10,0.00016892402544813943,12882830.30374217,0.0,0.0,12882830.30374217,0.0,0.0,0.0,830230318618.4137,-417.76487650814687,38.46721512252914,91.82465456438179,111.11382443122224,-398.41722077749296,-191.78783825692096,-52.68560277598486,83.85351620075866,816.164974217974,823.4752067991905,9.1958140619653e-05
1112,1.611853787967793e-07,1.5e-10,0.00016912109407196874,12894830.30374217,0.0,0.0,12894830.30374217,0.0,0.0,0.0,830227259423.2576,-407.76007576748697,52.37548246351558,89.48338432176962,108.2664290659006,-413.98817201475373,-185.153428148977,-49.61416327351871,83.84332100104054,821.7255917689569,829.3439143060169,9.20825422067989e-05
1113,1.613353787967793e-07,1.5e-10,0.00016931962082061285,12906830.30374217,0.0,0.0,12906830.30374217,0.0,0.0,0.0,830248697458.3705,-409.50849703126266,45.991629798053964,93.4778141688178,105.17763882326666,-422.0159972256697,-197.0841472322155,-44.31734047259189,93.30080938485068,831.5073572340062,838.7368028853876,9.220835272723171e-05
1114,1.6148537879677932e-07,1.5e-10,0.00016951722675559596,12918830.30374217,0.0,0.0,12918830.30374217,0.0,0.0,0.0,830221011160.174,-423.3456436531237,57.40692507359577,93.34991867574799,104.22534333794978,-401.43835218363165,-184.05520720733227,-33.97249261523931,82.64989611875076,824.754828157384,832.8912150615691,9.233328640949094e-05
1115,1.6163537879677933e-07,1.5e-10,0.00016971843621340683,12930830.30374217,0.0,0.0,12930830.30374217,0.0,0.0,0.0,830191468552.269,-410.5475071204673,69.08179342347505,82.42708903688086,100.41420227873942,-438.8380730333574,-187.73102796225058,-57.69397068653968,68.95998319754523,849.3433568019898,857.996052080502,9.246198581730301e-05
1116,1.6178537879677934e-07,1.5e-10,0.00016991951512802106,12942830.30374217,0.0,0.0,12942830.30374217,0.0,0.0,0.0,830185487528.7764,-418.4181360675998,62.26950457780646,82.77513789890978,104.62062068358946,-430.0408473181653,-174.49302820091924,-45.10736948528969,75.87913060240273,848.4398891318747,856.0985341130682,9.259040059741997e-05
1117,1.6193537879677935e-07,1.5e-10,0.00017011810046872646,12954830.30374217,0.0,0.0,12954830.30374217,0.0,0.0,0.0,830172420432.4602,-403.2617590957281,59.21825762506901,83.6261235666875,97.8589301734157,-429.0741714008002,-194.86952297679258,-70.95501023329398,70.04067952909857,832.3134072152563,840.507116305655,9.271647666486582e-05
1118,1.6208537879677936e-07,1.5e-10,0.00017031660899482167,12966830.30374217,0.0,0.0,12966830.30374217,0.0,0.0,0.0,830182138154.2579,-418.5101570621648,48.9519015173442,91.34219554450115,97.75845756230518,-413.18353037144493,-185.89160519593918,-56.494457726276295,78.17532889074602,831.6790752247355,838.5431854264759,9.284225814267979e-05
1119,1.6223537879677937e-07,1.5e-10,0.00017051733371532856,12978830.30374217,0.0,0.0,12978830.30374217,0.0,0.0,0.0,830180508173.2238,-430.23665546030475,49.91783644048247,75.8695598942853,113.9434611372728,-416.02872598867873,-181.95696416640124,-46.73343461733041,75.47932196339733,846.0765182427282,853.8334805396718,9.297033316476074e-05
1120,1.6238537879677939e-07,1.5e-10,0.00017071428301494148,12990830.30374217,0.0,0.0,12990830.30374217,0.0,0.0,0.0,830217160133.4703,-401.2867117191315,55.510166445923474,89.58126360973556,110.23216011319612,-419.7750844635742,-182.39684533377635,-60.08804704202561,81.22932475463254,821.0449156143465,828.9127488959494,9.309467007709513e-05
1121,1.625353787967794e-07,1.5e-10,0.0001709141247923918,13002830.30374217,0.0,0.0,13002830.30374217,0.0,0.0,0.0,830217787713.0314,-412.4014620129797,47.128601452866846,88.17043771622416,96.55889282728124,-428.3415910205263,-191.26847753048685,-57.4707642119899,74.83798132522037,840.7187637729063,847.7152971111909,9.32218273716618e-05
1122,1.626853787967794e-07,1.5e-10,0.00017111405304114495,13014830.30374217,0.0,0.0,13014830.30374217,0.0,0.0,0.0,830246315631.3236,-419.52439719578234,44.048549530338015,86.98278001176975,109.73552477525158,-421.43777301879237,-188.73128131608635,-53.72784495867412,74.36179497229146,840.9505492196105,848.4205908287337,9.334909046028612e-05
1123,1.6283537879677942e-07,1.5e-10,0.00017131151437121476,13026830.30374217,0.0,0.0,13026830.30374217,0.0,0.0,0.0,830293890079.7013,-414.66793288693515,43.64589036619734,78.1220379610664,108.61994996682303,-410.2800828632649,-183.48718468312165,-61.35977394244526,77.14070619755516,824.9275699712931,831.934473867812,9.347388063136628e-05
1124,1.6298537879677943e-07,1.5e-10,0.00017151243104380405,13038830.30374217,0.0,0.0,13038830.30374217,0.0,0.0,0.0,830291858349.3684,-431.17141715637786,55.546947598970874,87.27514161348188,99.07788820458572,-416.73328110325554,-187.25176978878963,-64.47452209108864,90.09743529174658,847.8872488916579,854.5650128533272,9.360206538329428e-05
1125,1.6313537879677944e-07,1.5e-10,0.00017171361002339116,13050830.30374217,0.0,0.0,13050830.30374217,0.0,0.0,0.0,830300383969.2118,-416.741523989186,61.27864108936027,83.13844992447585,91.66379570296148,-433.31795771048866,-188.25337514957062,-77.58203840343687,80.59659748139255,850.0370180209936,856.9352385202633,9.373060566907232e-05
1126,1.6328537879677945e-07,1.5e-10,0.00017191419599151133,13062830.30374217,0.0,0.0,13062830.30374217,0.0,0.0,0.0,830304114191.2802,-430.4204276520291,54.81322537462818,87.14560742577996,90.90357755733127,-415.5047034514783,-189.9796251531905,-65.51890296755425,90.56590494533823,845.8989223966436,852.1513889078079,9.385842837740849e-05
1127,1.6343537879677946e-07,1.5e-10,0.00017211583699184503,13074830.30374217,0.0,0.0,13074830.30374217,0.0,0.0,0.0,830312148037.9312,-433.30078498599977,46.82502575525316,81.83013356943151,89.62733362477209,-437.6282155468262,-202.36385893729104,-68.22511419966884,73.89274491057209,844.170021123221,860.0564457876042,9.398743684427663e-05
1128,1.6358537879677948e-07,1.5e-10,0.00017231650524184076,13086830.30374217,0.0,0.0,13086830.30374217,0.0,0.0,0.0,830149988726.8112,-424.74937149765236,55.982536204841104,90.15371818751484,96.02684535257642,-421.63606325477025,-185.54075793188505,-68.80436666522223,89.2441335769454,846.3702841903956,852.8186598029642,9.411535964324708e-05
1129,1.6373537879677949e-07,1.5e-10,0.0001725159863324613,13098830.30374217,0.0,0.0,13098830.30374217,0.0,0.0,0.0,830197166969.7161,-425.80332375849576,48.48366176548151,80.55772617359685,103.70432154724247,-412.55058607511074,-191.32031146110612,-61.45122450910801,86.08144305164949,838.3326578309496,845.2253473987395,9.42421434453569e-05
1130,1.638853787967795e-07,1.5e-10,0.00017271529495538088,13110830.30374217,0.0,0.0,13110830.30374217,0.0,0.0,0.0,830241385140.4763,-416.55622991624233,66.3143608473311,88.99463866939183,94.79237919856389,-420.43712438530264,-197.20918228261414,-69.68157489563427,80.58326949682794,836.8155970185824,844.7925984065806,9.436886233511788e-05
1131,1.640353787967795e-07,1.5e-10,0.00017291781808170128,13122830.30374217,0.0,0.0,13122830.30374217,0.0,0.0,0.0,830290546795.7339,-458.57636691337393,39.69879575566646,82.15388827490688,86.527988389882,-401.1293594831269,-182.55132932677174,-70.0705003685208,108.88076715983338,859.6880892337813,864.4898066165001,9.449853580611035e-05
1132,1.6418537879677952e-07,1.5e-10,0.000173122622156334,13134830.30374217,0.0,0.0,13134830.30374217,0.0,0.0,0.0,830329369129.5142,-458.10783036886505,74.34003638487539,85.01161672802985,114.05290564743134,-434.2402399745792,-199.61642647108258,-65.48083130848921,83.6376679295987,862.96254361036,882.3430679135599,9.463088726629739e-05
1133,1.6433537879677953e-07,1.5e-10,0.00017332385808047874,13146830.30374217,0.0,0.0,13146830.30374217,0.0,0.0,0.0,830156353128.3005,-442.8116898599033,53.31636928635006,82.66559982472674,96.54782764884166,-407.33706478719466,-194.5973244288716,-65.07257250300124,95.72268229808351,850.1275191835942,856.7360423507405,9.475939767265e-05
1134,1.6448537879677954e-07,1.5e-10,0.00017352588184763547,13158830.30374217,0.0,0.0,13158830.30374217,0.0,0.0,0.0,830232744134.6747,-441.12920000742605,58.370954436375996,77.47324085489716,90.70170842365572,-414.3951084839206,-194.31254357856946,-67.0441954030589,88.13197200266126,855.5036750878826,862.1707811929015,9.488872328982893e-05
1135,1.6463537879677955e-07,1.5e-10,0.0001737250472897757,13170830.30374217,0.0,0.0,13170830.30374217,0.0,0.0,0.0,830320618546.4364,-431.33035766400684,61.43440110768405,68.72813285835653,101.68255068967034,-412.957206869124,-189.02351053996682,-73.53159534362703,97.70229587786169,832.7214461148761,843.5992048750774,9.501526317056018e-05
1136,1.6478537879677957e-07,1.5e-10,0.0001739229305012933,13182830.30374217,0.0,0.0,13182830.30374217,0.0,0.0,0.0,830086330464.5962,-418.6460948601868,60.46045350067338,74.02899842288343,91.58157149185486,-409.27008971887335,-188.1801091792945,-61.84267003688649,92.34179100234583,827.9275930722924,834.4482376787796,9.5140430406212e-05
1137,1.6493537879677958e-07,1.5e-10,0.00017412214964890844,13194830.30374217,0.0,0.0,13194830.30374217,0.0,0.0,0.0,830125957041.0436,-429.92205336223725,68.01670166454662,70.33391663894675,105.41461183969837,-406.10366645516444,-196.57911454584868,-55.848656323957194,88.76848064920169,836.0364704980278,844.4587331160824,9.526709921617942e-05
1138,1.650853787967796e-07,1.5e-10,0.0001743195654426165,13206830.30374217,0.0,0.0,13206830.30374217,0.0,0.0,0.0,830214483992.5789,-431.8912968310544,66.83659532554479,71.11716663128206,99.8121134310617,-392.29555820941823,-188.305388277263,-52.071313298795005,95.9317998219202,824.1975408536662,831.8898933032912,9.539188270017491e-05
1139,1.652353787967796e-07,1.5e-10,0.00017451936117838433,13218830.30374217,0.0,0.0,13218830.30374217,0.0,0.0,0.0,830248100897.3767,-426.9835062167018,54.23753054306442,65.6452973981132,99.43864109888194,-413.6182930084664,-204.7378775771977,-63.593359816782794,90.09536683836441,840.6208414905647,847.9072853262845,9.551906879297386e-05
1140,1.653853787967796e-07,1.5e-10,0.00017472068612288372,13230830.303742172,0.0,0.0,13230830.30374217,0.0,0.0,0.0,830367584749.331,-440.597043760812,59.01479646926511,60.0784283619113,105.78143294750794,-409.7809940607681,-200.5711494003129,-51.92081703997829,89.75975239188207,850.3874647455582,858.27610671636,9.564781020898131e-05
1141,1.6553537879677962e-07,1.5e-10,0.00017491964037353013,13242830.303742172,0.0,0.0,13242830.30374217,0.0,0.0,0.0,830488134731.942,-423.09063354101596,48.865980232884155,62.54328171797083,93.15298042386374,-412.161220615141,-206.4894584332162,-60.998732472378904,77.96956896839123,835.0905990986741,842.458082468719,9.577417892135162e-05
1142,1.6568537879677963e-07,1.5e-10,0.00017511981999432608,13254830.30374217,0.0,0.0,13254830.30374217,0.0,0.0,0.0,830620865889.0432,-430.5761967327236,74.2068486457643,50.96203856113533,113.6683915320012,-433.33715459528986,-181.2146112260056,-65.5012133888036,103.8628775322782,832.7333025276837,851.417483171523,9.590189154382735e-05
1143,1.6583537879677964e-07,1.5e-10,0.0001753234941082998,13266830.30374217,0.0,0.0,13266830.30374217,0.0,0.0,0.0,830471640233.2008,-448.6529852697909,54.06084953270822,60.52362587804211,106.9104328494219,-417.5164463061699,-205.43182964748712,-57.44756603687355,87.03876345296102,866.1808271156051,874.0128818271576,9.603299347610143e-05
1144,1.6598537879677966e-07,1.5e-10,0.00017552317022236522,13278830.30374217,0.0,0.0,13278830.30374217,0.0,0.0,0.0,830627557952.1368,-429.3881677220107,59.02190425123681,57.22636130989181,103.59165265384024,-410.33274946421625,-207.93242405402893,-63.6127696125679,94.98186963279501,839.7402706519684,847.5579734112063,9.61601271721131e-05
1145,1.6613537879677967e-07,1.5e-10,0.00017572572380946384,13290830.30374217,0.0,0.0,13290830.30374217,0.0,0.0,0.0,830752458209.9333,-441.2341476305254,62.11692154294906,53.57872250331877,107.59594208457565,-417.45524220906935,-200.01896479381602,-61.15046295186777,81.31042220342567,858.7019353940182,867.102923087952,9.62901926105763e-05
1146,1.6628537879677968e-07,1.5e-10,0.0001759307474257334,13302830.30374217,0.0,0.0,13302830.30374217,0.0,0.0,0.0,830911782826.0095,-462.0834652011016,78.43167470507538,60.89819293474354,119.11381632828011,-411.9221798447127,-216.93523746456518,-63.34444158946606,79.50919104407691,874.0226899428443,885.4658793699624,9.642301249248179e-05
1147,1.664353787967797e-07,1.5e-10,0.00017613210128269272,13314830.30374217,0.0,0.0,13314830.30374217,0.0,0.0,0.0,830967612309.9546,-440.02167348207104,58.394156072198676,72.2002549964527,103.16891067336707,-410.7708373022536,-203.43596595251407,-74.18237759084082,88.83388928405101,850.8088876681566,858.622001390814,9.655180579269042e-05
1148,1.665853787967797e-07,1.5e-10,0.00017633393014286936,13326830.30374217,0.0,0.0,13326830.30374217,0.0,0.0,0.0,831104068953.0902,-441.5474396263507,56.99973473677566,80.13623361036069,102.02632529544566,-412.3494907714155,-200.4853331726571,-66.22676032655995,101.71502842550105,853.9114245566906,860.9220375568639,9.668094409832395e-05
1149,1.667353787967797e-07,1.5e-10,0.00017653477035615384,13338830.30374217,0.0,0.0,13338830.30374217,0.0,0.0,0.0,831198751692.7622,-446.0808686420339,64.14144939856591,75.68557742995229,113.18283668007226,-400.6819085024811,-190.46405564004857,-66.02097088271563,86.33375387959266,846.7784774480041,855.4757492910596,9.68092654607176e-05
1150,1.6688537879677972e-07,1.5e-10,0.00017674070057450777,13350830.30374217,0.0,0.0,13350830.30374217,0.0,0.0,0.0,831316182155.6384,-455.84334259236095,62.1362003081873,69.49679362163974,93.06784065141022,-425.4239462167971,-204.37819004233634,-73.52625253029723,66.39204215134515,881.2827186453923,889.5730328357915,9.694270141564297e-05
1151,1.6703537879677973e-07,1.5e-10,0.00017694614324345828,13362830.30374217,0.0,0.0,13362830.30374217,0.0,0.0,0.0,831409635164.2062,-461.9853352814233,55.77672100576089,62.700792004889834,111.11116867931334,-416.0588839242934,-189.90513286591545,-68.15546948324805,82.91681286949978,878.0660382430863,885.8891290096144,9.707558478499441e-05
1152,1.6718537879677975e-07,1.5e-10,0.00017715031244189546,13374830.30374217,0.0,0.0,13374830.30374217,0.0,0.0,0.0,831564622369.2338,-456.13301996251556,63.03657927269632,70.09756785670551,93.70075217419422,-413.5074455643882,-199.02752620785674,-71.4082322063594,84.59876088486942,869.6596338847761,877.1866938752356,9.72071627890757e-05
1153,1.6733537879677976e-07,1.5e-10,0.00017735785908700062,13386830.30374217,0.0,0.0,13386830.30374217,0.0,0.0,0.0,831694058728.9078,-473.78387407460576,45.00194245923638,60.70167398239265,96.92749236170565,-419.4036139210292,-181.51812498240272,-71.86454033399775,92.77667669934318,893.024066567446,898.8638545483942,9.734199236725795e-05
1154,1.6748537879677977e-07,1.5e-10,0.00017756253460914854,13398830.30374217,0.0,0.0,13398830.30374217,0.0,0.0,0.0,831850929791.8853,-457.0315833224906,56.8290029458698,67.36479664650237,97.24741089619008,-416.2617396503869,-205.25270151391186,-73.41124873295551,99.03313522482387,873.3104087188627,880.2848488232615,9.747403509458144e-05
1155,1.6763537879677978e-07,1.5e-10,0.0001777686226851359,13410830.30374217,0.0,0.0,13410830.30374217,0.0,0.0,0.0,831993745555.2104,-465.3154276260853,54.146026268550884,64.14699881179347,100.62307107211474,-417.38484833690654,-202.03649017369446,-72.8794201083863,93.14960892987169,882.7171648225014,889.8918258869146,9.760751886846447e-05
1156,1.677853787967798e-07,1.5e-10,0.00017797688342495642,13422830.30374217,0.0,0.0,13422830.30374217,0.0,0.0,0.0,832145031722.7119,-475.98591781116465,57.71624935526266,66.62494396140289,99.99872635155731,-420.99638457638724,-208.0282190862376,-77.11442398898004,86.63638427289523,896.9996448112244,904.901071104383,9.774325402913013e-05
1157,1.679353787967798e-07,1.5e-10,0.00017818008052399492,13434830.30374217,0.0,0.0,13434830.30374217,0.0,0.0,0.0,832277041665.355,-446.94254329747633,61.57403867230046,71.55052972196964,117.77341035140094,-416.0220769238238,-200.92597775934087,-79.14673037267437,107.69135962490031,862.9818332008325,871.0252969189253,9.787390782366797e-05
1158,1.6808537879677981e-07,1.5e-10,0.00017838554010902563,13446830.30374217,0.0,0.0,13446830.30374217,0.0,0.0,0.0,832407447503.5437,-459.8192831986841,50.07194192439694,76.0803057516057,115.83225102379069,-417.99805455909586,-220.20243128582132,-71.09585916235687,101.81298617925367,877.8349684324236,886.0146469626072,9.800681002071235e-05
1159,1.6823537879677982e-07,1.5e-10,0.00017859474199098473,13458830.30374217,0.0,0.0,13458830.30374217,0.0,0.0,0.0,832522791823.7468,-472.69728429876466,50.83069007093231,61.430182541273716,108.44547435895161,-430.61786871309647,-216.59350259745673,-76.07277812551645,92.4156253221871,903.3308223063625,911.1833952430181,9.81434875299988e-05
1160,1.6838537879677984e-07,1.5e-10,0.00017879869720885893,13470830.30374217,0.0,0.0,13470830.30374217,0.0,0.0,0.0,832673891541.8448,-447.5228099308228,38.113377029581834,66.74744961771745,99.4264106656343,-421.48355804421266,-215.47164299680367,-70.0699352693259,117.65221870764442,869.0238845227273,874.5955266751084,9.827467685900007e-05
1161,1.6853537879677985e-07,1.5e-10,0.0001790070338771376,13482830.30374217,0.0,0.0,13482830.30374217,0.0,0.0,0.0,832755911198.0706,-477.5275707260356,46.109463900008414,57.68260115349564,117.4629358821294,-419.7726839769418,-217.4136189027177,-68.94822484074999,94.82576923143284,897.3179342617336,905.677085475005,9.841052842182132e-05
1162,1.6868537879677986e-07,1.5e-10,0.0001792137640198805,13494830.30374217,0.0,0.0,13494830.30374217,0.0,0.0,0.0,832893087841.8052,-466.9177478680863,51.72054465122489,68.41378770816688,115.5387311755632,-419.2426345433236,-226.017543667157,-69.30073095955217,92.75528781326672,886.1784174062208,895.1560004812856,9.85448018218935e-05
1163,1.6883537879677987e-07,1.5e-10,0.00017942127664818938,13506830.30374217,0.0,0.0,13506830.30374217,0.0,0.0,0.0,832915495873.2991,-472.61837351984514,38.346804577471694,60.2729216653422,120.66367733386255,-419.15049731786286,-221.07269328218814,-64.19973490576689,97.93579877277269,891.7866678635255,899.8407086346439,9.86797779281887e-05
1164,1.6898537879677988e-07,1.5e-10,0.00017962793579665422,13518830.30374217,0.0,0.0,13518830.30374217,0.0,0.0,0.0,832984482081.7734,-460.65189674837393,39.672308941316594,61.480486019645205,111.62788339505394,-425.71263919130786,-217.68335752531786,-60.06175854940629,104.7763529560836,886.3815642118914,893.2803124270118,9.881376997505276e-05
1165,1.691353787967799e-07,1.5e-10,0.0001798329047472017,13530830.30374217,0.0,0.0,13530830.30374217,0.0,0.0,0.0,833031320741.1721,-463.7955667130988,26.646583836000655,53.23338551134607,107.41942268339498,-412.0318182875633,-219.352333921606,-78.09626554212005,94.67493426704782,875.8754628341021,882.8372929840037,9.894619556900035e-05
1166,1.692853787967799e-07,1.5e-10,0.00018004196352283157,13542830.30374217,0.0,0.0,13542830.30374217,0.0,0.0,0.0,833009715784.565,-476.9284614116267,41.06617543652546,74.04176089193352,113.10318729884295,-425.3129876752629,-229.28577406663803,-73.28015634634133,92.5634307627216,901.8275879290912,910.2658142699623,9.908273544114085e-05
1167,1.6943537879677991e-07,1.5e-10,0.00018024975184365702,13554830.30374217,0.0,0.0,13554830.30374217,0.0,0.0,0.0,832815498862.9362,-473.3568648112384,37.77961415004435,58.90421611872506,123.57280283099803,-420.1981473881928,-220.79491591190924,-64.77555440578503,96.45213267243714,893.5727219137807,901.8020903694701,9.921800575469626e-05
1168,1.6958537879677993e-07,1.5e-10,0.00018046034765997903,13566830.30374217,0.0,0.0,13566830.30374217,0.0,0.0,0.0,832822511457.876,-481.07010588406627,44.61091820721485,60.12340368005549,113.92550938955048,-431.2854402948004,-212.1968469911494,-63.59059476827108,88.77868573417632,912.3734602735914,920.1629711472538,9.935603020036836e-05
1169,1.6973537879677994e-07,1.5e-10,0.00018066897972134521,13578830.30374217,0.0,0.0,13578830.30374217,0.0,0.0,0.0,832784204067.454,-472.28469158503674,52.305522321407445,63.289871348161554,117.0845115912991,-426.8149206076234,-217.4110645519702,-74.88296665812483,92.06148479599321,899.1171920772338,907.7097486693718,9.949218666266876e-05
1170,1.6988537879677995e-07,1.5e-10,0.00018087552862775652,13590830.30374217,0.0,0.0,13590830.30374217,0.0,0.0,0.0,832729799165.6085,-485.59460438249306,69.77658437968577,71.96085959058472,123.49329994135827,-398.38236647867194,-221.40647687594299,-64.88300732952456,94.63808595981926,883.9947705346577,895.4306854305513,9.962650126548334e-05
1171,1.7003537879677996e-07,1.5e-10,0.00018108237727759556,13602830.30374217,0.0,0.0,13602830.30374217,0.0,0.0,0.0,832698905030.6339,-476.4703436786542,45.71593451011485,63.64572107824447,105.25467085452289,-411.1519378606755,-217.93195289316304,-66.95276223252581,108.12658412416235,887.63967185529,894.9503640132374,9.976074382008533e-05
1172,1.7018537879677997e-07,1.5e-10,0.00018129287377933903,13614830.30374217,0.0,0.0,13614830.30374217,0.0,0.0,0.0,832677067796.498,-485.1783046335392,64.98815092622549,51.746877361291226,123.81117118903545,-425.8831057208956,-220.7016288117455,-64.96527059432687,101.20377876049083,911.0893719698134,920.8358788987169,9.989886920192013e-05
1173,1.7033537879677998e-07,1.5e-10,0.0001815014609303302,13626830.30374217,0.0,0.0,13626830.30374217,0.0,0.0,0.0,832406053714.3105,-453.84965856397383,70.44706485039305,51.93771369069248,127.10714106026154,-444.6272199643261,-234.53464748474258,-90.83236879734149,89.68830662876906,898.4800604792696,909.8350608232178,0.0001000353444610436
1174,1.7048537879678e-07,1.5e-10,0.00018170950532303093,13638830.30374217,0.0,0.0,13638830.30374217,0.0,0.0,0.0,832394608937.8488,-513.0198709933862,58.241783873243754,60.72385307189873,102.70918425411834,-381.9501545794675,-234.3785623603034,-81.90700893135399,89.80296723185616,894.9873341237036,906.9015596447891,0.00010017137969499032
1175,1.7063537879678e-07,1.5e-10,0.00018191705623795508,13650830.30374217,0.0,0.0,13650830.30374217,0.0,0.0,0.0,832423852709.4011,-458.02083736079203,52.62956288205892,75.10541841938795,103.86680150279064,-433.9819496576703,-228.15547326051728,-75.10863741929411,99.75929058589844,892.0302999596532,899.7517517005041,0.0001003063424577454
1176,1.7078537879678002e-07,1.5e-10,0.00018212677637113962,13662830.30374217,0.0,0.0,13662830.30374217,0.0,0.0,0.0,832478846490.7064,-476.20424485962576,68.75494037815757,72.03413377702437,105.43860840404301,-429.7470019539452,-235.2575157794452,-81.68381620099996,93.73945312879549,905.9673056203197,915.5914892556175,0.00010044368118113374
1177,1.7093537879678003e-07,1.5e-10,0.000182335570786398,13674830.30374217,0.0,0.0,13674830.30374217,0.0,0.0,0.0,832556473199.9679,-476.00364539845833,59.55155215154256,66.45522221697688,106.4722148905876,-424.0516999540727,-237.6682941295659,-78.89566818136113,98.55752783643852,900.057409824159,909.2260028011337,0.00010058006508155392
1178,1.7108537879678004e-07,1.5e-10,0.00018254396342226996,13686830.30374217,0.0,0.0,13686830.30374217,0.0,0.0,0.0,832615634446.7179,-470.08974579478706,74.39055552171082,55.52246503745084,102.34049746221966,-427.06069117755146,-234.48403676740543,-75.40309327165978,83.23558662178137,897.0849918912891,907.5164956431643,0.0001007161925559004
1179,1.7123537879678005e-07,1.5e-10,0.00018275368174643395,13698830.30374217,0.0,0.0,13698830.30374217,0.0,0.0,0.0,832688299538.5901,-480.78670536707165,66.85419242003326,58.307586383368424,109.41169909415684,-424.93514709892804,-239.9678569827962,-68.15509471710426,90.5254483161268,905.7472867803552,916.0981455890599,0.00010085360727773876
1180,1.7138537879678006e-07,1.5e-10,0.0001829634741581141,13710830.30374217,0.0,0.0,13710830.30374217,0.0,0.0,0.0,832540903304.272,-480.17236684966116,81.57825591693344,40.848209785981325,92.85298242717654,-426.40972400388586,-225.43820587254982,-60.2258143362532,83.02498637930601,906.5574684498887,916.4346985249394,0.0001009910724825175
1181,1.7153537879678007e-07,1.5e-10,0.00018317517182293183,13722830.30374217,0.0,0.0,13722830.30374217,0.0,0.0,0.0,832607585823.0582,-484.6598944953542,88.81759505888796,42.07493664880634,90.91827238390773,-434.30555326221025,-239.5243189385779,-61.84964865723169,81.49258545394017,918.959915189926,929.8167839909156,0.00010113054500011614
1182,1.7168537879678008e-07,1.5e-10,0.00018338503601913014,13734830.30374217,0.0,0.0,13734830.30374217,0.0,0.0,0.0,832646203665.3022,-472.12340328583406,83.19738103563783,50.27994393791298,82.69116200140898,-434.5662686751603,-243.01256730320705,-50.57179428355702,80.91752335053043,906.7000451546878,916.787969040011,0.00010126806319547214
1183,1.718353787967801e-07,1.5e-10,0.00018358973973086137,13746830.30374217,0.0,0.0,13746830.30374217,0.0,0.0,0.0,832471630256.2245,-453.01876262687284,69.26551986109807,26.18080734931823,72.94992932858386,-421.2302666845545,-207.27726912200922,-70.11868077779268,85.07370494646887,874.2754382941326,881.4999413011681,0.00010140028818666732
1184,1.719853787967801e-07,1.5e-10,0.00018380226933028087,13758830.30374217,0.0,0.0,13758830.30374217,0.0,0.0,0.0,832504609636.2158,-484.7039869706165,78.51634280254133,47.04904311499962,78.7111382368165,-440.3391775410476,-224.9345145823392,-64.72671170538045,65.13409148456817,925.0807943169328,934.485812365383,0.00010154046105852212
1185,1.7213537879678012e-07,1.5e-10,0.00018401486155948958,13770830.30374217,0.0,0.0,13770830.30374217,0.0,0.0,0.0,832531944120.8385,-502.35779032643956,88.3055062876832,32.99923901675587,95.00028581992362,-422.24760130848193,-239.01842415644523,-57.15959975898967,70.55402171377466,924.6558803406068,936.9907075425994,0.00010168100966465351
1186,1.7228537879678013e-07,1.5e-10,0.00018422660183914336,13782830.30374217,0.0,0.0,13782830.30374217,0.0,0.0,0.0,832561801090.4211,-474.78462172733873,89.22071846115323,44.209655396335414,99.76832542954298,-444.2777045339145,-224.20108232722882,-52.99010338346507,87.02677426607623,919.1217342112162,929.1190275233649,0.00010182037751878201
1187,1.7243537879678014e-07,1.5e-10,0.00018444237310039172,13794830.30374217,0.0,0.0,13794830.30374217,0.0,0.0,0.0,832456004273.2277,-498.0655668125945,76.87281636880628,42.01543142320078,103.70540630875438,-447.9535795172918,-223.93698646947786,-57.9676778563438,68.73742154903985,946.0981265180332,956.4895260131219,0.00010196385094768398
1188,1.7258537879678015e-07,1.5e-10,0.00018465998565240577,13806830.30374217,0.0,0.0,13806830.30374217,0.0,0.0,0.0,832469942648.0674,-493.3887010449095,72.60985576284263,40.82823289753393,114.15640052542163,-464.508603694308,-238.16914414323224,-57.22732401019272,56.99146039102302,957.9799558036804,969.8502316784021,0.00010210932848243574
1189,1.7273537879678016e-07,1.5e-10,0.0001848777465418416,13818830.30374217,0.0,0.0,13818830.30374217,0.0,0.0,0.0,832487911644.4648,-499.45907145489775,72.00373046714878,42.64006875419828,93.82733472671204,-460.2984037650103,-227.17832736716997,-62.177377837425965,68.10351320469408,959.8411564984297,969.2685396182811,0.00010225471876337849
1190,1.7288537879678017e-07,1.5e-10,0.00018510015579102767,13830830.30374217,0.0,0.0,13830830.30374217,0.0,0.0,0.0,832496876219.4158,-521.484837308812,84.48159372407255,46.685488793330684,113.9678495256196,-483.05283000900556,-226.3983421092167,-56.07796585415571,77.60512560964904,982.5990397590015,1000.5306111498666,0.00010240479835505096
1191,1.7303537879678019e-07,1.5e-10,0.00018532043738789535,13842830.30374217,0.0,0.0,13842830.30374217,0.0,0.0,0.0,832207845478.6626,-513.6295381031667,62.994690370005316,51.544020595793306,100.3782523416853,-463.0268339822912,-227.8943503903035,-64.57189750791727,85.1923168238389,976.7917166699432,985.2050095759463,0.00010255257910648735
1192,1.731853787967802e-07,1.5e-10,0.00018553399909962764,13854830.30374217,0.0,0.0,13854830.30374217,0.0,0.0,0.0,832197466507.0388,-471.8869731521877,68.44322611169733,55.70079550550033,92.9882910329501,-459.9697370257747,-233.7904303112458,-62.25243912656685,77.72155735390879,931.7211472285138,940.7741657936398,0.0001026936952313564
1193,1.733353787967802e-07,1.5e-10,0.00018575421076907767,13866830.30374217,0.0,0.0,13866830.30374217,0.0,0.0,0.0,832179520744.9061,-500.92315497896635,80.8322791959286,49.83217687979414,116.34260235286587,-474.28460915959204,-232.06035421459327,-62.33361084620205,75.08382218664704,975.2724476972484,986.192736606589,0.00010284162414184739
1194,1.7348537879678022e-07,1.5e-10,0.0001859712030018222,13878830.30374217,0.0,0.0,13878830.30374217,0.0,0.0,0.0,832207347220.3435,-481.39143792189105,73.71099330943844,52.283880613038534,87.11232614840216,-473.7866159928984,-225.66373524910853,-71.8505551805147,89.12436754392643,955.238760715732,963.0290964300906,0.0001029860785063119
1195,1.7363537879678023e-07,1.5e-10,0.00018619235282086588,13890830.30374217,0.0,0.0,13890830.30374217,0.0,0.0,0.0,832217893891.5836,-508.6682351407002,75.05575063735022,47.31871126577954,109.78125497339721,-473.299012985058,-238.0214997607053,-69.02615756109442,82.4027952949797,982.0178966543065,992.1495300631634,0.00010313490093582138
1196,1.7378537879678024e-07,1.5e-10,0.0001864110228248667,13902830.30374217,0.0,0.0,13902830.30374217,0.0,0.0,0.0,832223450148.7452,-495.98265224786365,76.49409630214694,43.73352268694578,98.02287368293771,-469.9158810580156,-233.6194751734317,-68.85553847482075,86.16278050296641,965.9389405973316,975.1147440892042,0.00010328116814743477
1197,1.7393537879678025e-07,1.5e-10,0.00018662925486090493,13914830.30374217,0.0,0.0,13914830.30374217,0.0,0.0,0.0,832169182898.1622,-487.8243184228659,68.07161878923846,55.01372325181214,113.2043292950026,-474.5217492209291,-241.53632941726133,-64.02034394486553,80.16069954975448,962.3740787140428,972.5565672500386,0.00010342705163252227
1198,1.7408537879678026e-07,1.5e-10,0.00018685045169500813,13926830.30374217,0.0,0.0,13926830.30374217,0.0,0.0,0.0,831874858981.9668,-498.28357203294104,70.6847841175045,59.854081951724,111.70125195606425,-483.9305304006882,-224.3484449071814,-68.16747992496983,71.0555105832088,982.2278544783507,991.85452083526,0.00010357582981064756
1199,1.7423537879678028e-07,1.5e-10,0.00018706983329874638,13938830.30374217,0.0,0.0,13938830.30374217,0.0,0.0,0.0,831553005234.9563,-490.9846465748948,51.04059770536706,52.84213974611234,95.03645998227064,-480.40697194464786,-218.219932029377,-73.16660899603896,69.44556522075356,971.391761049695,978.9114487792602,0.00010372266652796445
1200,1.7438537879678029e-07,1.5e-10,0.00018728822021605869,13950830.30374217,0.0,0.0,13950830.30374217,0.0,0.0,0.0,831478832066.2262,-485.3248864794157,74.97851754959247,44.97039701969552,118.71293293891837,-478.0736158133132,-222.441336956715,-63.56889398606639,70.98487539586064,963.3811113951572,973.8577802674557,0.00010386874519500457
1201,1.745353787967803e-07,1.5e-10,0.00018750670441917874,13962830.30374217,0.0,0.0,13962830.30374217,0.0,0.0,0.0,831221469167.2755,-476.70553700004393,76.17077377078755,54.11248884385202,122.12206052174085,-487.50984823506553,-218.31944168326248,-66.82831883533191,90.87910132023225,964.1795772386306,973.7958953513589,0.00010401481457930727
1202,1.746853787967803e-07,1.5e-10,0.00018772279191555925,13974830.30374217,0.0,0.0,13974830.30374217,0.0,0.0,0.0,831151076010.2456,-473.3414469680922,61.036072581302356,57.574359172285455,109.67528936076245,-475.0576593050443,-229.61673287317225,-58.59542248168577,79.82148270274295,948.3477734992382,957.3875630774983,0.0001041584227137689
1203,1.7483537879678032e-07,1.5e-10,0.0001879379727205306,13986830.30374217,0.0,0.0,13986830.30374217,0.0,0.0,0.0,831081229044.4333,-469.2950161818827,77.22283977855011,47.420514085203486,131.53178318470702,-472.05264792114343,-234.5918335242304,-59.4051867434549,71.92532740791678,941.2809608359529,953.6500477828836,0.00010430147022093633
1204,1.7498537879678033e-07,1.5e-10,0.00018815549451655698,13998830.30374217,0.0,0.0,13998830.30374217,0.0,0.0,0.0,831025629504.0896,-476.3933598894302,67.88243092113541,46.28103783226499,116.89036943192248,-481.87500425425264,-217.1777354437551,-67.63635958439858,86.43883289559392,958.1875555662118,967.16851127133,0.00010444654549762703
1205,1.7513537879678034e-07,1.5e-10,0.00018837059595551252,14010830.30374217,0.0,0.0,14010830.30374217,0.0,0.0,0.0,830982403319.3342,-460.0519942000211,60.79142113185663,45.29058967474992,107.5367285503348,-482.3087109275515,-224.9696821965633,-62.83952784615922,80.00429139936969,942.2632580217784,951.1250269337212,0.00010458921425166709
1206,1.7528537879678035e-07,1.5e-10,0.00018858470139761978,14022830.30374217,0.0,0.0,14022830.30374217,0.0,0.0,0.0,830984833761.8951,-467.53370773790675,77.05614084409532,47.175687120362404,123.8501959330644,-467.5643478559957,-215.9002843223039,-66.00043958367168,82.37846744172602,934.697732968918,945.2114193121727,0.00010473099596456392
1207,1.7543537879678037e-07,1.5e-10,0.00018880288448147245,14034830.30374217,0.0,0.0,14034830.30374217,0.0,0.0,0.0,830953432557.1959,-481.1210762947565,64.4250726015833,32.30402893316889,119.85197429735692,-486.02202205268424,-212.98996202176613,-59.92011103873945,91.67862834779923,960.7396880404311,971.4024922733919,0.00010487670633840494
1208,1.7558537879678038e-07,1.5e-10,0.0001890219324631411,14046830.30374217,0.0,0.0,14046830.30374217,0.0,0.0,0.0,830701801091.9609,-461.5256173377834,61.4280162660752,34.480815998847795,118.455943690247,-507.3927135902475,-204.42308123230876,-48.09817668643034,93.73802098078035,968.7635561217794,976.8498745100624,0.00010502323381958144
1209,1.757353787967804e-07,1.5e-10,0.00018924387901524828,14058830.30374217,0.0,0.0,14058830.30374217,0.0,0.0,0.0,830702023225.4137,-480.64986789140505,78.3234335454437,11.301830077601656,122.29057468939347,-507.0645577310265,-219.4619913642739,-50.61797315708853,77.85283590481882,987.5262932904195,998.0879678362421,0.00010517294701475687
1210,1.758853787967804e-07,1.5e-10,0.00018946560062528517,14070830.30374217,0.0,0.0,14070830.30374217,0.0,0.0,0.0,830589753507.1698,-488.4532919417383,74.11045670174882,22.445030048039477,135.56756068492263,-497.83541725831986,-194.4217118639073,-56.181078023487146,90.20289862015888,986.1021090050932,995.5924088838934,0.00010532228587608946
1211,1.760353787967804e-07,1.5e-10,0.00018968512406171266,14082830.30374217,0.0,0.0,14082830.30374217,0.0,0.0,0.0,830435557951.7804,-460.2191557677211,71.245604243991,27.9491950151677,109.81583870970309,-511.85038982874266,-207.29057383875875,-50.08603923959337,82.90618322600776,971.8747892320025,980.7158882369338,0.000105469393259325
1212,1.7618537879678042e-07,1.5e-10,0.00018990383821549642,14094830.30374217,0.0,0.0,14094830.30374217,0.0,0.0,0.0,830442605083.2631,-454.44121879523885,62.15968888800274,28.921584539181897,88.49533943898751,-513.5950900297165,-185.74133355473336,-53.01893526325131,95.34174245572319,967.8292506087903,973.8976842729097,0.00010561547791196593
1213,1.7633537879678043e-07,1.5e-10,0.00019012364310730983,14106830.30374217,0.0,0.0,14106830.30374217,0.0,0.0,0.0,830451336954.0643,-457.7358332512979,67.25370465217485,40.54568203292573,100.86611934045163,-516.7086181062018,-186.04934981962285,-58.76179623784392,74.76191177388442,974.2275578205087,981.8756613189555,0.00010576275926116377
1214,1.7648537879678044e-07,1.5e-10,0.00019033825661012117,14118830.30374217,0.0,0.0,14118830.30374217,0.0,0.0,0.0,830448912360.931,-435.89996969230964,75.82987352188049,18.342185498394063,123.86799418970837,-503.2380682435512,-196.671451885964,-38.59202648601537,97.6087751151764,938.9112655440455,948.6351794908883,0.00010590505453808741
1215,1.7663537879678046e-07,1.5e-10,0.00019055846124950882,14130830.30374217,0.0,0.0,14130830.30374217,0.0,0.0,0.0,830242837350.0204,-474.54732164003616,50.70205935068849,27.964609378278897,134.6467810477007,-501.93322804598836,-200.78490453292235,-61.00072337653462,66.80579210388237,976.2455467784782,985.5237130627253,0.00010605288309504682
1216,1.7678537879678047e-07,1.5e-10,0.00019077417346041414,14142830.30374217,0.0,0.0,14142830.30374217,0.0,0.0,0.0,830225619991.6821,-455.32892289567354,38.75105544039024,18.221610336228377,124.91001181954162,-492.2980539830709,-189.2487470122046,-58.535621075097154,82.99981397473968,947.3827008828604,954.6605972798266,0.00010619608218463878
1217,1.7693537879678048e-07,1.5e-10,0.00019099553292705154,14154830.30374217,0.0,0.0,14154830.30374217,0.0,0.0,0.0,830204733269.318,-494.63143876851046,47.81159488607387,32.456690874180865,133.7439999424297,-488.7220400495739,-203.97424118487052,-40.14374029659493,52.56883410540518,983.2417342102028,992.7223047622592,0.00010634499053035312
1218,1.770853787967805e-07,1.5e-10,0.000191220319509867,14166830.30374217,0.0,0.0,14166830.30374217,0.0,0.0,0.0,830179638347.7386,-494.152606264446,58.504254658283394,19.821829413200316,158.5896958818594,-512.67666195315,-199.67398704118432,-62.00811145516663,95.75829639121959,1006.4656779798421,1016.4812794469776,0.00010649746272227016
1219,1.772353787967805e-07,1.5e-10,0.00019144321623325032,14178830.30374217,0.0,0.0,14178830.30374217,0.0,0.0,0.0,830185165203.3981,-469.10479121172364,39.06053920137208,22.15258426124343,141.52597190771573,-525.9790261409433,-200.72169560716736,-68.22903138306982,76.20679521458389,994.8182285191768,1003.8246170086526,0.00010664803641482146
1220,1.773853787967805e-07,1.5e-10,0.00019166850976645172,14190830.30374217,0.0,0.0,14190830.30374217,0.0,0.0,0.0,830169308173.2664,-498.1930563253699,51.83061899403745,15.253337164481733,138.22684837433806,-512.4402544982268,-198.6990911659277,-61.363116132734746,72.08633610488391,1010.3571862805826,1019.3960142657683,0.00010680094581696133
1221,1.7753537879678052e-07,1.5e-10,0.0001918870659733297,14202830.30374217,0.0,0.0,14202830.30374217,0.0,0.0,0.0,830094501187.7244,-451.6132027260983,35.0244033999132,16.581015709438102,140.8011776217869,-514.4648431270925,-197.44146331301258,-48.7583262761001,79.8916154334176,965.7959255869515,974.4312255763643,0.00010694711050079778
1222,1.7768537879678053e-07,1.5e-10,0.0001921049469991489,14214830.30374217,0.0,0.0,14214830.30374217,0.0,0.0,0.0,830124669027.5024,-461.35262571387415,43.773024209836784,0.19418614068363077,140.65632382132242,-499.357628528546,-200.69543877795184,-49.95525645559386,82.10025079061805,961.6703586501442,970.3235710156874,0.00010709265903645014
1223,1.7783537879678055e-07,1.5e-10,0.00019232368585674745,14226830.30374217,0.0,0.0,14226830.30374217,0.0,0.0,0.0,829951680464.113,-454.3772654151561,43.24041578305393,8.78606297932943,147.85120659628447,-512.998752760504,-182.5287905588714,-58.951179513054115,78.57974723363253,967.0829309020088,976.3178410867124,0.00010723910671261315
1224,1.7798537879678056e-07,1.5e-10,0.00019254467720775554,14238830.30374217,0.0,0.0,14238830.30374217,0.0,0.0,0.0,829765107244.8157,-477.37492457279035,42.805077656664956,8.459159533343046,154.38187598656287,-504.52485488134243,-203.78438852494173,-60.62087831864595,80.74988526021674,981.598662897196,991.4092989608768,0.00010738781810745727
1225,1.7813537879678057e-07,1.5e-10,0.00019276269528866269,14250830.30374217,0.0,0.0,14250830.30374217,0.0,0.0,0.0,829758725811.4324,-488.30905286010864,43.448308134825,17.88609812272077,152.429185247587,-473.025523248192,-220.7973573345357,-60.260847649420384,69.66667120069478,961.0249146991705,972.0321707547087,0.00010753362293307048
1226,1.7828537879678058e-07,1.5e-10,0.00019298161754989764,14262830.30374217,0.0,0.0,14262830.30374217,0.0,0.0,0.0,829765004143.78,-478.6779631365381,38.56747533997427,12.897351706244233,173.1135395244448,-489.3673505049402,-219.43377779121914,-83.83285410529508,91.51547647531041,967.4908236445784,979.031284706921,0.00010768047762577652
1227,1.784353787967806e-07,1.5e-10,0.00019320065486022446,14274830.303742168,0.0,0.0,14274830.30374217,0.0,0.0,0.0,829805084031.1713,-469.4965008703163,49.210959509168816,20.31518195665407,166.65281893282693,-498.43526753016084,-226.40564355050515,-69.44764717840062,79.38443277657106,967.614858490848,979.9511545035718,0.00010782747029895205
1228,1.785853787967806e-07,1.5e-10,0.0001934200516345437,14286830.303742168,0.0,0.0,14286830.30374217,0.0,0.0,0.0,829844027634.3134,-474.39733341795403,47.37271820240468,14.905328585272857,157.4691511941183,-496.1802089102819,-228.0758285170805,-58.95998085524693,85.79232121034185,970.256822805124,981.3999293581282,0.00010797468028835578
1229,1.7873537879678061e-07,1.5e-10,0.0001936415099527724,14298830.303742168,0.0,0.0,14298830.30374217,0.0,0.0,0.0,829898719075.7389,-475.1257237194618,45.378042919769705,11.22256098684153,148.16622230054597,-509.94491309628336,-225.07819622162722,-70.63150273246997,88.67933103400564,984.7498854125744,995.093741729738,0.00010812394434961524
1230,1.7888537879678062e-07,1.5e-10,0.00019386539542666753,14310830.303742168,0.0,0.0,14310830.30374217,0.0,0.0,0.0,829744793282.8877,-488.45232304294314,44.302045701738564,5.429572768064445,157.1794707174059,-512.7130272507336,-220.4538444653042,-60.31316661170453,100.38083160404553,1000.8348367484408,1010.6575285501359,0.00010827554297889775
1231,1.7903537879678064e-07,1.5e-10,0.00019408876828235758,14322830.303742168,0.0,0.0,14322830.30374217,0.0,0.0,0.0,829624568395.0084,-482.7288757616063,47.34372190212208,8.967309349757352,156.0614983861899,-514.8528468260195,-222.89068589481414,-67.89029322294883,88.37866145346557,997.2513202222515,1007.9948281144198,0.00010842674220311492
1232,1.7918537879678065e-07,1.5e-10,0.00019431130957641536,14334830.303742168,0.0,0.0,14334830.30374217,0.0,0.0,0.0,829659630154.3114,-492.5140769612233,46.9188059216592,6.478070550664164,160.79508357493765,-502.3491080380053,-222.26167866541616,-62.559112969616145,92.66719514764566,989.9820623753967,1002.1748559541254,0.00010857706843150803
1233,1.7933537879678066e-07,1.5e-10,0.00019453285485482996,14346830.303742168,0.0,0.0,14346830.30374217,0.0,0.0,0.0,829594848244.3284,-495.44425986548873,37.209580700301224,-0.28522802333037434,159.77621624625908,-490.2487085689438,-215.6669365527728,-66.91816934410093,91.19734599310065,985.3504703195385,995.3661135955149,0.00010872637334854737
1234,1.7948537879678067e-07,1.5e-10,0.00019475431974655288,14358830.303742168,0.0,0.0,14358830.30374217,0.0,0.0,0.0,829647229414.3965,-484.66267304267984,49.326314641405204,5.1950342440733275,160.4504747723286,-500.0289768531962,-217.6764814256034,-68.04318716801005,86.12698987317695,984.3476159624533,995.4891071226875,0.00010887569671461577
1235,1.7963537879678068e-07,1.5e-10,0.000194974026133276,14370830.303742168,0.0,0.0,14370830.30374217,0.0,0.0,0.0,829696129191.1469,-472.09762381110824,52.07510782635494,1.0831594778602032,169.20760536883904,-500.81843023100504,-214.64516439849382,-61.36553440010402,103.95973381933601,972.5674621502492,983.8727455365394,0.00010902327762644625
1236,1.797853787967807e-07,1.5e-10,0.00019519967726512794,14382830.303742168,0.0,0.0,14382830.30374217,0.0,0.0,0.0,829741586466.5883,-499.1771192018623,42.270340209270415,-9.274161256826277,151.16169160701762,-514.4356409416961,-215.44942652926704,-79.59688746031573,86.65388027218033,1013.2588307132289,1023.5449628646073,0.00010917680937087594
1237,1.799353787967807e-07,1.5e-10,0.00019541587352077747,14394830.303742168,0.0,0.0,14394830.30374217,0.0,0.0,0.0,829801530938.2026,-456.5714937529652,53.84243549765519,-6.826392900672378,158.54440765263632,-492.9928890756038,-229.8691080966645,-62.073417120771225,96.13522300469472,949.2092727926783,961.3767262405842,0.00010932101587981202
1238,1.8008537879678071e-07,1.5e-10,0.0001956359013681934,14406830.303742168,0.0,0.0,14406830.30374217,0.0,0.0,0.0,829870449015.296,-486.17185995880254,47.33904909765038,-2.2391284525218773,159.53216284477594,-489.1708970212348,-213.02297406567783,-58.49653257084498,101.01905988798526,974.9784757787706,985.1392354928158,0.00010946878676513595
1239,1.8023537879678073e-07,1.5e-10,0.0001958584211298331,14418830.303742168,0.0,0.0,14418830.30374217,0.0,0.0,0.0,829942365554.7306,-495.0361236473481,56.95410871001855,-8.354032701095589,165.01495775580813,-496.5177056037114,-216.96562049858542,-61.66946951636038,93.60187260265432,991.1967323718767,1002.9149660767762,0.00010961922401004747
1240,1.8038537879678074e-07,1.5e-10,0.0001960786679244158,14430830.303742168,0.0,0.0,14430830.30374217,0.0,0.0,0.0,830020325765.003,-492.3953290350822,65.00170477700628,-6.497554203153127,170.48591239754452,-483.6678364246946,-219.57621184242808,-69.12716077442938,97.27033111997092,975.6997326876547,988.7513426279008,0.00010976753671144166
1241,1.8053537879678075e-07,1.5e-10,0.00019630234922364315,14442830.303742168,0.0,0.0,14442830.30374217,0.0,0.0,0.0,830091617996.1265,-501.73942474925235,55.50871753749071,-4.190804220741909,162.35511941557925,-497.78002791370665,-217.09900815146312,-67.27685426584083,89.48896088952137,998.9147337034028,1010.5399060763024,0.0001099191176973531
1242,1.8068537879678076e-07,1.5e-10,0.00019652408640769605,14454830.30374217,0.0,0.0,14454830.30374217,0.0,0.0,0.0,830202450842.2833,-499.4057062279683,53.867926718540126,1.662754719149162,167.3716389786358,-486.7002958436484,-219.7244888212358,-66.82952732705603,90.43685511322336,985.7306981177582,997.6314348011109,0.00011006876241257326
1243,1.8083537879678077e-07,1.5e-10,0.00019674269947786332,14466830.30374217,0.0,0.0,14466830.30374217,0.0,0.0,0.0,830264005464.0131,-490.4892058618704,50.91361277181946,-21.720075163980404,165.37334034747886,-475.41798866945095,-226.78822347972405,-80.82311563239264,88.24606822926711,965.5142601068056,978.7966257645126,0.00011021558190643794
1244,1.8098537879678078e-07,1.5e-10,0.0001969599064838404,14478830.30374217,0.0,0.0,14478830.30374217,0.0,0.0,0.0,830292286191.2517,-483.0449509014561,37.74428998629502,-2.363795176868071,157.45365151891374,-473.77391368402374,-225.86509420572995,-83.00939756926647,88.76249221289899,956.447260173063,967.7050095670677,0.000110360737657873
1245,1.811353787967808e-07,1.5e-10,0.00019718185875241452,14490830.30374217,0.0,0.0,14490830.30374217,0.0,0.0,0.0,830286451126.1359,-513.8564557571254,46.714353715595436,-1.433108278142959,176.3984778314869,-473.6509789150088,-224.3452571639931,-75.37858851039005,91.12412030759317,987.1341557399589,999.8470450403112,0.00011051071471462904
1246,1.812853787967808e-07,1.5e-10,0.0001974051402449167,14502830.30374217,0.0,0.0,14502830.30374217,0.0,0.0,0.0,830321986800.7744,-496.1005682440137,61.73002208209526,-1.2698563313132196,178.72203253375977,-500.03210587867136,-229.17978076438422,-85.47972026527286,88.84331164032268,995.754823812764,1010.0145384944785,0.00011066221689540321
1247,1.8143537879678082e-07,1.5e-10,0.0001976296671283642,14514830.30374217,0.0,0.0,14514830.30374217,0.0,0.0,0.0,830356166867.5306,-505.3218806288641,58.395806739225684,2.9055084008611973,180.88992784587023,-499.0233959558511,-233.7394743175476,-84.24585888965915,93.99729902271649,1003.9697638774212,1017.8509173772412,0.0001108148945330098
1248,1.8158537879678083e-07,1.5e-10,0.00019785430792596925,14526830.30374217,0.0,0.0,14526830.30374217,0.0,0.0,0.0,830407205439.9949,-496.01232299293054,51.942199393909796,8.43482499111059,177.70383714758802,-509.3724830333243,-237.76180669203825,-93.64142886027305,89.16146588075823,1005.0071365036954,1018.6813894512248,0.00011096769674142749
1249,1.8173537879678084e-07,1.5e-10,0.00019808087877513648,14538830.30374217,0.0,0.0,14538830.30374217,0.0,0.0,0.0,830390045279.2826,-510.96325819745437,44.86163756660314,-12.412617994077635,188.27251779780065,-507.56150662876496,-237.09692061028645,-92.96485532491538,93.12780847854313,1018.14880007775,1032.2856965985945,0.00011112253959591728
1250,1.8188537879678085e-07,1.5e-10,0.00019830676013084985,14550830.30374217,0.0,0.0,14550830.30374217,0.0,0.0,0.0,830368164941.6476,-514.7519788207397,48.13093976716568,7.845481780578255,192.12725179946105,-498.50947516617214,-233.64910519643576,-87.11959115302633,94.03435185521019,1012.8821703723254,1026.6975922115748,0.000111276544234749
1251,1.8203537879678086e-07,1.5e-10,0.0001985324078194439,14562830.30374217,0.0,0.0,14562830.30374217,0.0,0.0,0.0,830393399807.2762,-519.4955649780876,50.821366316641644,1.3248153885312983,194.9068024416848,-492.1362255972502,-247.32110726947073,-89.0864205281797,107.35755095948495,1011.259390150455,1025.8513132746393,0.0001114304219317402
1252,1.8218537879678087e-07,1.5e-10,0.0001987598479393351,14574830.30374217,0.0,0.0,14574830.30374217,0.0,0.0,0.0,830428508481.9027,-529.9759293054094,55.021111651092184,1.9967711492281393,201.87741414425548,-493.31037554777,-252.06227216616435,-89.49297713910569,115.36272405509399,1022.9093151758125,1038.185173552314,0.00011158614970777306
1253,1.8233537879678088e-07,1.5e-10,0.0001989864470339551,14586830.30374217,0.0,0.0,14586830.30374217,0.0,0.0,0.0,830466979219.5939,-516.2219438249251,52.4506055127541,4.468413672538268,197.11413820023813,-501.8837936451219,-247.306599895664,-90.2457626096657,124.0256534723395,1017.7380965297095,1031.6919837693943,0.00011174090350533847
1254,1.824853787967809e-07,1.5e-10,0.0001992143569256625,14598830.30374217,0.0,0.0,14598830.30374217,0.0,0.0,0.0,830435496953.7957,-521.9944654764854,48.10639158217735,6.899618794849998,199.365039337062,-504.53845560614724,-243.24356235521643,-77.58642295940173,112.24501645900273,1026.1520850337777,1039.7836483321119,0.00011189687105258828
1255,1.826353787967809e-07,1.5e-10,0.00019944178887360182,14610830.30374217,0.0,0.0,14610830.30374217,0.0,0.0,0.0,830474694463.6589,-522.8308779458251,53.82551010937852,2.7702178888122027,190.8008499504196,-500.65809874192837,-246.51246960449078,-84.6331386485309,109.28381394062407,1023.1209197419874,1037.1353894474723,0.0001120524413610054
1256,1.8278537879678092e-07,1.5e-10,0.0001996692070481562,14622830.30374217,0.0,0.0,14622830.30374217,0.0,0.0,0.0,830511380198.7025,-518.8338613047738,49.121968456201344,3.920501377176338,185.04753395815231,-494.8939130783049,-241.09168661765872,-108.58286329896295,108.88944699888202,1028.9858335732174,1037.482178335247,0.00011220806368775569
1257,1.8293537879678093e-07,1.5e-10,0.00019989430866649386,14634830.30374217,0.0,0.0,14634830.30374217,0.0,0.0,0.0,830346679488.3198,-515.6636615568676,53.29461573241812,4.549514064591079,190.22021792409615,-492.3155647830848,-257.9320557667533,-101.51444032874477,105.54797654437608,1007.5951627709536,1022.9020574117088,0.00011236149899636745
1258,1.8308537879678094e-07,1.5e-10,0.00020012256709279794,14646830.30374217,0.0,0.0,14646830.30374217,0.0,0.0,0.0,830266963345.8479,-515.3557635296321,46.372811143980044,6.6543489637534075,206.44841142749385,-514.0004182894753,-259.24837217864524,-112.059927989671,130.45671251140547,1028.9761665440478,1043.8352499178952,0.00011251807428385513
1259,1.8323537879678095e-07,1.5e-10,0.00020035406456125424,14658830.30374217,0.0,0.0,14658830.30374217,0.0,0.0,0.0,830207778726.2095,-541.1438039913412,70.30897483276624,29.99989936560756,226.5054478190083,-509.65926487302085,-274.9671779612818,-96.97202384614066,137.54184831176775,1047.4501781502204,1066.2945036172277,0.00011267801845939771
1260,1.8338537879678096e-07,1.5e-10,0.0002005843734421956,14670830.30374217,0.0,0.0,14670830.30374217,0.0,0.0,0.0,830014748750.3058,-539.2513796306782,63.481981718764146,34.12747074506584,227.96446453872974,-501.4881420270009,-288.1398901616781,-99.1653899919081,135.2012742361615,1040.359047268403,1058.5870914790619,0.00011283680652311957
1261,1.8353537879678097e-07,1.5e-10,0.00020081058812380787,14682830.30374217,0.0,0.0,14682830.30374217,0.0,0.0,0.0,829952811220.7828,-528.792749269277,48.299447159671054,-2.460446851334803,211.63887754279887,-486.4197817156583,-276.90745413414714,-117.04852065974798,124.77996500889368,1014.824556239216,1032.3408368448584,0.0001129916576486463
1262,1.8368537879678099e-07,1.5e-10,0.00020103798319845862,14694830.30374217,0.0,0.0,14694830.30374217,0.0,0.0,0.0,829930080217.2032,-539.1768948360997,50.8378015507932,-4.060569745397005,209.66831714958005,-483.92103813204477,-273.7363067100225,-117.27793341052859,124.88391228778941,1022.706132886262,1040.2534569651475,0.00011314769566719108
1263,1.83835378796781e-07,1.5e-10,0.00020126559098575264,14706830.30374217,0.0,0.0,14706830.30374217,0.0,0.0,0.0,829925691250.6571,-518.1149551932651,59.75425916095956,7.804222424171275,201.74315359978806,-506.1701750260132,-276.3868834485385,-100.88006837626176,133.78512999626787,1023.8395571157663,1039.7398477919864,0.00011330365664435988
1264,1.83985378796781e-07,1.5e-10,0.00020149205781749518,14718830.30374217,0.0,0.0,14718830.30374217,0.0,0.0,0.0,829958466656.5839,-511.90111108788795,51.83794164919515,4.2390650201635465,208.3579191818557,-505.0007918618845,-279.319295633425,-110.3103813335053,137.53715793674877,1016.5132181191444,1032.7617544813297,0.00011345857090753208
1265,1.8413537879678102e-07,1.5e-10,0.000201724332592254,14730830.30374217,0.0,0.0,14730830.30374217,0.0,0.0,0.0,829993141697.8348,-538.1501169856768,57.13702717161972,-7.310452676914184,219.06725436624606,-517.1929352760282,-286.4148503677778,-120.35597670153221,131.6342253730264,1054.9594603022495,1073.4076037536636,0.00011361958204809513
1266,1.8428537879678103e-07,1.5e-10,0.00020195395948986343,14742830.30374217,0.0,0.0,14742830.30374217,0.0,0.0,0.0,830056835860.1632,-537.6990305718159,55.40543755077141,7.906910069867898,220.45491907843905,-499.51047149780055,-283.8599926617641,-109.75003123620446,133.29679824593103,1036.8229939991559,1054.578271506292,0.00011377776878882107
1267,1.8443537879678104e-07,1.5e-10,0.0002021840169777264,14754830.30374217,0.0,0.0,14754830.30374217,0.0,0.0,0.0,830135688513.4591,-538.6049204854219,57.03216871478715,6.695847331463054,220.3582413606977,-501.39825231734613,-288.54454741458113,-111.3150568158236,133.38453796931003,1039.6266241582232,1057.7654462811804,0.00011393643360576325
1268,1.8458537879678105e-07,1.5e-10,0.00020241313898383437,14766830.30374217,0.0,0.0,14766830.30374217,0.0,0.0,0.0,830228743818.9888,-532.1919215336081,59.52978169899039,3.770918284378354,210.04063489262083,-501.86305722480563,-287.7219940087156,-121.67477208389356,121.49900817912001,1033.6732360264305,1052.1960948606948,0.00011409426301999235
1269,1.8473537879678106e-07,1.5e-10,0.00020264473167142972,14778830.30374217,0.0,0.0,14778830.30374217,0.0,0.0,0.0,830295119524.1198,-531.1961767743495,63.02090921914542,7.739601574649372,219.70902367521768,-518.9590815774691,-297.4758008455054,-121.06711044104786,131.39059360993932,1049.7752316484818,1068.861625342725,0.00011425459226379376
1270,1.8488537879678108e-07,1.5e-10,0.00020287380594091774,14790830.30374217,0.0,0.0,14790830.30374217,0.0,0.0,0.0,830398694960.0039,-527.1467663931207,65.80752345389787,6.32859682144597,212.3076882235932,-506.64290532231803,-283.4733943716969,-129.6044922802991,130.6948068513952,1033.3945481824967,1052.1147580410345,0.00011441240947749991
1271,1.8503537879678109e-07,1.5e-10,0.0002031047992074715,14802830.30374217,0.0,0.0,14802830.30374217,0.0,0.0,0.0,830463531141.6224,-524.3112631632466,47.13505288513888,14.742734835943107,215.15153803646348,-522.5716583324565,-283.4748443306528,-125.30751385287023,129.43600756490196,1046.5025974714079,1063.179044178611,0.0001145718863341267
1272,1.851853787967811e-07,1.5e-10,0.00020333767222464983,14814830.30374217,0.0,0.0,14814830.30374217,0.0,0.0,0.0,830544865508.2927,-519.7884629642231,45.01220418011668,18.10062488613428,211.53415827731547,-539.7877175862824,-278.82423826471603,-123.02597181371335,124.29528908157901,1059.1925659627689,1075.1099163667998,0.00011473315282158171
1273,1.853353787967811e-07,1.5e-10,0.00020356379660681884,14826830.30374217,0.0,0.0,14826830.30374217,0.0,0.0,0.0,830650354732.8071,-503.1376774963183,31.922340496919404,16.177747306254997,205.41780303452208,-512.2724560309698,-274.6254283891736,-123.81961081739286,144.48957083006107,1015.0167370646623,1028.998152318699,0.00011488750254442952
1274,1.8548537879678112e-07,1.5e-10,0.00020379591679711533,14838830.30374217,0.0,0.0,14838830.30374217,0.0,0.0,0.0,830662178427.9972,-533.2888422185424,45.47378435030574,18.54654936197341,212.72525819013796,-521.3459988574556,-283.67668744888266,-139.00191850625734,131.34862682291828,1054.2592627169101,1070.778929120651,0.00011504811938379762
1275,1.8563537879678113e-07,1.5e-10,0.0002040274367898576,14850830.30374217,0.0,0.0,14850830.30374217,0.0,0.0,0.0,830701008530.4897,-527.7046128148879,39.2728407342724,19.988895408085572,207.8881423358974,-522.9390809565339,-294.3160833649376,-133.72385004659301,127.93549000384357,1050.262465452857,1066.4089377500866,0.00011520808072446013
1276,1.8578537879678114e-07,1.5e-10,0.00020425730810909887,14862830.30374217,0.0,0.0,14862830.30374217,0.0,0.0,0.0,830747270081.2142,-514.884824296994,32.40988193495057,30.081603475476147,189.52548257710077,-525.3856457786133,-283.63321472074915,-122.04676028969628,131.1812066747491,1039.8719770450848,1052.9157747728668,0.00011536601809067606
1277,1.8593537879678115e-07,1.5e-10,0.00020448564144469897,14874830.30374217,0.0,0.0,14874830.30374217,0.0,0.0,0.0,830804040555.3307,-505.4441311699389,52.219776158195245,31.10176905921276,202.4253328509417,-523.4937025260654,-296.85835944004134,-124.23300886439354,135.47597423066773,1028.5510495209803,1044.738437633136,0.00011552272885632102
1278,1.8608537879678117e-07,1.5e-10,0.00020471690425647674,14886830.30374217,0.0,0.0,14886830.30374217,0.0,0.0,0.0,830873208452.1714,-532.1938317757478,51.57571163367675,23.86665867598424,207.9061483578331,-516.2983054926653,-284.9674856172094,-115.27761250435734,143.35011725461646,1048.1047990732145,1063.3873622402014,0.00011568223696065705
1279,1.8623537879678118e-07,1.5e-10,0.00020494674224252136,14898830.30374217,0.0,0.0,14898830.30374217,0.0,0.0,0.0,830949878160.9999,-524.156475974416,58.86399742250953,27.984792939290084,214.19836041097884,-513.9711442797101,-306.60517324593155,-124.28379005363915,128.70441458056987,1037.7350366978937,1056.264792833929,0.00011584067667958213
1280,1.863853787967812e-07,1.5e-10,0.00020518453454133298,14910830.30374217,0.0,0.0,14910830.30374217,0.0,0.0,0.0,830973228998.4296,-545.6098312512047,69.46361700745892,45.67711501500573,222.8218293454322,-544.6742619938284,-295.91273282885174,-108.91499548237535,124.92438153457793,1089.896213720196,1108.021452949696,0.00011600687989752459
1281,1.865353787967812e-07,1.5e-10,0.00020542083554490661,14922830.30374217,0.0,0.0,14922830.30374217,0.0,0.0,0.0,830876432919.0616,-550.9290480347635,62.73040106589972,23.883734280721978,218.7699174706903,-530.371581700752,-291.3222523664226,-113.92383276629936,132.00692508802825,1080.703452715626,1098.211362305205,0.00011617161160187037
1282,1.866853787967812e-07,1.5e-10,0.00020565631416885542,14934830.30374217,0.0,0.0,14934830.30374217,0.0,0.0,0.0,830954886300.4319,-539.9227917663534,65.78273129088421,33.08619760470035,215.79370326547792,-535.6038136690655,-291.6715563483579,-119.70251719247622,123.65613097757986,1075.1387835441747,1092.9531552651076,0.00011633555457516013
1283,1.8683537879678122e-07,1.5e-10,0.00020589025419087855,14946830.30374217,0.0,0.0,14946830.30374217,0.0,0.0,0.0,830842771577.8558,-537.0388078911559,63.9580843057707,32.4946575927733,217.58687601285763,-528.3618296140721,-291.821819865295,-118.8386172456052,135.65029036010523,1065.000757605848,1082.3923235789578,0.00011649791342369697
1284,1.8698537879678123e-07,1.5e-10,0.0002061236287657047,14958830.30374217,0.0,0.0,14958830.30374217,0.0,0.0,0.0,830872355843.4431,-554.2644501757743,57.622817222850685,30.386679928459337,210.9100657596937,-507.55683649392176,-285.88914083377966,-116.3874035148449,128.56832039379952,1061.429794013926,1078.141662844891,0.0001166596346731237
1285,1.8713537879678124e-07,1.5e-10,0.00020635123400136968,14970830.30374217,0.0,0.0,14970830.30374217,0.0,0.0,0.0,830886100359.1951,-524.7797941374478,56.778059253442756,15.813831228443393,219.74140168014543,-498.5775906114388,-301.91224781629336,-128.04404029129446,132.99228204479985,1022.9643346303848,1042.1854504163844,0.00011681596249068616
1286,1.8728537879678126e-07,1.5e-10,0.00020658559237909588,14982830.30374217,0.0,0.0,14982830.30374217,0.0,0.0,0.0,830923047778.9165,-550.5864184467703,57.37800541739547,31.5443594079652,224.42596666352242,-517.2328207314767,-298.0974025102593,-114.71547304025331,130.03528414193514,1067.426439937603,1085.4683455924085,0.00011697878274252503
1287,1.8743537879678127e-07,1.5e-10,0.0002068192932620777,14994830.30374217,0.0,0.0,14994830.30374217,0.0,0.0,0.0,831012163317.8838,-541.8205272954574,60.907540090011935,27.29765617713497,221.2743795779,-521.924914613801,-293.57605246499514,-118.14140953134128,136.34337478342016,1063.3439108970108,1081.0414861777303,0.00011714093896545169
1288,1.8758537879678128e-07,1.5e-10,0.00020705407061119395,15006830.30374217,0.0,0.0,15006830.30374217,0.0,0.0,0.0,831092091198.6263,-547.4008532965261,50.71907335596387,33.96042438635178,225.9794465884294,-523.375921338885,-293.26599942694907,-110.02378713966752,132.87099475403485,1070.3891793690798,1087.3025265447502,0.0001173040343444334
1289,1.877353787967813e-07,1.5e-10,0.00020728808334271706,15018830.30374217,0.0,0.0,15018830.30374217,0.0,0.0,0.0,831193776474.7184,-551.7395329273503,47.4653202444692,30.165573051371847,224.58087445065692,-514.260233214216,-302.6005708228973,-123.0684174206849,140.11481799653714,1065.5822194602654,1082.8562266204667,0.00011746646277842646
1290,1.878853787967813e-07,1.5e-10,0.0002075255235741648,15030830.30374217,0.0,0.0,15030830.30374217,0.0,0.0,0.0,831269816125.2029,-560.0130775634562,44.401654762594035,32.246211372027496,230.0460285516051,-528.5106938530522,-292.7869278476521,-103.25361404535838,133.90851013323314,1088.134152887915,1104.4688322457448,0.00011763213310326333
1291,1.880353787967813e-07,1.5e-10,0.00020776381743128742,15042830.30374217,0.0,0.0,15042830.30374217,0.0,0.0,0.0,831348477152.2242,-554.9678956609285,48.22267599862635,33.386286966651674,227.4874524971693,-539.1699194837431,-290.4277629432186,-103.8545125762601,124.0569382738688,1093.7133029293946,1110.3251490242542,0.00011779868187561696
1292,1.8818537879678132e-07,1.5e-10,0.00020799588962028224,15054830.30374217,0.0,0.0,15054830.30374217,0.0,0.0,0.0,831471826778.9458,-537.4046646371693,47.03241652679039,26.433560210759246,218.06891114546747,-515.7441771026396,-287.747242228171,-115.31412540400243,139.91481228863734,1053.1443601402277,1068.9325894419107,0.00011795902176403326
1293,1.8833537879678133e-07,1.5e-10,0.00020823109733487792,15066830.30374217,0.0,0.0,15066830.30374217,0.0,0.0,0.0,831560993925.0212,-553.4605919994272,48.48404673809008,24.210982661139756,227.7621113194476,-520.552577174995,-287.5683668424967,-114.09774377614353,133.87306403649515,1073.443475616102,1090.4376539498944,0.00011812258741212574
1294,1.8848537879678135e-07,1.5e-10,0.00020846664227372857,15078830.30374217,0.0,0.0,15078830.30374217,0.0,0.0,0.0,831685084701.7589,-549.9442447788268,44.65823892923647,29.10888688677441,223.9037407705897,-526.1535204873749,-287.716126080306,-109.73139822443758,138.42440993895735,1076.038735170047,1091.663052553159,0.00011828633687000872
1295,1.8863537879678136e-07,1.5e-10,0.00020870064347905962,15090830.30374217,0.0,0.0,15090830.30374217,0.0,0.0,0.0,831808700108.7528,-550.8707534225227,39.06296281482424,33.220451846110464,221.91466121163674,-514.8587120736779,-283.35845239606067,-96.54869949814007,137.22006635183698,1065.6714708852496,1080.4109933315772,0.00011844839851900846
1296,1.8878537879678137e-07,1.5e-10,0.00020893615294074628,15102830.30374217,0.0,0.0,15102830.30374217,0.0,0.0,0.0,831929169808.2089,-557.5768222905263,54.491743152455385,32.10756130811176,231.37292492974535,-517.5581600010254,-283.8187511260872,-100.83382407591786,139.48547467311403,1075.1004042939921,1091.85964977924,0.00011861217746647535
1297,1.8893537879678138e-07,1.5e-10,0.00020917316327664402,15114830.30374217,0.0,0.0,15114830.30374217,0.0,0.0,0.0,832055851416.1025,-550.5281263856051,51.83006965633278,23.611399849839756,233.4182428864325,-534.9757394488889,-277.95886303548093,-105.45962975983123,136.10007796727686,1085.470435564307,1102.0045825522254,0.00011877747815385819
1298,1.890853787967814e-07,1.5e-10,0.00020940706033296133,15126830.30374217,0.0,0.0,15126830.30374217,0.0,0.0,0.0,832194346689.9313,-533.30490432438,63.006252754983116,27.84029653476143,229.98165008539763,-531.0692815607161,-283.47019866010595,-108.09493988650985,134.44900232442595,1064.346762077128,1082.1360822348042,0.0001189397985661934
1299,1.892353787967814e-07,1.5e-10,0.00020964263274099055,15138830.30374217,0.0,0.0,15138830.30374217,0.0,0.0,0.0,832338875957.9071,-552.0258350883637,63.15638691854448,21.54635781867522,240.6684086088581,-523.2336883912783,-280.09506982907004,-96.93292815228172,144.66801518674572,1075.2350015007814,1093.2529100415406,0.00011910378650269964
1300,1.8938537879678141e-07,1.5e-10,0.00020987947772513205,15150830.30374217,0.0,0.0,15150830.30374217,0.0,0.0,0.0,832482135287.2186,-554.894005690745,63.14300963987477,23.41417467890907,231.7429166205023,-529.2940453891297,-279.22897354066447,-113.62194572925232,139.9411609747766,1084.179975320513,1101.7422221248034,0.00011926904783601836
1301,1.8953537879678142e-07,1.5e-10,0.00021011761554941456,15162830.30374217,0.0,0.0,15162830.30374217,0.0,0.0,0.0,832635907751.6553,-554.1330035238263,63.84908666057161,21.263306035156152,237.41304544857474,-538.2754813484274,-284.41452322260244,-104.90365793540263,134.17775263067844,1092.3690236188136,1110.626489014363,0.00011943564180937051
1302,1.8968537879678144e-07,1.5e-10,0.00021035532625493183,15174830.30374217,0.0,0.0,15174830.30374217,0.0,0.0,0.0,832777643983.5253,-566.9927287784512,65.07888909633536,31.29549706642235,253.385771626817,-521.7633486644992,-287.3845308131673,-95.74305110513986,145.3450798525362,1088.6971054183962,1108.1075009022552,0.00011960185793450585
1303,1.8983537879678145e-07,1.5e-10,0.0002105932009839598,15186830.30374217,0.0,0.0,15186830.30374217,0.0,0.0,0.0,832932565725.2141,-546.4180441399216,56.18864031674262,30.948874358038765,234.09203945173573,-544.6648977401916,-287.7549341902474,-101.75856072067792,154.21918617369946,1091.0218171678866,1107.2836058548355,0.00011976795047538407
1304,1.8998537879678146e-07,1.5e-10,0.00021083408712538378,15198830.30374217,0.0,0.0,15198830.30374217,0.0,0.0,0.0,833094879874.4114,-564.1399289346083,74.71487417205164,30.932198523883304,245.22221478975897,-545.9154029263262,-304.2512937230837,-115.89214301106,144.88621751787286,1109.990282947191,1130.145564398675,0.00011993747231004387
1305,1.9013537879678147e-07,1.5e-10,0.00021107356276434705,15210830.30374217,0.0,0.0,15210830.30374217,0.0,0.0,0.0,833209280183.45,-565.92871630823,55.51399497955226,23.29924888555469,254.53427812605574,-534.7040342776235,-298.4189862115435,-89.47332043910794,144.96151856119127,1100.6227300074172,1119.3995941020432,0.00012010538224915918
1306,1.9028537879678148e-07,1.5e-10,0.0002113172903008339,15222830.30374217,0.0,0.0,15222830.30374217,0.0,0.0,0.0,833021769923.8531,-590.9440118794952,53.864493660903975,38.95281820913588,260.5567102889679,-537.682124567736,-288.10297663989184,-85.63841811301708,151.63744072897,1128.83803487894,1146.712327150048,0.00012027738909823169
1307,1.904353787967815e-07,1.5e-10,0.00021156319245581185,15234830.30374217,0.0,0.0,15234830.30374217,0.0,0.0,0.0,833047116568.1615,-596.8749552946505,68.40018228866323,35.048768183812065,269.44963541568353,-545.9523981047123,-286.5904378726444,-92.30939269224669,154.8481339046846,1142.8146520918017,1162.6801563165325,0.00012045179112167917
1308,1.905853787967815e-07,1.5e-10,0.0002118061767201485,15246830.30374217,0.0,0.0,15246830.30374217,0.0,0.0,0.0,833194299423.9397,-580.6278326820603,64.70475212859287,31.845298898157917,250.0442485556037,-543.3005818973588,-293.6914785442166,-102.76838350436303,139.2479982400459,1123.9157477402487,1142.9394015370221,0.00012062323203190972
1309,1.9073537879678151e-07,1.5e-10,0.00021204746755420717,15258830.30374217,0.0,0.0,15258830.30374217,0.0,0.0,0.0,833359491898.4589,-577.4496730156612,56.308030153632956,37.91360123613335,258.7876417681645,-534.8288145961025,-299.6814156862822,-88.75154767648058,146.0729950025398,1112.265998140346,1131.1817712731065,0.00012079290929760068
1310,1.9088537879678153e-07,1.5e-10,0.00021228927360097513,15270830.30374217,0.0,0.0,15270830.30374217,0.0,0.0,0.0,833542890351.328,-581.1253433098468,58.92734468410566,45.35706808468178,254.03542218082129,-534.574231415869,-293.9346507702403,-94.3193874733129,138.77761368871893,1115.6961694522504,1134.4492261948292,0.0001209630766815299
1311,1.9103537879678154e-07,1.5e-10,0.00021253034041251323,15282830.30374217,0.0,0.0,15282830.30374217,0.0,0.0,0.0,833738371760.0862,-566.8731842018174,57.71641231637894,35.154075943631746,258.04485669349435,-543.8943243750988,-301.9486986585233,-90.93641100797691,140.58200484273405,1110.7549027311377,1130.0061138148205,0.00012113257759860212
1312,1.9118537879678155e-07,1.5e-10,0.0002127740690567815,15294830.303742168,0.0,0.0,15294830.30374217,0.0,0.0,0.0,833932364195.6506,-582.8992664516247,67.96419354551993,49.339829764517525,261.8790609696703,-544.981036447151,-301.873105213917,-91.08939539784723,143.12352333443033,1127.8679703053983,1147.964156705542,0.00012130477222210794
1313,1.9133537879678156e-07,1.5e-10,0.00021301834981937083,15306830.303742168,0.0,0.0,15306830.30374217,0.0,0.0,0.0,834119182141.1656,-579.6686350976669,72.29320779124461,52.51595888393004,256.9077301458165,-551.6632769801239,-306.70332298879333,-88.7618915607823,135.06729443679606,1131.3165588740362,1151.7517758622328,0.00012147753498848728
1314,1.9148537879678157e-07,1.5e-10,0.0002132614090653861,15318830.30374217,0.0,0.0,15318830.30374217,0.0,0.0,0.0,834322305119.6053,-581.9399260920455,63.60524469103698,43.615245973569856,254.19489330808636,-541.9699322475121,-298.89974136616,-91.15574906119893,144.17889070967013,1123.8722502068497,1142.8246013605567,0.00012164895867869136
1315,1.9163537879678158e-07,1.5e-10,0.00021350321136102626,15330830.30374217,0.0,0.0,15330830.30374217,0.0,0.0,0.0,834547372784.0405,-574.7188454742313,63.339672021032236,37.184757757981714,248.09917780622348,-540.8657469149146,-302.5592254889641,-86.97168590018555,138.21010052321236,1115.5729183251394,1134.4843788452429,0.00012181913133551815
1316,1.917853787967816e-07,1.5e-10,0.0002137444962635707,15342830.30374217,0.0,0.0,15342830.30374217,0.0,0.0,0.0,834769390826.4565,-570.3159949213183,76.77568511030613,41.02017737733069,253.3156368736266,-541.200286671184,-298.59596674087305,-88.48890270884894,133.40750782361985,1111.5033768449935,1132.2097081785003,0.00012198896279174493
1317,1.919353787967816e-07,1.5e-10,0.00021398880693749924,15354830.30374217,0.0,0.0,15354830.30374217,0.0,0.0,0.0,834973688587.7744,-587.2189961300224,60.821400326515295,45.447660721527086,252.99220488131508,-544.757113230985,-300.6130739360572,-78.24475857346488,137.37875146292765,1131.9635956428028,1150.6601235608032,0.00012216156181027904
1318,1.9208537879678162e-07,1.5e-10,0.00021422948977604828,15366830.30374217,0.0,0.0,15366830.30374217,0.0,0.0,0.0,835219920415.5402,-577.1071523467305,72.78205509990285,44.68808526894107,251.59572258517323,-530.5052404262796,-293.8772899852346,-82.99821182829957,139.77572917924067,1107.6015446050171,1127.3826936075698,0.00012233066921432017
1319,1.9223537879678163e-07,1.5e-10,0.00021447110631056816,15378830.30374217,0.0,0.0,15378830.30374217,0.0,0.0,0.0,835455495610.0457,-579.0491141437299,62.17726799412483,39.66176666197144,241.55536638378166,-535.4702966755814,-291.4301631802955,-76.3208141963451,141.09207761032312,1114.5085511079224,1132.0350687052385,0.00012250047447462595
1320,1.9238537879678164e-07,1.5e-10,0.00021471353663581174,15390830.30374217,0.0,0.0,15390830.30374217,0.0,0.0,0.0,835675373795.7303,-585.1741862347932,68.12755369360936,52.77905427201988,253.5005592423167,-533.9054699880738,-291.72132318643617,-75.42611897982233,136.4424712573177,1119.0680382625478,1138.3706720844607,0.00012267123007543863
1321,1.9253537879678165e-07,1.5e-10,0.00021495479589348155,15402830.30374217,0.0,0.0,15402830.30374217,0.0,0.0,0.0,835892384165.9125,-572.243633485439,69.54815989144033,31.0679510418339,244.11989212286568,-539.8043236896083,-287.8080224205418,-78.90480681319983,139.5231459320481,1112.0375670397543,1130.4309628208712,0.00012284079471986176
1322,1.9268537879678166e-07,1.5e-10,0.00021519582893950008,15414830.30374217,0.0,0.0,15414830.30374217,0.0,0.0,0.0,836105844186.0294,-580.9367289984621,69.437864859496,42.1344941876633,252.63242818859072,-528.9015626498586,-288.5688072483506,-72.40654503078552,134.43816249929355,1109.8257654896192,1129.3474632152436,0.00012301019683934404
1323,1.9283537879678167e-07,1.5e-10,0.00021543677959321271,15426830.30374217,0.0,0.0,15426830.30374217,0.0,0.0,0.0,836329272329.4642,-571.005969958406,71.04367594204317,28.430611767514026,244.2739821679975,-538.9590271210359,-289.3709347058674,-71.74169060494461,148.4788638618221,1109.9537062825168,1128.1541579293976,0.00012317941996303343
1324,1.9298537879678168e-07,1.5e-10,0.00021567906309746525,15438830.30374217,0.0,0.0,15438830.30374217,0.0,0.0,0.0,836561345134.3534,-558.212515021091,68.48740265602895,32.38889909437882,243.43391065211418,-560.331954663717,-311.79740023048026,-81.49134616486296,126.37662206680497,1118.4355150463361,1138.2777994701473,0.00012335016163295395
1325,1.931353787967817e-07,1.5e-10,0.00021592210966457352,15450830.30374217,0.0,0.0,15450830.30374217,0.0,0.0,0.0,836792543153.7992,-583.6761018081191,63.429332739372114,37.15822763533516,257.774744242015,-537.598084546316,-295.1094590735374,-59.082029556159135,148.0058778337209,1124.2938093468877,1142.036820758531,0.00012352146715606773
1326,1.932853787967817e-07,1.5e-10,0.00021616710746737332,15462830.30374217,0.0,0.0,15462830.30374217,0.0,0.0,0.0,836823199352.6951,-586.9411444482447,51.786739477614404,40.79915844160331,260.1940496196932,-552.9452489690627,-301.8017038627592,-61.25236112410349,129.62148165713484,1134.398178249149,1154.933120664259,0.00012369470712416737
1327,1.9343537879678172e-07,1.5e-10,0.00021641061969613482,15474830.30374217,0.0,0.0,15474830.30374217,0.0,0.0,0.0,836825960900.4127,-583.1809186926744,50.003602535816896,56.45589746014349,264.73554018472123,-543.4765507212045,-313.5104018156526,-76.30077687117446,154.9251699773678,1126.25782063289,1144.9091187007075,0.00012386644349197246
1328,1.9358537879678173e-07,1.5e-10,0.00021665487839597842,15486830.30374217,0.0,0.0,15486830.30374217,0.0,0.0,0.0,837023634452.3383,-592.4965351618569,42.259718323270604,59.81466926580968,271.6404478319622,-538.8606150385989,-311.7738907727565,-75.99013423225692,148.13415892143493,1131.1299753008384,1149.9751848199235,0.00012403893976969545
1329,1.9373537879678174e-07,1.5e-10,0.00021689974273791926,15498830.30374217,0.0,0.0,15498830.30374217,0.0,0.0,0.0,837243705027.8649,-575.6992586401656,56.53839788787084,64.26533471673677,245.70587187992345,-560.1949930149765,-310.01352444319707,-88.78931804380987,139.7579956583634,1135.7108001292645,1153.4172627029905,0.0001242119523591009
1330,1.9388537879678175e-07,1.5e-10,0.00021714365552687737,15510830.30374217,0.0,0.0,15510830.30374217,0.0,0.0,0.0,837353735919.5103,-582.2075973301303,57.75424281392897,66.77837145507429,254.96254638815785,-546.5577780954221,-317.70044091771496,-86.92038107815247,134.10008907550818,1128.7016050206846,1148.2194024837902,0.00012438418526947346
1331,1.9403537879678176e-07,1.5e-10,0.00021739078043944091,15522830.30374217,0.0,0.0,15522830.30374217,0.0,0.0,0.0,837580976628.4678,-598.0141268989651,59.24597671239239,64.58515604633764,247.2926660871275,-552.784920112663,-303.43040035879903,-96.0127549874086,136.9446362941342,1150.7508038002613,1168.6901636424789,0.00012455948879401982
1332,1.9418537879678177e-07,1.5e-10,0.0002176364565820083,15534830.30374217,0.0,0.0,15534830.30374217,0.0,0.0,0.0,837828873626.1283,-606.959933111823,62.91370481116103,59.96905649845327,256.6511761062541,-533.406980818271,-322.04127074492646,-85.3208355465283,147.71766838745702,1140.334108515638,1160.4199868181927,0.00012473355179204256
1333,1.9433537879678179e-07,1.5e-10,0.0002178773757224461,15546830.30374217,0.0,0.0,15546830.30374217,0.0,0.0,0.0,838000952540.882,-562.8345088246099,50.29417835784764,59.417952661534,249.9288790618219,-546.3295039336084,-328.5822611467783,-79.03283352392192,145.032322527301,1109.1417773555854,1127.6993385739322,0.00012490270669282864
1334,1.944853787967818e-07,1.5e-10,0.00021811943123051933,15558830.30374217,0.0,0.0,15558830.30374217,0.0,0.0,0.0,838148941192.0504,-587.3678776650684,61.70373510465257,52.5769853731702,238.062916197068,-529.9152898959578,-316.73729993208144,-104.16508058156688,146.91610703982994,1117.2652907102397,1135.7151271868995,0.00012507306396190667
1335,1.946353787967818e-07,1.5e-10,0.00021835957632652307,15570830.30374217,0.0,0.0,15570830.30374217,0.0,0.0,0.0,838143000973.3141,-571.9846024442237,66.43163661657901,54.47940376976786,245.6698397162813,-532.0468641805809,-314.2686703561399,-89.93666171249897,149.3917033113437,1104.019664281468,1123.0981410674556,0.00012524152868306678
1336,1.9478537879678182e-07,1.5e-10,0.00021860055721534938,15582830.30374217,0.0,0.0,15582830.30374217,0.0,0.0,0.0,838284505947.1615,-571.3773698771511,55.381332426724214,61.050969020331465,231.96383314481633,-539.1861799465295,-302.12560195627304,-90.5675947834247,152.07938919203912,1110.553091484912,1126.498461347992,0.00012541050345226898
1337,1.9493537879678183e-07,1.5e-10,0.0002188425392273624,15594830.30374217,0.0,0.0,15594830.30374217,0.0,0.0,0.0,838437958100.7557,-582.0136949992993,64.01981750944226,53.40091968140062,238.91755891960256,-534.6098116819738,-306.33769966132434,-85.01139884252329,149.99469663185025,1116.6135877067206,1134.30748379148,0.00012558064957483769
1338,1.9508537879678184e-07,1.5e-10,0.00021908502105287358,15606830.30374217,0.0,0.0,15606830.30374217,0.0,0.0,0.0,838603325019.6293,-581.7639262078906,66.99271586122936,57.91545084541255,238.1782624550125,-538.108888346007,-303.96752313849436,-83.61947345105334,151.41948873248285,1119.8644960862011,1137.434948745368,0.0001257512648171495
1339,1.9523537879678185e-07,1.5e-10,0.0002193225813377159,15618830.30374217,0.0,0.0,15618830.30374217,0.0,0.0,0.0,838754623643.5295,-559.4377251652179,67.26510371685231,62.69717768710672,236.43092311533573,-527.9563302237799,-292.0702676269406,-85.04146561901324,162.33479906563812,1087.3869481275617,1104.20401127672,0.00012591689541884102
1340,1.9538537879678186e-07,1.5e-10,0.0002195634948489425,15630830.30374217,0.0,0.0,15630830.30374217,0.0,0.0,0.0,838897666107.0479,-580.6689581965469,68.53009371087866,57.36726015709423,231.35856079230723,-528.8364001630723,-304.1884563705852,-86.86338454093125,147.99669910913045,1109.4993873390163,1127.0707796174004,0.00012608595603578364
1341,1.9553537879678188e-07,1.5e-10,0.00021980597520826782,15642830.30374217,0.0,0.0,15642830.30374217,0.0,0.0,0.0,839056382458.0685,-580.121089472825,65.09876050013678,59.541558142667036,238.9285790219918,-539.6542000711788,-305.0749884712519,-75.2753000450125,154.7232878982537,1119.7699408914057,1137.0414118719734,0.00012625651224756445
1342,1.956853787967819e-07,1.5e-10,0.00022004413977832183,15654830.30374217,0.0,0.0,15654830.30374217,0.0,0.0,0.0,838982084194.0825,-599.6258865083289,87.25641420062556,67.70472112441972,229.1424220883703,-490.6267626486662,-295.2329833347362,-83.22894634209842,144.2130221757406,1090.247735095734,1110.700702199724,0.0001264231173528944
1343,1.958353787967819e-07,1.5e-10,0.00022028590973348721,15666830.30374217,0.0,0.0,15666830.30374217,0.0,0.0,0.0,839138854017.0413,-601.9244919518603,73.95280669895575,62.89302734528537,229.76301226185066,-512.8961638150073,-297.0997056126041,-79.04084394429658,146.03453699205946,1114.815598970093,1133.0936285214486,0.00012659308139717262
1344,1.959853787967819e-07,1.5e-10,0.0002205263445699129,15678830.30374217,0.0,0.0,15678830.30374217,0.0,0.0,0.0,839351524038.7153,-588.5978881853672,77.85901821744696,62.89930420522418,224.65872824154712,-517.7358605900209,-296.5700802887023,-93.97708648941322,152.7328179962056,1106.328495290477,1123.9948462390505,0.00012676168062410848
1345,1.9613537879678192e-07,1.5e-10,0.00022076753506118738,15690830.30374217,0.0,0.0,15690830.30374217,0.0,0.0,0.0,839567634037.2599,-583.4943196172314,77.46768298242604,64.00708639015365,230.91016305479812,-527.6147178245924,-299.8916292489193,-85.57356509095567,155.85800713322803,1111.1035302244516,1128.8778537358464,0.00012693101230216885
1346,1.9628537879678193e-07,1.5e-10,0.00022100642847879156,15702830.30374217,0.0,0.0,15702830.30374217,0.0,0.0,0.0,839802154403.0967,-593.4212369657353,87.92008625132593,78.1958747054002,241.8053812738575,-501.1763472809621,-297.31315939153205,-75.96315650181567,153.93655166729022,1094.591731528377,1115.3767419098106,0.0001270983188134553
1347,1.9643537879678194e-07,1.5e-10,0.00022124935961223967,15714830.30374217,0.0,0.0,15714830.30374217,0.0,0.0,0.0,840034121956.7147,-618.7433849759475,84.66092285617918,76.4934303338356,236.68823823367399,-502.38744357256735,-311.73537343254515,-70.90730286904824,134.15185644029248,1121.1233266935471,1142.9698830670768,0.00012726976429591538
1348,1.9658537879678195e-07,1.5e-10,0.00022148697239870218,15726830.30374217,0.0,0.0,15726830.30374217,0.0,0.0,0.0,840268520620.1184,-574.1692140445942,76.48897603752496,61.77540636803822,244.76034109852017,-512.9388557908283,-292.44650564874456,-89.00724843417645,164.68616609986452,1087.0771609782983,1105.937313090694,0.00012743565489287898
1349,1.9673537879678197e-07,1.5e-10,0.00022172928859416326,15738830.30374217,0.0,0.0,15738830.30374217,0.0,0.0,0.0,840472232153.1578,-586.2995386295298,78.53140938061495,57.31773675401953,237.4145187227446,-532.3804475778591,-300.4798830695203,-80.64161001401088,159.79648862522717,1118.3156537748357,1136.6280002559895,0.00012760614909291737
1350,1.9688537879678198e-07,1.5e-10,0.00022197528631265684,15750830.30374217,0.0,0.0,15750830.30374217,0.0,0.0,0.0,840612419838.6818,-603.2591712445794,92.26346933805799,60.80442200439293,244.8903136024635,-539.3123962537215,-287.7049628178881,-85.07982094425161,162.028023445498,1142.5654573553172,1161.9706374668267,0.0001277804446885374
1351,1.97035378796782e-07,1.5e-10,0.00022221632755551016,15762830.30374217,0.0,0.0,15762830.30374217,0.0,0.0,0.0,840763195320.1564,-574.5053556057326,82.01049119052863,61.76908237451035,244.76506952247777,-534.8702822372002,-297.83201093785283,-69.16519974313344,156.2577055557773,1109.369403976424,1128.5043859631505,0.00012794972034643187
1352,1.97185378796782e-07,1.5e-10,0.00022245756260352262,15774830.30374217,0.0,0.0,15774830.30374217,0.0,0.0,0.0,840951093349.8987,-601.2082387242588,79.65020869009489,47.29446224590935,231.66252061228894,-510.45603657050805,-271.53190957464835,-71.8769026092488,159.0726498640753,1111.6580257248338,1129.2722660152763,0.00012811911118633417
1353,1.97335378796782e-07,1.5e-10,0.00022269824032120617,15786830.30374217,0.0,0.0,15786830.30374217,0.0,0.0,0.0,841073586843.7482,-567.7798635389919,90.36787377731996,48.84866032007945,245.8404177045673,-539.3538280946826,-277.14607469644625,-54.76227962566901,165.06654369287904,1107.127439526991,1126.0029888612066,0.00012828801163466334
1354,1.9748537879678202e-07,1.5e-10,0.00022294007087146598,15798830.30374217,0.0,0.0,15798830.30374217,0.0,0.0,0.0,841234883327.922,-562.911654601449,82.01580129533939,55.4352118098576,215.94947785408053,-553.0207040652746,-270.6119121979384,-49.71328533931032,156.61563531243516,1115.9268557992682,1131.0466471628465,0.00012845766863173777
1355,1.9763537879678203e-07,1.5e-10,0.00022318287841279952,15810830.30374217,0.0,0.0,15810830.30374217,0.0,0.0,0.0,841360370696.7897,-596.1892994527176,100.16433232937214,48.79745790042401,225.39409588890788,-525.0564416691374,-283.48596679586586,-58.20731533134402,152.0162515687893,1121.240578513935,1140.1716079718876,0.00012862869437293354
1356,1.9778537879678204e-07,1.5e-10,0.00022343115405910232,15822830.30374217,0.0,0.0,15822830.30374217,0.0,0.0,0.0,841512909021.9368,-635.3144317380717,113.58304055576849,56.14437538369727,239.62233566839427,-521.1747089752891,-276.9835221658845,-54.20683811113269,142.00762886593787,1156.4841509319633,1178.7539289761871,0.00012880550746227997
1357,1.9793537879678206e-07,1.5e-10,0.00022367172149876226,15834830.30374217,0.0,0.0,15834830.30374217,0.0,0.0,0.0,841644970743.4608,-583.2470406197466,106.98676913820775,59.314700763289466,236.81639963214735,-522.5832091078036,-269.4522706531839,-53.657629020689924,158.04590450975547,1105.8254194283402,1125.8899232619585,0.00012897439095076928
1358,1.9808537879678207e-07,1.5e-10,0.00022391306429947791,15846830.30374217,0.0,0.0,15846830.30374217,0.0,0.0,0.0,841787323231.3523,-579.327251847054,97.71779786600553,49.73562543232229,225.73389455397268,-532.1451401098378,-282.94306108860576,-58.7744548994714,144.16212363282222,1111.46801351972,1130.2333337669545,0.0001291439259508343
1359,1.9823537879678208e-07,1.5e-10,0.00022415684667750538,15858830.30374217,0.0,0.0,15858830.30374217,0.0,0.0,0.0,841889618231.0066,-621.298750330911,87.72842647040918,39.89390445632652,229.6291280869278,-506.9037296796993,-274.66457558519465,-68.07427669066126,151.32203428036084,1128.198148735958,1147.2158349069546,0.00012931600832607036
1360,1.983853787967821e-07,1.5e-10,0.00022440054904670822,15870830.30374217,0.0,0.0,15870830.30374217,0.0,0.0,0.0,841938919609.6273,-596.8242136292016,87.24163024038795,55.20232417220962,233.25310217507598,-530.9617820448522,-265.70293694153327,-57.30549623798848,166.33633768851234,1127.782016204581,1144.9335762345295,0.00012948774836250555
1361,1.985353787967821e-07,1.5e-10,0.00022464875988850014,15882830.30374217,0.0,0.0,15882830.30374217,0.0,0.0,0.0,842006833655.557,-609.9634467764644,97.33531217699442,49.71314164757395,237.77090943320184,-547.0626862818623,-277.7635487940329,-53.6939951992795,151.27584921833903,1157.0220981205428,1175.9219665763035,0.000129664136657492
1362,1.986853787967821e-07,1.5e-10,0.0002248935474018569,15894830.30374217,0.0,0.0,15894830.30374217,0.0,0.0,0.0,842161592150.5734,-603.5988569822138,97.29530472099688,49.186695506698435,229.39324175663748,-531.2200144473709,-267.4831242360838,-56.66338593357529,165.0583307181774,1134.8144337363624,1152.6682540174277,0.00012983703689559462
1363,1.9883537879678212e-07,1.5e-10,0.00022513847445481633,15906830.30374217,0.0,0.0,15906830.30374217,0.0,0.0,0.0,842077651028.3094,-605.6227345715096,107.92551046652902,49.489696215039096,246.08658037272647,-529.3119051193011,-270.1052962200937,-47.32325810727804,181.561988516079,1134.9288406919302,1155.1617631575928,0.00013001031116006826
1364,1.9898537879678213e-07,1.5e-10,0.00022538518512375932,15918830.30374217,0.0,0.0,15918830.30374217,0.0,0.0,0.0,841994606301.2299,-584.0834997315044,103.27268841354453,44.918965255618374,256.20321353621983,-562.7708142697545,-272.01954881286173,-68.49878534260911,158.98507560051078,1146.85401098221,1167.4520714286562,0.00013018542897078256
1365,1.9913537879678215e-07,1.5e-10,0.00022563109199660332,15930830.30374217,0.0,0.0,15930830.30374217,0.0,0.0,0.0,842055906994.9539,-597.8023870373049,95.46149713612404,54.5510052208649,250.11606474254722,-543.4920958611182,-278.53436856588183,-63.28447370074387,148.2768276878427,1141.2922061307738,1161.4740140116508,0.0001303596500728843
1366,1.9928537879678216e-07,1.5e-10,0.00022587840838124594,15942830.30374217,0.0,0.0,15942830.30374217,0.0,0.0,0.0,842173331410.182,-602.236244266723,106.83547377725158,56.90088716332446,251.14076794068345,-548.1262330885623,-279.63557399470926,-62.58164338637627,155.75559708226038,1150.360754186772,1171.387633175372,0.0001305353582178606
1367,1.9943537879678217e-07,1.5e-10,0.00022612467189744723,15954830.30374217,0.0,0.0,15954830.30374217,0.0,0.0,0.0,842311339644.9474,-611.3833886156228,106.88555592504007,61.077369770537615,234.21037199627898,-531.9831867891013,-284.24765942201407,-51.828310962693784,149.22038056924873,1143.3648831974012,1163.7328406509448,0.00013070991814395825
1368,1.9958537879678218e-07,1.5e-10,0.0002263684019032188,15966830.30374217,0.0,0.0,15966830.30374217,0.0,0.0,0.0,842472404816.9867,-596.0399414713136,91.45541649534361,51.37489076750394,239.09154147853818,-532.038389767268,-250.03498815023357,-55.980812869937786,178.73097371300028,1128.0771589118572,1145.446032682889,0.00013088173504886068
1369,1.997353787967822e-07,1.5e-10,0.00022661493544474704,15978830.30374217,0.0,0.0,15978830.30374217,0.0,0.0,0.0,842318556511.56,-577.9645218577648,127.81253110985563,66.80231394573676,232.90602468868727,-566.887222240015,-267.30639258129736,-54.91948806924884,137.38359757599173,1144.8509974695512,1166.092455747655,0.00013105664891722283
1370,1.998853787967822e-07,1.5e-10,0.00022685991296381142,15990830.30374217,0.0,0.0,15990830.30374217,0.0,0.0,0.0,842413797686.6554,-566.8898798343472,94.16629098030535,58.61797467105451,260.66424296619067,-568.6264834771805,-270.16621000580517,-79.17388684096197,162.93501868242382,1135.515403804192,1155.5686440640625,0.00013122998421383244
1371,2.0003537879678221e-07,1.5e-10,0.00022710558741026349,16002830.30374217,0.0,0.0,16002830.30374217,0.0,0.0,0.0,842529390009.4222,-594.6322474583759,112.40639232522274,64.47207785278984,245.99969216046682,-544.4870474472647,-271.77834989974883,-58.87640475326578,143.76194144148374,1139.1174484948633,1160.4824953196157,0.00013140405658813037
1372,2.0018537879678222e-07,1.5e-10,0.0002273557949270266,16014830.30374217,0.0,0.0,16014830.30374217,0.0,0.0,0.0,842526217233.0098,-594.2416674945288,113.9589618486732,76.83335791432422,252.31048297230623,-575.2161388367739,-261.2767197631692,-58.967792453217385,154.7428491025681,1169.4574060425293,1190.1087808630514,0.00013158257290525984
1373,2.0033537879678224e-07,1.5e-10,0.00022760361794805793,16026830.30374217,0.0,0.0,16026830.30374217,0.0,0.0,0.0,842645235448.9746,-608.5735913270038,110.09837569135117,53.59046761961701,259.58053687529826,-544.7022563186761,-281.76759134888573,-74.08872631341133,146.88586515199725,1153.2755822556578,1176.0795923350101,0.0001317589848441101
1374,2.0048537879678225e-07,1.5e-10,0.00022784983699479925,16038830.30374217,0.0,0.0,16038830.30374217,0.0,0.0,0.0,842774540045.969,-587.5004207546248,84.34593462373073,69.48021549234048,237.62895713858447,-556.8767312663045,-270.5419101796157,-67.87562774034838,161.63466708582905,1144.377183605907,1161.2157919420035,0.0001319331672129014
1375,2.0063537879678226e-07,1.5e-10,0.00022810024880924368,16050830.30374217,0.0,0.0,16050830.30374217,0.0,0.0,0.0,842916552468.6589,-604.259373020125,100.16830539991876,77.23743140397656,261.3021172012135,-566.4363603916582,-288.4861655026312,-76.3803849524658,157.03140447088447,1170.6962988631772,1191.7718858907388,0.000132111932995785
1376,2.0078537879678227e-07,1.5e-10,0.00022835189712839299,16062830.30374217,0.0,0.0,16062830.30374217,0.0,0.0,0.0,843092712592.3872,-618.2221255320948,92.24463437696605,74.81781579801813,256.64998858312833,-560.8370234674717,-293.3774137902173,-72.8504255191468,149.5976920380271,1179.0604688145788,1199.478309094301,0.00013229185474214917
1377,2.0093537879678228e-07,1.5e-10,0.00022860456924877646,16074830.30374217,0.0,0.0,16074830.30374217,0.0,0.0,0.0,843289202288.8021,-590.2787037708489,100.52148083029957,72.36330106825011,261.6180992167681,-596.0290989690894,-285.18757103979385,-82.60860225992188,166.62872875612481,1186.3138888359697,1206.5580240631691,0.00013247283844575864
1378,2.010853787967823e-07,1.5e-10,0.0002288542710022448,16086830.30374217,0.0,0.0,16086830.30374217,0.0,0.0,0.0,843429146595.4255,-607.129472489355,104.86851817575409,87.33510982162557,275.20305609859764,-559.8103708164106,-294.7694397256344,-76.05157740639125,163.61284765323077,1164.2210171043523,1188.3591797000042,0.00013265109232271364
1379,2.012353787967823e-07,1.5e-10,0.00022910911529879207,16098830.30374217,0.0,0.0,16098830.30374217,0.0,0.0,0.0,843517837340.1102,-634.8828957516661,106.14433389135057,95.65606407013699,271.16965305921605,-564.6210926594339,-289.5520377041514,-67.01874013285848,174.76665405750504,1199.5041786239829,1221.7103739744578,0.00013283434887880982
1380,2.0138537879678232e-07,1.5e-10,0.00022936654799948593,16110830.30374217,0.0,0.0,16110830.30374217,0.0,0.0,0.0,843704543204.8417,-633.1107981944358,110.3088966202274,87.97636235722646,273.59162410574675,-583.281055583968,-305.82052595617256,-77.09697128865271,160.0400952393718,1216.3924024422001,1239.6320695498018,0.00013302029368924227
1381,2.0153537879678233e-07,1.5e-10,0.0002296225054778631,16122830.30374217,0.0,0.0,16122830.30374217,0.0,0.0,0.0,843892576848.7998,-640.1042518929495,101.7042072850278,92.54729421769267,275.3848402689658,-566.8623749593083,-287.75229843155574,-58.402607036917544,180.66653197775494,1206.96776223703,1228.889002291047,0.00013320462703958594
1382,2.0168537879678234e-07,1.5e-10,0.00022987887329687333,16134830.30374217,0.0,0.0,16134830.30374217,0.0,0.0,0.0,844084275039.1664,-606.8034034632879,116.83284717808165,97.29783056604401,272.5868109507493,-602.5654219599974,-296.99210688738486,-63.73144362178547,176.22367809859173,1209.369935517586,1232.220432677303,0.00013338946010448753
1383,2.0183537879678235e-07,1.5e-10,0.00023013576543870872,16146830.30374217,0.0,0.0,16146830.30374217,0.0,0.0,0.0,844231929610.0521,-618.7417831418977,116.84137117069082,97.294518536369,263.02051670226786,-594.4938934550249,-311.7404262276858,-79.48413798588119,186.58248067227473,1213.238616571308,1235.1385109170274,0.0001335747308811251
1384,2.0198537879678236e-07,1.5e-10,0.00023038755787994228,16158830.30374217,0.0,0.0,16158830.30374217,0.0,0.0,0.0,844443953613.9747,-613.7344780345696,87.93189435398726,86.69284521156652,246.13119696451903,-590.1369956591678,-302.7329833499759,-81.3045923611503,171.09894766677192,1169.1731503440799,1198.992601995427,0.0001337545797714244
1385,2.0213537879678237e-07,1.5e-10,0.00023064448126022583,16170830.30374217,0.0,0.0,16170830.30374217,0.0,0.0,0.0,843779239025.822,-632.7890858197122,113.31357909242709,94.3687141399014,289.40010006459204,-579.6080411582594,-312.8860305127513,-78.24678038088662,177.7905977163593,1212.3988850523149,1237.369000481623,0.00013394018512149665
1386,2.0228537879678238e-07,1.5e-10,0.00023090323495564762,16182830.30374217,0.0,0.0,16182830.30374217,0.0,0.0,0.0,843992847201.8229,-633.2733537547948,105.60187733140741,82.45026308158707,285.2091660951349,-592.0779191725936,-313.2262862631297,-84.46225414356117,180.44572631971454,1225.353933709311,1248.537187869604,0.0001341274656996771
1387,2.024353787967824e-07,1.5e-10,0.00023116002941839104,16194830.30374217,0.0,0.0,16194830.30374217,0.0,0.0,0.0,844045993553.0272,-637.4250151653886,123.2415560860418,93.61088376927754,282.9425268517695,-573.7780735643705,-317.57540447097483,-76.20076675184757,174.75133276793144,1211.2039019992897,1237.0369135727396,0.000134313021236713
1388,2.025853787967824e-07,1.5e-10,0.0002314148428833149,16206830.30374217,0.0,0.0,16206830.30374217,0.0,0.0,0.0,844012861669.8348,-638.750217234991,83.91969773978923,82.75954665319622,256.35206511840255,-561.6990460784582,-314.33581299269554,-69.24457974411914,189.36099379576237,1200.4512744144527,1219.394395265596,0.00013449593039600283
1389,2.0273537879678242e-07,1.5e-10,0.00023167619228898063,16218830.30374217,0.0,0.0,16218830.30374217,0.0,0.0,0.0,844153513854.5809,-640.8390089479195,119.84227486753923,72.1050310803122,256.5632782639646,-602.1572973198059,-310.74885356668585,-80.05563707584146,163.40725552567574,1242.9987319808047,1264.921827189158,0.0001346856686700812
1390,2.0288537879678243e-07,1.5e-10,0.0002319350504110736,16230830.30374217,0.0,0.0,16230830.30374217,0.0,0.0,0.0,844337821045.1503,-649.1754254267946,108.51935335315704,78.07459005236194,257.9644586977924,-577.3062383726574,-320.1598709545158,-77.41666998299301,177.2853227690021,1226.4841909640306,1248.0215472134162,0.0001348728719021632
1391,2.0303537879678244e-07,1.5e-10,0.00023219459137046033,16242830.30374217,0.0,0.0,16242830.30374217,0.0,0.0,0.0,844292526739.0826,-657.837296402407,101.58718135480844,81.7764671760948,261.9235641665498,-573.0178667137862,-332.9366684496045,-78.51210361590418,178.80597274923514,1230.8568917748792,1252.746733358071,0.00013506078391216692
1392,2.0318537879678245e-07,1.5e-10,0.000232452965667447,16254830.30374217,0.0,0.0,16254830.30374217,0.0,0.0,0.0,844493376357.2393,-648.5360629567043,106.96497473054974,83.84692629040384,259.3127566267349,-574.5685354816299,-324.9422734225629,-73.13134744910819,183.03934001866187,1223.1068609387864,1244.701769236258,0.00013524748917755235
1393,2.0333537879678246e-07,1.5e-10,0.00023271318693228097,16266830.30374217,0.0,0.0,16266830.30374217,0.0,0.0,0.0,844681466748.296,-658.7624737630654,98.92416999523073,87.03143751751355,263.04905951946654,-576.5682349739529,-331.4004933920863,-66.40892973883268,184.58442974008096,1235.3310346039486,1256.7004742855795,0.0001354359942486952
1394,2.0348537879678247e-07,1.5e-10,0.00023296954023899096,16278830.30374217,0.0,0.0,16278830.30374217,0.0,0.0,0.0,844897539846.9963,-635.6176255022516,104.55902772929105,86.61242960279502,254.0445501742922,-574.4625709021834,-319.90308535609626,-73.12338147060122,191.40041380996882,1210.0824847014367,1230.4368708030756,0.00013562055977931565
1395,2.0363537879678248e-07,1.5e-10,0.00023323031770017922,16290830.30374217,0.0,0.0,16290830.30374217,0.0,0.0,0.0,845089785305.7249,-648.915763314925,102.54354662422331,93.7109465751884,256.85948830714784,-590.1105697692975,-333.7083253119965,-67.54076832554652,179.92630381235162,1239.0281248491078,1259.9642882614148,0.00013580955442255488
1396,2.037853787967825e-07,1.5e-10,0.0002334861132247307,16302830.30374217,0.0,0.0,16302830.30374217,0.0,0.0,0.0,845299010161.853,-652.1894471077436,106.02948656777183,75.91592968595343,266.0746946580478,-577.7472594652857,-339.92437572520555,-90.61686928480091,175.7913242336733,1193.4435804236327,1229.1620992486728,0.00013599392873744217
1397,2.039353787967825e-07,1.5e-10,0.00023374793763171058,16314830.30374217,0.0,0.0,16314830.30374217,0.0,0.0,0.0,845240313658.929,-657.1901614499551,104.63452147583448,95.66406029938332,260.8040229092303,-588.4761177779509,-338.0958849342919,-60.549384587569755,186.2479207111958,1245.668458183137,1267.2308509553789,0.00013618401336508548
1398,2.0408537879678252e-07,1.5e-10,0.00023400573565778365,16326830.30374217,0.0,0.0,16326830.30374217,0.0,0.0,0.0,845448169949.4489,-651.1742406397007,112.7765052369454,100.25353615266759,264.6864910754222,-566.7531845277863,-326.43596381520257,-48.895724285913026,167.24030198505264,1217.9301097708126,1241.9931332919723,0.00013637031233507927
1399,2.0423537879678253e-07,1.5e-10,0.00023426591698083547,16338830.30374217,0.0,0.0,16338830.30374217,0.0,0.0,0.0,845668624165.5067,-659.3276470460047,83.69214135480459,93.99281771462124,238.6954424418875,-576.9042961152422,-319.696932333743,-50.42047995304125,184.5810413276228,1236.2340406938295,1253.7544735204908,0.00013655837550610733
1400,2.0438537879678254e-07,1.5e-10,0.000234526809342214,16350830.30374217,0.0,0.0,16350830.30374217,0.0,0.0,0.0,845874073749.7372,-641.5095589270879,112.66134977103538,78.80253256103673,266.30498795302447,-597.3135442508367,-335.87516723664316,-56.05992920278723,159.90562016236464,1238.8261486187362,1262.4202171908703,0.00013674773853868596
1401,2.0453537879678255e-07,1.5e-10,0.00023479239701437604,16362830.30374217,0.0,0.0,16362830.30374217,0.0,0.0,0.0,845813103647.6262,-666.7055304832763,95.64906593531367,70.72427495946128,257.5862075696795,-604.4302619372017,-318.51091273557677,-42.14499892303052,156.20444293180387,1271.1391575606508,1291.4061136631913,0.00013694144945573545
1402,2.0468537879678256e-07,1.5e-10,0.000235056153314131,16374830.30374217,0.0,0.0,16374830.30374217,0.0,0.0,0.0,846011297550.9575,-651.3800636528156,98.98899808582522,70.61510801181547,256.85522375670604,-607.9582461310007,-300.81387671913217,-48.903809134173954,160.0126448552628,1259.3421889794915,1278.8830293431095,0.00013713328191013692
1403,2.0483537879678257e-07,1.5e-10,0.00023532218818090396,16386830.30374217,0.0,0.0,16386830.30374217,0.0,0.0,0.0,846216047868.0509,-665.8660357548124,98.08899048298021,66.2419092720263,261.01503740504427,-608.2943007305752,-310.37727621201356,-42.25161363619256,158.10851522894546,1274.1636225186164,1294.411314632666,0.00013732744360733183
1404,2.0498537879678259e-07,1.5e-10,0.00023558932014129953,16398830.30374217,0.0,0.0,16398830.30374217,0.0,0.0,0.0,846436129009.2161,-666.1809018342549,97.42516077084284,67.24610728605336,252.3769691113452,-615.7880250791317,-298.5465099597243,-50.00083725143072,148.87901981500127,1281.9718151353752,1301.0183867797562,0.0001375225963653488
1405,2.051353787967826e-07,1.5e-10,0.00023585566172414703,16410830.30374217,0.0,0.0,16410830.30374217,0.0,0.0,0.0,846649765848.1384,-650.8699212051938,80.49997681741503,74.18887403463698,259.4679416534288,-626.5444759178832,-297.7692531568438,-44.47705634180934,174.84402322572066,1277.4177711840573,1294.545374947393,0.0001377167781715909
1406,2.052853787967826e-07,1.5e-10,0.0002361239986485087,16422830.30374217,0.0,0.0,16422830.30374217,0.0,0.0,0.0,846870773580.5757,-675.3039456562337,91.44524283520245,73.20585534303908,262.84709090911696,-614.3986386873426,-304.19115893914267,-46.077652814634554,156.2595292270292,1289.7058738358078,1309.1813547257111,0.00013791315537479976
1407,2.0543537879678262e-07,1.5e-10,0.00023639405650889808,16434830.30374217,0.0,0.0,16434830.30374217,0.0,0.0,0.0,847116407431.3121,-684.4517350767939,82.71678081756426,71.05559328771646,267.77411634248733,-616.8435006543511,-309.47710383360476,-39.21955240779279,165.26388310977597,1301.2988511897229,1320.2717421849422,0.0001381111961361275
1408,2.0558537879678263e-07,1.5e-10,0.00023665977885884543,16446830.30374217,0.0,0.0,16446830.30374217,0.0,0.0,0.0,847368639473.0148,-666.7385900976466,70.1229028633299,80.40751686926876,265.57190892501194,-606.1279960604128,-297.63086468573624,-41.16458232356624,160.1239686658057,1272.8673711745998,1290.6567889380322,0.00013830479465446821
1409,2.0573537879678264e-07,1.5e-10,0.00023692852206289543,16458830.30374217,0.0,0.0,16458830.30374217,0.0,0.0,0.0,847585553057.8701,-684.4244678364647,88.79231187984612,75.09963430200219,294.52935114485916,-606.4163751812102,-314.04808934195614,-41.8100231093044,142.6168489141713,1290.8469092408664,1314.326087958855,0.00013850194356766204
1410,2.0588537879678265e-07,1.5e-10,0.00023719844292277294,16470830.30374217,0.0,0.0,16470830.30374217,0.0,0.0,0.0,847676422986.5702,-680.2638504006646,93.68017057148266,95.60214805885867,268.89559551608585,-619.3183376429273,-298.88470306435073,-52.403409578443096,140.28286946638352,1299.5765346726978,1320.2156915608136,0.00013869997592139615
1411,2.0603537879678266e-07,1.5e-10,0.0002374682090937161,16482830.30374217,0.0,0.0,16482830.30374217,0.0,0.0,0.0,847627591540.252,-685.5582253114544,85.31425358671068,103.83798760860333,253.7009569044397,-613.9035541665185,-297.3575632597717,-56.50553154793435,151.95983039710472,1299.4674122763583,1317.7352534329593,0.0001388976362094111
1412,2.0618537879678268e-07,1.5e-10,0.00023773748875606615,16494830.30374217,0.0,0.0,16494830.30374217,0.0,0.0,0.0,847836392556.9381,-706.6111060083015,77.95879104695496,78.55691243955076,257.08708921574424,-589.7528435352757,-285.59741581211256,-34.31848026576502,151.2117599977695,1296.3670989017362,1314.993401588654,0.0001390948852196494
1413,2.063353787967827e-07,1.5e-10,0.00023800498220247356,16506830.30374217,0.0,0.0,16506830.30374217,0.0,0.0,0.0,847807026799.7811,-700.1706204425234,72.03879944534546,79.14835870014443,271.57935840200605,-584.0432905877018,-296.8163229255242,-47.822011061511134,157.32494339319723,1284.2172347521976,1303.7933580536621,0.00013929045422335744
1414,2.064853787967827e-07,1.5e-10,0.00023827375969922969,16518830.30374217,0.0,0.0,16518830.30374217,0.0,0.0,0.0,847843886660.7241,-707.7110307543732,77.7307663429782,104.26065681062249,258.8697838782771,-584.8906055801767,-300.32124545439723,-66.2102321123275,142.76474101615224,1292.6056498122557,1312.3940460430351,0.0001394873133302639
1415,2.066353787967827e-07,1.5e-10,0.00023853945998981836,16530830.30374217,0.0,0.0,16530830.30374217,0.0,0.0,0.0,847781987966.8529,-674.5609589791129,100.69932099644477,92.31631191448695,265.0653511271574,-596.5744271272575,-302.50960774677316,-53.58234327668187,139.9778066178526,1271.1383228303298,1292.9492182057024,0.00013968125571299476
1416,2.0678537879678272e-07,1.5e-10,0.00023880709901672245,16542830.30374217,0.0,0.0,16542830.30374217,0.0,0.0,0.0,847997273911.3665,-691.4374803303126,82.5832732854955,97.79697123031347,251.34169324197947,-593.931175146775,-276.1162364087315,-57.906408406016254,130.70749530355891,1285.3716635111084,1303.8764676930039,0.00013987683718314872
1417,2.0693537879678273e-07,1.5e-10,0.00023907356247853515,16554830.30374217,0.0,0.0,16554830.30374217,0.0,0.0,0.0,848217468509.6123,-701.0744970699425,83.53713562625329,96.30765781310144,255.79352784296333,-576.0772894878986,-278.94157772326116,-46.44391354766675,139.10800446596437,1277.1538853600593,1296.941299360964,0.00014007137837805287
1418,2.0708537879678274e-07,1.5e-10,0.00023934207735420347,16566830.30374217,0.0,0.0,16566830.30374217,0.0,0.0,0.0,848446073820.9918,-713.6350008446962,92.74221767951205,99.86847806618584,243.0473148072578,-577.3322703519596,-274.04126538393086,-47.08006511019982,139.0963389599591,1290.970770775463,1310.4881217154123,0.00014026795159631018
1419,2.0723537879678275e-07,1.5e-10,0.00023960822811118339,16578830.30374217,0.0,0.0,16578830.30374217,0.0,0.0,0.0,848657145995.6241,-702.4378416962205,94.16727072705902,105.12413318518877,246.33920069515636,-572.7154253520246,-267.2335847011457,-68.98278679481399,126.57792435057807,1275.1553200222843,1295.1088511416365,0.00014046221792398143
1420,2.0738537879678277e-07,1.5e-10,0.0002398740972588324,16590830.30374217,0.0,0.0,16590830.30374217,0.0,0.0,0.0,848867808975.4491,-709.455084106401,92.7766358780836,100.38087479047978,237.30828140563688,-563.9918915361545,-274.95762665145884,-62.57013378785055,129.63821327548928,1273.4505501081048,1293.2752715443676,0.0001406562092147131
1421,2.0753537879678278e-07,1.5e-10,0.00024014242039912596,16602830.30374217,0.0,0.0,16602830.30374217,0.0,0.0,0.0,848986129475.8835,-711.8368425156852,83.22756533953586,117.38069222815521,231.06915661195742,-578.4828385644531,-256.88335625643947,-69.07419024531917,112.34389133272877,1290.3210601258302,1308.252352140668,0.00014085244706753418
1422,2.076853787967828e-07,1.5e-10,0.00024041034439929875,16614830.30374217,0.0,0.0,16614830.30374217,0.0,0.0,0.0,849196600819.6813,-721.4573446138452,92.17012532526537,111.22177093405041,246.0418423572588,-565.2665360576607,-271.6914541758789,-60.20302467667526,130.35453427616804,1286.725586824818,1307.458827628008,0.0001410485658916784
1423,2.078353787967828e-07,1.5e-10,0.00024068102072707167,16626830.30374217,0.0,0.0,16626830.30374217,0.0,0.0,0.0,849384541203.1012,-727.7574091092894,89.73030147505999,128.18614066428972,248.54105514193816,-577.0877416053386,-291.5539485217817,-71.66274590598417,137.7012510085466,1304.8506528462474,1325.6301301532533,0.0001412474104112014
1424,2.079853787967828e-07,1.5e-10,0.00024095417815912825,16638830.30374217,0.0,0.0,16638830.30374217,0.0,0.0,0.0,849583527954.0952,-738.2139916295382,84.47124892728158,128.90708928435012,249.74952158796492,-583.3177571420032,-293.33112455561866,-65.74061983909654,144.35416312825168,1321.5407755360225,1341.7981356647758,0.0001414486801315511
1425,2.0813537879678282e-07,1.5e-10,0.00024122059937979956,16650830.30374217,0.0,0.0,16650830.30374217,0.0,0.0,0.0,849776068840.8197,-725.5464732728303,79.44845438815629,131.56105665009594,258.7063608020221,-550.7723965173197,-286.2268729312026,-66.89891297942559,141.5687142993898,1276.3303423948744,1298.3361115729263,0.00014164343054828704
1426,2.0828537879678283e-07,1.5e-10,0.00024148517073054084,16662830.30374217,0.0,0.0,16662830.30374217,0.0,0.0,0.0,849973383045.8837,-705.2097628786067,72.237562294299,127.37839975842256,241.30313734163735,-559.8473701020164,-294.14450327117,-72.29684380750413,148.3567349792804,1265.065802847587,1283.8585809355334,0.00014183600933542737
1427,2.0843537879678284e-07,1.5e-10,0.0002417584107832686,16674830.30374217,0.0,0.0,16674830.30374217,0.0,0.0,0.0,850108132423.7179,-719.6546338703066,92.36079929943143,133.0647708023011,266.70781460169445,-601.6281222039802,-301.77583466946476,-62.31771113852001,153.30180319481218,1321.2876086438791,1342.547357628945,0.00014203739143907172
1428,2.0858537879678286e-07,1.5e-10,0.00024202779058375966,16686830.30374217,0.0,0.0,16686830.30374217,0.0,0.0,0.0,850165889391.2415,-714.111458647965,80.52531063255502,129.63811067026927,249.6070734381425,-582.5426817600448,-291.9642414963831,-77.09407950199706,143.1023848341445,1296.658484482683,1315.9504641441256,0.00014223478400869334
1429,2.0873537879678287e-07,1.5e-10,0.0002422922847486401,16698830.30374217,0.0,0.0,16698830.30374217,0.0,0.0,0.0,850395561455.896,-679.6606872418719,79.55042128329275,131.9600727056135,238.42660125077416,-585.2606325883796,-285.4924656072472,-76.60716452867605,157.60201312216552,1264.9273891435173,1281.8670256609657,0.0001424270640625425
1430,2.0888537879678288e-07,1.5e-10,0.0002425589073538987,16710830.30374217,0.0,0.0,16710830.30374217,0.0,0.0,0.0,850619101735.099,-708.5884641575689,63.85227109474285,137.84505655151625,245.37492430799023,-569.8197715945531,-307.02130769223305,-77.03873492227929,135.7755918646564,1278.4202446821726,1297.5547481855979,0.00014262169727477034
1431,2.090353787967829e-07,1.5e-10,0.00024282797202001855,16722830.30374217,0.0,0.0,16722830.30374217,0.0,0.0,0.0,850838370833.0376,-699.9063956087022,61.788596416896695,146.0792276065582,248.504939266655,-595.4186981159401,-299.0220839204393,-88.89381544330917,152.0943407746977,1295.333730059969,1312.2123472948801,0.00014281852912686457
1432,2.091853787967829e-07,1.5e-10,0.00024309973313957833,16734830.30374217,0.0,0.0,16734830.30374217,0.0,0.0,0.0,851085452316.7028,-720.6517659421329,69.42115857965358,144.7223719277649,263.3341658774967,-591.5051258139189,-306.45356498841494,-89.46656346764163,142.01247270156134,1312.1672036736866,1332.0185543238017,0.00014301833191001314
1433,2.093353787967829e-07,1.5e-10,0.00024337249530941935,16746830.30374217,0.0,0.0,16746830.30374217,0.0,0.0,0.0,851335230221.9453,-718.1769612403128,77.11005272657418,145.2370362093393,278.297330451244,-599.8157475879133,-302.4822547137101,-77.56071781728558,141.52495454150255,1318.005522012729,1339.4268692368464,0.00014321924594039867
1434,2.0948537879678292e-07,1.5e-10,0.00024364440948695015,16758830.30374217,0.0,0.0,16758830.30374217,0.0,0.0,0.0,851609801081.0026,-711.6433884853801,85.4144876438644,147.37626577761912,264.03623996575163,-601.0351840755496,-298.19618941843066,-91.17812593719243,134.95937627788206,1312.6916435337032,1333.3664426133942,0.0001434192509067907
1435,2.0963537879678293e-07,1.5e-10,0.00024391448035520727,16770830.30374217,0.0,0.0,16770830.30374217,0.0,0.0,0.0,851635601138.4164,-689.7549178391355,78.56823570349766,141.790152579076,251.8561288532006,-611.8311311678041,-294.57229786875087,-97.77004283671596,143.85201559921833,1301.56256141971,1319.3638866665256,0.00014361715548979068
1436,2.0978537879678295e-07,1.5e-10,0.00024418448921601594,16782830.30374217,0.0,0.0,16782830.30374217,0.0,0.0,0.0,851823100585.9136,-727.7732556360575,84.743262774126,135.49922444763737,260.72365446707636,-572.7196821213595,-294.83768576944937,-99.93962083551205,153.4909065080761,1300.5113140946737,1321.4352848724575,0.00014381537078252157
1437,2.0993537879678296e-07,1.5e-10,0.00024445709010754226,16794830.30374217,0.0,0.0,16794830.30374217,0.0,0.0,0.0,852018631655.4739,-709.785263216036,86.8603942016048,137.94995696783397,260.41689272616554,-607.8315871945495,-307.2064330653204,-82.2539984491322,158.30810885629708,1317.6356933584168,1337.2497425846232,0.00014401595824390927
1438,2.1008537879678297e-07,1.5e-10,0.0002447298692387291,16806830.30374217,0.0,0.0,16806830.30374217,0.0,0.0,0.0,852177798925.4279,-721.0018665928973,76.6137832556878,152.14112552192714,263.39653632644166,-598.0554992302572,-296.5384248323608,-89.08958611515429,159.76743514201178,1319.081740300065,1338.31613560111,0.00014421670566424944
1439,2.1023537879678298e-07,1.5e-10,0.0002450024544093413,16818830.30374217,0.0,0.0,16818830.30374217,0.0,0.0,0.0,852359999017.8378,-718.2833410137176,82.1491134570305,135.34943498650634,253.02836067384573,-599.8714419965125,-299.45953081321966,-96.27939941426575,156.1220245817983,1318.178389338831,1336.8068907635152,0.00014441722669786397
1440,2.10385378796783e-07,1.5e-10,0.00024527333185167153,16830830.30374217,0.0,0.0,16830830.30374217,0.0,0.0,0.0,852535363725.9832,-709.1005485160346,82.43553588529566,148.814741912139,258.83137943291104,-597.306069308346,-285.47479688173024,-91.63437805192302,147.6007158749111,1306.4288057280812,1325.5754309310757,0.00014461606301250363
1441,2.10535378796783e-07,1.5e-10,0.00024553888930655614,16842830.30374217,0.0,0.0,16842830.30374217,0.0,0.0,0.0,852734376002.0377,-686.3148063678829,88.94587717149304,141.01653862134796,262.4400923663795,-584.2832213754511,-287.59536226986194,-76.15419518087106,160.27538298161468,1270.643512396966,1290.7090123836247,0.00014480966936436117
1442,2.1068537879678301e-07,1.5e-10,0.0002458063656579718,16854830.30374217,0.0,0.0,16854830.30374217,0.0,0.0,0.0,852877784074.2324,-703.3510904560875,106.61351243937766,135.18291979038852,277.3460080448355,-578.4021608738545,-282.5673393376702,-69.45270420332817,132.21423837148262,1281.775440308323,1306.2352545433193,0.00014500560465254266
1443,2.1083537879678303e-07,1.5e-10,0.00024607576638525534,16866830.30374217,0.0,0.0,16866830.30374217,0.0,0.0,0.0,853050741718.5416,-697.6932429559266,93.91773381645775,147.94737988746007,258.16413303122806,-598.4081190219737,-277.44419465924045,-85.96055658780816,134.47052584826045,1296.038441319499,1316.2336464714142,0.00014520303969951337
1444,2.1098537879678304e-07,1.5e-10,0.00024634302391568367,16878830.30374217,0.0,0.0,16878830.30374217,0.0,0.0,0.0,853251138817.9247,-706.049159426631,105.53949460037606,138.44353169328528,257.7402895777309,-575.6108137531761,-257.59078199498003,-93.94793012714793,130.6128597994506,1281.6864909772087,1303.2245168627635,0.00014539852337704277
1445,2.1113537879678305e-07,1.5e-10,0.00024661325843393524,16890830.30374217,0.0,0.0,16890830.30374217,0.0,0.0,0.0,853455147027.9259,-712.2657825782229,106.35114362523058,134.5698711794872,249.40253397859834,-589.6639809013055,-258.2465196582776,-95.33697495891036,131.48395464350102,1301.959367308783,1322.1721201893608,0.00014559684919507118
1446,2.1128537879678306e-07,1.5e-10,0.00024688218255862997,16902830.30374217,0.0,0.0,16902830.30374217,0.0,0.0,0.0,853533402015.9921,-722.1965158029933,103.10292047284919,143.93151361476066,253.97120496422323,-570.1239405358938,-260.1873704693188,-76.68329813547798,117.79761917832819,1292.3457474197764,1314.7664414364992,0.00014579406416128664
1447,2.1143537879678307e-07,1.5e-10,0.00024715106819593624,16914830.30374217,0.0,0.0,16914830.30374217,0.0,0.0,0.0,853649470332.3845,-717.0112070681378,117.26096105873283,147.9872315553693,244.95510718949564,-574.901336426177,-249.22457846352432,-85.22796592164322,102.87257481150307,1291.9415678063085,1314.5363414675307,0.00014599124461250678
1448,2.1158537879678308e-07,1.5e-10,0.00024741944087411594,16926830.30374217,0.0,0.0,16926830.30374217,0.0,0.0,0.0,853853930142.8274,-720.1278835644038,111.45552976124304,152.60088700851674,238.11549785502302,-568.7783198850377,-253.68345661088014,-96.84343820857215,103.25801471678571,1288.9223371299245,1310.822144563699,0.00014618786793419133
1449,2.117353787967831e-07,1.5e-10,0.00024768817951861794,16938830.30374217,0.0,0.0,16938830.30374217,0.0,0.0,0.0,854026982320.2593,-708.6038416710142,118.892888471334,141.6390615206177,239.19865660111017,-582.5802356422226,-259.34228662803645,-98.1420569538556,100.13973051969643,1291.2033504951348,1313.1282564133558,0.00014638483717265333
1450,2.118853787967831e-07,1.5e-10,0.00024795432178388826,16950830.30374217,0.0,0.0,16950830.30374217,0.0,0.0,0.0,854265333724.8251,-705.7804881651401,104.78817560351204,149.46494092436578,232.1916921673991,-568.8603837711619,-246.55499632199079,-93.73220466281353,103.97155759223448,1274.6583648083438,1294.8559723670246,0.0001465790655685084
1451,2.1203537879678312e-07,1.5e-10,0.0002482236228139316,16962830.30374217,0.0,0.0,16962830.30374217,0.0,0.0,0.0,854500345490.79,-716.1637535768168,120.80461734510894,153.69781162359303,241.69872830385248,-578.5309459401649,-249.8300655662457,-99.99771994274323,97.6588457715728,1294.7122828747642,1317.2174461259744,0.00014677664818542728
1452,2.1218537879678313e-07,1.5e-10,0.0002484934072840135,16974830.30374217,0.0,0.0,16974830.30374217,0.0,0.0,0.0,854769973468.6888,-719.1802363444609,107.01022505940145,145.85444683659048,252.32202649449667,-579.5101821125883,-228.19755564178635,-78.93687486848732,105.664041204194,1298.210570674538,1319.7749794654171,0.0001469746144323471
1453,2.1233537879678314e-07,1.5e-10,0.00024876599720090347,16986830.30374217,0.0,0.0,16986830.30374217,0.0,0.0,0.0,855024114447.2535,-753.3763178553821,112.6138009501519,139.81595826398873,256.04434036459077,-563.429052264372,-219.51092658393736,-99.49024338273189,94.12962946604063,1316.8173900008726,1340.563051085182,0.00014717569889000987
1454,2.1248537879678315e-07,1.5e-10,0.00024903236202075983,16998830.30374217,0.0,0.0,16998830.30374217,0.0,0.0,0.0,854979403257.9163,-715.2015812978857,113.14560501772087,152.40638172544638,243.63741263712853,-559.6665267162851,-237.0643721515921,-101.40046216320432,92.30988962369901,1275.5509721367534,1297.9971747276102,0.000147370398466219
1455,2.1263537879678316e-07,1.5e-10,0.0002493006016451145,17010830.30374217,0.0,0.0,17010830.30374217,0.0,0.0,0.0,855185401320.8961,-716.6872587044347,114.04119196256842,146.5255232489217,250.21994896802482,-570.7645057947904,-239.62171302118443,-98.19819215538516,82.80046895904866,1287.4590294981597,1310.6667022694292,0.0001475669984715594
1456,2.1278537879678317e-07,1.5e-10,0.0002495668768188004,17022830.30374217,0.0,0.0,17022830.30374217,0.0,0.0,0.0,855452020516.3772,-704.8607327301494,120.32545558078805,141.58794976368193,263.2199059751844,-568.2705736868445,-242.05486474291826,-92.24872654723552,75.95745901982038,1273.6854994112152,1298.8712342201795,0.00014776182915669244
1457,2.1293537879678318e-07,1.5e-10,0.000249834851031574,17034830.30374217,0.0,0.0,17034830.30374217,0.0,0.0,0.0,855539246005.0203,-727.3646013282355,113.65150775441279,149.51145310620058,247.75079660000384,-558.4122236778948,-237.91277018262784,-103.35332352718356,87.61779990148972,1285.7821135841257,1309.3979549743456,0.0001479582388499386
1458,2.130853787967832e-07,1.5e-10,0.0002501030335506192,17046830.30374217,0.0,0.0,17046830.30374217,0.0,0.0,0.0,855791875115.2302,-726.8217440147969,110.79688752255745,149.6937899080571,244.4311265733582,-560.2517712805509,-232.60248510027625,-90.40638800335495,73.81175079274335,1287.075303544264,1310.5146443164472,0.00014815481604658605
1459,2.132353787967832e-07,1.5e-10,0.0002503679546987623,17058830.30374217,0.0,0.0,17058830.30374217,0.0,0.0,0.0,856033730470.3335,-698.0432358739122,111.8529379790537,137.80952562555757,247.37012041776538,-567.4029734483919,-229.7140203083248,-92.84744575308461,69.77169697617967,1265.5123864826694,1288.1651716867455,0.00014834804082233905
1460,2.1338537879678322e-07,1.5e-10,0.00025063287275954344,17070830.30374217,0.0,0.0,17070830.30374217,0.0,0.0,0.0,856293947627.3093,-719.6014624814188,120.09849114618632,145.657940745089,248.37810300496616,-545.3960674709998,-215.2719565533738,-83.68060374068895,74.58101077540964,1264.9935191837228,1289.7536729356998,0.00014854150387327942
1461,2.1353537879678323e-07,1.5e-10,0.0002508985748100129,17082830.30374217,0.0,0.0,17082830.30374217,0.0,0.0,0.0,856145492456.384,-708.842320821635,115.45252564681995,142.37989957197863,230.31992527342015,-562.5924640245679,-217.39027590312568,-101.06338492472433,74.43702196998946,1271.4331194696679,1292.6356875658962,0.0001487353992264143
1462,2.1368537879678324e-07,1.5e-10,0.0002511634720358414,17094830.30374217,0.0,0.0,17094830.30374217,0.0,0.0,0.0,856327057613.762,-697.2282327224477,112.21773431315738,135.4821822430918,229.54130839504256,-568.7520116250728,-223.0520391362148,-100.67692488133686,56.94148893787912,1265.967140820259,1287.1364970143284,0.00014892846970096643
1463,2.1383537879678325e-07,1.5e-10,0.0002514276127237856,17106830.30374217,0.0,0.0,17106830.30374217,0.0,0.0,0.0,856571371052.094,-719.40053573035,106.90600574337248,157.11654799634013,250.81769931684664,-540.8215899518294,-217.1063764532515,-101.87304636525556,75.96786701356753,1260.2085419026193,1284.1650408708194,0.00014912109445709706
1464,2.1398537879678326e-07,1.5e-10,0.0002516936552497598,17118830.30374217,0.0,0.0,17118830.30374217,0.0,0.0,0.0,856451961803.4441,-722.8763767511425,113.98960159029373,151.6117023075442,246.34703853565998,-550.1473876007507,-226.55495290635378,-117.50002370306375,77.7121928932144,1272.9879683442264,1296.737163221433,0.00014931560503158027
1465,2.1413537879678327e-07,1.5e-10,0.00025195542676203467,17130830.30374217,0.0,0.0,17130830.30374217,0.0,0.0,0.0,856677947611.321,-699.3546350022594,115.35979113385656,158.7108225033995,248.45182579839994,-544.7184282303052,-234.15033534250003,-114.32775500977249,72.79930641111534,1244.055095649916,1268.5082063803584,0.00014950588126253734
1466,2.1428537879678328e-07,1.5e-10,0.00025222250124064906,17142830.30374217,0.0,0.0,17142830.30374217,0.0,0.0,0.0,856696804944.9697,-716.8416079244918,99.4090677708654,147.3489146267333,241.6371113100232,-563.7570274022823,-227.72289242341202,-105.23316958624915,78.9619273504246,1280.575960710647,1301.70828694065,0.00014970113750557843
1467,2.144353787967833e-07,1.5e-10,0.0002524876564681667,17154830.30374217,0.0,0.0,17154830.30374217,0.0,0.0,0.0,856899125591.6765,-746.6442443901589,99.99567701932693,141.5141087155491,248.12410276701115,-520.890689866385,-218.838029160994,-105.14474852737027,92.41603353337152,1267.5381350932958,1292.208439995898,0.00014989496877157782
1468,2.145853787967833e-07,1.5e-10,0.0002527519440233186,17166830.30374217,0.0,0.0,17166830.30374217,0.0,0.0,0.0,857092309661.4565,-725.0461489157416,120.16643549076132,156.95519567474236,245.7933701282209,-535.4305233991075,-237.77079195402322,-100.75379466928705,80.20239912068496,1260.4802314250887,1286.3759597852943,0.00015008792516554563
1469,2.1473537879678332e-07,1.5e-10,0.0002530182854354208,17178830.30374217,0.0,0.0,17178830.30374217,0.0,0.0,0.0,857317549457.607,-716.0595723632063,98.47230849417028,133.9627807304521,235.16112126078875,-559.783974436449,-237.04616035200462,-108.341092782518,93.81701738023037,1276.408772364636,1296.5492471037974,0.0001502824075526112
1470,2.1488537879678333e-07,1.5e-10,0.0002532840073584877,17190830.30374217,0.0,0.0,17190830.30374217,0.0,0.0,0.0,857546652862.1539,-724.9434465789915,109.8138602536685,144.57116377535877,239.25704417140076,-545.9123888794408,-256.23290387858185,-106.17536839127477,93.02387425230005,1270.857918581702,1294.5074086764002,0.00015047658366391264
1471,2.1503537879678334e-07,1.5e-10,0.00025355173257003694,17202830.30374217,0.0,0.0,17202830.30374217,0.0,0.0,0.0,857742362497.2467,-727.8955847239089,88.91983619486625,133.76619772365004,239.169884883565,-557.4078762084395,-254.24566679806722,-102.97418172112314,99.79770108652833,1285.3069614483165,1306.0811872638687,0.00015067249584200222
1472,2.1518537879678335e-07,1.5e-10,0.00025382038881227077,17214830.30374217,0.0,0.0,17214830.30374217,0.0,0.0,0.0,857984476239.285,-730.2222720393173,99.39864033351495,140.68929802086524,229.02774846299482,-561.1650227597294,-258.75091984798536,-109.89617322203506,97.01848964556442,1291.390259889807,1312.3272703802306,0.00015086934493255925
1473,2.1533537879678336e-07,1.5e-10,0.0002540894374372284,17226830.30374217,0.0,0.0,17226830.30374217,0.0,0.0,0.0,858234672111.4049,-722.7863672291087,92.7501765521259,130.52464250764035,220.60030509925744,-572.1937372610181,-259.9379433959637,-114.82263999482517,105.0568563883187,1294.9826644445268,1313.5238916741475,0.00015106637351631038
1474,2.1548537879678337e-07,1.5e-10,0.0002543582390224368,17238830.30374217,0.0,0.0,17238830.30374217,0.0,0.0,0.0,858483412347.8589,-726.8847561934577,103.0232342081588,138.44890051622974,223.19348399800015,-565.3557576462628,-274.559197119856,-111.04014841630642,97.44345489909901,1292.2449747244118,1313.304976697172,0.00015126336926281496
1475,2.1563537879678339e-07,1.5e-10,0.00025463002194639776,17250830.30374217,0.0,0.0,17250830.30374217,0.0,0.0,0.0,858570978878.9471,-732.7660850200426,107.66986773774923,134.1889546965878,230.94294262015842,-579.3459583578176,-264.675654615126,-114.58030894224204,101.67145248745388,1312.1161763785112,1332.9274767104027,0.00015146330838432153
1476,2.157853787967834e-07,1.5e-10,0.0002549012818463157,17262830.30374217,0.0,0.0,17262830.30374217,0.0,0.0,0.0,858717338582.0714,-745.0951145325969,99.68441236082961,129.26256501480077,219.5780774312552,-563.5647958574538,-281.2638645387763,-103.77483693089366,96.43397140733157,1308.6939886916784,1330.1183131338312,0.0001516628261312916
1477,2.159353787967834e-07,1.5e-10,0.00025516915452918927,17274830.30374217,0.0,0.0,17274830.30374217,0.0,0.0,0.0,858939697494.0077,-720.9420392462217,95.75848271477123,133.83020414340328,217.73873825529657,-565.7507003022732,-272.4160869190568,-107.78813840903997,104.85163748998508,1286.6995277054484,1306.1253702383767,0.00015185874493682736
1478,2.1608537879678342e-07,1.5e-10,0.0002554386111705854,17286830.30374217,0.0,0.0,17286830.30374217,0.0,0.0,0.0,859029224279.4128,-738.9597845251477,101.28141317719364,140.55640706942177,217.42199500664685,-557.801428407872,-275.8045848963222,-100.87854388742008,109.93344616325872,1296.7923565020567,1317.6251686275366,0.0001520563887121215
1479,2.1623537879678343e-07,1.5e-10,0.0002557120105246315,17298830.30374217,0.0,0.0,17298830.30374217,0.0,0.0,0.0,859241730132.9547,-748.213901629704,104.24717460787647,123.27295742565882,234.72461229349943,-574.5043816552786,-266.26661890861016,-108.82873348960439,97.73748391398796,1322.7224994651501,1344.4281129549777,0.00015225805292906473
1480,2.1638537879678344e-07,1.5e-10,0.00025598194805500046,17310830.30374217,0.0,0.0,17310830.30374217,0.0,0.0,0.0,859508639679.392,-749.2387812454408,103.30808188523433,136.03238965188532,237.02779555224828,-549.7368085557235,-283.1308098495931,-120.13661214666574,95.00231002434364,1299.002677847357,1323.3074789803156,0.00015245654905091178
1481,2.1653537879678345e-07,1.5e-10,0.0002562516759368834,17322830.30374217,0.0,0.0,17322830.30374217,0.0,0.0,0.0,859780428822.7008,-727.5109555435022,99.32661650970861,140.32616789384048,235.14619903328534,-570.3675030074368,-286.76501484021196,-121.30034986596776,91.04913282033614,1297.8818153112397,1320.1913653507988,0.0001526545777557144
1482,2.1668537879678346e-07,1.5e-10,0.00025652076356457435,17334830.30374217,0.0,0.0,17334830.30374217,0.0,0.0,0.0,859904395640.1514,-743.7270002591109,103.54946197079039,152.6738568381633,242.48954917155598,-549.0738534601659,-288.65006864205986,-117.62366729751167,97.29747255243915,1292.8039646535008,1317.7626754001253,0.00015285224215702442
1483,2.1683537879678348e-07,1.5e-10,0.0002567952303924863,17346830.30374217,0.0,0.0,17346830.30374217,0.0,0.0,0.0,860126689010.936,-752.8023276720447,113.76401366031475,144.99779439138283,244.12465846946674,-575.8840555178142,-299.4359930810184,-142.1257488613247,98.90887746066915,1328.6881672379927,1353.4937194529891,0.00015305526621494237
1484,2.169853787967835e-07,1.5e-10,0.000257068006845779,17358830.30374217,0.0,0.0,17358830.30374217,0.0,0.0,0.0,860380535486.6385,-739.9779924147326,104.73083426886876,156.9233398441577,238.08472813254943,-578.1118814418709,-299.44308966325906,-144.81254129091602,109.61689588924189,1318.0924444081866,1340.6466229107034,0.00015325636320837898
1485,2.171353787967835e-07,1.5e-10,0.00025734361197951475,17370830.30374217,0.0,0.0,17370830.30374217,0.0,0.0,0.0,860645820874.3802,-745.3777504921322,105.71837844148395,160.48008805727963,245.34722060486516,-591.2009495326258,-294.4858583386711,-143.63255141462196,99.28392140958135,1336.5817117246597,1359.5034806934955,0.000153460288730483
1486,2.172853787967835e-07,1.5e-10,0.00025762043306086784,17382830.30374217,0.0,0.0,17382830.30374217,0.0,0.0,0.0,860938665016.655,-750.6782994013421,97.03266880892839,161.86668936859223,239.52423882233248,-594.6769356799914,-298.92074869702657,-152.69016185267245,105.94578767625175,1345.364311569664,1366.8603308369197,0.00015366531778010853
1487,2.1743537879678352e-07,1.5e-10,0.00025789409361467373,17394830.30374217,0.0,0.0,17394830.30374217,0.0,0.0,0.0,861204790533.244,-729.9285829029066,108.44118956493539,163.8610334354878,251.1773958973394,-593.2857072250758,-306.5128910438762,-145.19646365424882,105.75274230846426,1323.245647568188,1346.786787280994,0.00015386733579820068
1488,2.1758537879678353e-07,1.5e-10,0.00025816594919116103,17406830.30374217,0.0,0.0,17406830.30374217,0.0,0.0,0.0,861478595889.5902,-720.5730093159673,110.05590073936894,167.73542148301897,241.65825042789464,-591.0244200478431,-308.73685949425663,-149.9113853440452,113.50125709252283,1311.6072389144274,1334.1458232243995,0.00015406745767168435
1489,2.1773537879678354e-07,1.5e-10,0.00025844499600181475,17418830.30374217,0.0,0.0,17418830.30374217,0.0,0.0,0.0,861754783909.2749,-759.8230932181651,117.51695542093042,168.46610554073007,256.061517795359,-598.3753136788495,-319.07300486245964,-147.1224564203558,100.75157786842856,1358.208537276667,1384.1856609539184,0.00015427508552082745
1490,2.1788537879678355e-07,1.5e-10,0.00025871978713699044,17430830.30374217,0.0,0.0,17430830.30374217,0.0,0.0,0.0,862044212455.9105,-737.1339071576824,114.56619348908896,172.63859508845397,254.31750956301954,-593.3979283573121,-308.62824250513967,-150.10972764416874,119.67179366243364,1330.542757196831,1354.4925655245086,0.00015447825940565613
1491,2.1803537879678357e-07,1.5e-10,0.0002590034989136769,17442830.30374217,0.0,0.0,17442830.30374217,0.0,0.0,0.0,862334829626.2347,-773.4233946818266,115.32808494679097,172.21329505226066,258.84068454930696,-615.7182505904777,-329.22995720762924,-147.42860002484565,100.97266508043327,1389.1535744344417,1415.014566522639,0.00015469051159063452
1492,2.1818537879678358e-07,1.5e-10,0.00025928114854064017,17454830.30374217,0.0,0.0,17454830.30374217,0.0,0.0,0.0,862581638349.8351,-740.1695405256928,103.72528705835146,178.20795165966933,248.3402570664961,-609.8628599666354,-315.6363318909395,-151.16646349739162,113.47896172646759,1350.0446401675802,1372.3893235305097,0.0001548963699891641
1493,2.183353787967836e-07,1.5e-10,0.0002595578395447711,17466830.30374217,0.0,0.0,17466830.30374217,0.0,0.0,0.0,862890913661.002,-733.3565756801936,108.14925132642523,173.0318431879404,266.45875284413523,-609.1041599073602,-333.5914892141034,-148.7504340079133,109.40668072853404,1342.4732744615358,1367.8801173936683,0.00015510155200677315
1494,2.184853787967836e-07,1.5e-10,0.00025983747179443063,17478830.30374217,0.0,0.0,17478830.30374217,0.0,0.0,0.0,863198100563.6669,-754.6855844640182,100.14739105443944,184.63242189504436,262.2874392282971,-608.0541896030487,-329.5560922062611,-159.27020800784624,123.92389133940897,1362.7523598525738,1386.4866024691612,0.00015530952499714354
1495,2.186353787967836e-07,1.5e-10,0.0002601132763316482,17490830.30374217,0.0,0.0,17490830.30374217,0.0,0.0,0.0,863524884632.4495,-720.2069868198556,80.41319042202244,183.3084177327891,246.47435980978744,-619.0329139890572,-314.838530928767,-157.36749106122656,136.85977292875305,1339.2531335916992,1357.7189764545742,0.00015551318284361172
1496,2.1878537879678362e-07,1.5e-10,0.000260393774584985,17502830.30374217,0.0,0.0,17502830.30374217,0.0,0.0,0.0,863745722515.4332,-750.5543881414187,101.49925857161168,185.04486451287832,254.47947908545774,-617.9384586338538,-337.45381605947654,-160.11834297832573,118.15366983418346,1368.6688763394216,1391.9175490223122,0.00015572197047596507
1497,2.1893537879678363e-07,1.5e-10,0.00026067706859327175,17514830.30374217,0.0,0.0,17514830.30374217,0.0,0.0,0.0,863792404989.2306,-755.949249971557,96.33965780792894,187.06460865096506,264.74455400404537,-631.0320093763385,-340.59416845623264,-157.95936825040698,115.28345307059081,1386.9957475999668,1410.5353097325874,0.00015593355077242495
1498,2.1908537879678364e-07,1.5e-10,0.00026095752967235164,17526830.30374217,0.0,0.0,17526830.30374217,0.0,0.0,0.0,864095012349.0825,-742.0868993348814,106.6404202815304,189.66965267411456,263.43792517892007,-625.7435409986344,-352.28790080187173,-164.09893167363785,128.6024194886207,1367.843378389816,1392.1367203263762,0.0001561423712804739
1499,2.1923537879678366e-07,1.5e-10,0.00026123888461906594,17538830.30374217,0.0,0.0,17538830.30374217,0.0,0.0,0.0,864374571260.8833,-731.5294132931652,113.3689998075031,177.16013302932217,257.74699734239954,-642.5439064317251,-358.5414121138494,-170.52372675112645,128.86135831565807,1374.0868807667357,1397.944857346345,0.00015635206300907586
1500,2.1938537879678367e-07,1.5e-10,0.0002615191403093032,17550830.30374217,0.0,0.0,17550830.30374217,0.0,0.0,0.0,864627807156.6964,-750.147947413021,109.99569790314055,185.5380116862092,253.6264563121073,-616.6660946306761,-348.88224511491575,-163.4143330539297,136.47185717639263,1366.8278584150676,1390.4751610781154,0.00015656063428323756
1501,2.1953537879678368e-07,1.5e-10,0.0002618018598554203,17562830.30374217,0.0,0.0,17562830.30374217,0.0,0.0,0.0,864910151924.7393,-755.6621316738964,112.29699173319176,187.4410158579213,264.65929623401274,-626.9858366543845,-347.90727157312284,-155.0517842063928,133.66558246721576,1382.6616080078202,1407.2223046905508,0.00015677171762894116
1502,2.196853787967837e-07,1.5e-10,0.0002620813831282526,17574830.30374217,0.0,0.0,17574830.30374217,0.0,0.0,0.0,865217941992.4669,-739.8555694601054,119.6599799693288,186.32232541233415,259.1010760928226,-621.7398699627976,-342.6909431674893,-163.16816686696373,139.75269063605228,1361.6093365226486,1385.764941193618,0.0001569795823701202
1503,2.198353787967837e-07,1.5e-10,0.0002623617091705991,17586830.30374217,0.0,0.0,17586830.30374217,0.0,0.0,0.0,865453114299.2759,-750.8568981076337,104.824676020597,186.21760137307018,266.8621601059611,-616.1491604291028,-347.9046976502847,-161.72963622172023,140.4668592671785,1367.0227604387808,1391.178806523688,0.00015718825919109873
1504,2.199853787967837e-07,1.5e-10,0.0002626460025338217,17598830.30374217,0.0,0.0,17598830.30374217,0.0,0.0,0.0,865656670558.7787,-767.2652249983036,96.3213647601393,187.1569292073717,275.5632146494494,-625.9707999877079,-362.89787820073525,-176.05281425615456,133.33122006827588,1393.2582615710369,1418.2771467555738,0.00015740100076311206
1505,2.2013537879678372e-07,1.5e-10,0.00026292808761882534,17610830.30374217,0.0,0.0,17610830.30374217,0.0,0.0,0.0,865880556738.9355,-746.8031799777248,91.73530414126877,189.8728944686801,265.33839995822694,-631.5890609379081,-382.1103901398244,-158.01422743147518,124.12830361730241,1378.42691165531,1403.3807188814883,0.0001576115078709443
1506,2.2028537879678374e-07,1.5e-10,0.000263213289915849,17622830.30374217,0.0,0.0,17622830.30374217,0.0,0.0,0.0,866115012065.7036,-770.7065194348721,103.23545296147444,180.79752793423395,283.4904903766201,-627.6462497311979,-373.92335784763304,-161.0556731651375,129.79503808013598,1398.369160891903,1425.5144873181891,0.00015782533504404202
1507,2.2043537879678375e-07,1.5e-10,0.0002634986827398443,17634830.30374217,0.0,0.0,17634830.30374217,0.0,0.0,0.0,866341677881.7734,-768.4028525178845,106.6782952074295,184.5668968282972,268.56239712080105,-631.8504491185686,-371.2270202554253,-168.25480130994168,133.77552894245528,1400.269895153862,1425.7538705929408,0.00015803919812463097
1508,2.2058537879678376e-07,1.5e-10,0.00026378392565194465,17646830.30374217,0.0,0.0,17646830.30374217,0.0,0.0,0.0,866621258322.9274,-773.3171697630296,101.4281415699506,176.84511237196347,271.3002671567971,-626.1352107056,-369.2042397873265,-167.57656601665238,137.1709650688257,1399.4692159316953,1424.7817938374926,0.00015825291539370658
1509,2.2073537879678377e-07,1.5e-10,0.0002640701978728519,17658830.30374217,0.0,0.0,17658830.30374217,0.0,0.0,0.0,866900423654.3899,-769.7391975243179,105.38236584984051,180.98617448819908,269.6031854977791,-636.4535194134274,-368.61461237413664,-166.48532530255727,132.6325717247996,1406.2096586187206,1431.375352472696,0.0001584676216965775
1510,2.2088537879678378e-07,1.5e-10,0.00026435240201604625,17670830.30374217,0.0,0.0,17670830.30374217,0.0,0.0,0.0,867205962539.34,-731.813386937335,125.10140562451929,185.8545660193671,290.85307404666753,-645.2274676364221,-381.37955026806696,-160.84778969691584,113.49429082236884,1377.0579384722328,1407.3286454194053,0.0001586787209933904
1511,2.210353787967838e-07,1.5e-10,0.00026463693584655157,17682830.30374217,0.0,0.0,17682830.30374217,0.0,0.0,0.0,867503638970.8062,-767.6631650551202,107.49152909096573,170.21073508925815,274.72694353475856,-626.7404518522177,-359.7460875184498,-169.39970163311517,123.9818695894426,1394.420657087141,1420.6471507509862,0.00015889181806600305
1512,2.211853787967838e-07,1.5e-10,0.0002649224475151466,17694830.30374217,0.0,0.0,17694830.30374217,0.0,0.0,0.0,867604398121.6906,-753.0117383223698,117.30055700651538,177.71944459896258,277.08574971138796,-647.6413950924884,-357.1085743329624,-157.72511160757924,131.3563816669723,1400.6703842188742,1426.3696978232072,0.00015910577352067654
1513,2.2133537879678381e-07,1.5e-10,0.00026521230156387974,17706830.30374217,0.0,0.0,17706830.30374217,0.0,0.0,0.0,867920712877.4673,-773.7166823777517,101.15641948217696,176.08326262138084,262.7988449346889,-656.4391597468943,-368.6784252294053,-159.01477081522634,109.32217914035046,1430.1732365013609,1454.8666781051263,0.0001593240035223923
1514,2.2148537879678383e-07,1.5e-10,0.0002655021174003353,17718830.30374217,0.0,0.0,17718830.30374217,0.0,0.0,0.0,868230110326.3335,-774.1228611078459,109.41016285141617,180.07790895079276,275.72596803565534,-655.0550695414947,-359.40010483762944,-151.9298212654576,112.90290182039436,1429.1956514402527,1455.0842062558213,0.00015954226615333067
1515,2.2163537879678384e-07,1.5e-10,0.0002657873198908427,17730830.30374217,0.0,0.0,17730830.30374217,0.0,0.0,0.0,868602431545.7783,-766.6791568294166,116.71589539287997,176.70061406550914,270.7884605640334,-631.7331920648206,-359.12796491741466,-157.12804654007314,122.31221635788111,1398.4303845671689,1424.968654855074,0.00015975601145155893
1516,2.2171037879678384e-07,7.5e-11,0.00026593030085533614,17736830.30374217,0.0,0.0,17736830.30374217,0.0,0.0,0.0,868746013580.6146,-777.8004854539087,98.08671362860787,192.20231869452684,260.8643653357662,-625.9374943989071,-356.0602757828969,-133.64450709468136,108.15715465714507,1403.7556775412552,1429.2577957859799,0.0001598632057862429
1517,2.2178537879678385e-07,7.5e-11,0.00026607051325612475,17742830.30374217,0.0,0.0,17742830.30374217,0.0,0.0,0.0,868816981172.6874,-734.8219365170214,119.63205664559202,186.30663257555426,287.3850782883626,-631.694465150203,-323.92856551505207,-163.28221178411403,120.7600459793144,1366.5341606964218,1392.8752152160616,0.0001599676714273841
1518,2.2187537879678384e-07,9e-11,0.0002662362591601304,17750030.30374217,0.0,0.0,17750030.30374217,0.0,0.0,0.0,869002848507.3922,-706.5338258549758,130.36854985367984,177.31623789644817,294.8874339367457,-631.7449202230034,-337.81104562413253,-180.81457624995937,128.35789311112757,1338.296875553763,1366.6730833258357,0.00016009067200488343
1519,2.2198337879678383e-07,1.0799999999999999e-10,0.0002664412118440695,17758670.30374217,0.0,0.0,17758670.30374217,0.0,0.0,0.0,869164406036.2123,-769.1484014714797,98.47908507912412,180.27133198566293,267.7249273610407,-626.4878093708031,-339.73326344320037,-155.61842418950206,114.7961381969115,1395.6612067285537,1420.0003216420848,0.00016024403203962077
1520,2.2211297879678383e-07,1.2959999999999997e-10,0.0002666899951471942,17769038.30374217,0.0,0.0,17769038.30374217,0.0,0.0,0.0,869463095034.6113,-774.825253943178,104.20770037694082,170.04374779963075,278.69935106413385,-642.5360158494665,-345.0667467405758,-172.36708660863164,118.23312796944211,1417.3802093802688,1442.5005402726508,0.0001604309801096401
1521,2.2226297879678384e-07,1.5e-10,0.00026697682108316266,17781038.30374217,0.0,0.0,17781038.30374217,0.0,0.0,0.0,869807312034.7446,-751.7029661121699,109.77785786076161,174.74105421226668,286.6153889688578,-657.9924824989043,-341.63916331376316,-166.25578725623276,125.11740078337,1409.7040766406355,1434.6469205005315,0.0001606461771477152
1522,2.2241297879678385e-07,1.5e-10,0.00026726933205452357,17793038.30374217,0.0,0.0,17793038.30374217,0.0,0.0,0.0,870128445937.2611,-819.2897504594122,106.33827091747729,169.3650087258828,279.7555438438461,-627.8855341733959,-353.395305184427,-168.4147106926648,118.76709697977383,1447.1796630434173,1474.6445408601196,0.0001608673738288442
1523,2.2256297879678386e-07,1.5e-10,0.00026755961991285727,17805038.30374217,0.0,0.0,17805038.30374217,0.0,0.0,0.0,870414395759.9738,-776.1289741024523,100.27120229822175,176.07819802900676,280.6778979174475,-656.4540208144865,-357.1216736019822,-156.13309019611947,114.2364941059305,1432.6024419928399,1457.8327384714821,0.00016108604873961495
1524,2.2271297879678387e-07,1.5e-10,0.0002678476424137291,17817038.30374217,0.0,0.0,17817038.30374217,0.0,0.0,0.0,870731985685.6453,-763.8582319076834,97.72799526311346,178.40271178963332,288.959823841698,-653.7747669041354,-349.1733208415968,-158.31135893547898,125.55458457024024,1417.6524405048942,1442.3609169045828,0.00016130240287715063
1525,2.2286297879678388e-07,1.5e-10,0.0002681397038036457,17829038.30374217,0.0,0.0,17829038.30374217,0.0,0.0,0.0,871067517519.8323,-775.0172924546313,98.05679414213974,179.0278527267727,274.5022967511982,-670.0410847023314,-353.3266251640148,-163.7033376025486,118.8679691345269,1445.0777188399043,1468.5274850360443,0.00016152268199990603
1526,2.230129787967839e-07,1.5e-10,0.0002684319707671511,17841038.30374217,0.0,0.0,17841038.30374217,0.0,0.0,0.0,871416436838.3535,-781.0006425468314,90.88862170767196,174.02231836090124,280.669910841639,-665.2907908253129,-357.4484276814082,-149.99944536476727,123.7455570190212,1446.3108239743237,1469.9237567999537,0.000161743170563426
1527,2.231629787967839e-07,1.5e-10,0.0002687227998512489,17853038.30374217,0.0,0.0,17853038.30374217,0.0,0.0,0.0,871758573059.6993,-781.0501687267541,93.22870162373245,168.66746229235287,271.8686992625299,-656.1002408296566,-353.95739396923994,-164.2358311373008,123.10875153610279,1437.1697620967786,1460.42624845649,0.00016196223450069448
1528,2.2331297879678392e-07,1.5e-10,0.0002690152954323352,17865038.30374217,0.0,0.0,17865038.30374217,0.0,0.0,0.0,872110156818.4595,-774.6319788274899,99.48383149484842,173.24408741156594,283.28219162124736,-672.9068855368072,-367.4013139531204,-157.99411547459812,131.21301732215932,1447.5586522261544,1471.8578014741895,0.0001621830131709156
1529,2.2346297879678393e-07,1.5e-10,0.000269308556426022,17877038.30374217,0.0,0.0,17877038.30374217,0.0,0.0,0.0,872471780884.8915,-775.9194547538992,96.9430643558557,168.689784358283,282.15098890989026,-677.25531895553,-346.8257021439566,-150.4884675885924,132.07051198586487,1453.1940409458252,1475.9359467552156,0.0001624044035629289
1530,2.2361297879678394e-07,1.5e-10,0.00026960376157696955,17889038.30374217,0.0,0.0,17889038.30374217,0.0,0.0,0.0,872811828734.8245,-778.2471515804336,89.33902554529071,158.19811639545927,272.9823423895611,-688.3714157610206,-365.5881050931989,-156.1855372466897,126.82221117401821,1466.6380512976057,1488.779365030728,0.0001626277204676835
1531,2.2376297879678395e-07,1.5e-10,0.0002699017924377121,17901038.30374217,0.0,0.0,17901038.30374217,0.0,0.0,0.0,873148048540.2548,-761.1222567397111,79.89524091004557,161.65508836789377,275.01242358339044,-724.7096344033803,-357.12552582987064,-146.2437331385437,109.78226199570547,1485.850875510687,1506.8624784260994,0.00016285374983944742
1532,2.2391297879678396e-07,1.5e-10,0.000270190319652339,17913038.30374217,0.0,0.0,17913038.30374217,0.0,0.0,0.0,873379259462.612,-763.4909342577146,83.04387169520399,149.0977814524679,274.59674589474844,-658.7320118644083,-374.17697364151536,-165.52425875813404,129.1361192359278,1422.1134589349583,1445.3059170177798,0.0001630705457270001
1533,2.2406297879678397e-07,1.5e-10,0.0002704891477883018,17925038.30374217,0.0,0.0,17925038.30374217,0.0,0.0,0.0,873413073358.2059,-781.1108035426944,91.5887063273449,160.41291350340336,277.67841461735173,-709.5764629724446,-359.4294775850006,-145.4984145038897,129.38935942317707,1490.707234515106,1512.302980155062,0.00016329739117402337
1534,2.2421297879678399e-07,1.5e-10,0.000270788919388406,17937038.30374217,0.0,0.0,17937038.30374217,0.0,0.0,0.0,873739834524.783,-776.6939965754382,87.63983858715063,164.83161813241057,284.13461404828587,-720.1001220161244,-356.0961812904307,-128.134136252135,129.7085314010678,1496.813117100625,1518.256547487728,0.00016352512965614653
1535,2.24362978796784e-07,1.5e-10,0.00027108893409765334,17949038.30374217,0.0,0.0,17949038.30374217,0.0,0.0,0.0,874069025746.8816,-792.2777914232195,85.98665124915604,167.9474517870665,279.21661505912937,-706.5311853638767,-346.642505515738,-126.5490011738673,141.86034999939898,1498.8280637771597,1519.1856313535868,0.00016375300750084957
1536,2.24512978796784e-07,1.5e-10,0.00027138813101328573,17961038.30374217,0.0,0.0,17961038.30374217,0.0,0.0,0.0,874309948854.463,-778.6892681031618,86.11063527396348,162.12033994479046,269.18541475357983,-715.0507960005182,-361.1743524299113,-146.05136109127028,132.8542529802073,1493.7601615842211,1513.9981988068935,0.0001639801072306706
1537,2.2466297879678402e-07,1.5e-10,0.00027168592176207197,17973038.30374217,0.0,0.0,17973038.30374217,0.0,0.0,0.0,874649399292.2737,-781.701889235514,75.61208389560915,165.327337548447,269.9069925395181,-702.6100664802862,-363.2994538389499,-136.30394583404524,128.6009987237215,1484.332062942297,1504.5741367294318,0.00016420579335118
1538,2.2481297879678403e-07,1.5e-10,0.0002719855288096251,17985038.30374217,0.0,0.0,17985038.30374217,0.0,0.0,0.0,874990110425.3033,-780.090392021492,72.05941473208765,152.2456649385699,265.9517405905822,-717.1790530868316,-365.3424838636754,-146.48827063455167,137.23241412697868,1497.2894458090464,1516.1182769945622,0.0001644332110927292
1539,2.2496297879678404e-07,1.5e-10,0.0002722873678068013,17997038.30374217,0.0,0.0,17997038.30374217,0.0,0.0,0.0,875344499764.7643,-780.1297667585649,107.87658218098903,168.08677664274808,270.07335960673777,-730.3476808347596,-369.4630312847157,-152.63256506075248,133.08761199317058,1510.4941477959737,1532.5538431886562,0.00016466309416920749
1540,2.2511297879678405e-07,1.5e-10,0.0002725860140564651,18009038.30374217,0.0,0.0,18009038.30374217,0.0,0.0,0.0,875650938716.0397,-754.7313889054234,108.66510769579338,154.57808291599065,275.53892157817734,-734.7462192192164,-357.98811842460117,-146.49103976151966,134.6107016278757,1489.4237551029223,1511.432521743746,0.00016488980904746903
1541,2.2526297879678406e-07,1.5e-10,0.0002728869744134297,18021038.30374217,0.0,0.0,18021038.30374217,0.0,0.0,0.0,875852049924.8707,-788.0681155182543,111.11408401674711,162.4656360183979,271.23187560710113,-716.1247614415339,-374.3891202184617,-135.8420865159334,141.71758376042496,1504.2104098350562,1526.881709182826,0.00016511884130384645
1542,2.2541297879678408e-07,1.5e-10,0.0002731851402592288,18033038.30374217,0.0,0.0,18033038.30374217,0.0,0.0,0.0,876110504581.0458,-789.5550384061376,103.7857717615629,168.02753533322777,262.1977650375181,-696.2653831247487,-382.35360686734066,-138.19612155394995,143.46876931159682,1485.8316688570658,1508.1618623618128,0.00016534506558320072
1543,2.2556297879678409e-07,1.5e-10,0.00027348186287619563,18045038.30374217,0.0,0.0,18045038.30374217,0.0,0.0,0.0,876369908084.9117,-797.126498175101,125.92883308764057,175.19399671120246,297.70371079121014,-676.3854832585158,-387.4678225031157,-126.5891641182028,148.3491418466344,1473.5317112247526,1501.9334278971846,0.0001655703555973853
1544,2.257129787967841e-07,1.5e-10,0.0002737794911266669,18057038.30374217,0.0,0.0,18057038.30374217,0.0,0.0,0.0,876644302870.448,-764.007039568306,124.94676753057554,174.11737624085342,288.9824787483504,-716.9623616265749,-382.7095373588754,-142.73294587427102,159.41654114273257,1480.9887962001678,1506.0236124192152,0.00016579625913924818
1545,2.258629787967841e-07,1.5e-10,0.0002740826621870477,18069038.30374217,0.0,0.0,18069038.30374217,0.0,0.0,0.0,876947137970.0256,-796.9289666017822,107.26031261743181,171.40064509025927,282.9026064940381,-721.6656059347131,-388.87412366574614,-147.79585188353894,152.94019723988268,1518.6138714142583,1541.9272937302032,0.00016602754823330772
1546,2.2601297879678412e-07,1.5e-10,0.00027438427981157275,18081038.30374217,0.0,0.0,18081038.30374217,0.0,0.0,0.0,877244525943.2471,-789.4900406260185,115.3618048409536,175.19325935306335,282.8269615624745,-718.7120185008082,-380.0795834151148,-149.84010065852937,160.1628355237777,1508.2288476172628,1531.529948068154,0.00016625727772551793
1547,2.2616297879678413e-07,1.5e-10,0.00027468397902819387,18093038.30374217,0.0,0.0,18093038.30374217,0.0,0.0,0.0,877540192283.1809,-790.80225335584,123.28981212608797,170.50070824468955,282.86279039872187,-703.3504001338023,-396.9624168217492,-146.9070795157814,135.6446471754249,1494.2022761871604,1520.8796177952515,0.00016648540966818722
1548,2.2631297879678414e-07,1.5e-10,0.00027498541170833767,18105038.30374217,0.0,0.0,18105038.30374217,0.0,0.0,0.0,877812418339.2697,-783.8343408338006,106.0779096717212,170.0954404311802,269.8327755785361,-724.1604316861634,-366.54273838068434,-137.91782559801115,156.43245109767827,1508.0132055747745,1528.8674937962119,0.00016671473979225666
1549,2.2646297879678415e-07,1.5e-10,0.00027528918902923217,18117038.30374217,0.0,0.0,18117038.30374217,0.0,0.0,0.0,878027355565.8221,-787.4739126697119,120.57939812817648,174.4334756787627,281.1132858887196,-734.7068650412865,-381.5016908598815,-139.04182582370774,145.24944992715228,1522.1986770936462,1546.2234647744667,0.00016694667331197284
1550,2.2661297879678417e-07,1.5e-10,0.00027559326864284004,18129038.30374217,0.0,0.0,18129038.30374217,0.0,0.0,0.0,878307332954.7522,-800.1577040461502,126.13717785460936,166.76183560954007,282.4340048407499,-723.6744702326057,-380.82668781325646,-149.78230901554616,136.4013457083315,1523.84951695434,1549.0977314317731,0.0001671790379716876
1551,2.2676297879678418e-07,1.5e-10,0.0002758953006812956,18141038.30374217,0.0,0.0,18141038.30374217,0.0,0.0,0.0,878448523509.1978,-798.2702833055847,127.31878439778968,168.5036919465021,275.74786677836454,-712.294945839309,-372.8134101229781,-155.9534493963102,140.56918436134234,1510.5822063575317,1535.086738999899,0.0001674093009825376
1552,2.269129787967842e-07,1.5e-10,0.00027619938122403186,18153038.30374217,0.0,0.0,18153038.30374217,0.0,0.0,0.0,878692154290.0171,-811.2696352819385,124.59330992107071,163.35576078087294,287.38063454259543,-712.6485577843141,-368.2608674698367,-149.6814691482051,141.7656905745785,1523.935183886484,1548.9802288155897,0.00016764164801685993
1553,2.270629787967842e-07,1.5e-10,0.00027649976037498377,18165038.30374217,0.0,0.0,18165038.30374217,0.0,0.0,0.0,878948338484.1085,-804.0156724170641,120.36722909926222,172.75868666800594,265.68477719938727,-695.7590625193143,-370.7495721958717,-146.3313082555672,136.1566091115772,1499.792963250236,1523.6546011258063,0.0001678701962070288
1554,2.272129787967842e-07,1.5e-10,0.00027680151809196583,18177038.30374217,0.0,0.0,18177038.30374217,0.0,0.0,0.0,879193830315.7552,-804.7902436790421,134.2318114825229,153.12561299787922,273.819482636283,-703.6703328495021,-357.09994354116105,-135.302149400344,131.10535402103932,1508.475215437997,1533.4678115812578,0.00016810021637876597
1555,2.2736297879678422e-07,1.5e-10,0.00027710791283653207,18189038.30374217,0.0,0.0,18189038.30374217,0.0,0.0,0.0,879342674720.363,-812.9477232640595,140.1518517953399,141.0511807047129,276.79866629050156,-726.5190883666041,-355.68836699862385,-140.27799563691278,131.4289888923844,1539.480978927697,1564.3499121593265,0.00016833486886558987
1556,2.2751297879678423e-07,1.5e-10,0.0002774129349446659,18201038.30374217,0.0,0.0,18201038.30374217,0.0,0.0,0.0,879662314248.714,-802.7997999774418,143.2652883651002,132.6024179709153,275.98209778593474,-727.4736628669395,-359.53384194982027,-142.00161469952013,129.01062122492786,1530.2867025848846,1555.6309923651515,0.00016856821351444464
1557,2.2766297879678424e-07,1.5e-10,0.0002777188788234595,18213038.30374217,0.0,0.0,18213038.30374217,0.0,0.0,0.0,879987192403.307,-814.8059935787608,141.85625971465208,137.94126929181343,280.31426120545615,-721.1734095853764,-356.65142174760376,-123.96692736974424,130.4757717310205,1535.992016094794,1561.6360427844224,0.0001688024589208623
1558,2.2781297879678426e-07,1.5e-10,0.0002780289132908177,18225038.30374217,0.0,0.0,18225038.30374217,0.0,0.0,0.0,880237446582.8804,-822.7054614573722,145.00659304160135,140.6457073586022,277.74170875150696,-740.7299971034337,-356.07445943371266,-139.62342432173034,124.15530634915612,1563.4478677296938,1588.7408583904169,0.00016904077004962085
1559,2.2796297879678427e-07,1.5e-10,0.00027833618072123524,18237038.30374217,0.0,0.0,18237038.30374217,0.0,0.0,0.0,880255075607.4893,-812.5216522220547,152.03763526763538,131.9764718482539,268.2124063555622,-732.5934226240314,-371.25641974768007,-127.36920485613668,145.72787344906712,1545.12444162827,1570.1467708706352,0.00016927629206525146
1560,2.2811297879678428e-07,1.5e-10,0.0002786429329844161,18249038.30374217,0.0,0.0,18249038.30374217,0.0,0.0,0.0,880576955169.8201,-803.4635199831257,156.04662332356997,127.94909348840068,266.55212950361715,-738.2196600387268,-378.24696427085195,-128.06351054829295,149.12723000207694,1541.662367779144,1566.9051314496016,0.0001695113278349689
1561,2.282629787967843e-07,1.5e-10,0.00027895007310764215,18261038.30374217,0.0,0.0,18261038.30374217,0.0,0.0,0.0,880736773188.7043,-802.961577683105,150.14133627410828,123.00124404849575,251.51540539910596,-741.6218822314104,-387.4547598585457,-125.56649085748082,139.61881965887395,1544.852161322178,1569.011832910617,0.00016974667960990549
1562,2.284129787967843e-07,1.5e-10,0.0002792587870535898,18273038.30374217,0.0,0.0,18273038.30374217,0.0,0.0,0.0,880908328508.1016,-824.7703920501683,160.75393768145338,128.939654719127,258.3118338314115,-729.9627412149252,-374.02269780174294,-133.33034380058874,150.53117466419246,1554.9189521927233,1579.8009750201713,0.0001699836497561585
1563,2.285629787967843e-07,1.5e-10,0.0002795663861487383,18285038.30374217,0.0,0.0,18285038.30374217,0.0,0.0,0.0,881069057327.3489,-833.9678439897789,164.9114359847423,107.2022833703002,256.8390076661909,-713.6504207389443,-361.6388504499554,-138.11738781670385,152.63826453391835,1547.758207451565,1573.0246807179012,0.0001702196034582662
1564,2.2871297879678432e-07,1.5e-10,0.0002798767087176681,18297038.30374217,0.0,0.0,18297038.30374217,0.0,0.0,0.0,881210418516.3447,-824.6345023175439,163.79724217023193,101.80783493541051,235.83332322887412,-741.687067011117,-378.17209645891296,-145.889707435577,127.5228742487352,1566.4322987602675,1590.8212409157063,0.00017045822664440356
1565,2.2886297879678433e-07,1.5e-10,0.0002801849006891273,18309038.30374217,0.0,0.0,18309038.30374217,0.0,0.0,0.0,881207609326.2511,-821.2116039336223,166.0338145682187,104.4828023270274,233.2781421498944,-730.5757464711313,-381.399119568767,-122.83903795190153,134.25841495392115,1551.877179767241,1576.2582190894045,0.00017069466537726697
1566,2.2901297879678435e-07,1.5e-10,0.0002804929435406884,18321038.30374217,0.0,0.0,18321038.30374217,0.0,0.0,0.0,881480175891.8896,-803.4923597720106,173.52145520839682,96.02103267846603,247.20594916015108,-746.7551337558441,-392.3616411512614,-123.9559449335944,141.76784919847034,1550.3231883693104,1576.2909563773696,0.00017093110902072358
1567,2.2916297879678436e-07,1.5e-10,0.00028080321103267564,18333038.30374217,0.0,0.0,18333038.30374217,0.0,0.0,0.0,881770095057.9352,-813.6647471520381,186.8091637599001,93.56888646342435,242.1343954626525,-751.024775263148,-393.0626183180302,-121.51484610798018,141.73622129947051,1564.8352864551923,1591.3866622751793,0.00017116981702006487
1568,2.2931297879678437e-07,1.5e-10,0.0002811156558314163,18345038.30374217,0.0,0.0,18345038.30374217,0.0,0.0,0.0,882038158053.4685,-836.3856006261149,182.58783681183905,96.6646127969504,251.52952881204064,-742.6362313452645,-392.5781269036174,-124.92146147516242,149.13536061835313,1579.0906129086102,1605.9964647870027,0.0001714107164897829
1569,2.2946297879678438e-07,1.5e-10,0.00028142748118811973,18357038.30374217,0.0,0.0,18357038.30374217,0.0,0.0,0.0,882321789644.8975,-833.5628801997435,196.5772663132829,86.31896707503627,239.2177199043554,-741.123905203262,-391.73380333492645,-113.89970204691167,140.79148864056407,1574.7089546699697,1602.212015965741,0.00017165104829217778
1570,2.296129787967844e-07,1.5e-10,0.0002817363274418118,18369038.30374217,0.0,0.0,18369038.30374217,0.0,0.0,0.0,882518346571.5695,-829.0446949932322,195.45270382299324,83.96554687376003,238.7469787075812,-725.581552083942,-405.31662573107735,-113.24286339466464,148.69624408786788,1554.6725521932533,1582.9109708566596,0.00017188848493780628
1571,2.297629787967844e-07,1.5e-10,0.0002820481610561428,18381038.30374217,0.0,0.0,18381038.30374217,0.0,0.0,0.0,882671531712.2098,-833.3169755314723,193.35881901265446,79.38911284467969,245.7850701009039,-741.6452062045222,-395.72147446787,-122.6648630377518,154.50932473323616,1575.0020668608072,1602.4019528509823,0.00017212884523073392
1572,2.2991297879678441e-07,1.5e-10,0.0002823560737376014,18393038.30374217,0.0,0.0,18393038.30374217,0.0,0.0,0.0,882539350280.511,-798.9288214068324,186.24035834599982,104.53230318162679,228.03139813008588,-750.9181957863399,-389.4342457698898,-126.7649515838621,152.5944958167989,1549.8968564225318,1574.4734330349452,0.00017236501624568915
1573,2.3006297879678442e-07,1.5e-10,0.00028266651286845744,18405038.30374217,0.0,0.0,18405038.30374217,0.0,0.0,0.0,882722420325.4272,-815.703952973627,197.3300158084917,98.30956746389553,254.593918560688,-749.0673587983048,-405.78559901356,-127.17091196387652,146.69824853249142,1564.802645652192,1593.9844006293686,0.00017260411390578357
1574,2.3021297879678444e-07,1.5e-10,0.000282976976149813,18417038.30374217,0.0,0.0,18417038.30374217,0.0,0.0,0.0,882941885466.5085,-827.8205867143246,182.80071412351958,92.73035922324772,247.5692679318959,-738.3757641510289,-390.9613876907407,-143.5652242954614,148.4204945028552,1566.2246241917685,1593.0807807961578,0.000172843076022903
1575,2.3036297879678445e-07,1.5e-10,0.00028328737808558954,18429038.30374217,0.0,0.0,18429038.30374217,0.0,0.0,0.0,883179841496.9131,-826.6810020453368,197.82616494227824,88.38337709690121,254.1710710236294,-738.2129503734234,-403.37868951229245,-145.02142365511398,155.4540292555077,1564.919977506457,1594.1188535032181,0.0001730821938509285
1576,2.3051297879678446e-07,1.5e-10,0.00028359205661677913,18441038.30374217,0.0,0.0,18441038.30374217,0.0,0.0,0.0,883431748039.2262,-808.8343144830399,195.81383853649214,89.68250473691218,251.12567567150293,-718.2875192279856,-402.0168367105691,-146.0191227181401,170.6896681964774,1527.1316419317452,1555.7423655053954,0.0001733155552057543
1577,2.3066297879678447e-07,1.5e-10,0.0002839039574487536,18453038.30374217,0.0,0.0,18453038.30374217,0.0,0.0,0.0,883566616272.6094,-818.4449083290772,189.67362946267863,117.47194327656223,253.94496994725003,-758.3047561954585,-389.83523156223964,-149.22397713929016,138.77150530193651,1574.2537794254702,1602.825101145703,0.00017355597897092618
1578,2.3081297879678448e-07,1.5e-10,0.0002842152792174451,18465038.30374217,0.0,0.0,18465038.30374217,0.0,0.0,0.0,883383791302.0793,-830.8740160025955,187.53493484087414,99.8874521272603,269.47332035786576,-740.3275196615916,-386.5589509859184,-157.2966294267276,146.87351334912665,1570.8735677219709,1600.1835241810418,0.00017379600649955332
1579,2.3088797879678449e-07,7.5e-11,0.0002843682755170721,18471038.30374217,0.0,0.0,18471038.30374217,0.0,0.0,0.0,883058082640.9633,-773.4842528858361,202.0194285864752,123.53164867725913,252.2915930033831,-762.4918058268602,-386.25072063882425,-159.0129427523497,157.84277347886342,1535.9822014564013,1563.9323887885657,0.00017391330142871246
1580,2.309629787967845e-07,7.5e-11,0.00028452250070454645,18477038.30374217,0.0,0.0,18477038.30374217,0.0,0.0,0.0,883085116004.7513,-835.4347873404578,175.0023470230713,100.4611057942826,272.456016458611,-716.4521522579455,-389.50005433018885,-155.29544486313313,149.56178670343502,1551.9003806181788,1581.1489164038835,0.00017403188759744276
1581,2.310529787967845e-07,9e-11,0.0002847114160617643,18484238.30374217,0.0,0.0,18484238.30374217,0.0,0.0,0.0,882987533517.065,-808.478139610392,214.40590603300882,89.17958841981442,291.15152747264375,-784.7604156156119,-396.5382309609747,-174.34844919591555,143.1986081923526,1593.245589093912,1627.1506441740235,0.00017417833115541842
1582,2.3116097879678448e-07,1.0799999999999999e-10,0.000284931278878097,18492878.30374217,0.0,0.0,18492878.30374217,0.0,0.0,0.0,882996401083.237,-808.8962321462435,189.16824269894545,116.80619218135674,262.87740469929093,-722.407306396402,-393.2418394348683,-150.92728239825576,166.13817536570178,1531.3096753174757,1559.8370743163462,0.00017434679355944458
1583,2.3129057879678447e-07,1.2959999999999997e-10,0.00028520088353030344,18503246.30374217,0.0,0.0,18503246.30374217,0.0,0.0,0.0,883075739121.1578,-823.5745789444803,196.90386015707833,113.18067082291878,260.16168462308787,-751.9793471217384,-405.38103459898315,-157.53423772324308,156.6220699057018,1575.5608696513334,1604.6845310686049,0.00017455476067467106
1584,2.3144057879678448e-07,1.5e-10,0.000285513906939551,18515246.30374217,0.0,0.0,18515246.30374217,0.0,0.0,0.0,883155162741.2567,-834.2150776011064,199.23295015418992,111.78671580002808,267.8859153640503,-747.570955436667,-400.20550466803945,-145.03624236242987,167.72215529392614,1581.7936155602827,1611.112495135938,0.00017479642754894144
1585,2.315905787967845e-07,1.5e-10,0.00028583127977433646,18527246.30374217,0.0,0.0,18527246.30374217,0.0,0.0,0.0,883172014491.0898,-841.714918359963,194.2570628390348,122.13140557152936,266.8399742809354,-769.1306223868013,-407.4912712774852,-156.77201723825036,156.2436386135561,1610.8562614311234,1639.790987563766,0.000175042396197076
1586,2.317405787967845e-07,1.5e-10,0.0002861427682990853,18539246.30374217,0.0,0.0,18539246.30374217,0.0,0.0,0.0,883236270346.8518,-838.8445392139034,222.48801881343664,119.28399001823284,264.1491981151297,-730.5001520218093,-429.09686834055725,-166.9283671827889,145.3440982567169,1569.8926814365568,1604.5049839652002,0.00017528307194467077
1587,2.3189057879678452e-07,1.5e-10,0.00028645535097501036,18551246.30374217,0.0,0.0,18551246.30374217,0.0,0.0,0.0,883217383578.4801,-838.8336558197328,184.38070240841978,129.18719825665457,247.2537179425826,-740.8872571026059,-410.0652804231263,-148.51699891225508,162.67819267192635,1579.6423488156695,1606.60447790786,0.00017552406261635696
1588,2.3204057879678453e-07,1.5e-10,0.00028677594380545514,18563246.30374217,0.0,0.0,18563246.30374217,0.0,0.0,0.0,883367572656.1311,-836.4622065907272,198.51438872124592,129.1228287930101,255.21233577018663,-789.8838538019643,-427.30797416623375,-159.5933196706948,184.4188069381395,1636.256763743477,1660.0838315965357,0.00017577307519109643
1589,2.3211557879678453e-07,7.5e-11,0.0002869356086404702,18569246.30374217,0.0,0.0,18569246.30374217,0.0,0.0,0.0,882914837684.7479,-850.4786546434864,172.00165600539273,138.3723252856698,278.7950325805195,-773.8256238908167,-406.60782001315,-159.77147407168513,164.62852256177922,1624.3023573031196,1651.583677431372,0.0001758969439669038
1590,2.3219057879678454e-07,7.5e-11,0.0002870922002131327,18575246.30374217,0.0,0.0,18575246.30374217,0.0,0.0,0.0,882866231359.0298,-821.755611115339,188.62695570253686,151.14323155752132,267.80672470042583,-761.206356384503,-428.1563168865738,-171.74334431889434,181.33140197545214,1582.9798780392562,1611.4966128030019,0.000176017806212864
1591,2.3228057879678454e-07,9e-11,0.00028728528670835256,18582446.30374217,0.0,0.0,18582446.30374217,0.0,0.0,0.0,882964970361.8752,-856.4546858999836,192.78845034177562,156.38921831151222,260.26440822961837,-783.5765420621357,-435.04814946709905,-142.48985686966455,175.039590161169,1640.0544620199983,1668.095267577579,0.000176167934786946
1592,2.3238857879678453e-07,1.0799999999999999e-10,0.0002875079937646152,18591086.30374217,0.0,0.0,18591086.30374217,0.0,0.0,0.0,883003433820.6338,-826.9308357367895,207.6990346249966,109.24775768049109,293.9258029755646,-728.1539630969644,-442.1825852083202,-180.8045102370831,169.99576441462122,1555.1010729508414,1591.1796261752947,0.00017633978218657294
1593,2.3251817879678452e-07,1.2959999999999997e-10,0.00028777965210081486,18601454.30374217,0.0,0.0,18601454.30374217,0.0,0.0,0.0,883118605853.1187,-836.7003752766724,189.1321887503693,151.70198403098274,271.6089484248578,-753.6085242921891,-439.52008295429783,-159.17267174115736,172.56727043010443,1590.3253838720138,1620.4791797179673,0.00017654979628826438
1594,2.3259317879678453e-07,7.5e-11,0.0002879395898662392,18607454.30374217,0.0,0.0,18607454.30374217,0.0,0.0,0.0,883202856023.1141,-871.4671896515274,203.51141259639212,145.82858143901527,293.1730808352607,-753.1549535289148,-453.08063861462193,-156.23256999843147,160.7568692278629,1624.6385011133364,1659.7743146855846,0.0001766742793618658
1595,2.3266817879678453e-07,7.5e-11,0.00028809797680694335,18613454.30374217,0.0,0.0,18613454.30374217,0.0,0.0,0.0,883247390427.1753,-833.0109182083678,153.433110247092,113.50876189543914,254.81060968407743,-775.9600017154065,-443.752128370995,-180.32970799340023,173.97106255408642,1608.9884158629336,1634.3846416076847,0.00017679685820998637
1596,2.3275817879678453e-07,9e-11,0.0002882881028997015,18620654.30374217,0.0,0.0,18620654.30374217,0.0,0.0,0.0,883249982762.7466,-836.7451921619356,185.49010655004375,141.52014747001564,277.38144345294927,-770.2566436030462,-452.22322771827265,-162.0123534419903,189.68383945665465,1607.0193706806142,1636.611853334349,0.00017694415327678645
1597,2.3286617879678452e-07,1.0799999999999999e-10,0.00028851199704017636,18629294.30374217,0.0,0.0,18629294.30374217,0.0,0.0,0.0,883402456610.1544,-838.3382382029472,195.26202343693376,146.25047730808737,295.7740828823875,-727.4607471052544,-447.81607130720624,-152.30249248540284,184.21156821637496,1565.8176413764197,1599.8156634606637,0.0001771169333684402
1598,2.3293097879678453e-07,6.479999999999999e-11,0.00028864802848143115,18634478.30374217,0.0,0.0,18634478.30374217,0.0,0.0,0.0,883478204277.3566,-840.8912005134725,180.6322237897057,131.32816801170458,274.1950618148582,-752.9814963599212,-451.6614601768795,-156.3144299696013,187.96002943458572,1593.8909890265502,1623.3880083861113,0.00017722212891138362
1599,2.3299577879678454e-07,6.479999999999999e-11,0.0002887834058848893,18639662.30374217,0.0,0.0,18639662.30374217,0.0,0.0,0.0,883570453847.5857,-818.8928588543685,192.41178354006686,130.1118828018048,290.8280929499349,-763.5262623514398,-451.76548967663405,-152.4670500179479,168.59996946905991,1582.437914531652,1615.5018297138517,0.00017732681342994908
1600,2.3307353879678455e-07,7.775999999999999e-11,0.0002889466160650566,18645883.10374217,0.0,0.0,18645883.10374217,0.0,0.0,0.0,883696362644.4174,-851.5242374159986,208.5348275694721,147.16597544663455,289.9511414269116,-738.7677542785514,-460.6190007017928,-146.11266010087988,171.89628768536176,1591.0150002790801,1626.4737195678342,0.00017745328802638266
1601,2.3312019479678455e-07,4.665599999999999e-11,0.00028904458312747113,18649615.58374217,0.0,0.0,18649615.58374217,0.0,0.0,0.0,883725159296.3221,-827.4394417116699,176.07238328613573,122.38572204592798,283.94250332353306,-766.8909352792377,-446.562898761865,-151.40237025710186,181.69489131668277,1594.4499512096063,1624.059470339238,0.0001775290601450308
1602,2.3316685079678454e-07,4.665599999999999e-11,0.0002891435550134952,18653348.063742172,0.0,0.0,18653348.063742172,0.0,0.0,0.0,883754442567.0076,-828.4235750754161,183.27420549371476,114.96181406192646,258.67694185851934,-788.8922455703872,-422.48537192035155,-151.05396176075803,175.67671093544752,1617.355015270857,1643.82538158973,0.00017760575446203425
1603,2.3322283799678455e-07,5.5987199999999985e-11,0.0002892613126261095,18657827.03974217,0.0,0.0,18657827.03974217,0.0,0.0,0.0,883825413772.8518,-839.6172919996243,168.12822600061975,133.59262054825743,272.57563403030645,-758.7430998849513,-440.5457420874098,-141.39975217724728,176.71949680529164,1598.3188396427142,1626.2869708694682,0.0001776968057159297
1604,2.3329002263678454e-07,6.718463999999998e-11,0.00028940209984232486,18663201.810942173,0.0,0.0,18663201.810942173,0.0,0.0,0.0,883925059560.3945,-852.7692301408944,190.72957421572005,132.9205072384046,282.9081403106217,-736.3304397500593,-436.808998701351,-130.24068806211557,189.8773807992224,1589.2031208646338,1620.2102704545603,0.00017780565895967452
1605,2.3337064420478455e-07,8.062156799999998e-11,0.0002895714666795016,18669651.536382172,0.0,0.0,18669651.536382172,0.0,0.0,0.0,884026811081.5952,-824.8310077174839,187.79371714231863,111.4714962400766,264.516807455487,-770.7072291099482,-447.86181214264406,-149.74455767446304,177.18698378399426,1595.827337598359,1624.9426586849322,0.00017793666438472777
1606,2.3346739008638454e-07,9.674588159999996e-11,0.00028977809803261656,18677391.20691017,0.0,0.0,18677391.20691017,0.0,0.0,0.0,884007259824.469,-836.6937706468092,156.56859569199156,156.16828394566514,249.82657105726256,-795.3297105369397,-457.56983885969805,-131.6054842520897,183.50681009642332,1632.0335994726302,1656.6180282571593,0.00017809693535634596
1607,2.3358348514430455e-07,1.1609505791999995e-10,0.0002900222255590576,18686678.81154377,0.0,0.0,18686678.81154377,0.0,0.0,0.0,884188942822.4664,-808.7526715917567,201.38146776672963,122.44114548839593,297.0211593260727,-787.7753418263123,-440.7327405801466,-144.32015345658974,197.11192939330041,1596.5382318347895,1628.4394745419168,0.00017828598913146213
1608,2.3372279921380855e-07,1.3931406950399993e-10,0.000290316339836103,18697823.93710409,0.0,0.0,18697823.93710409,0.0,0.0,0.0,884386499404.5242,-838.6858355819854,165.52834645398346,125.64297768891453,267.7721539223498,-767.9744895097592,-459.94089965536045,-170.34022248633255,180.176752015851,1606.6722940235256,1634.7440534709826,0.00017851373197814863
1609,2.3387279921380856e-07,1.5e-10,0.0002906366720233934,18709823.93710409,0.0,0.0,18709823.93710409,0.0,0.0,0.0,884666596903.3088,-829.7099300811684,177.90651503217444,120.12206625375447,299.55122774480526,-800.5330596330681,-447.10488466273836,-183.79556311507642,185.83707774916058,1630.2560312158666,1660.7522419255922,0.00017876284481443746
1610,2.3402279921380858e-07,1.5e-10,0.00029095122808626235,18721823.93710409,0.0,0.0,18721823.93710409,0.0,0.0,0.0,884895333332.2556,-816.9844693837589,177.21033874252566,144.5340147113068,293.0866321417002,-774.4700153957324,-459.62354119139036,-183.52875283005207,196.28222644212534,1591.4672955546093,1621.9452970677073,0.0001790061366089976
1611,2.3417279921380859e-07,1.5e-10,0.0002912717798940049,18733823.93710409,0.0,0.0,18733823.93710409,0.0,0.0,0.0,884814012002.2681,-830.3085864821546,174.37302594407848,164.90762511743466,295.83324090635267,-800.5144062660747,-474.16579706922613,-177.17907295320074,186.4425242580884,1630.858473223332,1661.7159052973198,0.0001792553939947922
1612,2.343227992138086e-07,1.5e-10,0.0002915883340103219,18745823.93710409,0.0,0.0,18745823.93710409,0.0,0.0,0.0,884972396697.9711,-801.7039175992919,186.9646374903945,129.68115557062757,298.9552083831627,-802.4936168350714,-447.96442012671105,-168.2025122374346,170.31486023461176,1604.1907057657495,1636.561157191313,0.00017950087816837092
1613,2.343977992138086e-07,7.5e-11,0.0002917485229145354,18751823.93710409,0.0,0.0,18751823.93710409,0.0,0.0,0.0,885021159950.8635,-854.6953282765488,186.94166831030878,126.83668376742523,326.23116957854904,-773.8011119003586,-436.36104984367097,-192.3713322184055,165.78313243863204,1628.5153372881175,1663.6829123522893,0.00017962565438679734
1614,2.344727992138086e-07,7.5e-11,0.00029190753092692726,18757823.93710409,0.0,0.0,18757823.93710409,0.0,0.0,0.0,884880382451.3458,-811.0230395368675,200.68219420910347,125.50672376223758,306.813107418193,-801.0318217556334,-497.7576076945474,-206.63775540709233,150.38189640325595,1612.0716427097677,1651.3806620494,0.00017974950793645105
1615,2.345627992138086e-07,9e-11,0.00029210034172123556,18765023.93710409,0.0,0.0,18765023.93710409,0.0,0.0,0.0,884970540820.7278,-820.3744173303733,192.425975033642,159.72012146282216,316.16392818412385,-814.3482259036226,-467.18514417045776,-178.0232283744357,174.30058009075583,1634.7487323328658,1669.5250155125668,0.0001798997651878472
1616,2.346707992138086e-07,1.0799999999999999e-10,0.0002923297430335418,18773663.93710409,0.0,0.0,18773663.93710409,0.0,0.0,0.0,884410545195.6389,-814.1222261993003,208.37370340729723,111.14156410076812,327.8378194625499,-802.241802864195,-439.4896218532572,-193.16088816344504,165.8218158418192,1616.3816557122698,1654.0150309253022,0.0001800783988111871
1617,2.348003992138086e-07,1.2959999999999997e-10,0.00029260383502843047,18784031.93710409,0.0,0.0,18784031.93710409,0.0,0.0,0.0,884549030192.9222,-801.9433226280896,204.14583732364656,121.2607168350127,324.31785052559485,-805.6606634827602,-445.06429009179635,-192.41040220574192,179.32265138109,1607.6219929316142,1644.0048767917913,0.00018029146184321933
1618,2.349503992138086e-07,1.5e-10,0.00029291540649678316,18796031.93710409,0.0,0.0,18796031.93710409,0.0,0.0,0.0,884726543522.7174,-802.0451643304041,224.08177117009515,122.50158500463141,350.9732018698871,-765.7981568141604,-443.2651164323896,-199.57136078202623,189.64934133671662,1567.8339210088088,1610.0312488351462,0.0001805329665305446
1619,2.351003992138086e-07,1.5e-10,0.00029323382255306446,18808031.93710409,0.0,0.0,18808031.93710409,0.0,0.0,0.0,884862011327.3455,-788.8452729196468,204.59175574859484,129.20838621578926,330.60139446930293,-827.0077688104828,-444.2257590384023,-210.41242932359256,193.22753403844965,1615.8729485864426,1652.327057427227,0.0001807808155891587
1620,2.3525039921380862e-07,1.5e-10,0.0002935514407383535,18820031.93710409,0.0,0.0,18820031.93710409,0.0,0.0,0.0,884985908666.6333,-814.3627229272741,199.21930256591077,128.19935517444785,331.64758920016345,-795.5658694967552,-452.03701134726066,-211.19351086165616,184.3286683782143,1609.9493079093606,1646.8629153662428,0.00018102784502646362
1621,2.3532539921380863e-07,7.5e-11,0.00029370856854418775,18826031.93710409,0.0,0.0,18826031.93710409,0.0,0.0,0.0,885014777685.7499,-802.0247795396454,194.65312998528034,130.8710248935552,336.8174822901904,-785.2426387501766,-464.96385475921596,-248.3384926234617,171.27375900592637,1587.2891839672384,1626.9795014610759,0.00018114986848907322
1622,2.3540039921380863e-07,7.5e-11,0.0002938712737069613,18832031.93710409,0.0,0.0,18832031.93710409,0.0,0.0,0.0,885067660524.0414,-852.4479633868954,225.43436152100506,157.26655629541975,356.8258929858369,-806.1992170061353,-476.4434332248463,-218.64564112638928,168.04130725758657,1658.6689381019787,1702.3044161127016,0.00018127754132028166
1623,2.3549039921380863e-07,9e-11,0.00029406494342570363,18839231.93710409,0.0,0.0,18839231.93710409,0.0,0.0,0.0,885135058654.5957,-831.4809628350625,201.85015320293635,149.70699648332783,345.8569713897746,-812.200275219032,-452.5472390340182,-215.1750641804386,191.28459074001418,1643.7033283035955,1681.0818296372754,0.00018142883868494902
1624,2.3559839921380862e-07,1.0799999999999999e-10,0.0002942961976667479,18847871.93710409,0.0,0.0,18847871.93710409,0.0,0.0,0.0,885280570038.2704,-837.5255831884818,199.68345697041826,157.33068393625422,330.5018570033007,-795.9797048965963,-456.4891554806582,-223.25387248484677,193.30835469266316,1633.5280202322515,1669.4909044194671,0.00018160914370262633
1625,2.3566319921380863e-07,6.479999999999999e-11,0.00029443578137306457,18853055.93710409,0.0,0.0,18853055.93710409,0.0,0.0,0.0,885347827397.6877,-833.2326350264635,204.3091343736364,160.6141272866524,355.05457497211916,-811.7243646874564,-456.0489435720973,-217.2672568490485,180.32741725241706,1644.9804490453594,1684.2789939696304,0.00018171828498143557
1626,2.3572799921380864e-07,6.479999999999999e-11,0.0002945743627812976,18858239.93710409,0.0,0.0,18858239.93710409,0.0,0.0,0.0,885436700900.9944,-802.9086796830737,206.26931184570964,175.75252278351886,340.0319720706476,-827.0217517047732,-468.74437285043484,-221.25142126766048,181.44056945874527,1629.9541490285135,1668.713518981243,0.00018182641761746554
1627,2.3580575921380865e-07,7.775999999999999e-11,0.0002947424239179949,18864460.73710409,0.0,0.0,18864460.73710409,0.0,0.0,0.0,885542489048.4244,-834.3286145543581,203.40933448413378,160.37889883351684,356.53358233698424,-818.2827323210853,-453.0773859488593,-229.1604321722804,191.17933687516373,1652.6353408434825,1691.2171584693076,0.00018195792666370812
1628,2.3589907121380865e-07,9.331199999999998e-11,0.00029494237243669284,18871925.697104093,0.0,0.0,18871925.697104093,0.0,0.0,0.0,885679054357.722,-823.6027460449318,204.5934849894852,169.0595911604333,355.19250157422414,-810.4704492764544,-461.7100365788365,-233.47691021123939,201.884540530126,1634.0964099305866,1672.9145274964567,0.00018211402966409788
1629,2.3595505841380865e-07,5.5987199999999985e-11,0.00029506286377825673,18876404.673104092,0.0,0.0,18876404.673104092,0.0,0.0,0.0,885754145908.5747,-808.9799520345875,196.88837029585378,177.1536410987831,337.7702163981539,-834.9180187131675,-482.5736672934475,-237.90262142221306,184.2372191284952,1643.9228044929075,1681.922766264344,0.00018220819581039728
1630,2.3601104561380866e-07,5.5987199999999985e-11,0.00029518733921390006,18880883.649104092,0.0,0.0,18880883.649104092,0.0,0.0,0.0,885838892734.4935,-902.6229351801505,232.53866320644087,161.0800156083535,390.9749502223298,-807.3858253687916,-497.8860405454796,-224.77624073459913,161.18758989745922,1710.033557922666,1759.5285247832505,0.00018230670688582003
1631,2.3607823025380865e-07,6.718463999999998e-11,0.00029533306144188354,18886258.420304094,0.0,0.0,18886258.420304094,0.0,0.0,0.0,885834563066.9751,-841.4123731170913,198.94128310553282,164.6445015428431,360.8809892260017,-818.5885834444275,-461.58437607428993,-230.50581280029547,189.13895534433144,1660.0268254086209,1698.9670802685127,0.00018242085137747972
1632,2.3615885182180866e-07,8.062156799999998e-11,0.0002955056279660877,18892708.145744093,0.0,0.0,18892708.145744093,0.0,0.0,0.0,885979356915.0905,-819.3355822973717,191.6240699997981,173.28719100999623,345.4852289201524,-813.1730340263548,-471.64710271026854,-236.9272734533141,202.82372338884974,1632.4696637659385,1669.3151523857534,0.00018255543418255123
1633,2.3625559770340865e-07,9.674588159999996e-11,0.000295716175804109,18900447.81627209,0.0,0.0,18900447.81627209,0.0,0.0,0.0,886124002599.7716,-848.4962409111527,195.6093750258088,171.78723548445845,371.2174544338262,-818.4446832006282,-459.703012382615,-232.2359847971674,188.37688709590992,1666.968353977137,1706.4316276051795,0.000182720524414754
1634,2.3637169276132866e-07,1.1609505791999995e-10,0.00029596454418313634,18909735.42090569,0.0,0.0,18909735.42090569,0.0,0.0,0.0,886332614001.8041,-828.4824088551641,210.30719000564397,174.53774100731104,370.38251000452783,-800.3975909427347,-484.5162641252367,-250.43801542697844,184.438829408343,1628.9022883060723,1672.69164189712,0.00018291471564780236
1635,2.3651100683083266e-07,1.3931406950399993e-10,0.0002962669736895104,18920880.54646601,0.0,0.0,18920880.54646601,0.0,0.0,0.0,886564240358.9183,-867.0293888789215,177.65542582906957,198.99336521120227,359.63260929913264,-794.7100475373334,-474.5754845123875,-228.42366008320727,191.03836043998314,1661.7673456153134,1698.9690343710652,0.00018315140593794187
1636,2.3666100683083267e-07,1.5e-10,0.00029659248244945114,18932880.54646601,0.0,0.0,18932880.54646601,0.0,0.0,0.0,886830926167.9817,-857.0842349461942,196.76853063438134,196.9113815466753,350.4113558100867,-804.4932855149193,-461.7512667609065,-240.68187646893242,195.89747788679438,1661.0338567109131,1698.3985135177086,0.00018340616571496952
1637,2.3681100683083269e-07,1.5e-10,0.00029692111850066014,18944880.54646601,0.0,0.0,18944880.54646601,0.0,0.0,0.0,887041643421.79,-862.8747825491893,202.7426248500752,193.8375238102213,367.3881703518333,-817.9380894714219,-483.9861414398872,-258.0693822502307,188.13462460951754,1680.8408762476488,1721.8503898376225,0.00018366444327344515
1638,2.368860068308327e-07,7.5e-11,0.0002970880040661167,18950880.54646601,0.0,0.0,18950880.54646601,0.0,0.0,0.0,887155123447.5333,-880.837096783378,141.0202539052129,129.39533846377938,343.6855146658418,-839.3262365850381,-454.18024683368037,-282.0544631856671,183.51847161825532,1720.252645136095,1752.2105712674952,0.00018379585906629022
1639,2.369610068308327e-07,7.5e-11,0.0002972512330243208,18956880.54646601,0.0,0.0,18956880.54646601,0.0,0.0,0.0,887216299167.6414,-848.306508990033,203.4585605682018,181.03036379074956,364.92253458350973,-818.1381243217822,-494.1696433471053,-267.9774139308093,188.60181509558547,1666.4735618894385,1708.4305340278888,0.00018392399135634232
1640,2.370510068308327e-07,9e-11,0.00029744823221384913,18964080.54646601,0.0,0.0,18964080.54646601,0.0,0.0,0.0,887213409610.5731,-867.3418013582585,200.73920324416275,185.28544916902283,362.2668367522728,-811.941072270546,-470.4739647356684,-267.3591603552351,180.82914702237326,1679.3125065112656,1719.5781667863853,0.00018407875339135308
1641,2.3715900683083268e-07,1.0799999999999999e-10,0.00029768362776191117,18972720.54646601,0.0,0.0,18972720.54646601,0.0,0.0,0.0,887133083545.3099,-858.4019724971138,198.51155763675564,187.10551017816394,405.47262222184366,-810.3584214670789,-476.718002879384,-264.2140695247169,211.48216335071098,1668.7893520230084,1712.491158918715,0.0001842637024365163
1642,2.372238068308327e-07,6.479999999999999e-11,0.0002978296989611885,18977904.54646601,0.0,0.0,18977904.54646601,0.0,0.0,0.0,887157834069.9049,-909.7756876637857,208.33104804183668,193.4336143380777,398.94405412884555,-832.668419499798,-484.5891068778469,-261.6156308930932,185.37697819123102,1742.4730706096093,1786.7513850601665,0.0001843794839262682
1643,2.372886068308327e-07,6.479999999999999e-11,0.0002979778366018087,18983088.54646601,0.0,0.0,18983088.54646601,0.0,0.0,0.0,887205959763.9769,-871.3882475853993,240.85482208641116,156.08824220848086,405.6355921322374,-902.9647601291069,-490.5360040042865,-294.42865548952636,189.8309446886949,1774.3814980613226,1823.3391101470938,0.00018449763630060573
1644,2.3736636683083271e-07,7.775999999999999e-11,0.00029815145611056487,18989309.34646601,0.0,0.0,18989309.346466012,0.0,0.0,0.0,887022803354.9097,-893.8102760978004,206.59697290820455,176.88988030392048,379.1977109090233,-828.2695461233177,-469.58998188334505,-238.8432918585636,182.84677505788488,1722.1183953127681,1763.5620525693905,0.00018463477088581352
1645,2.374596788308327e-07,9.331199999999998e-11,0.000298356008190468,18996774.306466013,0.0,0.0,18996774.306466013,0.0,0.0,0.0,886979133275.3711,-873.4146409566383,215.96925672673157,181.18544613537847,376.42856822016006,-807.8217426140741,-483.66133151336516,-254.96819417095566,200.70503722734736,1681.2656619413715,1724.3945796700925,0.0001847956775928317
1646,2.3757165323083272e-07,1.1197439999999997e-10,0.00029860607457842246,19005732.258466013,0.0,0.0,19005732.258466013,0.0,0.0,0.0,887029508912.3517,-880.6837389318542,203.36083726202793,185.81817551914608,381.6467620561873,-842.5522374911443,-466.5449743440104,-254.44888798812138,198.21059186971695,1723.2651306071098,1763.4463482383246,0.00018499313843960786
1647,2.3770602251083273e-07,1.3436927999999997e-10,0.0002988998437336618,19016481.80086601,0.0,0.0,19016481.80086601,0.0,0.0,0.0,887071763390.0231,-858.3178287056179,192.70655713091938,201.31763832412616,364.42130882059587,-817.4655682883515,-497.30767952005493,-249.70400415218012,171.48850240481693,1675.8353731068785,1717.1350298222692,0.00018522386863722786
1648,2.3778102251083274e-07,7.5e-11,0.0002990643861889709,19022481.80086601,0.0,0.0,19022481.80086601,0.0,0.0,0.0,887201256320.7904,-911.7761213672695,183.96065149352984,194.4548056143235,371.22225726155915,-771.6498342368889,-488.64810151635425,-273.73103956285973,177.47224745390605,1683.4569402292138,1725.5874419216248,0.00018535328769537197
1649,2.3785602251083274e-07,7.5e-11,0.0002992331213771654,19028481.80086601,0.0,0.0,19028481.80086601,0.0,0.0,0.0,887323998367.6729,-914.7860436985452,216.71238572087768,190.94629583082735,393.9926632255104,-822.6782307618163,-483.8825888725241,-226.46767538749432,191.11960721324755,1737.4959534279724,1781.8513704600864,0.00018548692654815648
1650,2.3794602251083274e-07,9e-11,0.00029942864845249647,19035681.80086601,0.0,0.0,19035681.80086601,0.0,0.0,0.0,887215006781.6185,-851.7406481113702,196.2654567152517,195.99896859463325,374.60404013289,-811.5759930551133,-450.3017437808143,-228.62976606376472,224.71513666857908,1663.3498965152764,1700.9357496640325,0.00018564001076562626
1651,2.3800002251083275e-07,5.3999999999999994e-11,0.0002995481270037917,19040001.80086601,0.0,0.0,19040001.80086601,0.0,0.0,0.0,887264224669.671,-911.5066460237168,199.60581747217554,216.75273044207185,369.9931416655318,-791.0608497631903,-443.82443318379654,-213.76048448228363,218.4170487385874,1702.602065840273,1740.3267196614872,0.00018573398840848797
1652,2.3805402251083275e-07,5.3999999999999994e-11,0.00029966890575479794,19044321.80086601,0.0,0.0,19044321.80086601,0.0,0.0,0.0,887334851519.5516,-894.6703651923807,196.20034723159898,200.0483227596402,377.813542336567,-831.2529525350692,-488.8570598636178,-227.50697265954446,198.40073721715444,1725.9598799801972,1765.9104242800458,0.00018582934757139908
1653,2.3811882251083276e-07,6.479999999999999e-11,0.00029981037839127824,19049505.80086601,0.0,0.0,19049505.80086601,0.0,0.0,0.0,887454639231.4229,-925.9607113438132,180.73236542571715,157.42055295253377,348.9315638494391,-749.914642023327,-449.4417970566349,-268.712525457519,236.6572814267037,1675.9107183902775,1712.2218432773807,0.00018594029954684346
1654,2.3819658251083278e-07,7.775999999999999e-11,0.0002999828091704191,19055726.600866016,0.0,0.0,19055726.600866012,0.0,0.0,0.0,887513302887.9089,-878.7738666914596,195.0172532837916,190.90444343995802,371.5070020000512,-828.792915725679,-471.15494864208347,-223.6354029122882,201.0296919005313,1707.601981491991,1745.95534193816,0.00018607606503423258
1655,2.3824323851083277e-07,4.665599999999999e-11,0.0003000857321094475,19059459.080866013,0.0,0.0,19059459.080866013,0.0,0.0,0.0,887611698893.7185,-886.8176638896955,189.80175312083935,185.44723271364649,365.3635158845004,-809.7494633363698,-462.8333079542992,-211.4896095594993,208.15366855518465,1696.601615463973,1733.4880066825358,0.00018615694265067237
1656,2.3828989451083277e-07,4.665599999999999e-11,0.00030019111181747834,19063191.560866013,0.0,0.0,19063191.560866013,0.0,0.0,0.0,887684711995.1708,-878.0998645260281,151.04028225499553,197.2110400723039,345.26723461434267,-874.1279455064782,-451.4602842991062,-190.49851905685924,205.78769108185907,1752.2622266762132,1781.1873501274415,0.00018624004572767992
1657,2.3834588171083278e-07,5.5987199999999985e-11,0.0003003160845414204,19067670.536866013,0.0,0.0,19067670.536866013,0.0,0.0,0.0,887732131770.7794,-884.9853578597653,204.06228795324142,206.07317823269557,361.5374550097997,-837.6727221588478,-453.8793061019272,-238.26611021667352,198.62003643249645,1722.6926720434371,1759.850957670038,0.0001863385748552172
1658,2.3841306635083277e-07,6.718463999999998e-11,0.00030046257180873224,19073045.308066014,0.0,0.0,19073045.308066014,0.0,0.0,0.0,887785675668.9414,-867.0892268134857,163.94402224586153,184.26066597708558,337.09086541937694,-806.7521673888845,-460.0057120515517,-269.49328582853144,204.47176141165218,1673.8765844035886,1706.1369006607379,0.00018645320104867882
1659,2.3845337713483276e-07,4.031078399999999e-11,0.00030055113690241055,19076270.170786016,0.0,0.0,19076270.170786016,0.0,0.0,0.0,887669843876.1876,-863.9610933005677,191.64720461682577,207.90272887680587,354.7532385645529,-824.2290052039422,-471.8788135506822,-238.77945701909573,213.61190257270556,1688.2269201506672,1724.1416540133514,0.00018652270255047914
1660,2.3849368791883275e-07,4.031078399999999e-11,0.0003006404018867443,19079495.033506017,0.0,0.0,19079495.033506017,0.0,0.0,0.0,887716840074.1467,-859.2569716280544,190.7212737068909,192.93089348333027,362.11202800308934,-846.5268520096862,-458.40323356630404,-237.41614266423275,204.70085024826489,1705.8204793031032,1741.7879722022162,0.00018659291538920039
1661,2.3854206085963275e-07,4.837294079999998e-11,0.0003007460621617634,19083364.86877002,0.0,0.0,19083364.86877002,0.0,0.0,0.0,887789050077.0509,-856.6685558077465,197.87689085452072,212.36724960805037,335.3162175336257,-818.9878731657927,-485.08615584728045,-248.8943104680485,209.4596034983325,1675.6465262869042,1711.376247087599,0.0001866756996910873
1662,2.386001083885927e-07,5.804752895999997e-11,0.00030087282367706865,19088008.67108682,0.0,0.0,19088008.671086818,0.0,0.0,0.0,887839750868.7915,-821.9698033491144,203.99567300122735,230.72424314221698,325.32028244374396,-853.1082798949717,-495.5429551033759,-261.67762321352905,191.23889242523646,1675.130351979563,1711.9885160169263,0.00018677507639404997
1663,2.3866976542334474e-07,6.965703475199997e-11,0.00030102772576845205,19093581.23386698,0.0,0.0,19093581.23386698,0.0,0.0,0.0,887923082971.0858,-893.1358229606193,177.2313448006062,202.91333331261495,366.76998536269167,-821.8450740449849,-458.6997899273871,-216.35127432794184,215.85193592882362,1715.0343037888883,1749.668566709159,0.0001868969531182057
1664,2.3875335386504714e-07,8.358844170239996e-11,0.0003012132299881256,19100268.30920317,0.0,0.0,19100268.30920317,0.0,0.0,0.0,888046194434.565,-880.7783416264931,195.50890246721693,201.5548828324716,348.77274970046443,-829.916393276915,-460.1545805528463,-245.35300172826942,207.6857463296836,1710.7511696174045,1745.8812337298305,0.00018704288860993065
1665,2.388035069300686e-07,5.0153065021439973e-11,0.00030132616374822015,19104280.554404885,0.0,0.0,19104280.554404885,0.0,0.0,0.0,888109048997.949,-910.3494938437561,197.89617443673944,214.64635663049913,356.6439330308957,-830.751472857897,-487.64283719586496,-227.43887840942438,176.1574840719372,1741.1619237798525,1780.0523976791833,0.00018713216369357303
1666,2.3885365999509005e-07,5.0153065021439973e-11,0.00030143746556901167,19108292.7996066,0.0,0.0,19108292.7996066,0.0,0.0,0.0,888098681616.4883,-861.3563521401223,188.07521228726554,214.54824483262973,362.7060538151005,-849.0496393141873,-468.95445042249025,-244.36301290369633,210.2722062821055,1710.4466881515568,1746.239892236898,0.0001872197429764314
1667,2.389138436731158e-07,6.018367802572796e-11,0.00030157008314502784,19113107.493848655,0.0,0.0,19113107.493848655,0.0,0.0,0.0,888196404531.9651,-863.3010734790735,197.66692484222767,223.85879471559326,350.5208119434022,-830.7831679638499,-488.4876155819001,-248.32111828743265,206.96562274404926,1694.100421120102,1731.2128828705647,0.00018732393373516808
1668,2.3898606408674667e-07,7.222041363087355e-11,0.0003017322462783039,19118885.126939125,0.0,0.0,19118885.126939125,0.0,0.0,0.0,888294871685.3694,-885.0151058468923,192.76670168100895,216.28839239659672,370.113967396005,-850.9577848181995,-458.4834653253891,-238.61816119384085,191.2761735881442,1735.6139303831515,1772.7761855230103,0.0001874519643645615
1669,2.390727285831037e-07,8.666449635704826e-11,0.0003019232523593877,19125818.28664769,0.0,0.0,19125818.28664769,0.0,0.0,0.0,888431747483.2985,-859.3793028666184,192.00880211181823,223.9190620919408,358.6457593764754,-835.6890458213068,-483.8803412539761,-261.8602945276091,221.0331159890637,1694.975794962151,1731.4206568647319,0.00018760201706377087
1670,2.3917672597873215e-07,1.0399739562845791e-10,0.00030215152418071415,19134138.078297965,0.0,0.0,19134138.078297965,0.0,0.0,0.0,888613976141.8656,-871.7907111179,177.33935866885642,235.72396164347086,348.57310978321146,-814.5717691621301,-479.0115197935712,-245.1936892352646,211.16836193242844,1686.3387281319335,1720.7539618470587,0.00018778097099432032
1671,2.3930152285348633e-07,1.2479687475414947e-10,0.00030242884336388154,19144121.828278296,0.0,0.0,19144121.828278296,0.0,0.0,0.0,888699340978.4056,-891.1849482717038,209.17331341553145,214.7253449388857,368.26287279414305,-820.4597514547917,-479.6301492328081,-264.2070895845932,204.0943903711087,1711.6187856833883,1751.7427810787174,0.0001879995830187721
1672,2.394512791031913e-07,1.4975624970497937e-10,0.0003027612112178229,19156102.328254692,0.0,0.0,19156102.328254692,0.0,0.0,0.0,888943530629.3778,-888.6324336641345,190.54150563734203,239.80209323212424,386.4669009177483,-819.9370311692189,-475.52313283040684,-254.48566698734876,205.76076062631677,1708.6249821480937,1748.2041623483858,0.00018826138751784402
1673,2.395262791031913e-07,7.5e-11,0.000302928418083147,19162102.328254692,0.0,0.0,19162102.328254692,0.0,0.0,0.0,889049571417.474,-868.692414847615,203.81580956243664,239.79846733656876,370.35920243983963,-850.424705832705,-473.4961362957031,-273.2291168667472,188.6423705329901,1718.989937381135,1758.5492518976228,0.00018839327871173633
1674,2.396012791031913e-07,7.5e-11,0.00030309676592472,19168102.328254692,0.0,0.0,19168102.328254692,0.0,0.0,0.0,889181876064.318,-905.5552079784574,186.5512520327068,223.03611891467224,399.92761530720355,-828.6498865367946,-447.37845072529205,-243.78054666634932,205.1832276036274,1734.0637215786624,1772.980732976831,0.0001885262522667096
1675,2.396912791031913e-07,9e-11,0.0003032939439344893,19175302.328254692,0.0,0.0,19175302.328254692,0.0,0.0,0.0,889333136068.3444,-873.1466912177381,183.9268921745574,225.4335478477825,371.0375427734232,-808.6517001897483,-450.75587810136335,-274.56134587950703,200.97162116860352,1681.6503935346705,1718.6518713774044,0.00018868093093513355
1676,2.397992791031913e-07,1.0799999999999999e-10,0.0003035338354216027,19183942.328254692,0.0,0.0,19183942.328254692,0.0,0.0,0.0,889543713826.243,-897.1173410752625,180.05058343351521,211.9306218070323,376.48843854940577,-815.1126128286777,-436.09289464642137,-250.45964471032113,199.86981143488123,1712.0759578766294,1748.1309900592496,0.00018886972908205995
1677,2.3992887910319134e-07,1.2959999999999997e-10,0.00030382283812301216,19194310.328254692,0.0,0.0,19194310.328254692,0.0,0.0,0.0,889680496386.2385,-909.6759982301737,208.3616918386655,245.7972536316406,401.9309900149668,-807.817890730065,-459.44142136592416,-244.3004426154066,193.34170587712524,1717.3637519020558,1760.88096341235,0.0001890979392549182
1678,2.4000387910319134e-07,7.5e-11,0.0003039918137146266,19200310.328254692,0.0,0.0,19200310.328254692,0.0,0.0,0.0,889723062308.7732,-886.0732678619559,176.45247563339623,223.44321300043885,377.36869618223085,-858.2403852042748,-450.7571656618281,-271.868288084149,194.93613530447195,1744.156023505938,1779.707142211473,0.00018923141729058405
1679,2.4007887910319135e-07,7.5e-11,0.0003041618985598565,19206310.328254692,0.0,0.0,19206310.328254692,0.0,0.0,0.0,889827117796.5145,-930.1526180222162,176.58686341923362,252.8350121945607,404.15209154966726,-826.6856713754835,-448.6001842458068,-248.03477509856114,189.8362748353853,1756.655137887659,1795.652181240785,0.0001893660912041771
1680,2.4016887910319135e-07,9e-11,0.0003043619127804714,19213510.328254692,0.0,0.0,19213510.328254692,0.0,0.0,0.0,889985282463.7241,-892.7242444062531,180.1166574005076,251.31980814592518,401.10257462197166,-819.0352866334439,-468.1981754469188,-267.7165514264736,212.73888058734394,1711.5523311537402,1750.972836201983,0.00018952367875943528
1681,2.4027687910319136e-07,1.0799999999999999e-10,0.00030460798735565094,19222150.328254692,0.0,0.0,19222150.328254692,0.0,0.0,0.0,890174029913.8853,-927.1831914240609,197.11006421538045,252.3904376515117,405.880522099332,-839.3609905066475,-477.07191863305604,-273.20595381188497,197.02132260662808,1766.324038395642,1808.374184375543,0.00018971898317134784
1682,2.404064791031914e-07,1.2959999999999997e-10,0.0003048985209504929,19232518.328254692,0.0,0.0,19232518.328254692,0.0,0.0,0.0,890441958112.6674,-914.165212090599,185.0417478573636,245.46978196454057,396.83395890601355,-816.8479257129932,-470.4602781087502,-281.399264483564,205.3523937101278,1730.7776469841012,1770.8013365217794,0.00018994847902456107
1683,2.404814791031914e-07,7.5e-11,0.0003050665948277944,19238518.328254692,0.0,0.0,19238518.328254692,0.0,0.0,0.0,890561880697.565,-893.1212635843198,197.61622660637258,260.69249273710824,390.70178375148527,-836.8793501937738,-460.43769015283056,-283.2504002240679,189.67895357230827,1729.7295830160422,1770.1159445219412,0.0001900812377204002
1684,2.405564791031914e-07,7.5e-11,0.00030523162393847277,19244518.328254692,0.0,0.0,19244518.328254692,0.0,0.0,0.0,890678197327.083,-901.329817120963,177.76295571919195,234.86591216765396,386.23930613927894,-788.9060185338814,-460.1151579524348,-287.5441787074882,191.44335282437493,1689.9553304077551,1729.5945977969934,0.000190210957315235
1685,2.406464791031914e-07,9e-11,0.00030543697060346985,19251718.328254692,0.0,0.0,19251718.328254692,0.0,0.0,0.0,890822445314.8861,-927.3421669617469,196.05469671766073,237.63990834806904,417.6114600435796,-842.4740696577103,-436.07273169876265,-254.01732323563218,184.70170636799048,1769.571774900271,1811.285216123035,0.00019037397298468607
1686,2.407004791031914e-07,5.3999999999999994e-11,0.000305558058333472,19256038.328254692,0.0,0.0,19256038.328254692,0.0,0.0,0.0,890900794225.4054,-899.5537710813165,193.35852367312975,235.43070858833153,421.02324600335913,-831.2338310445673,-436.8946767001333,-257.8226962976965,195.53598810094977,1730.515722895272,1772.5577610561797,0.0001904696911037831
1687,2.407544791031914e-07,5.3999999999999994e-11,0.00030567944564412544,19260358.328254692,0.0,0.0,19260358.328254692,0.0,0.0,0.0,890942960235.5294,-884.8183357563225,181.05248573483837,214.6028670386732,414.6012263826634,-853.4124601440944,-414.29708122824707,-262.4706724353853,198.54752661017002,1737.9658566640262,1776.431423629047,0.00019056561840065907
1688,2.408192791031914e-07,6.479999999999999e-11,0.00030582531130251823,19265542.328254692,0.0,0.0,19265542.328254692,0.0,0.0,0.0,890885254483.4493,-903.0306936562986,172.90041601270633,236.26674418190552,404.88283846693554,-837.5820937274809,-442.2518223057103,-252.35428500925818,184.7007117660587,1740.343927713194,1778.7669175546032,0.0001906808824969166
1689,2.4089703910319143e-07,7.775999999999999e-11,0.00030599594719094215,19271763.128254693,0.0,0.0,19271763.128254693,0.0,0.0,0.0,891013749963.7843,-875.2738465603254,176.55869681795596,247.95325937176665,395.59440335894965,-809.3470251876141,-425.60704761673986,-247.7167676353258,203.8437937645993,1684.3276046272645,1721.6998338321935,0.00019081476187599538
1690,2.409436951031914e-07,4.665599999999999e-11,0.00030610030114472755,19275495.608254693,0.0,0.0,19275495.608254693,0.0,0.0,0.0,891041002981.193,-892.3103446777593,176.08719766698655,250.55204546631157,394.287697453189,-833.2380558912748,-444.7506204327413,-268.8498162952069,181.47069042834497,1726.6508706380462,1764.3348063885956,0.00019089707868072224
1691,2.409903511031914e-07,4.665599999999999e-11,0.0003062058122803082,19279228.088254694,0.0,0.0,19279228.088254694,0.0,0.0,0.0,890966026423.804,-927.8345885355267,182.1708683833933,232.88982909475504,413.8166345849493,-822.4859428974521,-418.38298690472095,-240.85202420050334,177.54004190989596,1750.0039981963691,1790.0668620379593,0.00019098059604023747
1692,2.4104633830319143e-07,5.5987199999999985e-11,0.00030633129890068525,19283707.064254694,0.0,0.0,19283707.064254694,0.0,0.0,0.0,891044039218.3141,-897.4347623995523,157.1351226174846,252.62792742919368,393.91539186406925,-835.7515841661282,-393.15578496304545,-256.9763441650345,193.15086945983208,1732.8722999440001,1766.0794703418667,0.0001910794738847594
1693,2.4111352294319145e-07,6.718463999999998e-11,0.0003064847322208917,19289081.835454695,0.0,0.0,19289081.835454695,0.0,0.0,0.0,891155525875.5994,-932.9903043241633,185.66226852184246,237.65448306278367,415.3993063175839,-839.7601946681515,-401.43720613805993,-249.31143882662155,168.4797980650011,1772.4435168154268,1812.0088558437287,0.00019120121304741608
1694,2.4119414451119143e-07,8.062156799999998e-11,0.00030666671793259264,19295531.560894694,0.0,0.0,19295531.560894694,0.0,0.0,0.0,891288851623.6511,-938.1771697912912,163.63367109414705,266.50750189347804,397.87187599039174,-808.6677975479105,-425.00604717304657,-251.48123619297044,171.2509655566164,1746.561109667017,1784.105503843453,0.00019134505043061337
1695,2.412425174519914e-07,4.837294079999998e-11,0.00030677713014305274,19299401.396158695,0.0,0.0,19299401.396158695,0.0,0.0,0.0,891292175401.1886,-935.0307691496691,163.77466511845446,259.66099323123524,412.493154793023,-837.2280731838666,-407.5525066266227,-260.18918725339756,167.78491244842292,1771.9433399223656,1809.1993210469739,0.00019143256672226577
1696,2.412908903927914e-07,4.837294079999998e-11,0.0003068859447646604,19303271.231422696,0.0,0.0,19303271.231422696,0.0,0.0,0.0,891378083436.9867,-920.7729852770515,160.70461603870586,266.2676574620199,411.4966063977611,-818.1321710412291,-424.2241559896957,-257.5706717889842,172.36212112071263,1738.5617970384176,1776.7427955659132,0.0001915185129963325
1697,2.413489379217514e-07,5.804752895999997e-11,0.00030701876848859795,19307915.033739496,0.0,0.0,19307915.033739496,0.0,0.0,0.0,891488456201.5911,-955.6171657443637,166.90451947447227,246.28517340990948,423.83024748202365,-821.4379938173315,-400.9463812608739,-233.2796575977905,167.80091526523657,1776.7308077309415,1815.9448718900546,0.0001916239241088733
1698,2.414185949565034e-07,6.965703475199997e-11,0.0003071767217327757,19313487.596519656,0.0,0.0,19313487.596519656,0.0,0.0,0.0,891616561686.772,-932.4320239046544,166.1118034333809,262.64495673400523,401.50430578882447,-824.6556628612949,-426.47965027465057,-269.84066546154037,161.4694615534215,1756.753634183442,1794.789660026715,0.00019174894383459432
1699,2.415021833982058e-07,8.358844170239996e-11,0.0003073658554254981,19320174.67185585,0.0,0.0,19320174.67185585,0.0,0.0,0.0,891606673397.7842,-921.2451415494185,152.09689445929033,258.5772972010281,429.35359806719595,-830.2913367492238,-424.78687737623034,-257.02566411379695,156.71204189417102,1751.191467135172,1790.6653268916348,0.0001918986227588797
1700,2.416024895282487e-07,1.0030613004287995e-10,0.0003075927500082876,19328199.162259277,0.0,0.0,19328199.162259277,0.0,0.0,0.0,891802698328.1002,-924.0875310575592,161.3057015305999,247.69544324265686,427.37315963100815,-816.9494894849075,-424.6042887185144,-271.7978245271034,166.98057997017537,1755.5368966565788,1790.7169662426643,0.00019207824264776564
1701,2.4172285688430013e-07,1.2036735605145593e-10,0.00030787054756043527,19337828.550743394,0.0,0.0,19337828.550743394,0.0,0.0,0.0,891823822139.463,-955.175782263725,141.50010466417424,275.95252884747265,423.98402890924444,-841.7025737323191,-425.8895881604869,-250.5470939736713,170.61360184339586,1797.3975753377747,1833.8036657538025,0.0001922989727465299
1702,2.4186729771156186e-07,1.444408272617471e-10,0.0003081949625330111,19349383.816924337,0.0,0.0,19349383.816924334,0.0,0.0,0.0,891958138694.6093,-901.4036548157624,137.05400848632326,278.81886285418057,419.06268816506605,-835.0676869199814,-404.55876906962163,-241.72718969449681,173.94999794447466,1736.1148937815203,1771.227917571906,0.0001925548103722131
1703,2.4194229771156186e-07,7.5e-11,0.00030836079194277284,19355383.816924334,0.0,0.0,19355383.816924334,0.0,0.0,0.0,892077414417.223,-878.1130080255803,115.9700248746216,276.04218388508156,391.52090471192724,-825.3061102032767,-408.08950143556103,-241.6691295489288,165.37803959101484,1702.9409675143352,1734.174014977567,0.0001926848734233364
1704,2.4201729771156187e-07,7.5e-11,0.000308527319546252,19361383.816924334,0.0,0.0,19361383.816924334,0.0,0.0,0.0,892172077374.0895,-891.1767017801295,132.80742531877348,282.54008166445635,415.1857068181954,-818.5396721180493,-433.7488405822603,-225.85274031172486,150.8348830660424,1709.322591860304,1746.95200260703,0.00019281589482353194
1705,2.4210729771156186e-07,9e-11,0.00030873105102104164,19368583.816924334,0.0,0.0,19368583.816924334,0.0,0.0,0.0,892324522041.1631,-928.3071923112492,136.95396222617498,268.67639047724475,418.04213652423385,-825.254645933658,-411.4683290752153,-226.7603079254062,162.745619487474,1753.1492900892072,1789.2553784944246,0.00019297692780759643
1706,2.422152977115619e-07,1.0799999999999999e-10,0.0003089693014667453,19377223.816924334,0.0,0.0,19377223.816924334,0.0,0.0,0.0,892379453563.7015,-863.094302173105,142.48122313859207,292.5901991106947,410.6665709033067,-833.6680605866562,-408.1570381990759,-250.66545487674009,177.95556045026203,1696.2644082800718,1731.5905204520027,0.00019316393958380526
1707,2.422800977115619e-07,6.479999999999999e-11,0.0003091146308119242,19382407.816924334,0.0,0.0,19382407.816924334,0.0,0.0,0.0,892468059183.8688,-909.2793154282114,130.3670559432126,280.49102531802623,409.0771347659177,-824.4366072942937,-402.8922851965276,-235.7077629481194,172.25111918529052,1733.2560383243983,1767.0618832342727,0.00019327844519383884
1708,2.423448977115619e-07,6.479999999999999e-11,0.00030926046054550863,19387591.816924334,0.0,0.0,19387591.816924334,0.0,0.0,0.0,892574643535.008,-907.1602266402826,137.81869248482658,279.1563947086132,411.862594356374,-833.2183202845977,-415.9802505852814,-238.86060803030227,149.59890437751793,1739.920156376273,1776.1157509554027,0.00019339353749450074
1709,2.424226577115619e-07,7.775999999999999e-11,0.00030943128407547493,19393812.616924334,0.0,0.0,19393812.616924334,0.0,0.0,0.0,892696614037.8779,-889.2927862752979,134.3077353971306,295.6634531348774,420.9644089412183,-796.2947646143291,-429.1006609493029,-228.27849359144903,150.85429684293436,1685.1392773859275,1724.290358216356,0.00019352761831275566
1710,2.425159697115619e-07,9.331199999999998e-11,0.000309641327729412,19401277.576924335,0.0,0.0,19401277.576924335,0.0,0.0,0.0,892841148525.653,-930.9124043414055,116.58818037496451,262.9802265135044,423.97516671427184,-810.2580643491618,-410.2511039452214,-206.9322507939296,164.68814739536856,1740.7806465716992,1775.9990487219998,0.00019369334033599
1711,2.426279441115619e-07,1.1197439999999997e-10,0.0003098913986442105,19410235.528924335,0.0,0.0,19410235.528924335,0.0,0.0,0.0,893053486033.2441,-874.5421897383594,143.0237414410336,283.2822261041072,396.9919002695805,-848.6871069640773,-440.9202813543635,-250.42339365335152,141.24535370521585,1722.8056883826844,1759.621951119992,0.0001938903729481935
1712,2.427623133915619e-07,1.3436927999999997e-10,0.00031019723357270036,19420985.071324334,0.0,0.0,19420985.071324334,0.0,0.0,0.0,893294329273.5867,-890.1689654716066,120.239593153507,277.9605627745828,400.01658752196414,-877.025189035934,-435.0087546317884,-227.23149191836063,147.93389050135124,1766.7763547151574,1800.16640189384,0.00019413226001149616
1713,2.429123133915619e-07,1.5e-10,0.0003105387744081437,19432985.071324334,0.0,0.0,19432985.071324334,0.0,0.0,0.0,893557520344.5312,-917.3796570505912,132.3855651429197,261.1055720503481,400.37918168183717,-850.5606571309291,-420.7831876672786,-232.0057392329933,161.63700664557544,1767.5231498523199,1800.9438009604507,0.00019440240158164022
1714,2.430623133915619e-07,1.5e-10,0.00031088446102925333,19444985.071324334,0.0,0.0,19444985.071324334,0.0,0.0,0.0,893890001135.6575,-940.6963204143982,126.51791047592485,270.2078331406136,371.38553499027347,-855.8614294083538,-444.5138789472228,-242.84439291492734,162.89762109983792,1796.1621244210078,1827.1268681677466,0.00019467647061186539
1715,2.4321231339156194e-07,1.5e-10,0.0003112273471132251,19456985.071324334,0.0,0.0,19456985.071324334,0.0,0.0,0.0,894140530036.5669,-931.5680423961604,149.15272790431254,257.7721700920929,410.49082681275377,-844.4576517278239,-412.60769735437316,-246.21076739332682,164.466015085946,1775.6162321101767,1811.2969904339243,0.00019494816516043046
1716,2.4328731339156194e-07,7.5e-11,0.0003113949614854119,19462985.071324334,0.0,0.0,19462985.071324334,0.0,0.0,0.0,894216160966.0061,-886.3857212617613,155.47266743494157,261.48492797639767,413.79559352305324,-838.8108057677779,-377.5396231885263,-226.42540047168205,164.79271384788544,1724.7542590600367,1760.5565132070697,0.000195080206898921
1717,2.4336231339156195e-07,7.5e-11,0.00031156430267267665,19468985.071324334,0.0,0.0,19468985.071324334,0.0,0.0,0.0,894346044199.3623,-925.2483498529369,122.35224865633982,264.20723554608253,395.11411194060065,-824.9669903689576,-399.1804298995478,-270.5983637570793,169.48798385438698,1749.7723304936185,1781.1314200033637,0.00019521379175542125
1718,2.4345231339156194e-07,9e-11,0.00031177217037536744,19476185.071324334,0.0,0.0,19476185.071324334,0.0,0.0,0.0,894547444355.2305,-934.0118975449695,146.8480742774279,248.7404802782543,409.0112760587672,-865.6942105042165,-406.5462591748327,-242.58017594052276,136.11280953988816,1799.290459105635,1834.90721941251,0.00019537893340516838
1719,2.4356031339156196e-07,1.0799999999999999e-10,0.00031201840586982566,19484825.071324334,0.0,0.0,19484825.071324334,0.0,0.0,0.0,894786847336.5896,-904.9011781194359,152.1350534929389,275.6123410087953,424.6763006138885,-863.747544849728,-412.32961786209734,-220.3618031443772,140.50792285407698,1768.2388141954193,1806.7281596746543,0.00019557406004641324
1720,2.4362511339156197e-07,6.479999999999999e-11,0.0003121690702654365,19490009.071324334,0.0,0.0,19490009.071324334,0.0,0.0,0.0,894774712555.2682,-901.1900785818209,149.00438264720873,243.47861435621004,417.0545447258371,-915.5397739314833,-395.4531295798979,-263.367551734523,174.4051526523961,1816.2626424979635,1850.0462814958182,0.00019569394304545418
1721,2.43689913391562e-07,6.479999999999999e-11,0.00031231784888563534,19495193.071324334,0.0,0.0,19495193.071324334,0.0,0.0,0.0,894742888632.839,-929.1848500886477,115.05502609707172,279.82017819510554,408.67674672419764,-857.804174130549,-433.05016810677967,-237.6370493936703,163.55085438373777,1786.541791535323,1819.3948064947103,0.00019581183982891504
1722,2.43767673391562e-07,7.775999999999999e-11,0.0003124935731491749,19501413.871324334,0.0,0.0,19501413.871324334,0.0,0.0,0.0,894771389578.8724,-898.3070581929115,106.74341841650994,285.24486310026253,391.89640250320474,-852.9605353290834,-449.07106802317094,-237.6575963537447,148.6032368388115,1750.8113973557447,1783.336080311055,0.00019595051204252003
1723,2.43860985391562e-07,9.331199999999998e-11,0.0003127081633657719,19508878.831324335,0.0,0.0,19508878.831324335,0.0,0.0,0.0,894981327618.1154,-964.5217427741641,115.84383027356729,290.5792397087821,407.9452689174706,-825.8444304615663,-420.44049850678476,-214.69918326419838,173.91285614951028,1789.9292032909486,1823.2959367263236,0.00019612064743296785
1724,2.43972959791562e-07,1.1197439999999997e-10,0.0003129664637735512,19517836.783324335,0.0,0.0,19517836.783324335,0.0,0.0,0.0,895218248300.4612,-932.848381206134,121.35306705442945,288.14563169604395,403.78015172140755,-864.4582657619444,-445.2542378696393,-247.04231844690634,153.50635416658173,1796.8712557376782,1830.7605175614722,0.00019632564574346547
1725,2.44107329071562e-07,1.3436927999999997e-10,0.0003132740888301771,19528586.325724334,0.0,0.0,19528586.325724334,0.0,0.0,0.0,895578480498.2936,-913.4627468732502,113.13593904006382,294.3126200692122,401.92447196464775,-866.7194005367265,-441.9653672509083,-235.74181709023628,146.22525352468296,1779.742941344105,1813.135706791323,0.0001965692754829293
1726,2.44257329071562e-07,1.5e-10,0.0003136187805971112,19540586.325724334,0.0,0.0,19540586.325724334,0.0,0.0,0.0,895959334825.4949,-908.2862150120894,123.89823730192288,278.9240362286672,418.4072783152619,-880.5683584909242,-402.36489248387124,-215.2337920301458,161.6688498731549,1788.4143432217952,1821.5110023639727,0.0001968425021332839
1727,2.44407329071562e-07,1.5e-10,0.00031397033989110935,19552586.325724334,0.0,0.0,19552586.325724334,0.0,0.0,0.0,896101433965.569,-952.8372323415027,108.77183098177106,303.7452280480967,418.23612487196374,-881.0296793653037,-433.7904228602839,-230.62593753146498,140.24101312071664,1833.4528097536152,1867.3133693305272,0.00019712259913868348
1728,2.44557329071562e-07,1.5e-10,0.0003143117056290225,19564586.325724334,0.0,0.0,19564586.325724334,0.0,0.0,0.0,896357556140.154,-926.3918181440741,99.96170477395867,311.4124006280748,388.2132466222192,-840.2952328610429,-443.79033548277,-205.0635291301883,141.0177912060056,1766.2530132739791,1798.998911542448,0.00019739244897541485
1729,2.44707329071562e-07,1.5e-10,0.00031466256827991846,19576586.325724334,0.0,0.0,19576586.325724334,0.0,0.0,0.0,896630242405.3284,-947.08053072306,120.39969638802766,285.8226586952749,400.70835818854664,-882.5137902589807,-434.43780136242407,-214.5935344395772,143.61091854280363,1829.149606013404,1862.2896547135433,0.00019767179242362188
1730,2.4485732907156204e-07,1.5e-10,0.0003150156341795398,19588586.32572433,0.0,0.0,19588586.325724334,0.0,0.0,0.0,896996628441.4357,-966.4110230755874,111.10883339464279,289.0805502228542,410.80175637718526,-877.5767587088654,-436.3338326105065,-211.56174531564577,142.9891997345527,1843.5467328707305,1877.0510986580305,0.00019795335008842058
1731,2.4500732907156205e-07,1.5e-10,0.00031536915135136457,19600586.325724334,0.0,0.0,19600586.325724334,0.0,0.0,0.0,897048507032.7432,-966.3502790679812,127.44214555709364,280.19095772550963,416.72445403201726,-880.2224135070802,-429.66494561611006,-203.24495815990514,146.9467615432006,1845.7002007096544,1880.8185032543956,0.00019823547286390873
1732,2.4515732907156206e-07,1.5e-10,0.00031571330346630294,19612586.325724334,0.0,0.0,19612586.325724334,0.0,0.0,0.0,897371304257.1318,-906.1738301988163,102.10622866737178,281.20929716497005,387.4611615346734,-880.7719173496544,-425.19432771549515,-192.85216440929736,169.45020574955277,1786.4545146460614,1815.6310285990307,0.0001985078175181986
1733,2.4530732907156207e-07,1.5e-10,0.0003160616649055728,19624586.325724334,0.0,0.0,19624586.325724334,0.0,0.0,0.0,897599382470.7,-943.348036262236,111.90180331025532,289.11538914257557,384.7520883000224,-870.4634910569399,-450.8796926712589,-194.61948296448233,169.9885907847413,1813.3416751754482,1844.4633231084665,0.00019878448701666487
1734,2.454573290715621e-07,1.5e-10,0.0003164127213628332,19636586.325724334,0.0,0.0,19636586.325724334,0.0,0.0,0.0,897914562235.9441,-936.27950268606,111.03680529255489,274.61811135787775,386.0759419854894,-896.4273655219268,-438.950853644691,-197.93813192514287,178.79051442716994,1832.239746232592,1861.4771856258071,0.00019906370859450875
1735,2.456073290715621e-07,1.5e-10,0.0003167637539108474,19648586.325724334,0.0,0.0,19648586.325724334,0.0,0.0,0.0,898245199791.9912,-950.7113514487419,132.4469611290679,304.5332855136269,370.7104352995406,-880.3882363912312,-449.73375808025304,-204.62578294123264,157.10721103631718,1830.6154640637028,1862.700205465475,0.00019934311362532857
1736,2.457573290715621e-07,1.5e-10,0.00031712175343380175,19660586.325724334,0.0,0.0,19660586.325724334,0.0,0.0,0.0,898427767712.9117,-1013.4133043430785,140.2573906057977,303.15073587258877,389.60007548138805,-862.5825699993333,-436.6349415402234,-183.15562484046526,156.11128619927567,1875.5138562378686,1910.5894520713318,0.00019962970204313928
1737,2.459073290715621e-07,1.5e-10,0.00031747922009615074,19672586.325724334,0.0,0.0,19672586.325724334,0.0,0.0,0.0,897755965819.9081,-982.8464922208002,131.08907583143713,308.8573713058642,383.4345129495167,-890.7911950571539,-446.08707998258427,-203.20113745738067,164.72653246695816,1873.1958293676491,1905.4115139173348,0.00019991551377022688
1738,2.4605732907156213e-07,1.5e-10,0.0003178304481791977,19684586.325724334,0.0,0.0,19684586.325724334,0.0,0.0,0.0,897797756333.5004,-936.1350118593347,108.12361329728188,273.6510874377302,376.040440550006,-898.7586700921033,-417.15857740849066,-204.20670560054296,175.05212553316807,1834.4112581914153,1861.5597430286136,0.00020019474773168118
1739,2.4620732907156214e-07,1.5e-10,0.00031818465423611537,19696586.325724334,0.0,0.0,19696586.325724334,0.0,0.0,0.0,897452895122.3267,-983.4358842070338,135.6490011961031,290.3787523741683,397.3441667399769,-868.0653201587287,-424.26493606812073,-191.4174984717763,170.9457092457284,1851.0619485306888,1884.3454592096004,0.00020047739955056262
1740,2.4635732907156215e-07,1.5e-10,0.000318539141772546,19708586.325724334,0.0,0.0,19708586.325724334,0.0,0.0,0.0,897589231138.2395,-978.6522868589666,100.36140643631927,306.72692310068356,380.8362925078428,-876.5907171133167,-430.5036914897755,-178.17471764626998,167.88860099180442,1854.7891589633202,1884.1330806656924,0.00020076001951266248
1741,2.4650732907156216e-07,1.5e-10,0.0003188929592701716,19720586.325724334,0.0,0.0,19720586.325724334,0.0,0.0,0.0,897791121764.3884,-960.5079182620009,90.72489194289302,286.13089730046494,379.04616387905054,-890.614463521166,-429.2151180626376,-165.4523367924686,155.19795096104878,1850.9755008773438,1879.1924989891436,0.00020104189838751084
1742,2.4665732907156217e-07,1.5e-10,0.00031924443471728045,19732586.325724334,0.0,0.0,19732586.325724334,0.0,0.0,0.0,897918092058.2059,-962.3650788607183,88.24149712228365,273.7393827527772,373.50434942640015,-873.9624360721286,-428.962127706226,-178.90966779797697,162.98915412725492,1835.8474318677206,1863.1093079276438,0.00020132136478369998
1743,2.468073290715622e-07,1.5e-10,0.00031959997760530595,19744586.325724334,0.0,0.0,19744586.325724334,0.0,0.0,0.0,898170667376.169,-958.3320368749876,95.98796588120044,281.58298231280054,370.1535195710459,-905.3221374365598,-429.0717997788344,-163.7594888362654,179.47481207285156,1863.297720822063,1889.7303723067002,0.00020160482433954598
1744,2.469573290715622e-07,1.5e-10,0.0003199546547253374,19756586.325724334,0.0,0.0,19756586.325724334,0.0,0.0,0.0,898435109842.8582,-960.7808882752607,102.14148574000403,293.21838497029387,376.6104752572135,-896.5710694580757,-433.3029267486871,-159.4823764322474,197.57554825231287,1856.9987949230963,1884.4472577329052,0.00020188749142820592
1745,2.471073290715622e-07,1.5e-10,0.000320316908394908,19768586.325724334,0.0,0.0,19768586.325724334,0.0,0.0,0.0,898723587813.9907,-1000.0504294086406,115.79708272415876,302.0525697525912,391.7909073484714,-905.7169994361848,-438.96543351733214,-163.34343549178544,170.2536045598267,1905.4209049933993,1936.5947586629954,0.00020217798064200537
1746,2.472573290715622e-07,1.5e-10,0.0003206756590465005,19780586.325724334,0.0,0.0,19780586.325724334,0.0,0.0,0.0,899056323723.6238,-972.9240898251076,105.21646849413884,311.64331548835156,390.3225602757057,-910.0045957509849,-459.57646878769003,-170.05779755344722,185.3092300789116,1882.582880906861,1912.977069980976,0.0002024649272025025
1747,2.4740732907156223e-07,1.5e-10,0.00032103722844854186,19792586.325724334,0.0,0.0,19792586.325724334,0.0,0.0,0.0,899414494564.6171,-992.172069756303,107.70795476423174,304.7795874422528,393.0970838821364,-910.202345323523,-444.02714926654545,-167.23732885715503,179.75454828632974,1900.9785003338607,1931.5580529369008,0.00020275466091044305
1748,2.4755732907156224e-07,1.5e-10,0.00032139444383337025,19804586.325724334,0.0,0.0,19804586.325724334,0.0,0.0,0.0,899542328897.8168,-976.7665561881922,115.12291028927748,308.85737678658427,374.20070758065907,-895.7350429187361,-470.2728689199801,-176.43861331316353,179.1987459113838,1872.1519675476438,1903.0178490138715,0.00020304011358779513
1749,2.4770732907156225e-07,1.5e-10,0.0003217558887066544,19816586.325724334,0.0,0.0,19816586.325724334,0.0,0.0,0.0,899952229102.9116,-988.7391500942534,123.92406075627211,315.3030302802632,381.5611823488884,-911.6325779564586,-457.1075537160794,-166.7293186825945,185.30379678721332,1900.0246300119832,1931.235535315952,0.00020332979891809252
1750,2.4785732907156226e-07,1.5e-10,0.000322122202965824,19828586.325724334,0.0,0.0,19828586.325724334,0.0,0.0,0.0,900304837410.9636,-1006.4463908638409,127.45679440896502,315.3248563148522,387.28876771098186,-926.2489396750949,-454.88326364812787,-151.24384757758614,198.49913927235633,1932.353679500003,1963.6142482338469,0.0002036243410553276
1751,2.480073290715623e-07,1.5e-10,0.00032248092541964433,19840586.325724334,0.0,0.0,19840586.325724334,0.0,0.0,0.0,900352916244.9331,-969.3421662963121,106.3577878691247,309.01471999358154,371.19356087756717,-913.8313292018546,-465.72510080383415,-160.10823526764594,178.20347366354846,1882.8352408733017,1912.4554960998157,0.00020391120937974258
1752,2.481573290715623e-07,1.5e-10,0.0003228472731399988,19852586.325724334,0.0,0.0,19852586.325724334,0.0,0.0,0.0,900340025876.9329,-1018.7271120307405,120.1055510763482,293.8142120857999,395.4509395185805,-914.13316322442,-451.3001621705788,-151.00366313937528,193.03014406874712,1932.5285844524142,1963.7650018415234,0.00020420577413001882
1753,2.483073290715623e-07,1.5e-10,0.00032321097318788633,19864586.325724334,0.0,0.0,19864586.325724334,0.0,0.0,0.0,900697282194.939,-1006.3922062665563,119.3375213845272,303.79127470630044,374.75907215335053,-909.5158609309481,-455.39028775577873,-145.1837215069537,194.15956824680654,1915.572875197667,1945.6324521961976,0.00020449761899784825
1754,2.484573290715623e-07,1.5e-10,0.0003235738571968897,19876586.325724334,0.0,0.0,19876586.325724334,0.0,0.0,0.0,901002771395.6056,-1004.5285471821971,112.98301028909475,294.6660924936892,365.680395458561,-906.7634043669201,-444.76186863282237,-143.51895502768159,187.88943172410507,1910.9578699146869,1939.421088056383,0.0002047885321610567
1755,2.486073290715623e-07,1.5e-10,0.00032393352834186656,19888586.325724334,0.0,0.0,19888586.325724334,0.0,0.0,0.0,901311949768.1824,-996.384192855413,102.63492179027911,293.5709431252319,362.05368078024145,-894.4359202247535,-443.31266610722,-147.70406333049283,204.16009253756843,1890.4883815408575,1917.2804862815276,0.00020507612423399893
1756,2.4875732907156233e-07,1.5e-10,0.00032429318371321176,19900586.325724334,0.0,0.0,19900586.325724334,0.0,0.0,0.0,901674550694.7856,-990.6507078782705,115.03095526906053,291.5507082195881,353.1305221345737,-900.0972292604065,-434.95466080840305,-145.0506764151159,200.91931774847413,1890.4181261957795,1917.1071129897537,0.0002053636903009474
1757,2.4890732907156234e-07,1.5e-10,0.0003246557510540056,19912586.325724334,0.0,0.0,19912586.325724334,0.0,0.0,0.0,902017419704.3063,-1003.6639026816157,104.20351138037101,272.6740084012783,351.3839081807074,-906.6756831557815,-457.42663233320934,-133.7481872289651,201.91901138032276,1910.0141549675482,1936.2555459195557,0.00020565412863283533
1758,2.4905732907156235e-07,1.5e-10,0.00032502084026610146,19924586.325724334,0.0,0.0,19924586.325724334,0.0,0.0,0.0,902373999037.5957,-1016.2273037408846,119.88283550890185,273.302268688899,359.44814793233394,-910.4062328436498,-444.109368550324,-137.81579939270807,211.1230395373029,1926.307063977052,1953.358654331039,0.00020594713243098499
1759,2.4920732907156236e-07,1.5e-10,0.00032538234052975455,19936586.325724334,0.0,0.0,19936586.325724334,0.0,0.0,0.0,902732068158.667,-1011.2619855680485,108.37728521725616,274.141744093176,358.00860688407244,-891.053872959174,-465.7084593035419,-132.13154807063157,202.18112268518857,1901.9937839554116,1930.073027773982,0.00020623664338515109
1760,2.493573290715624e-07,1.5e-10,0.0003257405357897424,19948586.325724334,0.0,0.0,19948586.325724334,0.0,0.0,0.0,903104871162.6428,-1013.933280768366,108.45129174394754,276.32942972180115,366.7550729216948,-866.42701733834,-434.67439817544374,-135.0460671235795,205.26668808821447,1880.0383209221493,1908.3161076135366,0.0002065228908012931
1761,2.495073290715624e-07,1.5e-10,0.00032610074000332496,19960586.325724334,0.0,0.0,19960586.325724334,0.0,0.0,0.0,903442635175.8898,-1000.1943708504112,113.99984748762195,283.09565012226,367.3677185418206,-893.3080969801282,-447.90567010481357,-140.23723556877164,204.3823321194642,1893.1819064276347,1921.4992938891526,0.00020681111569537648
1762,2.496573290715624e-07,1.5e-10,0.00032646521383323694,19972586.325724334,0.0,0.0,19972586.325724334,0.0,0.0,0.0,903823543550.2654,-1045.230553314547,115.47370825274562,258.58805425643004,371.81071414337157,-875.8574621471853,-449.0044336974386,-139.05627409294055,183.60119783602048,1920.7732166117046,1951.0833519571217,0.00020710377819817006
1763,2.498073290715624e-07,1.5e-10,0.00032683208370965573,19984586.325724334,0.0,0.0,19984586.325724334,0.0,0.0,0.0,903679246960.8633,-1043.8373357388602,124.2468452363252,276.09557815803583,374.1188690810706,-893.8375386798585,-424.1410018347824,-133.2530029167657,210.17790351508648,1937.3617807693995,1966.246660619712,0.000207398715197263
1764,2.499573290715624e-07,1.5e-10,0.00032719683571801067,19996586.325724334,0.0,0.0,19996586.325724334,0.0,0.0,0.0,904052133346.398,-1030.423364640046,114.03875594043237,276.3179715623279,355.84190058000627,-893.9304705140089,-434.51797935798123,-136.8674562320007,196.21453863214438,1924.0432332816279,1951.2966225523314,0.00020769140969064586
1765,2.5010732907156243e-07,1.5e-10,0.00032755995175379963,20008586.325724334,0.0,0.0,20008586.325724334,0.0,0.0,0.0,904491595438.2941,-1025.6242913271828,107.59791011733216,274.2353837379606,353.1630398183048,-888.1458001062158,-438.1591810474184,-136.81052898069305,197.67503302591368,1913.4589808844678,1940.1963569536392,0.0002079824391441889
1766,2.5025732907156244e-07,1.5e-10,0.00032792385834864117,20020586.325724334,0.0,0.0,20020586.325724334,0.0,0.0,0.0,904893121472.5637,-1027.2660496187837,115.10802980118777,277.4902121900375,372.1031495259689,-890.5489038232727,-440.6105882325541,-155.37862907165635,189.89317350068114,1917.5080789657352,1946.40912395459,0.00020827440051278208
1767,2.5040732907156245e-07,1.5e-10,0.0003282911403942615,20032586.325724334,0.0,0.0,20032586.325724334,0.0,0.0,0.0,905294765514.7642,-1047.336934947317,107.94347836157948,302.7508234146422,380.64350151339397,-892.3815351531152,-448.5364351545115,-153.3383425156102,189.44268704619128,1939.408036871886,1969.5428304390198,0.00020856983193734792
1768,2.5055732907156247e-07,1.5e-10,0.00032865786798842516,20044586.325724334,0.0,0.0,20044586.325724334,0.0,0.0,0.0,905689131879.7374,-1044.6408567360106,114.99542417956215,302.29455673459574,391.4026001416745,-900.7016174222622,-428.7477599273864,-151.36752947086592,173.88563361494377,1930.071353197287,1966.3502005210635,0.0002088647844674261
1769,2.507073290715625e-07,1.5e-10,0.00032902442043325367,20056586.325724334,0.0,0.0,20056586.325724334,0.0,0.0,0.0,905920278323.2374,-1055.3493194272946,113.50367900523362,304.42009468337744,367.964226704129,-879.459726705922,-426.8517752233629,-157.0056070708633,159.4604871931504,1934.4996099155821,1965.031055874552,0.00020915953912580728
1770,2.508573290715625e-07,1.5e-10,0.0003293947632498521,20068586.325724334,0.0,0.0,20068586.325724334,0.0,0.0,0.0,906358408020.9509,-1044.875828694726,101.45495145782905,318.0027922913202,349.2792188178719,-917.3720726679092,-403.13845927645434,-132.29789379602337,168.9075936378905,1961.946853769253,1988.1026673883669,0.00020945775452591554
1771,2.510073290715625e-07,1.5e-10,0.00032976511856451556,20080586.325724334,0.0,0.0,20080586.325724334,0.0,0.0,0.0,906741161901.967,-1072.0762298078491,113.85520134866015,314.41467480637215,367.3292314732981,-888.3061747371931,-406.1601683059463,-154.39737090312983,153.25396531066846,1960.084272589793,1990.1287110762735,0.000209756273832577
1772,2.511573290715625e-07,1.5e-10,0.0003301369002441103,20092586.32572433,0.0,0.0,20092586.325724334,0.0,0.0,0.0,907223015627.4589,-1078.7678936295663,106.46489761138078,314.00746644957286,361.62253427148727,-891.5740207948538,-406.5098461704698,-159.65198089046066,145.06507899126294,1970.0554329864299,1999.2340574944799,0.00021005615894120115
1773,2.513073290715625e-07,1.5e-10,0.00033050781324209624,20104586.325724334,0.0,0.0,20104586.325724334,0.0,0.0,0.0,907683853404.3116,-1087.5377037649791,113.42373001442915,326.1922427330371,365.5509318904923,-876.3318170457871,-400.24736590548804,-168.68128523272375,141.73597050715765,1963.5932888489158,1994.4793137900883,0.00021035533083826966
1774,2.5145732907156253e-07,1.5e-10,0.0003308813381946164,20116586.325724334,0.0,0.0,20116586.325724334,0.0,0.0,0.0,908174155605.2507,-1090.422540975568,126.08887614080552,334.2079002843646,371.1665278722008,-890.158714758673,-405.1006462074063,-181.50677564426928,142.39180992372718,1980.286062101716,2012.085981356455,0.00021065714373547312
1775,2.5160732907156254e-07,1.5e-10,0.00033125386540480836,20128586.325724334,0.0,0.0,20128586.325724334,0.0,0.0,0.0,908638485078.7881,-1084.9653446980087,101.32008920686766,341.3463832488674,370.26179420310694,-890.1663586940654,-404.5728776180811,-177.8162883767127,149.32420363593536,1974.8449390545152,2004.445094248459,0.00021095781049961039
1776,2.5175732907156256e-07,1.5e-10,0.0003316287061126418,20140586.325724334,0.0,0.0,20140586.325724334,0.0,0.0,0.0,908742083672.5597,-1093.582832334778,92.04791409423966,327.563468700816,353.54350726864993,-893.432666107741,-406.7054216546634,-185.60600074411633,151.65219320868394,1994.162743008407,2018.6973157739378,0.00021126061509697648
1777,2.5190732907156257e-07,1.5e-10,0.0003320072975232467,20152586.325724334,0.0,0.0,20152586.325724334,0.0,0.0,0.0,908925684536.3782,-1112.6468686596727,106.02565216774512,340.6381648164062,368.0643738699895,-903.4621903514252,-373.21989298764515,-173.46429345895908,149.31218242732277,2015.8849586124459,2044.4136420244317,0.00021156727714328016
1778,2.520573290715626e-07,1.5e-10,0.00033238670483609476,20164586.325724334,0.0,0.0,20164586.325724334,0.0,0.0,0.0,908953867361.0073,-1107.0851198417101,97.31410706708029,329.0565447839878,374.5846991992951,-914.3027676919602,-390.2480436872108,-173.87633649295464,155.32550940664296,2021.5915880171724,2049.292325183297,0.00021187467099205765
1779,2.522073290715626e-07,1.5e-10,0.00033276103962390794,20176586.325724334,0.0,0.0,20176586.325724334,0.0,0.0,0.0,908997399341.95,-1092.7890629821031,110.87836746678597,317.48218695051185,361.4449704802008,-895.5026995897208,-364.46939693323884,-173.30263067920768,161.42934064535413,1988.378872560531,2015.327059350839,0.00021217697005096028
1780,2.523573290715626e-07,1.5e-10,0.0003331378977621277,20188586.325724334,0.0,0.0,20188586.325724334,0.0,0.0,0.0,908569809443.5825,-1095.5294848235765,109.73885709480405,310.39006144959535,351.6053694666234,-909.8491831472621,-381.22237380359536,-169.33063986012743,148.54016370766547,2005.0846081178454,2031.7173863918779,0.00021248172765891906
1781,2.525073290715626e-07,1.5e-10,0.00033351659723756665,20200586.325724334,0.0,0.0,20200586.325724334,0.0,0.0,0.0,908921920276.2386,-1106.187048643762,114.46866538386507,314.33024560619515,347.5695480057352,-911.6669598832736,-380.4559979896984,-172.19374985178945,159.7385383722159,2017.5622574777797,2043.9411342873254,0.00021278831882906216
1782,2.526573290715626e-07,1.5e-10,0.0003338978838197774,20212586.325724334,0.0,0.0,20212586.325724334,0.0,0.0,0.0,909026385125.2877,-1119.384867063764,118.26569723542262,296.5954125700956,333.0483462297577,-916.3686739756836,-382.6092797203988,-185.99651223818466,153.50534046293683,2035.4337270474198,2060.7356345475055,0.00021309742917424428
1783,2.5280732907156263e-07,1.5e-10,0.00033428322902251395,20224586.325724334,0.0,0.0,20224586.325724334,0.0,0.0,0.0,909280553865.7332,-1118.6968103061772,145.36656897820376,280.9557996726119,338.8457487290125,-942.5762525990436,-397.8443274614037,-174.571397689247,150.68226640617098,2060.978699261049,2088.220916023262,0.00021341066231164778
1784,2.5295732907156265e-07,1.5e-10,0.00033466770893034105,20236586.325724334,0.0,0.0,20236586.325724334,0.0,0.0,0.0,909432115788.6714,-1128.93702574534,138.32256595236282,294.4098161417638,320.0132697499088,-927.361352326794,-394.53974355123125,-166.55963220598574,151.2996108528236,2055.9874747678077,2082.3662769837024,0.00021372301725319535
1785,2.5310732907156266e-07,1.5e-10,0.00033504699753496715,20248586.325724334,0.0,0.0,20248586.325724334,0.0,0.0,0.0,909720205298.9655,-1097.3908937543406,124.95623296343744,283.13986767263617,321.7743649664045,-924.9819165714518,-392.8952141167212,-172.03943316347176,145.02416048986308,2022.071253397178,2046.9988226580012,0.00021403006707659404
1786,2.5325732907156267e-07,1.5e-10,0.0003354320558715807,20260586.325724334,0.0,0.0,20260586.325724334,0.0,0.0,0.0,909998466317.141,-1106.875786027749,152.4499889204514,270.5730788291082,329.056457539721,-953.1640395487394,-377.94230414395645,-174.32049331150225,143.2168022391647,2059.734930819743,2085.5547970017346,0.0002143429002961443
1787,2.534073290715627e-07,1.5e-10,0.000335814093107301,20272586.325724334,0.0,0.0,20272586.325724334,0.0,0.0,0.0,909605371435.4025,-1094.7391949598896,131.20636006156886,282.45204638418215,325.10579843293124,-946.1772593393905,-371.32814225278383,-176.82661979429088,138.1092104131095,2040.6164910768862,2064.7365075117445,0.00021465261077227105
1788,2.535573290715627e-07,1.5e-10,0.0003361924269560371,20284586.325724334,0.0,0.0,20284586.325724334,0.0,0.0,0.0,909923413515.3965,-1089.3506475102952,130.033312929713,294.9445455729238,308.06137885529637,-927.7116180752661,-373.30620225253864,-171.92824265538923,158.43073425518804,2016.7629230363116,2039.8173260576195,0.0002149585833711797
1789,2.537073290715627e-07,1.5e-10,0.00033657468754203906,20296586.325724334,0.0,0.0,20296586.325724334,0.0,0.0,0.0,910037800881.7869,-1098.8632788024172,137.3895307661551,296.7735557475401,320.8431822255196,-943.8701359394685,-366.1586099766206,-177.9038913036471,159.75757239820365,2042.427323153311,2066.116326465198,0.00021526850082014947
1790,2.538573290715627e-07,1.5e-10,0.0003369559100473296,20308586.325724334,0.0,0.0,20308586.325724334,0.0,0.0,0.0,910430291651.201,-1089.4857206485353,139.3779142724602,311.0725421133041,317.7237395622024,-946.4045523547828,-368.8242017349998,-190.71587511316227,161.39186457191803,2035.5824861363412,2059.042606317359,0.00021557735721109707
1791,2.540073290715627e-07,1.5e-10,0.00033733953369069014,20320586.325724334,0.0,0.0,20320586.325724334,0.0,0.0,0.0,910830321751.0625,-1103.160380205759,143.50594852384052,314.6316477597907,316.952253620081,-948.4111572049496,-368.4809311794914,-190.40513654316288,156.6144575683619,2051.2617679415093,2075.2979031953646,0.00021588865189657637
1792,2.5415732907156274e-07,1.5e-10,0.00033772504539705356,20332586.325724334,0.0,0.0,20332586.325724334,0.0,0.0,0.0,911189790663.4725,-1120.4773481128711,148.1668323437762,331.45541809314466,311.6717416144008,-943.5737712299857,-374.4895348150313,-187.19168786975197,172.63922818627225,2063.755524115304,2088.2834026740165,0.00021620189440697748
1793,2.5430732907156275e-07,1.5e-10,0.0003381113343700038,20344586.325724334,0.0,0.0,20344586.325724334,0.0,0.0,0.0,911553505772.3121,-1114.1981761601944,139.89317978439934,309.8261677789231,310.38923755528936,-956.105013273372,-374.55233766403575,-193.25876619169347,179.94093263732938,2070.0096133135035,2092.466181024641,0.00021651576433413117
1794,2.5445732907156276e-07,1.5e-10,0.00033849899021848014,20356586.325724334,0.0,0.0,20356586.325724334,0.0,0.0,0.0,911919638484.7596,-1114.6159277953084,145.38141340069177,319.1735645747785,303.1528306385251,-964.6398106126119,-386.86262744005774,-191.93156620772277,182.1774798435503,2078.9517701409222,2101.5191085214597,0.0002168309922004094
1795,2.5460732907156277e-07,1.5e-10,0.00033888500722150137,20368586.325724334,0.0,0.0,20368586.325724334,0.0,0.0,0.0,912311193952.214,-1110.0437652505036,136.43555560155028,319.51352877962665,299.71984173379457,-959.0453973004011,-386.3702416525725,-205.3364556899163,186.64563300162408,2068.785796877089,2090.202356262411,0.00021714452255384875
1796,2.547573290715628e-07,1.5e-10,0.0003392735199407516,20380586.325724334,0.0,0.0,20380586.325724334,0.0,0.0,0.0,912708830192.0039,-1119.3055187806974,122.58492788388644,333.3842810033157,277.59444357715364,-944.148902547144,-390.76878055279036,-200.98606688144676,188.75879302346496,2098.4186444070406,2106.634476679583,0.00021746051772535068
1797,2.549073290715628e-07,1.5e-10,0.00033966280988006743,20392586.325724334,0.0,0.0,20392586.325724334,0.0,0.0,0.0,912603226678.2338,-1112.7372830438746,127.2317757205877,338.4282429801848,300.4841386448944,-978.8304834996636,-396.3683873690193,-209.87216431220762,206.3130143109219,2091.2782685391035,2111.48170404325,0.00021777723998095717
1798,2.550573290715628e-07,1.5e-10,0.0003400521850500404,20404586.325724334,0.0,0.0,20404586.325724334,0.0,0.0,0.0,913002400896.5022,-1101.9362753134055,139.3314989385222,332.5164686159105,305.7427788745151,-989.2700935553146,-414.4594983874289,-201.25979179803934,211.3779036923448,2090.909021948034,2112.36047933115,0.00021809409405285684
1799,2.552073290715628e-07,1.5e-10,0.00034044050504745884,20416586.325724334,0.0,0.0,20416586.325724334,0.0,0.0,0.0,913432880149.032,-1111.8822097194195,127.00525832368349,347.70193780357005,300.48938759026424,-972.5476659727792,-414.04571883777373,-192.53841394238123,211.2516062849656,2084.1739743453822,2105.5305883905467,0.00021840992364111542
1800,2.553573290715628e-07,1.5e-10,0.0003408357409246538,20428586.325724334,0.0,0.0,20428586.325724334,0.0,0.0,0.0,913858716304.084,-1135.0774420068808,137.04583072359708,343.5346340665165,322.1463605543323,-994.3940998237389,-402.3631151505607,-199.38049728653382,202.35092308690704,2129.2043758819814,2151.98405813796,0.0002187327212498361
1801,2.5550732907156284e-07,1.5e-10,0.00034122635332470616,20440586.325724334,0.0,0.0,20440586.325724334,0.0,0.0,0.0,914356150461.7058,-1112.293646350615,142.01826822399758,337.3771469174491,321.7961330081702,-986.8795124648894,-404.9983535222301,-211.08336270468493,212.48148802898962,2098.3522169346215,2121.0498477970077,0.00021905087872700567
1802,2.5565732907156285e-07,1.5e-10,0.0003416149202421244,20452586.325724334,0.0,0.0,20452586.325724334,0.0,0.0,0.0,914874447661.4059,-1098.4952527798996,140.48085564643404,354.3915949786527,335.02956072163306,-984.6747002388032,-424.0285128869419,-211.58878768252183,195.67728595438723,2083.662845372954,2108.2774136249973,0.00021936712033904942
1803,2.5580732907156286e-07,1.5e-10,0.000342007105476322,20464586.325724334,0.0,0.0,20464586.325724334,0.0,0.0,0.0,915121537698.9651,-1109.9083404928938,137.3240408925659,337.86978820736346,338.442728563358,-998.0107824632772,-424.1471102430017,-218.66614488548046,184.9775489233491,2107.644611544644,2132.1304928893087,0.0002196869399129828
1804,2.5595732907156287e-07,1.5e-10,0.0003424030217673745,20476586.325724334,0.0,0.0,20476586.325724334,0.0,0.0,0.0,915460969269.9382,-1132.5094755302355,127.763243495839,359.7285156246686,326.5427104879381,-1001.2525665070151,-423.3652349755761,-211.53831468679076,202.4389867124795,2133.5412305060995,2156.488490996029,0.0002200104131866322
1805,2.561073290715629e-07,1.5e-10,0.0003428024331453008,20488586.325724334,0.0,0.0,20488586.325724334,0.0,0.0,0.0,915613979968.6031,-1147.7783730561218,122.74141482868741,371.5524559757358,334.04501402859927,-1009.8209279061422,-397.3774140818482,-214.1606143227456,203.22990324197366,2157.2239981643684,2179.6495930974866,0.00022033736062559682
1806,2.562573290715629e-07,1.5e-10,0.0003431939055823147,20500586.325724334,0.0,0.0,20500586.325724334,0.0,0.0,0.0,916012938990.1385,-1104.7315061889603,125.31662246100535,357.7303587638667,338.3399187525239,-1000.4636763672186,-393.0423018354114,-212.74106885115333,227.50370687903512,2104.842127907945,2126.565432228314,0.00022065634544043107
1807,2.564073290715629e-07,1.5e-10,0.00034359867073073747,20512586.325724334,0.0,0.0,20512586.325724334,0.0,0.0,0.0,915462165502.8378,-1155.227623497903,130.4237238413853,404.47661793143016,326.9675533102302,-1036.9627273079336,-436.6563319799455,-186.46806585696035,214.0663485873517,2191.9012818236547,2216.215121045797,0.00022098877770858794
1808,2.565573290715629e-07,1.5e-10,0.00034399739571599114,20524586.325724334,0.0,0.0,20524586.325724334,0.0,0.0,0.0,915547416485.3037,-1142.9796795683524,138.60644030020097,390.59062734184363,323.0856817278468,-1008.5585430132631,-449.5551270696924,-212.25999551225516,212.93318745784921,2151.257555842077,2175.925495079802,0.0002213151665328499
1809,2.5670732907156293e-07,1.5e-10,0.0003443969973679503,20536586.325724334,0.0,0.0,20536586.325724334,0.0,0.0,0.0,915325907653.2089,-1157.776169112616,143.93207850050413,370.9474364168288,347.5402872648455,-998.8172165825432,-427.29411036768937,-208.63197596781,215.62652551171345,2156.3153523078677,2182.372511625922,0.0002216425224095938
1810,2.5685732907156294e-07,1.5e-10,0.0003447955606352421,20548586.325724334,0.0,0.0,20548586.325724334,0.0,0.0,0.0,915314402786.1304,-1145.4436598428626,137.71466965244693,360.75460081317846,343.02846748837743,-1000.3896478230961,-424.7068574071648,-215.71779608292127,230.1469896139721,2153.04070736285,2174.6120731910455,0.00022196871422057245
1811,2.5700732907156295e-07,1.5e-10,0.0003451966871524117,20560586.325724334,0.0,0.0,20560586.325724334,0.0,0.0,0.0,915476952060.0215,-1159.2340668437478,144.3353581286948,356.96350257657673,358.30702968439425,-1008.1856551047691,-409.36525075967023,-210.18341622485252,237.61158357499428,2167.165757950591,2192.2159112501226,0.00022229754660725996
1812,2.5715732907156296e-07,1.5e-10,0.0003455842286784789,20572586.32572433,0.0,0.0,20572586.325724334,0.0,0.0,0.0,915758975019.6935,-1061.5192375116094,142.8035731140545,353.6806379827626,315.8301353306286,-1018.8037517397447,-409.31086312178223,-245.11914957144475,259.9280667840578,2080.0584103856195,2099.785705629172,0.00022261251446310432
1813,2.5730732907156297e-07,1.5e-10,0.0003459804092983422,20584586.325724334,0.0,0.0,20584586.325724334,0.0,0.0,0.0,915854811157.0146,-1144.2956577878938,142.8163512486135,356.5935972343596,316.5453411900951,-991.2689252247939,-433.2148588301542,-212.14054162595735,230.15297903184683,2135.3113415242756,2158.4157999455274,0.00022293627683309615
1814,2.57457329071563e-07,1.5e-10,0.00034637675478984246,20596586.32572433,0.0,0.0,20596586.325724334,0.0,0.0,0.0,915876393671.1444,-1125.4608933036018,166.88090525402367,367.72657763176744,329.8942131653237,-1009.7796950820459,-435.5807292810068,-212.09531039255518,234.9228016711667,2134.9389050210434,2160.2340135420577,0.00022326031193512747
1815,2.57607329071563e-07,1.5e-10,0.00034677539633635107,20608586.325724334,0.0,0.0,20608586.325724334,0.0,0.0,0.0,916097307731.2439,-1149.0525124673009,175.75962147322508,355.42968956090976,332.27525324473874,-1016.9231654251714,-425.02839252625347,-228.79863916847256,229.69689120630613,2142.315770282705,2175.6402715091012,0.00022358665797585383
1816,2.57757329071563e-07,1.5e-10,0.00034717680178328065,20620586.325724334,0.0,0.0,20620586.325724334,0.0,0.0,0.0,916147270942.2528,-1138.2675131495535,195.8643406120584,369.50948377939375,330.0755763050386,-1029.6009796318176,-438.34121286593864,-219.5152504437324,236.7391302753357,2167.584778154276,2194.5435534843205,0.00022391583950887646
1817,2.57907329071563e-07,1.5e-10,0.00034757814552862504,20632586.325724334,0.0,0.0,20632586.325724334,0.0,0.0,0.0,916475486098.229,-1125.5025211446498,215.30242921479078,367.7780493436754,338.9045503748659,-1040.8126902150714,-441.97532622142364,-212.7077368131326,240.597301913114,2166.0297257778075,2195.086087534768,0.00022424510242200667
1818,2.5805732907156303e-07,1.5e-10,0.00034798794297987736,20644586.325724334,0.0,0.0,20644586.325724334,0.0,0.0,0.0,916759120447.1985,-1164.6036139855091,206.897043435244,361.07809367586674,341.67233964937105,-1058.5421286196727,-433.8379187793431,-193.5244759562315,236.1857476357275,2222.5286254348903,2250.9969626014686,0.0002245827519663969
1819,2.5820732907156304e-07,1.5e-10,0.0003483890804634632,20656586.325724334,0.0,0.0,20656586.325724334,0.0,0.0,0.0,917120313615.2151,-1135.0113254694365,202.0113427871093,358.38596395718554,318.9317325396549,-1031.0916666273072,-452.67858130101666,-208.2777254573896,241.41421191166643,2165.8230626878685,2192.6336789635384,0.00022491164701824142
1820,2.5835732907156305e-07,1.5e-10,0.0003487904762955788,20668586.325724334,0.0,0.0,20668586.325724334,0.0,0.0,0.0,917342384977.0281,-1147.5691595902965,222.01666856303538,354.9626436348119,332.9994445556246,-1018.5801994942994,-451.0083759759465,-222.57995803230892,234.244919145052,2165.85076833925,2195.693873365672,0.00022524100109924628
1821,2.5850732907156306e-07,1.5e-10,0.0003491994361586013,20680586.325724334,0.0,0.0,20680586.325724334,0.0,0.0,0.0,917574049460.8395,-1159.7704854613778,207.98075256223936,370.79332774596696,329.11300042164345,-1058.1043752123041,-442.3106058393616,-210.99615774406627,243.35096020872743,2217.655678211325,2244.9118828595283,0.00022557773788167522
1822,2.586573290715631e-07,1.5e-10,0.0003495999460425096,20692586.325724334,0.0,0.0,20692586.325724334,0.0,0.0,0.0,918003075845.5476,-1164.316043291676,204.20712494226228,358.0042643756434,309.76433856280164,-997.7408018494264,-452.8209520504136,-225.92985789444717,248.42470325885165,2161.74573478675,2188.7526506426293,0.0002259060507792716
1823,2.588073290715631e-07,1.5e-10,0.00035000797655511265,20704586.325724334,0.0,0.0,20704586.325724334,0.0,0.0,0.0,918402881686.3778,-1157.68186209701,221.94178631757111,355.0077670763669,329.59192768470535,-1053.6384878644192,-444.0746388372039,-216.65953820194665,248.38762083491872,2211.041493673597,2239.0321396008326,0.00022624190560021173
1824,2.589573290715631e-07,1.5e-10,0.00035041509699540116,20716586.325724334,0.0,0.0,20716586.325724334,0.0,0.0,0.0,918870593254.429,-1164.9278600590562,224.30403772987054,368.84627323788646,330.06567307506936,-1039.4419775973367,-457.30399209005617,-224.2699810992607,240.99946790744724,2204.0918448677025,2233.5361005051655,0.0002265769360152875
1825,2.591073290715631e-07,1.5e-10,0.0003508252896961316,20728586.325724334,0.0,0.0,20728586.325724334,0.0,0.0,0.0,919388562855.2937,-1179.999357826496,215.8544672417698,359.884645122842,334.21317480227117,-1045.3888225617804,-459.664523777175,-222.21101806715524,254.65709662285224,2225.1086054284647,2253.607895880049,0.0002269149771996695
1826,2.592573290715631e-07,1.5e-10,0.0003512313499723057,20740586.32572433,0.0,0.0,20740586.325724334,0.0,0.0,0.0,919833499070.2257,-1171.3276965422162,227.7309842195146,365.9038890235908,347.01566683782744,-1024.6237445025922,-479.9078938898044,-226.23489874501922,254.4072984166822,2195.7370094952516,2227.6249287085197,0.00022724912093897577
1827,2.5940732907156313e-07,1.5e-10,0.0003516405274874325,20752586.325724334,0.0,0.0,20752586.325724334,0.0,0.0,0.0,920336813524.0513,-1174.721216960365,207.54861452734426,374.08524074928147,336.7513187585318,-1044.015552698947,-479.20922100870456,-224.5412256668086,274.033847811341,2218.4609475949637,2246.755997677898,0.00022758613433862746
1828,2.5955732907156314e-07,1.5e-10,0.00035204847544161526,20764586.32572433,0.0,0.0,20764586.325724334,0.0,0.0,0.0,920773328109.4193,-1161.1262094179888,206.28516312838738,403.0001781644848,339.9544800134886,-1049.0035365633978,-491.6477175678413,-246.4348378659213,270.7171270475716,2209.853606932448,2238.7386102695355,0.00022792194513016788
1829,2.5970732907156315e-07,1.5e-10,0.00035245543206941735,20776586.325724334,0.0,0.0,20776586.325724334,0.0,0.0,0.0,921096763831.4327,-1180.122977135143,216.976255325188,401.460988759762,334.39299376645045,-1022.9121379607309,-492.41978619211,-239.74902251659535,281.12856879197113,2202.752831001766,2232.8697396469074,0.00022825687559111492
1830,2.5985732907156316e-07,1.5e-10,0.00035286671230757536,20788586.325724334,0.0,0.0,20788586.325724334,0.0,0.0,0.0,921561609737.8246,-1185.7021605462226,214.04052917126398,398.9870683430045,343.78315405997984,-1046.314525031283,-490.28269856328893,-245.30614292934027,280.7173552070601,2231.6506632191517,2261.3093172223244,0.00022859607198869828
1831,2.600073290715632e-07,1.5e-10,0.00035327800513754317,20800586.325724334,0.0,0.0,20800586.325724334,0.0,0.0,0.0,921855363222.8813,-1185.4620161590444,226.76136509238,393.35273622332966,353.7063928746502,-1045.224024375656,-500.6885185578949,-252.88291598851063,271.2204495639093,2230.4058442218143,2262.3275292477997,0.00022893542111808546
1832,2.601573290715632e-07,1.5e-10,0.00035368068740613856,20812586.325724334,0.0,0.0,20812586.325724334,0.0,0.0,0.0,922389136988.0537,-1125.2068512843914,215.05420967171673,395.246516512308,319.86418275804124,-1051.1670881595928,-492.18172553182706,-259.2218421609976,290.349953997096,2176.0884587985365,2202.890815454377,0.00022926585474040363
1833,2.603073290715632e-07,1.5e-10,0.0003540913814406625,20824586.32572433,0.0,0.0,20824586.325724334,0.0,0.0,0.0,922809957950.7894,-1186.1402520554452,204.21023697652478,389.8926035831902,335.4098862382781,-1059.5461880698706,-468.27561339687986,-247.43227180030325,284.26937990678425,2221.3884536837304,2256.3695092036046,0.00022960431016678416
1834,2.604573290715632e-07,1.5e-10,0.0003545034485647378,20836586.325724334,0.0,0.0,20836586.325724334,0.0,0.0,0.0,923033517755.6215,-1179.730528971733,218.136940914502,400.8344925474855,339.9023300568157,-1057.27033261238,-513.6439760623073,-268.5971485778436,278.2583306042174,2236.7078684930707,2266.3623186031055,0.00022994426451457462
1835,2.606073290715632e-07,1.5e-10,0.00035491827037893476,20848586.325724334,0.0,0.0,20848586.325724334,0.0,0.0,0.0,923426244588.3293,-1189.182445436855,221.32864944171803,419.129446333843,340.6609811379406,-1066.2491790295712,-499.95326371882334,-265.8424122914511,282.7588658098597,2255.135598631853,2284.7217338393552,0.00023028697277465053
1836,2.6075732907156323e-07,1.5e-10,0.00035533089648314033,20860586.325724334,0.0,0.0,20860586.325724334,0.0,0.0,0.0,923923329161.3433,-1199.3937911118842,214.64751934521064,413.916958906905,319.1721145505814,-1042.0719320057356,-510.48795214338963,-281.52021197063027,272.92956043386005,2241.21826960125,2269.6522280484746,0.0002306274206088578
1837,2.6090732907156324e-07,1.5e-10,0.00035574251972993724,20872586.325724334,0.0,0.0,20872586.325724334,0.0,0.0,0.0,924408253087.1362,-1227.934023985478,230.43497920792564,449.14094394093803,345.3065974168113,-1003.9060611902231,-516.2432520418241,-279.50432840404375,278.3030086094544,2231.5507832471662,2266.260281768414,0.00023096735965112304
1838,2.6105732907156325e-07,1.5e-10,0.0003561560930553541,20884586.325724334,0.0,0.0,20884586.325724334,0.0,0.0,0.0,924761735997.5736,-1206.0660350833762,215.61396370023232,440.5322933087207,304.68958988498565,-1042.6808350352253,-513.9167852573726,-300.0042574135932,295.58469150022944,2248.4492419366707,2275.429484478662,0.00023130867407379483
1839,2.6120732907156327e-07,1.5e-10,0.0003565753550531342,20896586.325724334,0.0,0.0,20896586.325724334,0.0,0.0,0.0,924706391257.3895,-1219.9101233741055,190.3058824508687,420.2064828265415,341.335012157899,-1066.0369847491793,-496.0467046439231,-271.35673241088614,262.83727056264485,2285.6580861973475,2313.5025269844177,0.0002316556994528425
1840,2.613573290715633e-07,1.5e-10,0.00035698750861857685,20908586.325724334,0.0,0.0,20908586.325724334,0.0,0.0,0.0,924621798172.4037,-1198.5121456163572,195.5886598240929,437.78458308732706,369.9286339826476,-1025.8695077379255,-513.2554445714961,-240.287480412622,245.38265686963453,2240.437684774127,2269.1681298407884,0.00023199607467231861
1841,2.615073290715633e-07,1.5e-10,0.00035740623894336027,20920586.325724334,0.0,0.0,20920586.325724334,0.0,0.0,0.0,924157126616.4093,-1252.573655622337,168.28575496249914,397.87409446258994,371.07608929354365,-1028.2598570220457,-510.5993467412147,-267.14873353007494,243.04420282174084,2280.5401201719787,2311.8413113173256,0.00023234285086901621
1842,2.616573290715633e-07,1.5e-10,0.0003578253239371823,20932586.32572433,0.0,0.0,20932586.325724334,0.0,0.0,0.0,924512401905.0519,-1210.7103088305516,200.42631423263313,421.2873039785361,378.7088260037587,-1070.5214622553838,-525.4357628117896,-256.64134436158145,237.7941314171219,2280.96017258721,2314.7694942664953,0.00023269006629315618
1843,2.618073290715633e-07,1.5e-10,0.0003582487874650638,20944586.325724334,0.0,0.0,20944586.325724334,0.0,0.0,0.0,924854902077.3918,-1258.0882265078594,174.6073387813098,412.63621194659106,375.16451048373943,-1054.3414256793237,-495.08095628731263,-252.59864397403564,251.7215690552547,2312.1326436030877,2342.9214867449323,0.00023304150451616793
1844,2.619573290715633e-07,1.5e-10,0.000358670067579687,20956586.325724334,0.0,0.0,20956586.325724334,0.0,0.0,0.0,924729240135.2856,-1231.5463419415823,174.9209467687268,432.7765731530697,357.90545328890954,-1066.8309974986582,-515.0184300801641,-261.59528410353755,252.00049874200266,2298.035604319386,2327.659071192266,0.00023339065337684678
1845,2.6210732907156333e-07,1.5e-10,0.00035909440758123364,20968586.325724334,0.0,0.0,20968586.325724334,0.0,0.0,0.0,925034136782.9893,-1239.9694489302844,181.9525957254986,422.6547448510886,376.23606827271107,-1078.1409969494757,-514.136900615536,-269.1624071910396,260.8387542835873,2317.8088900187936,2348.3039994670853,0.00023374289897676683
1846,2.6225732907156334e-07,1.5e-10,0.0003595205146463306,20980586.325724334,0.0,0.0,20980586.325724334,0.0,0.0,0.0,925260092468.6954,-1281.6430142064603,173.62542876485688,444.80161582468634,363.145918007112,-1047.7688703537474,-522.0901910722093,-237.05800720941676,257.2996962182132,2329.1107471017217,2361.621298982514,0.00023409714217161422
1847,2.6240732907156336e-07,1.5e-10,0.00035995094266147193,20992586.32572433,0.0,0.0,20992586.325724334,0.0,0.0,0.0,925467208176.3737,-1277.7343195208387,183.6920855422464,418.9856221684268,385.78284582918644,-1079.955631159041,-539.392947255709,-253.6083740125405,277.70681224969724,2357.3939917547023,2389.739326283088,0.00023445560307055669
1848,2.6255732907156337e-07,1.5e-10,0.00036036757967905953,21004586.325724334,0.0,0.0,21004586.325724334,0.0,0.0,0.0,925623103182.7535,-1237.3037366871633,160.82511768044745,401.85775137225335,361.39812622510885,-1031.3647669466422,-522.7701151083492,-278.6889247644783,292.3098318482744,2268.3654953078635,2296.4633169091344,0.00023480007256809304
1849,2.627073290715634e-07,1.5e-10,0.0003607881855878307,21016586.325724334,0.0,0.0,21016586.325724334,0.0,0.0,0.0,925376399155.1024,-1257.3199471930182,172.97022747952565,383.79905456713766,371.15061966101507,-1037.043134528043,-479.3345037151009,-235.63659090548234,272.8337957528519,2294.056718980241,2323.6952209128262,0.00023514862685122996
1850,2.628573290715634e-07,1.5e-10,0.0003612163803244308,21028586.325724334,0.0,0.0,21028586.325724334,0.0,0.0,0.0,924887292144.9958,-1257.1212993281063,182.57260751691715,379.38210766685614,378.0878053310097,-1087.8890753210287,-485.86742769057577,-244.32027692518008,279.9419862454398,2344.708625054483,2373.3251891075174,0.00023550462562959608
1851,2.630073290715634e-07,1.5e-10,0.0003616441590744021,21040586.325724334,0.0,0.0,21040586.325724334,0.0,0.0,0.0,925107858084.4718,-1242.6352422362054,160.11941554720227,366.82044859894296,367.20621224902544,-1101.627813059194,-485.065442022067,-252.1159412267059,280.0205007752462,2343.9677875107213,2369.0430708730582,0.00023585998209022703
1852,2.631573290715634e-07,1.5e-10,0.0003620753462269244,21052586.325724334,0.0,0.0,21052586.325724334,0.0,0.0,0.0,925403856831.8048,-1259.9769984136074,171.863125168537,389.50809648396825,385.32340916073497,-1104.7256587750803,-509.04271630857306,-263.66105267586676,271.5472290907782,2364.3980966737145,2393.002073644824,0.00023621893240127376
1853,2.633073290715634e-07,1.5e-10,0.000362500226453905,21064586.325724334,0.0,0.0,21064586.325724334,0.0,0.0,0.0,925284993171.012,-1225.750728509296,127.43182356132561,342.98578412332813,365.45134136108743,-1101.4660821082084,-458.4807334524582,-252.5772651368873,268.05280016305625,2326.9105247823472,2348.6010197550654,0.000236571222554237
1854,2.6345732907156343e-07,1.5e-10,0.0003629258535107839,21076586.32572433,0.0,0.0,21076586.325724334,0.0,0.0,0.0,925460598594.0807,-1234.7815043328824,153.03374359252905,323.0133389271095,390.9180523930759,-1094.657856058633,-485.04761656860944,-240.32806087308617,279.4261381560905,2329.142112434832,2355.1878151808537,0.00023692450072651414
1855,2.6360732907156345e-07,1.5e-10,0.00036335104712334384,21088586.325724334,0.0,0.0,21088586.325724334,0.0,0.0,0.0,925816922572.1907,-1220.5759022885811,162.97357973657986,326.13865721513343,380.3622702654609,-1105.8185679656046,-493.54326335890244,-229.30671957021855,277.80290592672725,2326.091981304427,2352.1495459726584,0.00023727732315841004
1856,2.6375732907156346e-07,1.5e-10,0.0003637798702828318,21100586.32572433,0.0,0.0,21100586.325724334,0.0,0.0,0.0,926180759530.1301,-1262.8180798034603,163.01735381987567,328.30033260368856,376.56887388853295,-1087.3233448607502,-481.1588952125597,-221.46862209115903,262.39819456615254,2349.844848537802,2376.8275283078183,0.00023763384728765622
1857,2.6390732907156347e-07,1.5e-10,0.0003642102565378911,21112586.325724334,0.0,0.0,21112586.325724334,0.0,0.0,0.0,926451583835.8375,-1244.7787119164684,150.7133323123765,332.9593281988698,379.67145569703786,-1117.2614786329211,-455.9576551904025,-214.94769786951582,267.85552062962387,2361.7323750159085,2386.187426993289,0.00023799177540170522
1858,2.640573290715635e-07,1.5e-10,0.00036464088404836463,21124586.325724334,0.0,0.0,21124586.325724334,0.0,0.0,0.0,926834010906.6343,-1261.4547476803632,144.4062232463447,336.6615748284712,400.97128480246283,-1101.511461724187,-451.07765791193106,-231.07056830040167,270.11355146531264,2362.6719317950115,2388.511570752887,0.00023835005213731816
1859,2.642073290715635e-07,1.5e-10,0.00036506940671189884,21136586.325724334,0.0,0.0,21136586.325724334,0.0,0.0,0.0,927089988455.1505,-1234.0178236851789,153.79080175570454,379.38270220289115,390.93198269537686,-1112.9538564763286,-493.67688475871915,-233.72767398070144,250.01383116674435,2347.232095879069,2374.815049522698,0.00023870627439474658
1860,2.643573290715635e-07,1.5e-10,0.00036550986273976887,21148586.325724334,0.0,0.0,21148586.325724334,0.0,0.0,0.0,927409584026.914,-1283.0883148908963,158.33717931557936,330.1009239554403,435.1436483633989,-1139.2146631620565,-460.891671704232,-195.91859112299858,230.75777667446266,2426.371657745687,2455.3340702151277,0.00023907457450527883
1861,2.645073290715635e-07,1.5e-10,0.0003659439437773406,21160586.325724334,0.0,0.0,21160586.325724334,0.0,0.0,0.0,927699815839.0992,-1256.3975347053522,146.40280143929036,339.58044844150595,418.8173870536462,-1127.514594247417,-484.30708997809086,-214.63129340677241,246.79329937120195,2383.608990721656,2412.075900254092,0.00023943638589031695
1862,2.646573290715635e-07,1.5e-10,0.0003663756370369022,21172586.325724334,0.0,0.0,21172586.325724334,0.0,0.0,0.0,927977549359.8499,-1222.5831863219194,160.58275035195948,341.6476799001007,426.8900001343292,-1145.6369310652842,-459.63843818043057,-214.39799962115984,261.3860627774086,2367.921526367799,2396.4635527317782,0.00023979585542322672
1863,2.6480732907156354e-07,1.5e-10,0.00036681071300611614,21184586.325724334,0.0,0.0,21184586.325724334,0.0,0.0,0.0,928463740070.2559,-1261.376217607703,139.47439819571917,344.5856516862493,415.6254285015478,-1130.340556938704,-456.1195858098836,-196.9025710734272,260.0088261993561,2391.4024075073694,2418.2291015818,0.000240158589788464
1864,2.6495732907156355e-07,1.5e-10,0.0003672467954956226,21196586.325724334,0.0,0.0,21196586.325724334,0.0,0.0,0.0,928965791805.9731,-1262.8728160662115,144.26092942923702,317.68169818874514,440.622633515731,-1134.1472050286966,-469.4221336654832,-201.8826375982381,254.6824616792705,2396.7097995703075,2425.7179227698816,0.00024052244747687948
1865,2.6510732907156356e-07,1.5e-10,0.00036768207423258333,21208586.325724334,0.0,0.0,21208586.325724334,0.0,0.0,0.0,929323182374.5621,-1270.66160186075,146.07838544875688,313.6258849322255,424.5251954481582,-1122.4250974069485,-440.3927164648206,-207.51895160388185,262.52591409910536,2392.775598274552,2419.9223035790124,0.00024088543582241633
1866,2.6525732907156357e-07,1.5e-10,0.0003681195236132003,21220586.325724334,0.0,0.0,21220586.325724334,0.0,0.0,0.0,929316116687.68,-1270.9438097695613,157.24880886263193,360.7743845159136,412.62916994777555,-1135.8290146431348,-458.76617541021113,-214.43756968927912,258.1406472641399,2406.472354922176,2434.437361613111,0.0002412506014266583
1867,2.654073290715636e-07,1.5e-10,0.00036855692779718606,21232586.325724334,0.0,0.0,21232586.325724334,0.0,0.0,0.0,928951539017.6012,-1281.7929772512168,161.05468242557222,338.0492171042365,396.66384294679995,-1125.200809214134,-472.37547954892176,-205.87581898192136,271.39629594617566,2406.6977532585256,2433.8885717584385,0.00024161568471242205
1868,2.655573290715636e-07,1.5e-10,0.0003689858461092173,21244586.32572433,0.0,0.0,21244586.325724334,0.0,0.0,0.0,928987776085.3752,-1234.0164716944296,154.67071095770564,337.1029231323975,368.5408882759452,-1118.0588901580159,-497.2090640048798,-232.21159903606124,278.9806429186627,2351.75939999156,2376.245317769156,0.0002419721215100874
1869,2.657073290715636e-07,1.5e-10,0.00036942134942960394,21256586.325724334,0.0,0.0,21256586.325724334,0.0,0.0,0.0,928486978814.4869,-1269.8044174774393,144.55703564078573,363.69841708184765,390.4632700450702,-1124.7890449359925,-500.2079167964683,-211.63730973431223,272.7098390842489,2394.2814239026216,2420.8400102322275,0.00024233524751162224
1870,2.658573290715636e-07,1.5e-10,0.0003698599019054246,21268586.32572433,0.0,0.0,21268586.325724334,0.0,0.0,0.0,928540293277.0917,-1301.8251919431316,126.16982474901141,349.8964438327922,371.10435980406413,-1115.3757971910059,-489.01207822482735,-221.88334852728954,284.50506824267467,2416.897492193355,2440.348544678267,0.000242701299793324
1871,2.6600732907156363e-07,1.5e-10,0.0003702912635605688,21280586.325724334,0.0,0.0,21280586.325724334,0.0,0.0,0.0,928713688192.2491,-1249.024011393875,151.86507398019873,372.7664025644689,340.87012017337844,-1119.1419862411562,-550.6594006805035,-235.3826180516511,280.8867386056598,2367.849843106796,2392.5540646501477,0.0002430601829030215
1872,2.6615732907156364e-07,1.5e-10,0.0003707357455786382,21292586.325724334,0.0,0.0,21292586.325724334,0.0,0.0,0.0,928751987883.2655,-1282.1283409147,132.83607677758505,359.892634126666,345.9460680985803,-1175.5571820861853,-534.9148564530718,-223.58980655592563,299.55983370564826,2457.3667485995093,2478.714788346014,0.0002434319901212734
1873,2.6630732907156365e-07,1.5e-10,0.00037117913666695306,21304586.325724334,0.0,0.0,21304586.325724334,0.0,0.0,0.0,928659902799.6034,-1298.8217864666833,149.99773593194143,380.56515453578635,349.48465891483335,-1149.7793468533578,-534.5568158306597,-233.40511690029737,286.1327037969188,2448.2859711552455,2472.442977494914,0.00024380285656789763
1874,2.6645732907156366e-07,1.5e-10,0.0003716182666111553,21316586.325724334,0.0,0.0,21316586.325724334,0.0,0.0,0.0,928799470551.9606,-1269.0352291043414,151.47636867103427,390.72207003202095,358.9861330823011,-1150.7267600285793,-533.8005508090807,-230.64177073251045,289.56071576223115,2419.468316573907,2444.227868036674,0.00024416949074810315
1875,2.6660732907156367e-07,1.5e-10,0.0003720595638244553,21328586.32572433,0.0,0.0,21328586.325724334,0.0,0.0,0.0,928717439433.6434,-1305.9751446394143,154.0778246090219,380.2083591157324,364.64383392499406,-1128.0332696300527,-518.5875827303252,-206.1807529443168,305.5494796863457,2433.5618856650285,2459.3529077401695,0.00024453839368426415
1876,2.667573290715637e-07,1.5e-10,0.00037250277725798327,21340586.325724334,0.0,0.0,21340586.325724334,0.0,0.0,0.0,928788174269.454,-1295.7081025910593,151.84634909085904,391.3409534532505,356.1852533430274,-1150.9646763016328,-534.2925718803439,-195.4194299395247,295.2072807411135,2446.388818812538,2471.8709500387968,0.00024490917432676995
1877,2.669073290715637e-07,1.5e-10,0.0003729467473394652,21352586.325724334,0.0,0.0,21352586.325724334,0.0,0.0,0.0,928666974669.1399,-1298.761341685152,166.29834927493795,398.4408615930327,352.56470174646626,-1151.900548606689,-545.830209634595,-212.52090212609997,277.0803182512967,2450.34743662088,2477.345926224502,0.00024528077621570365
1878,2.670573290715637e-07,1.5e-10,0.0003733913925738554,21364586.325724334,0.0,0.0,21364586.325724334,0.0,0.0,0.0,928624205958.3447,-1313.1563954302667,109.42859232203628,388.8994506526689,341.4626243366484,-1146.719809637065,-504.49938661457196,-212.9850761082578,304.33028852457034,2459.5737416864968,2480.054736438684,0.00024565278442616943
1879,2.672073290715637e-07,1.5e-10,0.00037383527361148025,21376586.325724334,0.0,0.0,21376586.325724334,0.0,0.0,0.0,928764571615.4548,-1326.840355405291,118.42579053662035,392.8094098822721,341.6701637982651,-1126.5592490698607,-530.7262423515217,-215.58420527589402,304.16061047826076,2453.091260223331,2475.81802297417,0.00024602415712961554
1880,2.6735732907156373e-07,1.5e-10,0.00037427888869752526,21388586.325724334,0.0,0.0,21388586.325724334,0.0,0.0,0.0,928821023307.2369,-1314.5886219651675,115.95662284376856,379.4275574684077,356.3328456502839,-1136.8665037249214,-518.0559797611041,-197.74013208337266,302.6526036398915,2451.1462188467303,2473.85793407484,0.00024639523581972676
1881,2.6750732907156374e-07,1.5e-10,0.0003747164459494034,21400586.32572433,0.0,0.0,21400586.325724334,0.0,0.0,0.0,928985003361.045,-1287.1159574526077,99.94833600353122,363.73094261487057,327.47642816791387,-1126.788670677203,-492.0052373292261,-194.18879974116234,301.76029388942516,2413.5444728214393,2432.465405228939,0.0002467601056305111
1882,2.6765732907156375e-07,1.5e-10,0.0003751534134184835,21412586.325724334,0.0,0.0,21412586.325724334,0.0,0.0,0.0,929054532866.573,-1280.3267293309602,115.00095175620831,399.11440457339927,328.0409871213319,-1127.9865442579865,-500.2233169596318,-208.92320508237418,279.2203588663019,2407.9999939246673,2429.0882690610056,0.0002471244688708703
1883,2.6780732907156376e-07,1.5e-10,0.00037559151080235055,21424586.325724334,0.0,0.0,21424586.325724334,0.0,0.0,0.0,929132472629.9027,-1307.0242994929815,84.5042361231343,360.36262766786746,302.7881531838415,-1111.9494296880182,-482.25250971004414,-183.0848079879023,292.4239725876757,2418.655410528129,2436.304153885748,0.00024748991449395315
1884,2.6795732907156377e-07,1.5e-10,0.0003760318579317167,21436586.32572433,0.0,0.0,21436586.325724334,0.0,0.0,0.0,928602250098.3876,-1294.3075953644152,108.16898772852855,364.63340859569814,332.2155520104017,-1137.1804516097638,-488.39794925783275,-196.05841008015824,276.5048829822296,2431.167477840249,2451.2057180770103,0.0002478575953516647
1885,2.681073290715638e-07,1.5e-10,0.0003764704864878726,21448586.325724334,0.0,0.0,21448586.325724334,0.0,0.0,0.0,928466987085.4502,-1289.9833518290384,100.76713959668318,386.63243634890046,301.87315744388314,-1131.2934487808493,-505.9452412282055,-209.42024631712414,278.6610138126696,2420.9563793651123,2439.604127804824,0.0002482235359708354
1886,2.682573290715638e-07,1.5e-10,0.00037690369289640355,21460586.325724334,0.0,0.0,21460586.325724334,0.0,0.0,0.0,928710721246.821,-1282.3577194442491,103.58475045346286,381.37710916662195,320.77342779711944,-1101.7004462677955,-491.4687178866629,-188.42076746823608,284.97650545136236,2383.7191451858503,2404.201555690035,0.0002485841662041889
1887,2.684073290715638e-07,1.5e-10,0.00037733816086805023,21472586.325724334,0.0,0.0,21472586.325724334,0.0,0.0,0.0,928972696711.2035,-1297.7941966461183,96.868817541257,374.8549073728375,318.70915903076724,-1094.7250689750792,-497.9565605253743,-199.44085825240205,274.0771362787888,2392.171456301862,2412.7405717367624,0.00024894607728994945
1888,2.685573290715638e-07,1.5e-10,0.00037778019631157066,21484586.325724334,0.0,0.0,21484586.325724334,0.0,0.0,0.0,929191893186.1782,-1328.7573576878012,86.1916940108719,368.4200320790998,325.01860614681306,-1111.186976091544,-471.1579919265664,-197.57302334867592,271.1940534900837,2445.4793061740816,2463.0381973465305,0.0002493155330195514
1889,2.6870732907156383e-07,1.5e-10,0.0003782186923284006,21496586.325724334,0.0,0.0,21496586.325724334,0.0,0.0,0.0,929259693683.9445,-1284.3887927875671,83.39191431153303,384.41984284772536,318.7006295329369,-1136.7395563649004,-483.3832475660702,-213.36717729133494,279.95040176384856,2420.8122021223585,2438.349753893359,0.00024968128548263544
1890,2.6885732907156384e-07,1.5e-10,0.0003786614004928811,21508586.325724334,0.0,0.0,21508586.325724334,0.0,0.0,0.0,929343637298.634,-1316.1418284717786,84.07539649284907,378.21239591762884,340.27536856097413,-1131.0697908685217,-499.837161585669,-208.9814152940279,263.71791684145575,2446.8962246070414,2467.2632362783634,0.0002500513749680772
1891,2.6900732907156385e-07,1.5e-10,0.00037910131927085955,21520586.325724334,0.0,0.0,21520586.325724334,0.0,0.0,0.0,929667460065.0978,-1302.4307595343591,61.47402200027142,359.5836259076687,322.9956857308165,-1128.8868137961408,-484.804617133734,-214.02601772443884,271.2627339234533,2430.9836142638783,2447.81463203915,0.00025041854716288306
1892,2.6915732907156386e-07,1.5e-10,0.000379544611979394,21532586.325724334,0.0,0.0,21532586.325724334,0.0,0.0,0.0,930015613233.8549,-1341.828792453298,61.155565585372024,343.63468667970255,368.85821812166637,-1109.9945398898633,-450.7415900438412,-179.6420642767721,272.00417484293877,2451.4908230091514,2471.743769234821,0.0002507893087282683
1893,2.693073290715639e-07,1.5e-10,0.00037999118411107755,21544586.325724334,0.0,0.0,21544586.325724334,0.0,0.0,0.0,930422273928.3617,-1319.6038508150475,81.98713634788233,372.5752649339195,370.10934220659266,-1153.2757285134278,-455.18936207026917,-191.49244809113847,265.2882902879744,2472.564398106326,2492.8693302588144,0.0002511632391278071
1894,2.694573290715639e-07,1.5e-10,0.00038042492315511147,21556586.325724334,0.0,0.0,21556586.325724334,0.0,0.0,0.0,930699389907.5981,-1305.3322769424706,66.05852188194031,336.1893311831592,341.8897427258419,-1084.4070644065098,-427.3933832929961,-213.6994095318139,260.8865881706825,2389.422716330671,2407.45328678002,0.0002515243571208241
1895,2.696073290715639e-07,1.5e-10,0.0003808661423963528,21568586.32572433,0.0,0.0,21568586.325724334,0.0,0.0,0.0,931049038375.3054,-1310.6289524125411,91.63717521154082,339.57420122694396,384.3021225061524,-1125.5437924337107,-434.44134506851344,-210.57708103529063,236.4089943619633,2435.8472585661143,2457.5240370042047,0.00025189298572637474
1896,2.697573290715639e-07,1.5e-10,0.00038130338126792396,21580586.32572433,0.0,0.0,21580586.325724334,0.0,0.0,0.0,930829090131.6627,-1307.8563608315274,94.58761608949364,350.3983302147745,343.39935353788064,-1102.427518796637,-444.0276176307642,-185.99601881087258,228.18890131080488,2409.952884759676,2431.2453777216815,0.000252257672533033
1897,2.699073290715639e-07,1.5e-10,0.0003817441284049881,21592586.325724334,0.0,0.0,21592586.325724334,0.0,0.0,0.0,931148313913.0038,-1332.1206640335085,96.52189898769392,339.65342049487276,339.0145422074796,-1100.8580308952928,-448.3526367206508,-167.0813457931509,207.64691237078182,2432.64574680564,2455.3214828664986,0.00025262597075546297
1898,2.7005732907156393e-07,1.5e-10,0.0003821887322848129,21604586.32572433,0.0,0.0,21604586.325724334,0.0,0.0,0.0,931238250440.742,-1357.8111691096135,120.77957214541118,356.6866824439486,356.0180056586149,-1099.197343920618,-442.71230909256155,-184.76996305594028,219.0426383846507,2456.680779616562,2482.0188194126904,0.00025299827357837484
1899,2.7020732907156394e-07,1.5e-10,0.00038262691784333606,21616586.325724334,0.0,0.0,21616586.325724334,0.0,0.0,0.0,931340143529.892,-1338.3994572118495,97.85346928970554,365.30926247036774,328.10664070151176,-1077.5441426324617,-439.57204053139407,-190.74677852801,197.98308953704714,2415.61449536572,2438.9543559048257,0.00025336411673176055
1900,2.7035732907156395e-07,1.5e-10,0.0003830670725561206,21628586.325724334,0.0,0.0,21628586.325724334,0.0,0.0,0.0,931495007516.437,-1353.2133471063382,101.17766693346884,349.3570290795787,337.23179103972876,-1075.9256276070391,-436.7321694024482,-206.40945882548007,211.05995157518987,2428.792281266932,2452.1577803723067,0.0002537319403988164
1901,2.7050732907156396e-07,1.5e-10,0.000383505978398421,21640586.325724334,0.0,0.0,21640586.325724334,0.0,0.0,0.0,931684316096.5161,-1332.5956106331664,90.48911264591565,376.00158479080187,338.3522307580015,-1087.6331134270217,-464.85768189835716,-209.7493879618406,195.33769472023158,2419.891820171112,2443.593819133138,0.0002540984794716864
1902,2.70657329071564e-07,1.5e-10,0.0003839474476608079,21652586.325724334,0.0,0.0,21652586.325724334,0.0,0.0,0.0,931867832803.8464,-1336.1149858344827,89.1960136471772,373.03762390920633,339.94014800517397,-1101.6973986757148,-443.1626365481628,-210.29256182110612,211.61739639470937,2438.347754275475,2459.892773239695,0.00025446746338767234
1903,2.70807329071564e-07,1.5e-10,0.0003843906395471049,21664586.325724334,0.0,0.0,21664586.325724334,0.0,0.0,0.0,932049136297.7482,-1355.093505416604,80.44691064334293,381.61090102425845,352.14899960445587,-1093.6108620134469,-482.3282899797738,-217.4250660938672,217.78958940431792,2448.402864676511,2472.377827210171,0.00025483832006175386
1904,2.70957329071564e-07,1.5e-10,0.00038483328364387695,21676586.325724334,0.0,0.0,21676586.325724334,0.0,0.0,0.0,932440230153.11,-1354.189085130928,81.10650214154674,376.5715459613214,340.54961809713774,-1091.6102507087899,-492.81774253481876,-229.47237287767715,230.5383656998088,2445.481021477953,2468.4583184832723,0.00025520858880952635
1905,2.71107329071564e-07,1.5e-10,0.0003852779922739242,21688586.325724334,0.0,0.0,21688586.325724334,0.0,0.0,0.0,932813643526.5541,-1349.8097827073984,84.37992163416578,378.39336946003215,343.76105976247135,-1109.7383474840246,-486.16657183155996,-232.1550083956495,223.66228911881075,2459.2077462275442,2481.6671569457803,0.0002555808388830682
1906,2.71257329071564e-07,1.5e-10,0.00038572680352844357,21700586.325724334,0.0,0.0,21700586.325724334,0.0,0.0,0.0,933300279527.4161,-1378.2509716585985,81.19622510769673,390.79017249139787,374.42835423685784,-1107.5350111658213,-457.1483129567297,-220.01322450511262,222.5161232741689,2485.4524493976455,2509.9254721875077,0.0002559573277038963
1907,2.7140732907156403e-07,1.5e-10,0.0003861639440903647,21712586.325724334,0.0,0.0,21712586.325724334,0.0,0.0,0.0,933435868802.5188,-1350.3652491495923,75.52781425785649,404.4867649708946,346.1839292282084,-1058.8103569518712,-450.6659600908768,-240.29069337059462,219.03051967465817,2408.833549444589,2432.594336357671,0.00025632221685435
1908,2.7155732907156404e-07,1.5e-10,0.000386609340534116,21724586.325724334,0.0,0.0,21724586.325724334,0.0,0.0,0.0,933442617771.3282,-1372.882986169897,88.20419274152351,419.4226692403198,342.75879432842777,-1090.7878587592554,-458.55562547922887,-250.72518210278113,210.23652454298417,2463.3275106476035,2487.372566703666,0.0002566953227393555
1909,2.7170732907156405e-07,1.5e-10,0.00038705360561553016,21736586.32572433,0.0,0.0,21736586.325724334,0.0,0.0,0.0,933427301048.9701,-1391.1422314932622,93.51434803411486,416.0583372656793,352.75927314219115,-1063.7546624691863,-448.8783645423475,-247.11409255490685,199.00798950376884,2454.554696055976,2481.4993048087877,0.0002570675476350768
1910,2.7185732907156407e-07,1.5e-10,0.00038749157234618884,21748586.325724334,0.0,0.0,21748586.325724334,0.0,0.0,0.0,933715863657.0975,-1368.3705410418793,60.10740339139208,433.7167194495382,318.9383699667628,-1047.3181184043306,-448.04573348957825,-238.86447887441372,201.4944848071215,2415.35825521747,2439.1916674544414,0.000257433426385195
1911,2.720073290715641e-07,1.5e-10,0.0003879361661209212,21760586.325724334,0.0,0.0,21760586.325724334,0.0,0.0,0.0,933955056065.7843,-1369.869413145996,80.14740713121007,439.2137587897649,337.3042398346452,-1088.5641512742352,-450.6437921008954,-261.78833830108954,185.8597781148221,2458.088303453805,2482.155023874092,0.00025780574963877613
1912,2.721573290715641e-07,1.5e-10,0.0003883799337238171,21772586.32572433,0.0,0.0,21772586.325724334,0.0,0.0,0.0,934149224509.77,-1376.0034611672672,67.30089040307466,460.40804048474894,328.7817331710853,-1078.0361715053261,-431.1669979138128,-274.1369783952637,183.81616001809226,2453.6874435070176,2476.894558081509,0.00025817728382248836
1913,2.723073290715641e-07,1.5e-10,0.00038882475565335214,21784586.325724334,0.0,0.0,21784586.325724334,0.0,0.0,0.0,934443721614.2878,-1388.1989012219292,61.75358871827689,465.7778787984175,326.53699129926,-1073.2303381680124,-420.3881258990746,-275.6468665281084,181.05101564107648,2461.082717938477,2484.3441129072553,0.00025854993543942444
1914,2.724573290715641e-07,1.5e-10,0.0003892762666999819,21796586.325724334,0.0,0.0,21796586.325724334,0.0,0.0,0.0,934394938034.8833,-1400.4104509066624,100.58615859637331,489.9447790568026,345.7688637034979,-1102.1525926320899,-449.66919648464733,-274.6631611871437,176.1730057087202,2502.214232079285,2529.4472921070173,0.0002589293525332405
1915,2.726073290715641e-07,1.5e-10,0.00038972882106618297,21808586.325724334,0.0,0.0,21808586.325724334,0.0,0.0,0.0,934546127823.8154,-1425.161129183619,64.72728044878312,492.0564650994439,323.3432967190987,-1086.3782990300722,-464.2295410947256,-275.76007646453127,176.29733766694827,2511.180742617483,2537.383784139041,0.00025930996010086133
1916,2.7275732907156413e-07,1.5e-10,0.0003901793910571128,21820586.325724334,0.0,0.0,21820586.325724334,0.0,0.0,0.0,934591580289.5284,-1391.0217813787663,76.6383317641823,489.5145239279289,360.7422553131852,-1105.7293850297542,-453.5399502199454,-282.43530016299644,173.9770913610151,2496.4002680251624,2522.665634448984,0.00025968835994602866
1917,2.7290732907156414e-07,1.5e-10,0.00039063656026615105,21832586.32572433,0.0,0.0,21832586.325724334,0.0,0.0,0.0,934730045800.1055,-1435.2803549899284,79.09867061732614,509.52737801724845,357.51261502586584,-1105.4757778219143,-448.4118591004511,-269.9364558096393,195.0353742769926,2540.4003825625637,2567.989736532371,0.0002600735584065085
1918,2.7305732907156416e-07,1.5e-10,0.0003910832823244917,21844586.325724334,0.0,0.0,21844586.325724334,0.0,0.0,0.0,934834397531.3467,-1394.3400297231901,86.51418285388719,503.4989988329963,369.7147446529979,-1074.7740531180116,-458.888369674193,-281.9415072109811,159.38205572572045,2468.7576751053257,2499.0072877547595,0.00026044840949967173
1919,2.7320732907156417e-07,1.5e-10,0.00039153693540815615,21856586.325724334,0.0,0.0,21856586.325724334,0.0,0.0,0.0,934919603032.0298,-1430.5582033623289,69.38358049638761,513.3454351346373,351.1664657701189,-1087.071092947638,-440.102883344207,-304.74165100257204,162.91104912394655,2517.2714759989567,2544.730845593338,0.0002608301191265107
1920,2.733573290715642e-07,1.5e-10,0.0003919833408549862,21868586.325724334,0.0,0.0,21868586.325724334,0.0,0.0,0.0,935066552344.437,-1431.6848282469043,47.01743897286718,507.5758444157933,335.05485642954716,-1038.5333870565416,-451.40333850935906,-307.861832386128,161.82038355984463,2469.8582717727304,2498.4441202161333,0.00026120488574454316
1921,2.735073290715642e-07,1.5e-10,0.00039243622440769416,21880586.325724334,0.0,0.0,21880586.325724334,0.0,0.0,0.0,935333396672.0714,-1427.5204249401825,74.48432479481805,504.66984009211166,358.08454612231543,-1083.9163886701513,-465.3154265445935,-308.89517559931903,161.90674438325246,2511.0745586657254,2539.9389662358353,0.0002615858765894785
1922,2.736573290715642e-07,1.5e-10,0.00039289125956974295,21892586.325724334,0.0,0.0,21892586.325724334,0.0,0.0,0.0,935656145389.9124,-1444.4678344142847,76.83935742912223,517.6283083727365,348.77739049136875,-1081.7490804717615,-458.1453099787013,-307.93242460863956,172.61598908594507,2525.856628838253,2554.7269382641643,0.00026196908563021817
1923,2.738073290715642e-07,1.5e-10,0.0003933432769921586,21904586.32572433,0.0,0.0,21904586.325724334,0.0,0.0,0.0,935992645452.4031,-1429.0567323597218,76.98730378525306,524.9803902591145,342.2816687850421,-1076.9313183581244,-468.4742371155013,-312.9220057181031,166.24347958183267,2505.621697311169,2534.5839407558988,0.00026234927322133156
1924,2.739573290715642e-07,1.5e-10,0.0003937960058296222,21916586.325724334,0.0,0.0,21916586.325724334,0.0,0.0,0.0,936160117461.7006,-1433.8604413660817,76.48215986758734,520.7110847960834,328.991690827239,-1077.4630616435843,-486.29015784617513,-324.53283707134216,175.36299670597342,2510.9726308176437,2539.2454642068183,0.0002627301600409626
1925,2.7410732907156424e-07,1.5e-10,0.00039424847343701625,21928586.325724334,0.0,0.0,21928586.325724334,0.0,0.0,0.0,936337526238.2727,-1455.9014140145043,51.943755239536166,547.7153236473215,336.9347618102686,-1053.304834206586,-508.0069297272302,-340.14171304743985,173.75904221457668,2508.8368074711243,2539.866086389569,0.000263111139953921
1926,2.7425732907156425e-07,1.5e-10,0.0003946970831332862,21940586.32572433,0.0,0.0,21940586.325724334,0.0,0.0,0.0,936445028285.811,-1425.2543229488808,72.92739374102825,540.2503045277508,331.26539221567754,-1058.5749124817999,-491.5704264071418,-336.9853680283703,190.17632513586332,2483.4457848400907,2512.2628737343107,0.0002634879793849812
1927,2.7440732907156426e-07,1.5e-10,0.00039515462747031853,21952586.325724334,0.0,0.0,21952586.325724334,0.0,0.0,0.0,936760144637.1782,-1454.733437957485,67.31002191314266,551.557379344935,351.9167389855684,-1087.6470768237698,-494.53789938544924,-317.3785071090244,185.94419493674994,2542.0222874566825,2572.1603497192446,0.00026387380343743906
1928,2.7455732907156427e-07,1.5e-10,0.00039561320749635805,21964586.325724334,0.0,0.0,21964586.325724334,0.0,0.0,0.0,936788202315.6766,-1446.7605364880346,93.75596830440203,549.0644440445972,364.41773301870955,-1101.5420098929435,-493.5165128287632,-345.30539759358936,194.96864795176978,2547.9445414288616,2577.9601877329214,0.000264260497465599
1929,2.747073290715643e-07,1.5e-10,0.0003960730653238209,21976586.325724334,0.0,0.0,21976586.325724334,0.0,0.0,0.0,936650866933.4647,-1470.364643005254,72.54370305825695,549.8724233172708,367.65137633171594,-1086.361249324431,-488.6318221755059,-334.6019427962007,182.86173595478732,2556.7600806216583,2587.9179886489637,0.0002646486851638963
1930,2.748573290715643e-07,1.5e-10,0.00039652336697585083,21988586.325724334,0.0,0.0,21988586.325724334,0.0,0.0,0.0,936771015067.5359,-1416.243353978581,108.34772380603467,544.4111711045521,386.6172927865878,-1075.7952522123794,-465.65814274477833,-333.51473558811057,206.80210357923548,2491.6340741927743,2523.167068538791,0.0002650271602241771
1931,2.750073290715643e-07,1.5e-10,0.00039697874844769963,22000586.325724334,0.0,0.0,22000586.325724334,0.0,0.0,0.0,937120521664.0927,-1440.4415755761156,63.452912509421054,564.4570118149545,368.0641758935512,-1087.8510546383388,-466.6906146847535,-322.56414536060277,199.3470231433484,2527.9334443000134,2556.92982887919,0.000265410699698509
1932,2.751573290715643e-07,1.5e-10,0.00039742803150599645,22012586.325724334,0.0,0.0,22012586.325724334,0.0,0.0,0.0,937576666645.2749,-1421.0985502734104,97.34653007571022,544.3898823155486,354.0023207024528,-1065.0063627667816,-496.42864460404064,-341.8952300665562,192.16008278171498,2485.726931641257,2516.776726226146,0.0002657882162074429
1933,2.753073290715643e-07,1.5e-10,0.000397872379353141,22024586.325724334,0.0,0.0,22024586.325724334,0.0,0.0,0.0,937905854383.4308,-1406.6915222536043,78.19385835031024,544.4319117627052,319.8866348992091,-1048.7469445614988,-503.9636997317735,-345.7002493094878,194.17444584222224,2455.0644913544534,2483.674524639258,0.0002661607673861388
1934,2.7545732907156434e-07,1.5e-10,0.00039832840715629456,22036586.325724334,0.0,0.0,22036586.325724334,0.0,0.0,0.0,938334312932.1156,-1426.8353533418622,97.3844337308608,545.1088860842594,347.9821344880852,-1105.4154794780734,-493.0989544916365,-338.15166373203925,206.76414328895203,2531.881141811592,2559.9231462572957,0.00026654475585807737
1935,2.7560732907156435e-07,1.5e-10,0.0003987744343706471,22048586.325724334,0.0,0.0,22048586.325724334,0.0,0.0,0.0,938834252207.4745,-1408.3785595751376,81.52203565535996,547.1076083756536,345.11174541213956,-1058.7803111963647,-505.55909853684676,-325.52717585954446,206.05881222439606,2464.106323868552,2494.8978918503003,0.0002669189905418549
1936,2.7575732907156436e-07,1.5e-10,0.0003992306608817057,22060586.325724334,0.0,0.0,22060586.325724334,0.0,0.0,0.0,938960083342.7946,-1441.0182155461175,73.08288943742302,535.9144007034299,371.3548890860992,-1092.3421281029384,-498.43576185375935,-315.50683798219035,221.03500780765617,2533.000522150051,2562.2079375792405,0.0002673033217324918
1937,2.7590732907156437e-07,1.5e-10,0.00039968772516329364,22072586.32572433,0.0,0.0,22072586.325724334,0.0,0.0,0.0,939407099038.7106,-1452.0487042002014,77.55856422249681,551.7955031077735,371.74766350347124,-1085.8138928196106,-518.1268103940179,-302.8806973086135,226.66421130466213,2537.513389688566,2569.150833615647,0.0002676886943575342
1938,2.760573290715644e-07,1.5e-10,0.0004001434630247204,22084586.32572433,0.0,0.0,22084586.325724334,0.0,0.0,0.0,939918924005.7903,-1433.0733510078976,47.29219157578492,531.696282672805,347.42302260207,-1100.0070612218358,-503.4427293666357,-324.5266492675843,235.62312887714,2532.5260386359264,2557.684662389459,0.0002680723470568926
1939,2.762073290715644e-07,1.5e-10,0.0004005899337135682,22096586.325724334,0.0,0.0,22096586.325724334,0.0,0.0,0.0,940448959563.9736,-1435.2196714033912,36.286458880473496,506.59185306019674,337.42717427663604,-1035.8024881111662,-518.6271216626752,-331.6879378524813,225.73219693415422,2470.590797825975,2498.610485571268,0.0002684471386297283
1940,2.763573290715644e-07,1.5e-10,0.00040103412385046676,22108586.32572433,0.0,0.0,22108586.325724334,0.0,0.0,0.0,940844019892.875,-1390.209648021007,45.92018792809291,523.6889895541946,316.7462671570612,-1066.3618954220203,-546.1872791306012,-344.06582454598356,235.38277042496648,2456.149310974087,2480.950817206835,0.0002688192812523093
1941,2.765073290715644e-07,1.5e-10,0.00040148950077024964,22120586.325724334,0.0,0.0,22120586.325724334,0.0,0.0,0.0,941125965773.2151,-1445.2284288911385,54.57958292913716,520.237071000363,360.7881088650994,-1083.9806607580854,-513.5030901031016,-311.1226762544196,243.05251689315074,2528.7633954827866,2556.435660044316,0.00026920274660131594
1942,2.7665732907156443e-07,1.5e-10,0.00040193491086908855,22132586.325724334,0.0,0.0,22132586.325724334,0.0,0.0,0.0,941120996099.4563,-1369.704228944916,33.36203623287083,542.9917618323641,345.1411262055669,-1094.1026882901976,-547.8965999513617,-286.02054055546853,249.59241251286826,2463.430275877301,2488.745495467442,0.00026957605842563607
1943,2.7680732907156444e-07,1.5e-10,0.0004023991263535307,22144586.325724334,0.0,0.0,22144586.325724334,0.0,0.0,0.0,941479253552.2217,-1457.634981171848,49.83554593468199,551.3038387648905,392.2997223929011,-1126.1785244274872,-552.5168327915526,-288.0552641551155,242.03014166481532,2586.4017687789133,2615.7273829931414,0.000269968417533085
1944,2.7695732907156445e-07,1.5e-10,0.00040285922529317435,22156586.325724334,0.0,0.0,22156586.325724334,0.0,0.0,0.0,941700318764.8175,-1427.240934947203,38.37761454442001,558.8258315060918,370.33227051751925,-1132.8153471241333,-585.3153799295497,-303.0531542905852,265.6404371369539,2559.6735527989977,2587.0889360786664,0.0002703564808734968
1945,2.7710732907156446e-07,1.5e-10,0.0004033204810066263,22168586.325724334,0.0,0.0,22168586.325724334,0.0,0.0,0.0,942127742198.7673,-1449.6438097700877,21.93040932053895,546.3352571361968,384.0037359571753,-1118.2215757794172,-567.8618298992146,-300.86831214084845,257.040042930663,2567.478817096748,2595.4649565867594,0.00027074580061698484
1946,2.7725732907156447e-07,1.5e-10,0.00040378216917075075,22180586.325724334,0.0,0.0,22180586.325724334,0.0,0.0,0.0,942555829610.4401,-1441.7248862341714,19.659663897596424,539.0959053657516,395.0597538436642,-1128.2788248371912,-583.9956794072966,-305.5147200594614,244.1543067561814,2569.606885940488,2598.1385085619495,0.00027113552139326915
1947,2.774073290715645e-07,1.5e-10,0.0004042449707525098,22192586.325724334,0.0,0.0,22192586.325724334,0.0,0.0,0.0,942788123018.5464,-1486.0983232830092,4.133610593176687,516.8007395871061,410.61425531477744,-1114.1288907569942,-578.2828241726825,-331.6376100488915,232.9427758942954,2565.4207440032656,2606.9056329074006,0.00027152655723820525
1948,2.775573290715645e-07,1.5e-10,0.0004047067933604946,22204586.325724334,0.0,0.0,22204586.325724334,0.0,0.0,0.0,942968635988.6025,-1481.0847083692356,-19.880581554626698,516.2073290397101,407.9173811233078,-1090.9550527089445,-567.3456394746411,-332.99631902460993,232.5982108763931,2571.6569069642655,2600.6808626479683,0.00027191665936760243
1949,2.777073290715645e-07,1.5e-10,0.0004051660006603227,22216586.325724334,0.0,0.0,22216586.325724334,0.0,0.0,0.0,943370264949.549,-1453.0049953399644,-1.1277148868231262,555.2419205094711,436.8800038785818,-1098.265918502623,-583.2864377704889,-306.2313544975048,224.4362973302315,2550.895741631976,2583.900217400564,0.00027230424440021254
1950,2.778573290715645e-07,1.5e-10,0.0004056276073503757,22228586.325724334,0.0,0.0,22228586.325724334,0.0,0.0,0.0,943880003104.1373,-1459.8096174348052,-3.499250979165688,535.3302057030428,445.8540405812895,-1107.8558588032458,-578.7669324917191,-301.4790274824215,237.70257844784442,2567.274439085435,2599.055120890475,0.00027269410266834613
1951,2.7800732907156453e-07,1.5e-10,0.00040609396189331327,22240586.32572433,0.0,0.0,22240586.325724334,0.0,0.0,0.0,944370398115.5172,-1470.9128570087466,-18.42719943187579,519.5242659592449,441.59651019593355,-1129.5531266627106,-588.4148630637491,-312.7040390730268,232.36631896971704,2600.0466860215656,2629.8322363661023,0.00027308857750380107
1952,2.7815732907156454e-07,1.5e-10,0.0004065580995586225,22252586.325724334,0.0,0.0,22252586.325724334,0.0,0.0,0.0,944661359009.0137,-1454.9500685336604,-1.269368402106087,531.6160504494178,433.87266946900854,-1129.6458102366303,-601.4641681854504,-300.87851490922753,227.35053087154128,2584.2104660871955,2615.504579943555,0.0002734809031907926
1953,2.7830732907156455e-07,1.5e-10,0.0004070202288752053,22264586.325724334,0.0,0.0,22264586.325724334,0.0,0.0,0.0,945135435261.6312,-1432.0445647970432,9.596611165368355,538.1926872832528,450.44236120819824,-1138.0658378361477,-598.007882211212,-271.404604549426,239.0127110388166,2569.7110583798367,2601.9486345727214,0.0002738711954859785
1954,2.7845732907156456e-07,1.5e-10,0.0004074854321706378,22276586.32572433,0.0,0.0,22276586.325724334,0.0,0.0,0.0,945549411100.4677,-1451.5616366372094,-13.621533535098617,505.6129616178246,440.26383592797936,-1141.7489728104008,-585.3693126468946,-300.99810302420894,245.86385386301427,2592.9179559412983,2620.8679037880456,0.0002742643256715467
1955,2.7860732907156457e-07,1.5e-10,0.00040795694524225416,22288586.325724334,0.0,0.0,22288586.325724334,0.0,0.0,0.0,946046065871.6003,-1483.25392757567,-24.69976851164867,491.45048080830963,456.94142451239605,-1152.196220139762,-563.9503411660919,-280.01038986299744,245.93479594710192,2635.1107743998555,2663.048874360901,0.00027466378300270084
1956,2.787573290715646e-07,1.5e-10,0.0004084215592325403,22300586.325724334,0.0,0.0,22300586.325724334,0.0,0.0,0.0,946659045437.7192,-1453.1400866912431,-22.62483030731805,501.2714891253885,458.5923716939549,-1135.6681807979453,-575.3364377021442,-279.4210248986129,242.96323734255452,2588.372326582138,2617.3661397686274,0.00027505638792366615
1957,2.789073290715646e-07,1.5e-10,0.00040888219175169087,22312586.325724334,0.0,0.0,22312586.325724334,0.0,0.0,0.0,946709211341.1334,-1438.3713390477083,-23.97450465347439,513.7540946513202,462.87217564712904,-1123.5948821742372,-591.6965761493194,-298.32483698894947,249.90027479474494,2561.4085644516135,2591.0260803303713,0.0002754450418357157
1958,2.790573290715646e-07,1.5e-10,0.00040934378034598564,22324586.325724334,0.0,0.0,22324586.325724334,0.0,0.0,0.0,947148022095.406,-1453.659081593979,-11.319176312524585,536.4830497907892,472.4711026394902,-1112.5804497274835,-587.1431199129922,-286.77783377783703,234.7258826099309,2565.8379744527274,2599.2422415470587,0.00027583492817194775
1959,2.792073290715646e-07,1.5e-10,0.00040980082816132986,22336586.32572433,0.0,0.0,22336586.325724334,0.0,0.0,0.0,947279419055.3717,-1449.2781749663627,-32.08958058817285,531.6475995733399,437.25081809759735,-1089.0702277165187,-614.3802386243808,-312.9402152949246,250.7597046439465,2537.9545504944144,2569.0203982883945,0.000276220281231691
1960,2.7935732907156463e-07,1.5e-10,0.00041025901027639595,22348586.325724334,0.0,0.0,22348586.325724334,0.0,0.0,0.0,947631244305.038,-1431.374042218586,-25.6596997864209,487.490933618174,458.14374412802545,-1113.3076590912074,-629.3494229377278,-307.77080940823066,226.44299828023438,2544.281668446269,2575.8484013703455,0.0002766066584918966
1961,2.7950732907156464e-07,1.5e-10,0.00041072575031600526,22360586.325724334,0.0,0.0,22360586.325724334,0.0,0.0,0.0,947441918453.4794,-1467.9854959847512,-34.40488551360663,515.5677903528662,445.3453927008825,-1135.2777678898801,-610.496554265155,-302.9626314231189,243.39811947174982,2602.8725594855073,2632.261352911673,0.00027700149769483334
1962,2.7965732907156465e-07,1.5e-10,0.0004111853083065392,22372586.325724334,0.0,0.0,22372586.325724334,0.0,0.0,0.0,947937510100.0465,-1444.4820589095864,-40.13893822622237,500.0064734641766,452.4112409177311,-1111.0307118961327,-627.5358530404063,-309.68594975071363,247.03256161314513,2554.4194797372197,2584.758285771821,0.0002773892114376991
1963,2.7980732907156466e-07,1.5e-10,0.00041164921111678355,22384586.325724334,0.0,0.0,22384586.325724334,0.0,0.0,0.0,947990118115.3756,-1444.7500406467861,-37.962602369550474,522.6043948118161,455.7136213528642,-1137.8184697122783,-632.4911308168741,-272.55337587032454,216.88823335867005,2582.20396243289,2614.650320881279,0.0002777814089858313
1964,2.799573290715647e-07,1.5e-10,0.00041211872011160923,22396586.325724334,0.0,0.0,22396586.325724334,0.0,0.0,0.0,948032366059.6744,-1485.8256735002858,-49.33152729919101,494.39674108457336,465.556354549302,-1136.6423211446224,-597.7656966814037,-289.6053023294979,225.4804387880788,2620.351046165775,2651.1334406397345,0.00027817907900192727
1965,2.801073290715647e-07,1.5e-10,0.0004125962701261284,22408586.32572433,0.0,0.0,22408586.325724334,0.0,0.0,0.0,948388787353.3292,-1517.0062977596722,-21.616475689989063,500.77793388953864,486.46492941454915,-1156.3856115685999,-592.5207693822374,-290.2846962280237,250.94759126441488,2673.0279589651973,2704.582052926165,0.0002785847663098662
1966,2.802573290715647e-07,1.5e-10,0.0004130625068184663,22420586.325724334,0.0,0.0,22420586.325724334,0.0,0.0,0.0,948860382143.4999,-1449.1704359416071,-56.01931028508143,505.00354352422755,443.95362590738347,-1151.8194710290331,-620.4796976528837,-305.302764730963,233.16329137060163,2600.614103882516,2628.075402265969,0.0002789789776202061
1967,2.804073290715647e-07,1.5e-10,0.0004135327524767719,22432586.325724334,0.0,0.0,22432586.325724334,0.0,0.0,0.0,949370314567.9534,-1477.7457273386046,-19.367453575330842,493.7174759242404,470.02817098488936,-1146.7781683383641,-614.2278901335886,-302.00623423751506,223.14516256308065,2624.1392254288653,2655.9789491615547,0.00027937737446258033
1968,2.805573290715647e-07,1.5e-10,0.00041400392503102587,22444586.32572433,0.0,0.0,22444586.325724334,0.0,0.0,0.0,949830574867.9679,-1471.1435509846028,-35.322687329745314,477.51485927818874,448.84523929065614,-1162.0320530445717,-601.117205389198,-291.59706367372877,226.13246636676755,2632.781685859035,2660.728119193756,0.00027977648368045937
1969,2.8070732907156473e-07,1.5e-10,0.00041447746294256336,22456586.325724334,0.0,0.0,22456586.325724334,0.0,0.0,0.0,950184107260.3341,-1458.178879094683,-38.41861223247419,471.47369130317014,447.49853859646385,-1192.435748364847,-588.3718490933785,-303.9482628716434,241.52885609043452,2650.224583770495,2674.5385409322407,0.0002801776644615992
1970,2.8085732907156474e-07,1.5e-10,0.00041494970513521374,22468586.325724334,0.0,0.0,22468586.325724334,0.0,0.0,0.0,950659419635.3479,-1466.4972257179047,-43.81839289897763,494.63780479852994,461.3071568454911,-1173.8063257399472,-612.0160502543207,-289.57121302403147,245.90518976314414,2639.8988809917314,2667.4200611419037,0.0002805777774707705
1971,2.8100732907156475e-07,1.5e-10,0.00041542496688129135,22480586.325724334,0.0,0.0,22480586.325724334,0.0,0.0,0.0,951135453364.7896,-1469.8216088474508,-44.34651279709121,497.17628925167276,466.3320699007924,-1190.7279015677068,-618.946856686425,-299.5266246998043,252.58977138251413,2660.1477387086347,2687.0394918683755,0.00028098083339455075
1972,2.8115732907156476e-07,1.5e-10,0.0004158937512678803,22492586.325724334,0.0,0.0,22492586.325724334,0.0,0.0,0.0,951026783087.2344,-1447.4133835740079,-44.64745971969817,495.9454188453165,481.8561255705774,-1168.6829066952487,-631.7089731351878,-296.4984684563506,251.22114546521888,2615.6872370934275,2644.5536115954806,0.0002813775164362901
1973,2.813073290715648e-07,1.5e-10,0.00041636670695756746,22504586.325724334,0.0,0.0,22504586.325724334,0.0,0.0,0.0,951302627480.2029,-1474.9240937275445,-40.27950307794326,498.91502017493366,514.1962363215231,-1166.9551865001602,-621.7898367583821,-262.00625703593266,258.0382634213428,2641.49453384487,2673.4743788427213,0.0002817785375931165
1974,2.814573290715648e-07,1.5e-10,0.0004168444417889885,22516586.325724334,0.0,0.0,22516586.325724334,0.0,0.0,0.0,951576000786.7518,-1476.3312344315784,-41.347568651935774,472.5349432650963,497.23355223776673,-1198.2060019038333,-665.8253327956581,-287.2960388527329,252.49224551066519,2674.143369064342,2704.6613042990125,0.00028218423678876134
1975,2.816073290715648e-07,1.5e-10,0.0004173301494222203,22528586.325724334,0.0,0.0,22528586.325724334,0.0,0.0,0.0,951802798827.0605,-1494.838560291524,-86.98610530443536,459.11724465591766,484.40650510831045,-1236.342008552322,-645.4716055234055,-275.9661455474352,243.41670707340174,2730.800744388914,2756.4378352415824,0.0002825977024640476
1976,2.817573290715648e-07,1.5e-10,0.00041781662392372025,22540586.325724334,0.0,0.0,22540586.325724334,0.0,0.0,0.0,952181504576.697,-1491.2442279838597,-73.51732052874617,484.28809538222083,457.9364137821438,-1245.2386859305393,-656.6749773328222,-266.65891258324507,247.54115398806093,2736.061126185435,2761.850190432785,0.0002830119799926125
1977,2.819073290715648e-07,1.5e-10,0.00041830164872078227,22552586.325724334,0.0,0.0,22552586.325724334,0.0,0.0,0.0,952186552494.541,-1496.852272508195,-84.33191449520547,480.89151608372066,464.6241668241293,-1230.5508129028224,-635.2742552926053,-270.62987313535604,251.10889882675076,2727.0065135380255,2751.919831937964,0.0002834247679674032
1978,2.8205732907156483e-07,1.5e-10,0.00041878005662809707,22564586.325724334,0.0,0.0,22564586.325724334,0.0,0.0,0.0,952608838659.3992,-1470.740339032792,-58.24702609244621,472.7424681740127,484.4011096232819,-1210.5754250920568,-639.0427425705734,-279.4457990529994,258.43242957194417,2680.902305998983,2707.7327215203336,0.00028383092787563125
1979,2.8220732907156484e-07,1.5e-10,0.00041926085034021054,22576586.32572433,0.0,0.0,22576586.325724334,0.0,0.0,0.0,953077387177.2726,-1426.9134824645819,-43.864459575931946,473.1275752639824,494.7351344018889,-1270.6111597517056,-635.756491689815,-283.76943520645335,260.5098614126779,2697.0949512222787,2722.1108762273298,0.00028423924450706535
1980,2.8235732907156485e-07,1.5e-10,0.00041974503589475127,22588586.325724334,0.0,0.0,22588586.325724334,0.0,0.0,0.0,953482799582.9122,-1487.9337637980027,-61.799530829470946,510.1857885550641,472.1199431088441,-1232.5524652393462,-645.5300065552456,-300.3790854459912,257.5657723539924,2719.958438043776,2746.2405017179644,0.00028465118058232304
1981,2.8250732907156487e-07,1.5e-10,0.0004202276993747774,22600586.325724334,0.0,0.0,22600586.325724334,0.0,0.0,0.0,953733789385.4243,-1494.7040768273623,-60.96877117161187,509.36328553202,492.9230545377371,-1213.0162706795156,-659.6118984344957,-290.87224214279996,227.5942547562928,2707.2997046770756,2738.0651907099923,0.00028506189036092954
1982,2.826573290715649e-07,1.5e-10,0.00042071385675473115,22612586.32572433,0.0,0.0,22612586.325724334,0.0,0.0,0.0,954285548048.1136,-1507.8429978045103,-49.39226337016156,508.63993403715153,495.752911768207,-1223.4465383247546,-662.3585570981228,-306.5174401655914,258.63133557065953,2730.880829457769,2760.3943610834067,0.00028547594951509203
1983,2.828073290715649e-07,1.5e-10,0.00042120824925095496,22624586.325724334,0.0,0.0,22624586.325724334,0.0,0.0,0.0,954769831093.9294,-1531.1956335847203,-49.95882540620173,520.651314626741,483.8040081471998,-1254.913742318941,-661.6130958347869,-271.1412890813164,240.57402657279226,2785.6750164075816,2815.815957840918,0.0002858983219087682
1984,2.829573290715649e-07,1.5e-10,0.0004217003003504054,22636586.325724334,0.0,0.0,22636586.325724334,0.0,0.0,0.0,954880829463.2788,-1539.5883809617494,-54.82726038769373,548.0474141698534,501.7697194625871,-1230.0438546473254,-671.0190390192471,-278.1005567738365,269.3215782747003,2769.18542851459,2801.038267428807,0.0002863184776488825
1985,2.831073290715649e-07,1.5e-10,0.00042219911729163073,22648586.325724334,0.0,0.0,22648586.325724334,0.0,0.0,0.0,954901464795.9062,-1541.0611979227124,-83.23500697153005,521.4219619574249,510.3447436832278,-1275.0284987478694,-679.5412695242544,-300.1967922412221,243.69094060355593,2815.763506650305,2844.8498284690927,0.00028674520512315287
1986,2.832573290715649e-07,1.5e-10,0.00042268404117556154,22660586.325724334,0.0,0.0,22660586.325724334,0.0,0.0,0.0,954555992698.9467,-1488.3782338866401,-88.94925610850183,550.4783210140918,496.86631552595753,-1236.1830038183791,-671.6522842552343,-307.6549339971872,263.0009795204587,2724.109704270923,2752.0137564692213,0.00028715800718662324
1987,2.8340732907156493e-07,1.5e-10,0.00042317576977950265,22672586.325724334,0.0,0.0,22672586.325724334,0.0,0.0,0.0,955014509360.5083,-1537.5687563992203,-68.15150180670447,538.0905846643238,508.9137210717149,-1230.1557597802848,-683.8196643019897,-316.38015956596905,255.0796999230812,2767.2725304398673,2798.6687946825587,0.0002875778075058256
1988,2.8355732907156495e-07,1.5e-10,0.00042367081737667986,22684586.325724334,0.0,0.0,22684586.325724334,0.0,0.0,0.0,955358669339.0317,-1565.2398177320708,-85.32770132024895,536.6601113075459,500.87456175828345,-1226.2595153301074,-660.0742986622913,-318.46675157309437,261.141837181624,2791.081931085927,2820.5843075650682,0.0002880008951519604
1989,2.8370732907156496e-07,1.5e-10,0.0004241643892679671,22696586.325724334,0.0,0.0,22696586.325724334,0.0,0.0,0.0,955862499519.0905,-1544.6014555110373,-71.32110380174065,533.0214305992266,511.6467652259871,-1235.3234878243015,-679.261510181939,-304.76837858571616,248.4639806159362,2779.457254878979,2811.0480531061457,0.0002884225523599263
1990,2.8385732907156497e-07,1.5e-10,0.00042465877106617674,22708586.325724334,0.0,0.0,22708586.325724334,0.0,0.0,0.0,956411296233.5084,-1558.159699078145,-54.10553339095048,538.8765441666544,538.070055436708,-1224.0674758216207,-690.3043876552423,-302.3576439571558,233.30040099369597,2781.8058585537224,2818.2919666787943,0.0002888452961549281
1991,2.84007329071565e-07,1.5e-10,0.0004251529249310821,22720586.325724334,0.0,0.0,22720586.325724334,0.0,0.0,0.0,956947167241.6674,-1541.620745502219,-86.64298157265999,532.4190436222326,516.5526157928236,-1243.4784779531783,-658.7210028318719,-310.121650619828,253.87348412997397,2784.6781430719066,2813.8153904811647,0.0002892673684635003
1992,2.84157329071565e-07,1.5e-10,0.00042563627008440993,22732586.325724334,0.0,0.0,22732586.325724334,0.0,0.0,0.0,957529550694.6133,-1512.0720869321701,-97.391647238316,509.7983827680077,495.85282289991,-1202.0406387605046,-673.0485842091477,-329.9521263822582,248.18888578670624,2713.656459315735,2742.384114402622,0.0002896787260806607
1993,2.84307329071565e-07,1.5e-10,0.000426130069229397,22744586.32572433,0.0,0.0,22744586.325724334,0.0,0.0,0.0,958138007092.9949,-1550.2648738874993,-56.88487019994916,533.8646485487171,548.5554257395718,-1228.5610274872806,-676.5107907561484,-311.8146012643587,242.06827397785455,2778.3891900083295,2813.3044743574305,0.0002901007217518143
1994,2.84457329071565e-07,1.5e-10,0.00042662654814658237,22756586.325724334,0.0,0.0,22756586.325724334,0.0,0.0,0.0,958756888801.6058,-1561.9790944552658,-58.4783170217344,517.2508500443661,528.9594210444899,-1235.8462459256862,-675.5279749114505,-310.7708637259492,238.1194409006678,2797.3972038780485,2830.8046077817544,0.00029052534244298155
1995,2.84607329071565e-07,1.5e-10,0.0004271186838878623,22768586.325724334,0.0,0.0,22768586.325724334,0.0,0.0,0.0,959256890918.7743,-1562.8241523652848,-69.58756345903159,501.4036947150922,519.1378911461613,-1206.9509173412132,-666.7200378483936,-308.0003001043543,239.12421394688954,2769.324191663057,2802.3175653985154,0.0002909456900777913
1996,2.8475732907156504e-07,1.5e-10,0.00042762508766177064,22780586.32572433,0.0,0.0,22780586.325724334,0.0,0.0,0.0,959685859154.7728,-1598.079993001464,-61.07912690181815,509.933656311964,513.8461041057756,-1267.1176027855713,-673.7826665989924,-296.236949061153,245.74230509011088,2864.7501116272247,2896.340365599004,0.0002913801411326312
1997,2.8490732907156505e-07,1.5e-10,0.00042812642740139013,22792586.325724334,0.0,0.0,22792586.325724334,0.0,0.0,0.0,960046865533.5616,-1584.6211003921155,-66.14898285148142,520.6582657642836,516.3735185709245,-1246.031071424258,-692.2848778851628,-287.7966757406669,247.67346000694087,2830.1926867920206,2863.6702661588606,0.00029180969167255503
1998,2.8505732907156506e-07,1.5e-10,0.0004286310864170219,22804586.325724334,0.0,0.0,22804586.325724334,0.0,0.0,0.0,960277021763.1166,-1576.8738823227666,-80.34376791305614,513.6695163211809,493.2227288284896,-1278.593963332835,-695.0206545442517,-298.2854294702702,255.96851593533782,2855.0072184039022,2884.118934416236,0.00029224230951271744
1999,2.8520732907156507e-07,1.5e-10,0.00042913446557086817,22816586.325724334,0.0,0.0,22816586.325724334,0.0,0.0,0.0,960713266396.7169,-1620.077003899242,-77.94711935555716,483.4810794346939,525.3494105166882,-1224.5657083073481,-687.659435901543,-285.7584539245173,285.17135083934244,2845.0577721798536,2877.4055735751917,0.0002926739203487537
2000,2.853573290715651e-07,1.5e-10,0.00042963776943256217,22828586.325724334,0.0,0.0,22828586.325724334,0.0,0.0,0.0,960978436649.2029,-1594.3876798318418,-102.94628381353228,482.9605819248518,495.15001022322707,-1252.4889667641621,-737.8052609544396,-307.52661624573125,280.3175458859593,2846.4179421467734,2876.3221552556383,0.00029310536867204205
2001,2.855073290715651e-07,1.5e-10,0.00043014369086216426,22840586.325724334,0.0,0.0,22840586.325724334,0.0,0.0,0.0,961422695137.7188,-1610.4784833142055,-76.70184871259598,493.86521757127275,511.8854827180814,-1251.9037815843692,-728.989026130998,-288.2091350113515,295.82217288298887,2861.9352554255943,2893.813378109431,0.00029353944067875845
2002,2.856573290715651e-07,1.5e-10,0.00043065497526852006,22852586.325724334,0.0,0.0,22852586.325724334,0.0,0.0,0.0,961138444486.6268,-1638.5364112040959,-73.14136341663364,490.65034801445427,507.1777581019376,-1260.0950318288667,-700.6838946272452,-259.66737291174485,302.2368595646996,2898.1811831398613,2929.4306174422113,0.0002939788552713748
2003,2.858073290715651e-07,1.5e-10,0.00043116067935906655,22864586.325724334,0.0,0.0,22864586.325724334,0.0,0.0,0.0,960344456211.2584,-1616.7105174869073,-93.24413578566563,492.2464330910853,473.80704058855395,-1246.2279200430442,-735.3133660279361,-257.1761520980091,303.1319175310886,2862.518629890705,2893.012652984251,0.00029441280716932246
2004,2.859573290715651e-07,1.5e-10,0.0004316787807529933,22876586.325724334,0.0,0.0,22876586.325724334,0.0,0.0,0.0,960652821459.5696,-1606.5684626205807,-104.78035631028243,487.24854047253575,477.58096069747756,-1342.697800005222,-728.9769733094876,-281.825784016323,334.6960242977303,2948.3575347857386,2971.534944915543,0.0002948585374110598
2005,2.8610732907156514e-07,1.5e-10,0.00043219169253379627,22888586.325724334,0.0,0.0,22888586.325724334,0.0,0.0,0.0,960585667893.3936,-1597.3567993518914,-90.8344381499201,495.9286068155833,485.72895067137455,-1314.808668418919,-742.3220301933568,-268.74094658121385,328.5276117742141,2911.7224795964785,2938.0026369424622,0.00029529923780660113
2006,2.8625732907156515e-07,1.5e-10,0.00043271370090730777,22900586.325724334,0.0,0.0,22900586.325724334,0.0,0.0,0.0,960759033718.5101,-1613.2541544523046,-84.091444933763,489.72269520261136,490.14393530853454,-1360.3190817738255,-757.8473488553441,-290.1681028224305,355.24266201828027,2973.1106975065572,2997.314329839843,0.0002957488349560771
2007,2.8640732907156516e-07,1.5e-10,0.0004332341239879716,22912586.32572433,0.0,0.0,22912586.325724334,0.0,0.0,0.0,961044470197.1263,-1635.133081904096,-67.64859110129066,515.4648805673413,478.63804533635,-1325.5426890603949,-789.0533902827866,-298.83437856872126,341.1033405643482,2960.2249290069417,2989.0807307976233,0.00029619719706569677
2008,2.8655732907156517e-07,1.5e-10,0.0004337526485584417,22924586.325724334,0.0,0.0,22924586.325724334,0.0,0.0,0.0,961300842128.3374,-1613.34148745183,-86.11754708842713,525.6730363715716,487.7944600002971,-1335.4742569389405,-766.3034677863346,-280.0610066372815,346.53563139765754,2948.781305135492,2975.523568000315,0.0002966435256008968
2009,2.867073290715652e-07,1.5e-10,0.000434269239486315,22936586.325724334,0.0,0.0,22936586.325724334,0.0,0.0,0.0,961608003456.5197,-1603.747064359619,-98.22013052959966,534.8160352073704,490.8063677116868,-1334.2771040968566,-737.1851022969545,-292.325338872051,370.9681539094938,2937.5789940100058,2961.4400388288723,0.00029708774160672115
2010,2.868573290715652e-07,1.5e-10,0.000434796931730554,22948586.32572433,0.0,0.0,22948586.325724334,0.0,0.0,0.0,961766726842.4115,-1633.5848994688572,-75.50430488099181,574.469044745575,518.921176892517,-1374.208874873004,-792.3843531247763,-318.9686181484233,338.89942394465163,3007.344148328434,3036.987791405857,0.00029754328977543205
2011,2.870073290715652e-07,1.5e-10,0.00043532850111908917,22960586.325724334,0.0,0.0,22960586.325724334,0.0,0.0,0.0,962130759106.397,-1668.3681271942933,-67.62200424631885,572.1476325477258,547.4013506799969,-1363.4163410211067,-782.2237707102946,-331.69913636096913,332.2880345457065,3031.3278856655884,3063.3889741967546,0.0002980027981215616
2012,2.871573290715652e-07,1.5e-10,0.00043585847640350905,22972586.325724334,0.0,0.0,22972586.325724334,0.0,0.0,0.0,962530270321.5485,-1627.9084327119067,-96.45591805420852,585.4820515052747,480.37047929249695,-1398.7843952873473,-793.4619175071624,-339.93767574393473,353.65462793844495,3026.2384544453535,3051.2685093619693,0.00029846048839796585
2013,2.8730732907156523e-07,1.5e-10,0.00043638517861679184,22984586.325724334,0.0,0.0,22984586.325724334,0.0,0.0,0.0,962903584341.4069,-1642.7414759598612,-70.21621738958308,602.7656971155434,513.0170079858023,-1358.328229338089,-784.023472627305,-322.86302038063684,350.36511929150157,3000.5626450454915,3030.761194849119,0.00029891510257719323
2014,2.8745732907156524e-07,1.5e-10,0.0004369174934575509,22996586.325724334,0.0,0.0,22996586.325724334,0.0,0.0,0.0,963271764649.9604,-1681.1676057450056,-95.70089035737325,584.9914225711115,487.3332159570585,-1358.3413814041971,-813.7372232638785,-319.39435432919566,331.5346091274802,3039.0619823849534,3069.80260830298,0.0002993755729684387
2015,2.8760732907156525e-07,1.5e-10,0.0004374473481568031,23008586.325724334,0.0,0.0,23008586.325724334,0.0,0.0,0.0,963657940645.6362,-1637.9667222516964,-102.03192646753868,595.8585453670709,481.662418699814,-1387.9273931134676,-789.5638195793825,-325.6945636335145,366.73380382137316,3025.449738987976,3050.7452761408326,0.0002998331847598598
2016,2.8775732907156526e-07,1.5e-10,0.000437985796244637,23020586.325724334,0.0,0.0,23020586.325724334,0.0,0.0,0.0,964118936502.0889,-1659.518811606668,-81.17808989617214,619.6700689075368,513.5594252359525,-1420.79005565702,-804.7213425183769,-317.70073694149005,366.27413036133646,3079.873220862536,3108.424429636308,0.00030029944842430525
2017,2.8790732907156527e-07,1.5e-10,0.0004385170808323982,23032586.325724334,0.0,0.0,23032586.325724334,0.0,0.0,0.0,964429031869.701,-1621.6286776520328,-109.87209111160293,613.2284908186731,482.883092547821,-1414.585021777525,-805.9232898819774,-339.77147834233017,381.4181015036617,3035.766151518363,3059.8111901050297,0.000300758420102821
2018,2.880573290715653e-07,1.5e-10,0.00043904970087230296,23044586.325724334,0.0,0.0,23044586.325724334,0.0,0.0,0.0,964885854239.5084,-1646.3494387958517,-70.01934947586643,622.7695553654859,523.5990092062799,-1395.0791335695133,-783.2658941318283,-345.1921754813386,382.4718467496517,3040.911014760808,3068.7198038942156,0.00030121872807340513
2019,2.882073290715653e-07,1.5e-10,0.00043958559231148446,23056586.325724334,0.0,0.0,23056586.325724334,0.0,0.0,0.0,965394915680.5984,-1653.694404828319,-93.13454672223959,619.7089000971806,493.06285853814035,-1412.2725530731948,-780.9112349788855,-337.1855216971159,381.77862607514163,3065.400195988659,3090.3540020526325,0.000301682281173713
2020,2.883573290715653e-07,1.5e-10,0.00044012100742012714,23068586.325724334,0.0,0.0,23068586.325724334,0.0,0.0,0.0,965591052497.6885,-1644.2528265765263,-87.07401935977445,611.5658528259922,489.41245130870766,-1419.1720418624193,-778.2438016415391,-371.20835383465055,379.09773893866844,3062.8468682444627,3086.3279519715775,0.0003021452303665087
2021,2.885073290715653e-07,1.5e-10,0.00044065386806914526,23080586.32572433,0.0,0.0,23080586.325724334,0.0,0.0,0.0,965719033913.79,-1626.8224496871894,-104.87192926629508,630.7614075253591,488.3360142989301,-1420.3976027972026,-771.2752639259915,-339.3665865467269,390.3305278518986,3046.613974785485,3069.6877814385075,0.0003026056835337245
2022,2.8865732907156533e-07,1.5e-10,0.0004411892524564977,23092586.325724334,0.0,0.0,23092586.325724334,0.0,0.0,0.0,966190382927.8436,-1639.2416268069908,-91.5692063522886,677.4189774981334,486.37826740975925,-1423.5916284037105,-776.9301669080899,-379.49856063928075,373.0330696687378,3062.1986187388184,3087.034006231039,0.0003030687386346591
2023,2.8880732907156534e-07,1.5e-10,0.0004417297918234646,23104586.325724334,0.0,0.0,23104586.325724334,0.0,0.0,0.0,966712138011.6027,-1683.0133214643606,-84.78200271095236,676.5410343259497,538.8940693938127,-1410.1215698207643,-755.387081112977,-358.73690028396356,337.07359300762477,3092.6786402735856,3122.6846953042145,0.00030353714133895475
2024,2.8895732907156535e-07,1.5e-10,0.0004422757228693626,23116586.325724334,0.0,0.0,23116586.325724334,0.0,0.0,0.0,966537489405.3401,-1698.7796491696981,-103.24577743800087,694.6972984492965,520.4931903900494,-1432.334630733993,-746.7074678091399,-376.3867038629277,340.60638238726966,3130.9901542432094,3158.1325390924603,0.0003040108612198186
2025,2.8910732907156536e-07,1.5e-10,0.00044281093405738366,23128586.325724334,0.0,0.0,23128586.325724334,0.0,0.0,0.0,966527946970.8442,-1638.2808461011764,-95.10080467532484,690.3696791532509,523.69631918706,-1421.9664981130654,-742.954958658994,-383.0467815081307,351.20109204231466,3059.614585584028,3085.7738683642274,0.00030447372730007323
2026,2.8925732907156537e-07,1.5e-10,0.0004433439732449357,23140586.325724334,0.0,0.0,23140586.325724334,0.0,0.0,0.0,966640463651.2977,-1644.2390246545028,-119.63951572054727,688.3507629862102,481.783072840975,-1405.1462783470547,-744.1648060116952,-411.9657821357305,375.8631836696185,3048.9284638295408,3070.8863172935394,0.0003049343602476673
2027,2.894073290715654e-07,1.5e-10,0.00044388470773934274,23152586.325724334,0.0,0.0,23152586.325724334,0.0,0.0,0.0,966830924419.7207,-1664.340188375504,-98.40072788129056,681.1997997192955,519.5351998823003,-1432.57776901022,-757.7064560161183,-398.8625779023167,336.5978296424156,3096.3805271929696,3122.721057971988,0.0003054027684063631
2028,2.895573290715654e-07,1.5e-10,0.0004444279313986073,23164586.325724334,0.0,0.0,23164586.325724334,0.0,0.0,0.0,966314323835.9751,-1685.3887794414836,-90.46304732363917,659.8784656707868,498.88158370684175,-1429.1920264419095,-785.0675687666103,-376.08810649167845,395.6759343018891,3114.1403763294356,3139.0529067119783,0.00030587362634236986
2029,2.897073290715654e-07,1.5e-10,0.00044496359321234534,23176586.325724334,0.0,0.0,23176586.325724334,0.0,0.0,0.0,965988843862.0048,-1636.397399156082,-106.92976456345626,684.6096546418551,460.28887054814555,-1431.8009885481201,-755.5783868993401,-378.2160097588003,420.1782587717972,3067.739623169788,3088.094709149486,0.0003063368405487423
2030,2.898573290715654e-07,1.5e-10,0.00044550710910207757,23188586.325724334,0.0,0.0,23188586.325724334,0.0,0.0,0.0,966083283455.0626,-1705.0705679463267,-87.14405340977952,666.2728001907254,499.40656365805955,-1411.9919648181149,-745.0655775967351,-398.8630392876535,395.4935058553396,3116.6826550331753,3140.7570444118915,0.0003068079541054041
2031,2.9000732907156543e-07,1.5e-10,0.00044605043585774435,23200586.325724334,0.0,0.0,23200586.325724334,0.0,0.0,0.0,966249029096.941,-1698.2758628719325,-74.96811644412394,670.6222820515575,498.53652644852184,-1416.3608687665553,-743.6896279879944,-369.3754932122098,383.03157851874147,3114.3102370213087,3139.985594085382,0.0003072789519445169
2032,2.9015732907156544e-07,1.5e-10,0.0004465958711704243,23212586.325724334,0.0,0.0,23212586.325724334,0.0,0.0,0.0,966120720887.4294,-1708.750941991924,-68.2222338369025,675.6213364454923,493.77220444152175,-1420.341207254875,-740.4332144463046,-381.6710650596455,378.92230592625094,3128.11079999326,3153.9785395669383,0.00030775204872545195
2033,2.9030732907156545e-07,1.5e-10,0.00044714349507044216,23224586.325724334,0.0,0.0,23224586.325724334,0.0,0.0,0.0,966368281678.7946,-1714.0397440211975,-71.26910723194872,671.9495322305395,497.4480842315639,-1430.1100076056598,-711.5860702696422,-369.64603175934735,393.13527492228064,3144.0552070274884,3168.1165215019314,0.00030822726620367727
2034,2.9045732907156546e-07,1.5e-10,0.00044769125174512627,23236586.325724334,0.0,0.0,23236586.325724334,0.0,0.0,0.0,966690460656.6527,-1723.1152866616785,-70.28688030053713,659.8831946453854,478.38153450068563,-1422.6603350266994,-726.1249795505795,-396.2644853144463,391.10037229423926,3145.6713861233525,3168.856362427125,0.00030870259465804134
2035,2.906073290715655e-07,1.5e-10,0.00044824158614550517,23248586.32572433,0.0,0.0,23248586.325724334,0.0,0.0,0.0,967022802479.3071,-1747.9205002395495,-40.70160688076886,687.3641202463479,506.2620468489136,-1411.415325153334,-725.7563952369659,-364.3739022864781,383.3268863250932,3158.6133604907295,3187.822793346923,0.00030918076807704336
2036,2.907573290715655e-07,1.5e-10,0.0004487889575696116,23260586.325724334,0.0,0.0,23260586.325724334,0.0,0.0,0.0,967413789111.199,-1737.3998356124443,-53.40163745932279,685.2803386507026,488.73728976245803,-1403.1205360062668,-758.1783510167506,-399.08483069135474,377.93580370263726,3139.706880262876,3167.8667289080436,0.0003096559480863796
2037,2.909073290715655e-07,1.5e-10,0.0004493436586384069,23272586.325724334,0.0,0.0,23272586.325724334,0.0,0.0,0.0,967723321412.7169,-1779.7614911209773,-47.53277527506574,689.352604442022,512.7622933492609,-1407.7408176284507,-734.9111325484412,-372.00634868714553,370.1495241882024,3186.9958403890328,3217.797046871534,0.0003101386176434103
2038,2.910573290715655e-07,1.5e-10,0.00044988645917197023,23284586.32572433,0.0,0.0,23284586.325724334,0.0,0.0,0.0,968160516653.108,-1735.2524599148567,-42.72738787554708,714.5446642959475,493.818767683418,-1373.2405715082766,-746.7943321027227,-398.69554480648605,369.58248264492926,3107.657646992697,3138.7038999226447,0.0003106094232283987
2039,2.912073290715655e-07,1.5e-10,0.0004504454322243913,23296586.325724334,0.0,0.0,23296586.325724334,0.0,0.0,0.0,968565282627.9254,-1786.6877897157913,-52.9887044887177,706.6249850940009,523.4581428072324,-1429.4117405089407,-739.1435837575992,-392.53510216468766,367.10596216775514,3215.2946124555738,3245.7966249827787,0.00031109629272214613
2040,2.9135732907156553e-07,1.5e-10,0.00045099999268666995,23308586.325724334,0.0,0.0,23308586.325724334,0.0,0.0,0.0,969009397565.8602,-1778.9024987520186,-70.1760063463205,721.2746699364694,503.28255789854734,-1408.4793522548216,-766.3771078222476,-409.27462637795065,365.10758612988127,3186.595595709492,3217.2111056004255,0.0003115788743879862
2041,2.9150732907156554e-07,1.5e-10,0.00045156067835746817,23320586.325724334,0.0,0.0,23320586.325724334,0.0,0.0,0.0,969526951016.7355,-1807.1461724295302,-58.60957559343104,706.7201982199276,525.5035297661414,-1420.3075712709224,-750.06295871582,-402.1344718883594,376.94064709899163,3226.62972567062,3257.727389494563,0.00031206753349641037
2042,2.9165732907156555e-07,1.5e-10,0.00045211021444192085,23332586.325724334,0.0,0.0,23332586.325724334,0.0,0.0,0.0,969928029508.0138,-1744.2056684826366,-62.14758038241444,720.4496406230815,482.6566021205945,-1410.8009826656526,-783.4047640101765,-400.6343302362687,394.41787994950175,3154.1639151803556,3182.9308363550017,0.00031254497312186363
2043,2.9180732907156556e-07,1.5e-10,0.0004526700328494178,23344586.325724334,0.0,0.0,23344586.325724334,0.0,0.0,0.0,970410195185.7484,-1796.6892049314276,-45.49443247098893,701.8488227864843,533.3463919120928,-1423.506290168428,-778.3586176901985,-386.92186694972634,386.46137371594995,3219.397126981466,3252.113272352978,0.00031303279011271655
2044,2.919573290715656e-07,1.5e-10,0.0004532284665614,23356586.325724334,0.0,0.0,23356586.325724334,0.0,0.0,0.0,970994342582.2092,-1792.85617355077,-49.304059515507966,720.5013384614346,540.9590109575439,-1417.0825476871664,-804.2146082031456,-414.09191590366726,378.04990453763224,3209.1601858289346,3243.4322503985645,0.00031351930495027635
2045,2.921073290715656e-07,1.5e-10,0.00045379190521150264,23368586.325724334,0.0,0.0,23368586.325724334,0.0,0.0,0.0,971602868753.6007,-1801.675922978145,-49.11397864196842,731.1535791086063,535.2572229020967,-1442.1210426849739,-784.9750511615547,-398.9885499072898,367.1582416607462,3242.985224243191,3276.514639194761,0.00031401078214615555
2046,2.922573290715656e-07,1.5e-10,0.00045435462735388685,23380586.325724334,0.0,0.0,23380586.325724334,0.0,0.0,0.0,972095460164.4968,-1807.9150575756776,-49.77562770268704,724.1239587086815,531.6910904748461,-1432.2143646838151,-768.2022119437032,-410.69772382807906,388.3508953843836,3239.4089298521403,3271.1820317180363,0.00031450145945091326
2047,2.924073290715656e-07,1.5e-10,0.00045492091487828596,23392586.325724334,0.0,0.0,23392586.325724334,0.0,0.0,0.0,971791713145.0787,-1811.6222080725602,-43.58605826851958,711.9460445585465,565.6421950099677,-1449.9714722975693,-796.8636255606314,-399.4952545669667,371.6558026497451,3260.2621671987044,3295.3691339510424,0.00031499576482100594
2048,2.924823290715656e-07,7.5e-11,0.00045520315108238336,23398586.325724334,0.0,0.0,23398586.325724334,0.0,0.0,0.0,971991693009.5233,-1796.395876083982,-40.349485277599776,728.0277470958326,543.662574594017,-1453.7589060077812,-823.1648595636452,-406.4049379107997,383.5724665283513,3248.6732860068596,3283.2234774443837,0.0003152420065818143
2049,2.925573290715656e-07,7.5e-11,0.0004554838552015296,23404586.325724334,0.0,0.0,23404586.325724334,0.0,0.0,0.0,972294168214.9274,-1807.6602589836318,-62.9367838031868,680.1846092410057,564.8216397087804,-1423.4725202339066,-760.5935933782388,-358.1360463101979,402.3119392012903,3229.7592066642223,3262.640942079348,0.00031548670465247024
2050,2.926473290715656e-07,9e-11,0.0004558170331016115,23411786.325724334,0.0,0.0,23411786.325724334,0.0,0.0,0.0,972564245873.3187,-1753.582370565493,-56.999453719709116,730.6933326427618,488.4764667791543,-1440.0161842164243,-804.5335033942908,-414.1388903200673,411.83348457891697,3192.1937607340633,3220.6722862882802,0.00031577656515823616
2051,2.9275532907156563e-07,1.0799999999999999e-10,0.00045622319958159746,23420426.325724334,0.0,0.0,23420426.325724334,0.0,0.0,0.0,972959609242.3303,-1802.1948149554241,-52.2946842729678,713.8859203818461,518.1615522891781,-1448.1136313381453,-796.7962190481758,-388.30569441634066,400.2054685529816,3248.966886215377,3280.3337625776508,0.00031613084120459456
2052,2.9288492907156565e-07,1.2959999999999997e-10,0.0004567181494572828,23430794.325724334,0.0,0.0,23430794.325724334,0.0,0.0,0.0,973353392406.149,-1823.2172571082785,-51.54259852539909,700.4674783010025,516.2927827975212,-1485.5051967965032,-808.9373087240069,-409.9112923190818,380.7835397652497,3307.466007249421,3337.8679708131795,0.00031656342889361193
2053,2.9303492907156567e-07,1.5e-10,0.00045727953305768957,23442794.325724334,0.0,0.0,23442794.325724334,0.0,0.0,0.0,974016998174.3563,-1774.8762599791644,-40.73922012040393,723.9456611915572,512.2498200332763,-1456.6186664562128,-821.1592221385986,-411.0034994277335,395.85785611915105,3230.33193662082,3261.6495055567134,0.00031705267631944545
2054,2.931849290715657e-07,1.5e-10,0.0004578443975372621,23454794.325724334,0.0,0.0,23454794.325724334,0.0,0.0,0.0,974640404032.8977,-1787.0292481447723,-24.331813076655195,726.934879542089,541.0772259094337,-1466.0147168981503,-794.9806460894613,-407.74076860124313,414.83276038060507,3252.904473160791,3284.38444298393,0.00031754533398589306
2055,2.933349290715657e-07,1.5e-10,0.00045841449374395916,23466794.325724334,0.0,0.0,23466794.325724334,0.0,0.0,0.0,975165007703.6053,-1849.4774722365944,-54.410108274791504,721.171044522046,500.2919968482226,-1441.3412500319212,-809.1035353783474,-435.3734811819606,409.2822295593017,3289.736243143003,3320.699731480377,0.0003180434389456151
2056,2.934099290715657e-07,7.5e-11,0.0004586989746859744,23472794.32572433,0.0,0.0,23472794.325724334,0.0,0.0,0.0,975225962575.9324,-1847.5953892525004,-55.39940250297652,747.3740260091243,524.3863128314923,-1433.6350369654901,-814.2012859821317,-422.2973275213782,399.43066375446796,3280.0173724999145,3314.2380955522326,0.0003182920068027815
2057,2.934849290715657e-07,7.5e-11,0.0004589853209919215,23478794.325724334,0.0,0.0,23478794.325724334,0.0,0.0,0.0,975337422364.0212,-1868.3966471869737,-79.83235933445194,741.5590424967271,517.3820059263359,-1439.942962709158,-798.7385291427707,-441.27539876048075,404.09303961350594,3307.1180754099446,3338.6678224450866,0.0003185424068894649
2058,2.935749290715657e-07,9e-11,0.0004593290876926856,23485994.32572433,0.0,0.0,23485994.325724334,0.0,0.0,0.0,975365422643.0956,-1880.8205384812816,-46.03529968979738,733.9584812645581,537.304972815254,-1426.4847648006996,-807.9977997404919,-410.03131687092383,428.91051859697325,3306.012334513454,3341.362314114954,0.0003188431294977352
2059,2.936829290715657e-07,1.0799999999999999e-10,0.0004597390268017832,23494634.325724334,0.0,0.0,23494634.325724334,0.0,0.0,0.0,975746910683.2566,-1811.6381876552941,-64.4829746485576,740.6071049030406,509.1007050366549,-1474.2922059343416,-805.6282302765965,-411.98468905484515,388.93563181124875,3284.6898175180872,3315.057847534619,0.0003192011557452689
2060,2.937477290715657e-07,6.479999999999999e-11,0.0004599814938393957,23499818.32572433,0.0,0.0,23499818.325724334,0.0,0.0,0.0,975942101978.1853,-1779.850030482927,-35.66178957589167,738.3530822470486,538.1289488877956,-1449.9996538369232,-792.5065367262321,-419.89277496855453,399.2143800583489,3228.6310203296775,3260.7471392887865,0.00031941245215989485
2061,2.9381252907156573e-07,6.479999999999999e-11,0.00046022050262264794,23505002.325724334,0.0,0.0,23505002.325724334,0.0,0.0,0.0,976164429506.9261,-1781.1294924961728,-74.24378465587894,763.355387178622,512.3512390076412,-1396.4690983545092,-817.2281046043294,-413.9269217788414,404.27625008629633,3176.3224858452177,3209.7618353864127,0.0003196204447268279
2062,2.9389028907156574e-07,7.775999999999999e-11,0.00046051926813454853,23511223.125724334,0.0,0.0,23511223.125724334,0.0,0.0,0.0,976384158899.4386,-1887.116966038956,-80.63095055777194,739.6522800311925,493.2772480844725,-1445.7737512987667,-813.5869529243213,-428.12695023030483,395.9077181510034,3331.629093486916,3363.739493538946,0.0003198820091098455
2063,2.9398360107156574e-07,9.331199999999998e-11,0.00046087173541812984,23518688.085724335,0.0,0.0,23518688.085724335,0.0,0.0,0.0,976650502091.0233,-1826.0075683022715,-66.92945574342393,747.7470017211656,506.7905726613239,-1442.3011217677758,-783.2933581721029,-431.51853887144273,410.5214222537448,3267.033883107029,3296.894006816071,0.0003201896488834095
2064,2.9409557547156575e-07,1.1197439999999997e-10,0.0004612946390237647,23527646.037724335,0.0,0.0,23527646.037724335,0.0,0.0,0.0,977025802579.8726,-1808.569077358318,-76.24893681563299,735.8443975375764,488.17651015801937,-1461.0401338649042,-793.0313547634568,-429.66529768568165,417.9003390404774,3268.3811746891192,3295.4466066897553,0.0003205586545399256
2065,2.9422994475156573e-07,1.3436927999999997e-10,0.00046180443316248143,23538395.580124337,0.0,0.0,23538395.580124334,0.0,0.0,0.0,977516534553.5267,-1816.4471568193937,-54.63916613627612,744.1138390231391,500.96827660526344,-1468.7714212280528,-778.3348886507147,-437.0677420194965,402.44480018823475,3284.032076119485,3312.5042498474327,0.00032100375335097453
2066,2.9437994475156574e-07,1.5e-10,0.0004623687614925359,23550395.580124334,0.0,0.0,23550395.580124334,0.0,0.0,0.0,978088077641.9543,-1799.423423875564,-60.920623489547474,726.5850158178616,490.71019618524485,-1452.7933808584417,-767.1075710054024,-480.1661406092139,394.8919791630584,3255.18671200589,3279.9153128001817,0.00032149574064789456
2067,2.9452994475156576e-07,1.5e-10,0.0004629304270755942,23562395.580124334,0.0,0.0,23562395.580124334,0.0,0.0,0.0,978179427753.907,-1811.777327230847,-66.24541106022339,734.0399748639384,508.5030593676088,-1423.865797875713,-758.4277154805343,-446.4329820244854,397.6703632674933,3234.599798649564,3263.6170618653514,0.00032198528320717435
2068,2.9467994475156577e-07,1.5e-10,0.0004634980431012788,23574395.580124334,0.0,0.0,23574395.580124334,0.0,0.0,0.0,978774022500.9476,-1831.474783079636,-63.47166960591372,752.5623227615447,505.95196210852555,-1443.4723579500223,-779.8805446152994,-463.3526436637507,397.7793159961164,3273.8539529995287,3303.40715354291,0.0003224807942802058
2069,2.948299447515658e-07,1.5e-10,0.0004640574317500403,23586395.580124334,0.0,0.0,23586395.580124334,0.0,0.0,0.0,979471440556.7462,-1799.3726767659066,-53.92396148255023,772.0201883499815,514.8423437960475,-1419.4553020650872,-780.3860538388515,-444.02465316148874,408.96097552360555,3217.7129645763316,3249.129505409593,0.0003229681637060172
2070,2.949799447515658e-07,1.5e-10,0.00046462054898816976,23598395.580124334,0.0,0.0,23598395.580124334,0.0,0.0,0.0,980162630414.3855,-1828.5250851819178,-52.134854859616865,772.9766658429841,510.93651265217284,-1415.6086657808082,-778.4909553614339,-459.55675765297343,426.0575567160894,3243.0250050525865,3274.2564769660767,0.0003234593021775621
2071,2.951299447515658e-07,1.5e-10,0.0004651847017932151,23610395.580124334,0.0,0.0,23610395.580124334,0.0,0.0,0.0,980806058282.6322,-1812.8104254273292,-57.361094032582734,772.2705838494398,527.1398679729522,-1437.6832034985518,-783.1427384626045,-447.7296341292708,414.8228961248681,3249.3885223440498,3280.5060195723927,0.00032395137808049796
2072,2.952799447515658e-07,1.5e-10,0.0004657568490152583,23622395.580124334,0.0,0.0,23622395.580124334,0.0,0.0,0.0,981553729273.4666,-1852.2453966631047,-42.503166566127284,772.0923709549803,534.9090807416754,-1450.8425769089358,-790.3150832601741,-465.9674911512436,430.85001744613044,3302.027039054359,3333.8501605024007,0.0003244514556045733
2073,2.953549447515658e-07,7.5e-11,0.0004660431402714802,23628395.580124334,0.0,0.0,23628395.580124334,0.0,0.0,0.0,981855531851.5432,-1830.3160816131042,-79.98461153470998,807.891539426755,476.67829690082965,-1478.8677163931993,-803.7468322449303,-420.4955371557212,407.24025873528774,3307.8647216795885,3337.8041884692807,0.0003247017909187085
2074,2.954299447515658e-07,7.5e-11,0.00046632768575547654,23634395.580124334,0.0,0.0,23634395.580124334,0.0,0.0,0.0,982113045918.4902,-1840.3521775607126,-45.790994821867415,783.4789622183134,521.1302838133658,-1441.2899041614724,-825.49221547862,-449.1640538681017,404.4814164014511,3280.3080514715157,3314.826856525186,0.00032495040293294787
2075,2.955199447515658e-07,9e-11,0.0004666634829205041,23641595.580124334,0.0,0.0,23641595.580124334,0.0,0.0,0.0,982323792266.5334,-1801.2172994968973,-44.21570461082629,802.9115376128846,520.3123069070311,-1419.0804296426654,-774.3082338053233,-422.9841954210952,442.6178440346014,3218.9787307830247,3251.7188001014456,0.000325243057624957
2076,2.9557394475156583e-07,5.3999999999999994e-11,0.00046686997087362246,23645915.580124334,0.0,0.0,23645915.580124334,0.0,0.0,0.0,982465894948.9655,-1826.708061605775,-69.3295648940935,796.2890356875569,516.0623934458329,-1485.4633161597437,-841.3551352066168,-404.65777775372146,390.5963364313491,3310.909781393121,3345.0113666973266,0.00032542368823875866
2077,2.9562794475156584e-07,5.3999999999999994e-11,0.0004670747763541359,23650235.580124334,0.0,0.0,23650235.580124334,0.0,0.0,0.0,982721039886.6558,-1817.2362367750986,-53.91289692186914,790.1055712236162,524.8083619863754,-1463.1005136334657,-836.2574274450657,-422.34963201461136,401.6774932892958,3279.0491165411636,3313.4168775287685,0.0003256026127501452
2078,2.9569274475156585e-07,6.479999999999999e-11,0.0004673199431302683,23655419.580124334,0.0,0.0,23655419.580124334,0.0,0.0,0.0,983043153468.6761,-1819.1033156871927,-54.407739452419406,775.1103836996332,514.2394888257242,-1453.7836539150676,-818.247920891267,-435.80607720403157,425.99411122033234,3271.579860070896,3303.1375404833966,0.0003258166560627685
2079,2.9577050475156586e-07,7.775999999999999e-11,0.00046761145753038857,23661640.380124334,0.0,0.0,23661640.380124334,0.0,0.0,0.0,983295891781.294,-1847.2844328327515,-86.77630179269303,786.2732038914609,510.5154877853021,-1391.0961268237238,-805.7447347116458,-416.10258465303264,421.940215906972,3237.1111026736703,3271.9453996847496,0.000326071082537048
2080,2.9581716075156585e-07,4.665599999999999e-11,0.000467778682285671,23665372.860124335,0.0,0.0,23665372.860124335,0.0,0.0,0.0,983378694740.301,-1809.6186465624696,-105.99382095669948,833.1136217794677,458.64019194486735,-1264.9436848922378,-807.677641398206,-430.7390524435882,423.17901342786433,3073.2331888704325,3113.049563913739,0.00032621632497750194
2081,2.958404887515659e-07,2.3327999999999994e-11,0.00046787226619026995,23667239.100124333,0.0,0.0,23667239.100124333,0.0,0.0,0.0,983406343469.6979,-2030.2925691724863,-122.43109545675613,731.6653229627891,567.8619531647371,-1470.9301750575846,-749.4553139946437,-368.07423609878833,414.18860456902553,3500.0814461719306,3536.269133151132,0.00032629881906384007
2082,2.958638167515659e-07,2.3327999999999994e-11,0.00046796449292613596,23669105.34012433,0.0,0.0,23669105.34012433,0.0,0.0,0.0,983491514270.5857,-1953.3087722175017,-97.2202222594442,786.2027193296954,499.29403879599647,-1490.2334725224503,-858.595648016039,-445.18520579064597,413.5610539999146,3442.4664495710585,3476.0890152438456,0.00032637990926838765
2083,2.958918103515659e-07,2.7993599999999993e-11,0.0004680732788762186,23671344.828124333,0.0,0.0,23671344.828124333,0.0,0.0,0.0,983420495908.9319,-1914.422621532217,-83.0029810389691,762.1581899120072,505.1420054913492,-1460.7548147497735,-868.6477425867124,-445.6207607923795,415.7222280635753,3374.1129108590617,3408.345243538512,0.0003264753211217972
2084,2.9592540267156586e-07,3.359231999999999e-11,0.00046819379738663084,23674032.21372433,0.0,0.0,23674032.213724334,0.0,0.0,0.0,983561160927.3462,-1694.8816878977727,-81.18621968235344,765.8292208624932,472.07243389605037,-1384.192816634751,-841.5423340158159,-428.03613397545377,408.1636387673054,3077.7696972516687,3107.907832896403,0.00032657972295625033
2085,2.959455580635659e-07,2.0155391999999994e-11,0.00046826957628202037,23675644.645084333,0.0,0.0,23675644.645084333,0.0,0.0,0.0,983641479183.4495,-1850.5750612540296,-163.63233492181269,760.5192572914215,499.044194291428,-1402.3950767571712,-822.9140544168083,-370.96446892234775,433.87720092916527,3251.7869854978526,3283.622031503284,0.0003266459056454751
2086,2.959657134555659e-07,2.0155391999999994e-11,0.00046834972224839424,23677257.07644433,0.0,0.0,23677257.07644433,0.0,0.0,0.0,983713904890.9553,-1979.916749824,-89.58753594705888,755.9935675013446,537.4813800873377,-1485.0360308484842,-853.934268100299,-426.7765875710922,437.97316955605913,3463.8366249703677,3499.00697237903,0.00032671642950261415
2087,2.9598989992596593e-07,2.418647039999999e-11,0.0004684457578828664,23679191.99407633,0.0,0.0,23679191.99407633,0.0,0.0,0.0,983810048916.9594,-2007.9451612129092,-80.36620570868192,772.393519187743,551.0230345868044,-1448.82022847826,-857.9458465012259,-429.0464869031534,432.23366470255365,3455.6771726875786,3495.992610133319,0.00032680098522439775
2088,2.960189236904459e-07,2.9023764479999987e-11,0.0004685548334938303,23681513.89523473,0.0,0.0,23681513.89523473,0.0,0.0,0.0,983871530786.8503,-1866.2363209635128,-59.24598123804296,754.7483835204182,531.2456734934406,-1382.1290020453332,-817.0500885079168,-470.5482897529451,466.55110070062375,3245.1935479351673,3280.0001238982272,0.00032689618317548815
2089,2.9605375220782193e-07,3.482851737599998e-11,0.0004686801122545933,23684300.17662481,0.0,0.0,23684300.17662481,0.0,0.0,0.0,984012974692.3662,-1688.9000996278032,-104.1809466970178,769.186803646484,482.338433908724,-1404.9812521950073,-771.3809974474759,-447.5313618824985,503.55053489856647,3092.535538652181,3114.400012402485,0.00032700465311043595
2090,2.960955464286731e-07,4.179422085119998e-11,0.0004688342476628491,23687643.714292906,0.0,0.0,23687643.714292906,0.0,0.0,0.0,983986253330.1427,-1761.5750943426763,-69.30042586233269,764.2186914324222,506.76698034870856,-1418.6248734087549,-790.0058645751578,-439.01508155750776,465.90869296897574,3178.8923870299527,3206.460855646081,0.00032713866464358755
2091,2.9614569949369456e-07,5.0153065021439973e-11,0.0004690237991097174,23691655.95949462,0.0,0.0,23691655.95949462,0.0,0.0,0.0,984190383792.0878,-1818.193749283515,-63.66346213404049,751.5472457029367,506.55904103345307,-1452.5761065058425,-806.9891494971031,-434.49302547325823,448.2860664035491,3269.5130869982045,3298.302145880039,0.0003273040846055702
2092,2.962058831717203e-07,6.018367802572796e-11,0.00046925360043512533,23696470.653736677,0.0,0.0,23696470.653736677,0.0,0.0,0.0,984329251488.2156,-1883.061684495991,-50.67669757308456,746.5282960922733,519.2638384043264,-1424.8239780548324,-794.3523650784257,-418.89964994626894,462.90554045344913,3306.693393805671,3339.526073625404,0.0003275050695675438
2093,2.962781035853512e-07,7.222041363087355e-11,0.00046952125660806344,23702248.286827147,0.0,0.0,23702248.286827147,0.0,0.0,0.0,984533124998.4032,-1786.3152699851917,-20.87871071094715,763.4345775278123,529.8127349745271,-1407.0976052591218,-826.7040071273765,-434.1961757608934,456.9930219004164,3192.084893425464,3226.1742948129345,0.00032773806520956046
2094,2.963647680817082e-07,8.666449635704826e-11,0.00046984774631512723,23709181.446535714,0.0,0.0,23709181.44653571,0.0,0.0,0.0,984647111363.8207,-1847.9733712608518,-51.85415654139544,743.8283528381174,521.7324904344727,-1408.1941908572426,-817.8190009904705,-436.874077483447,448.5415014275835,3254.871500909793,3288.1495476169252,0.00032802303103405135
2095,2.9646876547733666e-07,1.0399739562845791e-10,0.0004702398184967643,23717501.238185987,0.0,0.0,23717501.238185987,0.0,0.0,0.0,985063567680.5857,-1842.672678888301,-63.634526937532804,768.2033856870681,507.2569732373787,-1423.029260972661,-813.1162466335127,-410.30924488657706,450.5946718062554,3255.6242688166853,3291.169979441128,0.0003283653041404838
2096,2.9659356235209083e-07,1.2479687475414947e-10,0.00047071647997003,23727484.988166317,0.0,0.0,23727484.988166317,0.0,0.0,0.0,985433681493.7786,-1863.3347497214786,-50.787315576635805,762.2143798231501,539.8324986128484,-1444.3510633492433,-819.6892617561855,-418.3631151975793,462.4190267668425,3306.5544819441693,3340.0588196223134,0.0003287821330426677
2097,2.967433186017958e-07,1.4975624970497937e-10,0.00047127195305456354,23739465.48814271,0.0,0.0,23739465.488142714,0.0,0.0,0.0,985704730184.3921,-1830.5489915137814,-59.198694264875115,771.1213167224843,525.249415476799,-1366.009474910337,-850.5268648697083,-410.6732334690109,476.5733547398804,3195.5052422392178,3232.298347477235,0.0003292661899211135
2098,2.968933186017958e-07,1.5e-10,0.00047183587228100853,23751465.488142714,0.0,0.0,23751465.488142714,0.0,0.0,0.0,986149321978.9337,-1782.293797769067,-32.86934132605724,790.6465237977338,530.8699748749916,-1465.5459243800137,-859.3270579290288,-402.2594480536826,509.85025304238457,3246.785586916919,3278.8721922668633,0.0003297580207499535
2099,2.970433186017958e-07,1.5e-10,0.00047240822770770914,23763465.488142714,0.0,0.0,23763465.488142714,0.0,0.0,0.0,986033403646.1843,-1850.446081437102,-73.16935464853142,746.1580418493493,489.68788346198056,-1457.4756925128904,-851.3340299944572,-433.4487271959709,493.36621565006567,3306.8652252158126,3335.0114033312975,0.0003302582724604532
2100,2.9719331860179583e-07,1.5e-10,0.000472984294568569,23775465.488142714,0.0,0.0,23775465.488142714,0.0,0.0,0.0,986481082208.1964,-1886.2713135269926,-33.74948995300342,779.9148591726806,512.7226757308451,-1442.1138638513132,-848.6380165089631,-408.95038040847743,491.7694342422526,3327.3231940005926,3362.1405952146347,0.00033076259354973536
2101,2.9734331860179585e-07,1.5e-10,0.00047354900482258637,23787465.488142714,0.0,0.0,23787465.488142714,0.0,0.0,0.0,987060628529.705,-1842.5515603076333,-12.297360360260983,740.451039839126,530.8017434331218,-1408.6910080328266,-834.6881247133634,-414.83815115375796,478.20257003136317,3250.227401575132,3285.763332933443,0.00033125545804967536
2102,2.9749331860179586e-07,1.5e-10,0.0004741101684660013,23799465.48814271,0.0,0.0,23799465.488142714,0.0,0.0,0.0,987602302223.2445,-1815.397045412998,-14.28772549360127,768.5642509908547,519.0767666444169,-1411.7138884070607,-860.6608231680202,-411.85967390502424,466.4815114924523,3226.099610497492,3262.4157677641456,0.00033174482041484
2103,2.9764331860179587e-07,1.5e-10,0.00047466997805223495,23811465.488142714,0.0,0.0,23811465.488142714,0.0,0.0,0.0,988235324242.8785,-1811.4383332555376,-32.093255074937865,759.1106133098879,520.5163673822484,-1408.63618414297,-838.2448565249913,-421.2204636084507,482.40983309141285,3219.0255751266195,3252.4209562196716,0.00033223268355827293
2104,2.977933186017959e-07,1.5e-10,0.00047524344625231736,23823465.488142714,0.0,0.0,23823465.488142714,0.0,0.0,0.0,988892131990.9297,-1875.9785998492148,-18.64811743708286,757.9203956783447,533.0690765605025,-1433.0671307504044,-849.1812756243263,-410.7363700041596,471.2537628863517,3308.0776265304885,3344.682558864399,0.0003327343859421026
2105,2.979433186017959e-07,1.5e-10,0.0004758117575251586,23835465.488142714,0.0,0.0,23835465.488142714,0.0,0.0,0.0,989616049150.5071,-1820.390555441615,-19.759820381474174,771.294699818189,535.8471964013243,-1454.656543367606,-841.6256262740316,-387.6430040085004,463.91976614948607,3273.956619101602,3309.253454314732,0.0003332307739602498
2106,2.980933186017959e-07,1.5e-10,0.0004763782153980829,23847465.488142714,0.0,0.0,23847465.488142714,0.0,0.0,0.0,990399236723.6365,-1808.0538372790543,0.9977695305903257,761.5575925947965,565.3352370137985,-1452.6673099055308,-846.5791489217874,-390.2107632192721,474.73548645676834,3259.7074153508656,3296.8108884307408,0.0003337252955935144
2107,2.982433186017959e-07,1.5e-10,0.00047694113801790867,23859465.488142714,0.0,0.0,23859465.488142714,0.0,0.0,0.0,991175609108.526,-1839.2765556065801,-17.932038618787296,728.1740482467611,574.134051620584,-1396.5980387562417,-841.9250287334849,-381.4835361897955,440.81100963197105,3234.8788635509923,3275.4734329639955,0.000334216616608459
2108,2.983933186017959e-07,1.5e-10,0.0004775121870113359,23871465.488142714,0.0,0.0,23871465.488142714,0.0,0.0,0.0,991666237548.4379,-1845.6161412405775,-4.751636585997042,773.2232926222591,575.2391320670093,-1444.387972823399,-867.1775048863403,-399.776578810964,472.34813988078974,3288.9868312704334,3328.7028767102497,0.0003347159220399655
2109,2.9854331860179594e-07,1.5e-10,0.00047807874697339335,23883465.488142714,0.0,0.0,23883465.488142714,0.0,0.0,0.0,992024007443.095,-1843.621931608462,-9.170572124906052,776.719584298182,564.7124967654643,-1415.7792654228642,-874.1361485993167,-385.51071094771123,457.5784779566735,3258.4196131549497,3300.32997171477,0.0003352109715357227
2110,2.9869331860179595e-07,1.5e-10,0.00047864986550928793,23895465.488142714,0.0,0.0,23895465.488142714,0.0,0.0,0.0,992553013108.4017,-1862.5254181645942,-43.05539603131401,800.5139750553137,556.8906761145212,-1428.7737286788195,-877.0904373693116,-392.8983840738838,452.6895223420273,3290.359526609765,3330.8665305288823,0.00033571060151530205
2111,2.9884331860179596e-07,1.5e-10,0.00047922757147764785,23907465.488142714,0.0,0.0,23907465.488142714,0.0,0.0,0.0,993198283635.2108,-1870.4932114344929,-23.942648492176325,796.4838442678215,582.5212225431663,-1463.8871103269094,-867.8685691030258,-406.84424371136544,458.16864120326386,3333.4146033409515,3373.346980857079,0.00033621660356243063
2112,2.9891831860179596e-07,7.5e-11,0.00047951329776879583,23913465.488142714,0.0,0.0,23913465.488142714,0.0,0.0,0.0,993523954239.7574,-1858.864610023477,-48.45026178249462,781.6674181938178,563.9850840833177,-1436.5582990807336,-868.0879766918756,-453.441196614536,462.15842437312085,3294.1798010017496,3330.64975141235,0.00033646640229378655
2113,2.9899331860179597e-07,7.5e-11,0.00047980707228931707,23919465.48814271,0.0,0.0,23919465.488142714,0.0,0.0,0.0,993846810939.1053,-1812.6520524708137,-27.800349580922436,893.8487522713395,596.137070988517,-1519.3822330194932,-896.3432104962155,-348.95591661044034,446.6800746988847,3430.2550952189918,3442.0861634666467,0.00033672455875604653
2114,2.9908331860179597e-07,9e-11,0.0004801504666788667,23926665.48814271,0.0,0.0,23926665.488142714,0.0,0.0,0.0,993986613898.0067,-1793.7126021078868,-6.052273678153656,836.8350452352362,624.3847280220624,-1502.3175676654844,-895.616805477709,-398.17114647380004,461.3612206088195,3294.7487567847093,3337.8038508368595,0.00033702496110262186
2115,2.99191318601796e-07,1.0799999999999999e-10,0.00048056561263415176,23935305.488142714,0.0,0.0,23935305.488142714,0.0,0.0,0.0,994322177304.029,-1876.9730100218246,-24.325035144764403,799.3385577765279,610.6104187282591,-1448.5752013585932,-868.4548740522863,-408.49248625878624,462.9156760959403,3324.340137090059,3366.809742497212,0.0003373885765548116
2116,2.99320918601796e-07,1.2959999999999997e-10,0.00048105422621545156,23945673.48814271,0.0,0.0,23945673.488142714,0.0,0.0,0.0,994565826078.3882,-1830.6568854313896,-42.28740981168592,821.2314109090456,558.3751181899449,-1423.1615149792385,-900.360801986667,-425.35161680553523,458.448368444351,3252.7827765600327,3293.0701063394604,0.00033781535844059317
2117,2.99470918601796e-07,1.5e-10,0.0004816279585657693,23957673.488142714,0.0,0.0,23957673.488142714,0.0,0.0,0.0,995147874502.1964,-1850.7489874128223,-18.831678297875474,829.4753991448669,597.1347295753634,-1470.2627483998406,-898.2323350706149,-419.91970709655675,479.53802539091294,3298.492170621602,3347.211034864293,0.00033831744009582283
2118,2.99545918601796e-07,7.5e-11,0.0004819172384662652,23963673.488142714,0.0,0.0,23963673.488142714,0.0,0.0,0.0,995286054276.3328,-1886.1628085508103,-25.309281636379392,839.1005305890018,584.1077554776354,-1453.528026968582,-905.9548438011052,-390.3963693392319,458.87976646013124,3335.9334362060154,3381.86727495088,0.0003385710801414441
2119,2.99620918601796e-07,7.5e-11,0.0004822049039654028,23969673.488142714,0.0,0.0,23969673.488142714,0.0,0.0,0.0,995622276010.1903,-1843.9110593021162,-54.364319697011744,814.1626746298358,574.0725679462643,-1476.4718068002628,-881.6023610543571,-390.74306460260505,468.47911401408896,3319.0944241450075,3357.220140794332,0.0003388228716520037
2120,2.99710918601796e-07,9e-11,0.00048255972776776145,23976873.488142714,0.0,0.0,23976873.488142714,0.0,0.0,0.0,996083699911.2888,-1939.7617274502252,-65.1237613396305,795.2070531289355,567.7516443193446,-1487.7923704364152,-886.5509591281644,-412.53821503677665,457.2095852509865,3426.345861299597,3464.8472578083893,0.00033913470790520646
2121,2.9981891860179604e-07,1.0799999999999999e-10,0.0004829765352099342,23985513.488142714,0.0,0.0,23985513.488142714,0.0,0.0,0.0,996581329571.3651,-1889.072356552875,-72.65279534452165,813.5974161980372,586.1560425936298,-1454.303976173415,-890.7884904674677,-399.4362524887459,466.79189427921125,3342.207603744094,3382.4488341979586,0.00033950001237929985
2122,2.9994851860179606e-07,1.2959999999999997e-10,0.0004834806009373509,23995881.488142714,0.0,0.0,23995881.488142714,0.0,0.0,0.0,997188897174.6447,-1887.1354879586067,-39.956442869900506,804.1209163858796,614.0557764915504,-1484.2998060790437,-890.0018037101097,-404.6321528955901,447.91030401465656,3369.5815946161665,3411.824486749622,0.00033994218483278263
2123,3.0002351860179606e-07,7.5e-11,0.00048376547965113943,24001881.488142714,0.0,0.0,24001881.488142714,0.0,0.0,0.0,997493830772.8019,-1833.7965203586666,-53.87767076048349,830.3374961330082,577.8619352959413,-1448.0453509660729,-908.2587441330259,-418.27625180011154,461.15230602640077,3280.5537683608018,3321.024652766014,0.0003401912616817401
2124,3.0009851860179607e-07,7.5e-11,0.000484054844047899,24007881.48814271,0.0,0.0,24007881.488142714,0.0,0.0,0.0,997594808362.1854,-1899.2550763109068,-49.00120077577494,822.3376968516382,576.158501369889,-1440.8333515736688,-911.2530647661212,-383.2967661241748,454.142444051818,3338.810180626093,3383.353854106796,0.0003404450132207981
2125,3.0018851860179606e-07,9e-11,0.00048440203941863864,24015081.488142714,0.0,0.0,24015081.488142714,0.0,0.0,0.0,997735933400.061,-1893.7228516481364,-59.334169276580326,814.6780298865566,572.2592178930323,-1447.0132220428877,-909.1867449416039,-370.491869074094,466.56307235214723,3339.454005642522,3382.320814930602,0.0003407494220941418
2126,3.002965186017961e-07,1.0799999999999999e-10,0.0004848199347430273,24023721.48814271,0.0,0.0,24023721.488142714,0.0,0.0,0.0,998224610377.5433,-1913.6164126426318,-52.680397259693315,815.5576163545105,558.2873928134597,-1438.9004031014363,-919.6770307919921,-400.6449699316831,458.2339284495123,3350.9673915906887,3394.2799866532137,0.00034111600433270035
2127,3.004261186017961e-07,1.2959999999999997e-10,0.00048532809796790016,24034089.48814271,0.0,0.0,24034089.488142714,0.0,0.0,0.0,998781241834.759,-1937.8939933127358,-12.370999756926048,803.3965454126542,614.3135898510363,-1463.2948177283388,-879.2064459745276,-398.65506380749014,483.50456203710576,3400.500929431201,3444.941865866248,0.0003415624687985166
2128,3.005761186017961e-07,1.5e-10,0.0004859080939034241,24046089.488142714,0.0,0.0,24046089.488142714,0.0,0.0,0.0,999369364066.7039,-1872.2085083828065,-32.541451189288544,836.0024825459851,583.4381516637844,-1475.5929287743054,-924.9341267625988,-401.43005099469923,466.773165090741,3347.3471144305413,3390.0243671322146,0.00034207097245358644
2129,3.007261186017961e-07,1.5e-10,0.0004865003205467312,24058089.488142714,0.0,0.0,24058089.488142714,0.0,0.0,0.0,999863545584.4177,-1932.4700943000446,-31.818193164385214,809.7493993666656,569.0898982224581,-1497.01338686337,-935.1433672785679,-403.75762818647456,455.8354743590345,3429.3038496199647,3471.5249068768007,0.000342591701189618
2130,3.0087611860179614e-07,1.5e-10,0.00048708110597014834,24070089.48814271,0.0,0.0,24070089.488142714,0.0,0.0,0.0,1000463528619.8932,-1882.8777968190634,-23.159645179157973,811.8378737686855,589.4082580458935,-1456.9759519079707,-949.8719083897968,-413.4323799761028,460.5285579697971,3357.1042972730843,3395.8374182510265,0.0003431010768023556
2131,3.0102611860179615e-07,1.5e-10,0.00048766683903196667,24082089.488142714,0.0,0.0,24082089.488142714,0.0,0.0,0.0,1000739959405.26,-1897.1759508209673,-37.08253176975151,801.4500125453461,579.7074752160437,-1487.9958763199468,-959.0457603529447,-409.4562383195807,436.2343897913639,3384.9775463189876,3428.5271516242933,0.00034361535587509927
2132,3.0117611860179616e-07,1.5e-10,0.00048826497419324596,24094089.48814271,0.0,0.0,24094089.488142714,0.0,0.0,0.0,1001172407656.8988,-1936.1597808405825,-22.233910410319783,833.6687748699985,599.8385206396865,-1548.1719105915654,-973.4317165563722,-390.9778621597246,465.18991037934865,3457.4642814576055,3511.273866751194,0.00034414204695511197
2133,3.0132611860179617e-07,1.5e-10,0.0004888491791312697,24106089.488142714,0.0,0.0,24106089.488142714,0.0,0.0,0.0,1000636911386.7528,-1909.2370293790393,-3.957430109025072,824.2110089337402,594.8608071583603,-1461.828625211583,-1003.8889507378209,-402.22322529325504,457.4295070964407,3370.856155106939,3421.279428255839,0.0003446552388693503
2134,3.014761186017962e-07,1.5e-10,0.0004894333794688137,24118089.488142714,0.0,0.0,24118089.488142714,0.0,0.0,0.0,1000961244085.1753,-1873.6305171636589,-17.125814092162052,797.6117793648175,555.5764740233245,-1503.0124983525475,-952.8967043468118,-406.9351475610944,470.25405405141146,3376.490133623049,3416.4283633989953,0.0003451677031238602
2135,3.016261186017962e-07,1.5e-10,0.0004900215923501534,24130089.488142714,0.0,0.0,24130089.488142714,0.0,0.0,0.0,1001554908248.2485,-1898.8902967982083,-53.816570017044214,783.6669109865328,545.1274656517248,-1506.7805798910445,-966.6048183033616,-420.60274526413957,478.56081377775683,3405.4887074715525,3442.791491353556,0.00034568412184756325
2136,3.017761186017962e-07,1.5e-10,0.0004906009896765226,24142089.488142714,0.0,0.0,24142089.488142714,0.0,0.0,0.0,1002019479029.089,-1898.887197818106,-6.484003028147395,812.306337903117,552.1999245318625,-1443.6489680838054,-952.1540396976328,-407.89154570875274,463.71592793874413,3342.3583251907803,3387.350842682472,0.0003461922244739656
2137,3.019261186017962e-07,1.5e-10,0.0004911866664873926,24154089.48814271,0.0,0.0,24154089.488142714,0.0,0.0,0.0,1002116450318.5856,-1901.8961358927463,-11.326448999672587,796.1453634864181,562.8170476347933,-1483.6630298396215,-937.0282055850622,-413.4117265353626,463.3852031401604,3385.3962190305424,3427.035138732779,0.00034670627974477553
2138,3.020761186017962e-07,1.5e-10,0.000491774655616213,24166089.488142714,0.0,0.0,24166089.488142714,0.0,0.0,0.0,1002786951212.7715,-1884.5851903451696,-19.982831303784312,818.146876605886,529.5816866069566,-1518.8748822584469,-967.8700805520017,-435.5177503567068,483.0482052473478,3403.280613919712,3441.0788357609495,0.00034722244157013967
2139,3.0222611860179624e-07,1.5e-10,0.0004923597034383556,24178089.488142714,0.0,0.0,24178089.488142714,0.0,0.0,0.0,1002964654615.07,-1906.7160190077545,-1.9907882451934218,794.3183174202452,550.7911258677415,-1474.6790417395298,-951.2557255398547,-430.79037016509284,472.69103946242706,3381.243485464307,3422.886796274619,0.0003477358745895809
2140,3.0237611860179625e-07,1.5e-10,0.0004929384128464195,24190089.48814271,0.0,0.0,24190089.488142714,0.0,0.0,0.0,1003642489157.8363,-1872.7142945746682,-14.600263108810482,819.7225892198725,548.6756824578122,-1467.3880277925748,-935.2107657507115,-431.8322259964607,474.79049877899655,3339.943464036064,3380.27118744506,0.00034824291526769764
2141,3.0252611860179626e-07,1.5e-10,0.0004935265396389135,24202089.488142714,0.0,0.0,24202089.488142714,0.0,0.0,0.0,1004084398725.6577,-1860.004679042195,2.048170383715111,797.8310296990842,562.3317558456256,-1543.8317265766436,-918.0645320446445,-439.46082825395644,470.2882832856027,3403.713466929459,3440.1577392792155,0.0003487589389285895
2142,3.0267611860179627e-07,1.5e-10,0.0004941130489051056,24214089.488142714,0.0,0.0,24214089.488142714,0.0,0.0,0.0,1004724603904.8984,-1877.3830425800745,4.1313370514517676,803.2683995226753,563.2657676949099,-1513.6966478430938,-943.0598049407631,-423.45733126794977,468.4663103857889,3391.033116286374,3431.293991054312,0.00034927363302724763
2143,3.028261186017963e-07,1.5e-10,0.0004946886541047679,24226089.488142714,0.0,0.0,24226089.488142714,0.0,0.0,0.0,1005325821540.2777,-1843.5535168544227,5.122325144738686,817.8024947850512,553.4200516775915,-1476.0646100020379,-918.2738741291053,-414.533069393627,501.61309342492274,3319.445170602254,3358.5982744999287,0.0003497774227684226
2144,3.029761186017963e-07,1.5e-10,0.000495270755518285,24238089.488142714,0.0,0.0,24238089.488142714,0.0,0.0,0.0,1005854859943.824,-1880.4770569765376,2.4614105841954546,813.8452095452317,560.511103634534,-1480.9095923690122,-941.3573543993193,-423.4852567826153,477.13886740985015,3361.2352692775908,3402.9005854903626,0.0003502878578562462
2145,3.031261186017963e-07,1.5e-10,0.0004958545200139121,24250089.488142714,0.0,0.0,24250089.488142714,0.0,0.0,0.0,1006347612034.6216,-1868.8918678679777,1.3020908899973376,799.930345763154,569.5219609773225,-1498.729712776193,-938.8461068364703,-418.53329064974434,479.8507017310781,3375.32575535079,3412.9910457299557,0.00035079980651310565
2146,3.032761186017963e-07,1.5e-10,0.0004964465877178102,24262089.488142714,0.0,0.0,24262089.488142714,0.0,0.0,0.0,1006654968858.5,-1925.9807017776488,10.505802256555452,800.1891210006095,579.700851701877,-1501.9825779963332,-907.6103522950822,-409.5271866848098,498.37885485716066,3427.7862656920474,3468.8410688479416,0.00035132013267343286
2147,3.033511186017963e-07,7.5e-11,0.0004967357228415246,24268089.488142714,0.0,0.0,24268089.488142714,0.0,0.0,0.0,1006670893490.1417,-1861.0290960912405,-8.091012507721993,793.5204052445163,536.3024963926931,-1476.0685567315493,-962.4574020247786,-417.38679881021665,473.8785997146547,3336.932150282431,3377.0717503077803,0.00035157341305470593
2148,3.0342611860179633e-07,7.5e-11,0.0004970323217322783,24274089.48814271,0.0,0.0,24274089.488142714,0.0,0.0,0.0,1006797655746.2062,-1885.3887132042137,40.82923426501944,785.025795908562,578.8945763817042,-1549.137072212759,-912.5375654111151,-378.088634149958,477.76822847731324,3434.360439516912,3475.5035906201956,0.00035183407582400244
2149,3.035161186017963e-07,9e-11,0.0004973932806937628,24281289.48814271,0.0,0.0,24281289.488142714,0.0,0.0,0.0,1007118527745.5206,-1953.1708290541396,51.305863291334234,773.7316318684019,577.3001845613725,-1536.258862102527,-911.1409726808806,-393.5526491324647,470.41696492994197,3489.288399021891,3532.4269982610094,0.0003521519942538459
2150,3.0357011860179633e-07,5.3999999999999994e-11,0.0004976195201439504,24285609.488142714,0.0,0.0,24285609.488142714,0.0,0.0,0.0,1007324342622.0157,-2096.9096904193198,11.289335944249059,764.5477479187026,529.6605427959304,-1572.683240747387,-964.0359407324192,-402.4913257559621,432.67184045034173,3669.5084951054237,3713.819699155795,0.0003523525405176003
2151,3.0362411860179634e-07,5.3999999999999994e-11,0.0004978353300570243,24289929.488142714,0.0,0.0,24289929.488142714,0.0,0.0,0.0,1007153154786.4133,-1933.3771453330091,33.06619357026776,750.4681131931815,548.2188837061842,-1544.4898168926943,-940.1720403199133,-440.41179510017867,466.80083380277534,3477.9117078729278,3516.4678877767305,0.00035254242978354026
2152,3.0368891860179635e-07,6.479999999999999e-11,0.0004980932576259913,24295113.488142714,0.0,0.0,24295113.488142714,0.0,0.0,0.0,1007040828770.6304,-1942.8464313493778,22.548666985221864,783.087230655967,558.9796259363384,-1517.580589134042,-926.6984124731075,-382.9402518831413,476.08680969330254,3460.3420123951855,3502.6030064696297,0.00035276939845835947
2153,3.0376667860179636e-07,7.775999999999999e-11,0.000498395195410021,24301334.288142715,0.0,0.0,24301334.288142715,0.0,0.0,0.0,1007305840697.313,-1869.7608699586272,52.17253632707175,764.5086113373397,555.6868080984683,-1492.1303781478416,-947.3913047639543,-397.195047264246,471.0748013919444,3361.7266843844864,3404.830872049673,0.00035303415810697007
2154,3.0385999060179635e-07,9.331199999999998e-11,0.0004987725084855411,24308799.248142716,0.0,0.0,24308799.248142716,0.0,0.0,0.0,1007476623717.076,-1942.9521504236752,15.789292387027974,742.0438420481711,550.19783754846,-1583.6756795208591,-907.5738525784208,-383.463470632264,470.30623048810486,3526.5158564938642,3562.7206782193334,0.0003533666026988961
2155,3.0391597780179636e-07,5.5987199999999985e-11,0.0004989902489561141,24313278.22414271,0.0,0.0,24313278.224142715,0.0,0.0,0.0,1007458554705.1124,-1883.3297150745102,25.002263477293386,743.9065298853927,529.7319646952988,-1489.4657970107903,-901.998808010024,-408.7061846810705,492.992170515976,3372.2682171707647,3408.9411833305344,0.0003535574597707154
2156,3.0397196500179637e-07,5.5987199999999985e-11,0.0004992176202459756,24317757.200142715,0.0,0.0,24317757.200142715,0.0,0.0,0.0,1007451450977.9655,-1979.0574423276032,63.633877721360214,746.6745597172351,570.4164470275991,-1561.4993326633567,-905.7854307118901,-416.83351377312084,464.3941952885918,3540.492254040555,3581.6992711251537,0.00035375798908414776
2157,3.040391496417964e-07,6.718463999999998e-11,0.0004994815014067358,24323131.971342716,0.0,0.0,24323131.971342716,0.0,0.0,0.0,1007712271333.1785,-1853.6558592672616,24.512797719697037,771.4325957898482,538.0072972043338,-1559.061743375745,-892.6867215154001,-416.34981280479195,499.8712537945743,3412.3216381192283,3445.6795016419815,0.000353989485821021
2158,3.0411977120979637e-07,8.062156799999998e-11,0.0004997957887039748,24329581.69678272,0.0,0.0,24329581.696782716,0.0,0.0,0.0,1008021467279.3237,-1810.1149690494005,23.570724292945016,800.1348719067277,525.002579285894,-1574.0073780720559,-896.1457718406614,-401.02674725848533,512.733852910999,3383.934577991278,3416.4934252920266,0.0003542649288780297
2159,3.0421651709139636e-07,9.674588159999996e-11,0.0005001831082377633,24337321.367310714,0.0,0.0,24337321.367310714,0.0,0.0,0.0,1008141677833.9425,-1928.7295539836707,49.45017339538811,781.5083575746362,564.6267970268361,-1555.5510205436801,-904.9141548296496,-416.55531827457634,479.52478513803135,3483.9046229233577,3523.5348513222,0.00035460581636356916
2160,3.0433261214931637e-07,1.1609505791999995e-10,0.0005006431830220447,24346608.97194431,0.0,0.0,24346608.971944313,0.0,0.0,0.0,1008688498863.1423,-1882.6228518556445,48.766688996068005,800.8421935263316,561.6407114860441,-1561.0322964731727,-927.1669052751935,-432.2517500240628,475.5238060722028,3443.358819100391,3482.722056990186,0.0003550101431824947
2161,3.0447192621882035e-07,1.3931406950399993e-10,0.0005012068112266314,24357754.097504634,0.0,0.0,24357754.097504634,0.0,0.0,0.0,1009297345106.82,-1934.2749757692752,41.0641809743619,798.8004908416158,565.5813784386984,-1592.800418296916,-926.6343799753984,-428.53180798857846,488.85409142255395,3526.8105568332644,3565.128348774742,0.00035550681572106655
2162,3.0462192621882036e-07,1.5e-10,0.0005018148678580639,24369754.097504634,0.0,0.0,24369754.097504634,0.0,0.0,0.0,1009626467827.3082,-1908.5096924895988,24.208030095086432,840.6159905296842,570.3130320292818,-1627.2198472819202,-923.3009660679788,-396.3697410626048,497.0300519514655,3535.428405543281,3573.5851415896645,0.000356042853492305
2163,3.0477192621882037e-07,1.5e-10,0.0005024201572910402,24381754.097504634,0.0,0.0,24381754.097504634,0.0,0.0,0.0,1009231778310.4731,-1926.926479990687,26.120596093370082,770.2779764028029,589.1976927432041,-1591.567336230734,-907.925152329339,-431.35710765405815,539.9274853933903,3518.303614183694,3553.3126031900783,0.0003565758503827835
2164,3.048469262188204e-07,7.5e-11,0.000502720163699316,24387754.097504634,0.0,0.0,24387754.097504634,0.0,0.0,0.0,1008577594355.504,-1857.1651409654721,37.74464628024124,770.0003687262183,547.7559598214805,-1627.5385842691478,-960.0577462144428,-470.9006704988609,513.6222187289867,3484.4286545109194,3517.0987463336023,0.00035683963278875853
2165,3.049219262188204e-07,7.5e-11,0.0005030223525299743,24393754.097504634,0.0,0.0,24393754.097504634,0.0,0.0,0.0,1008494632495.1582,-1925.894870202339,47.67774090484867,798.3752943289333,580.983504381493,-1583.2501275221312,-931.333703229498,-422.9445997789068,488.3921154380578,3508.911540434923,3549.121245691968,0.0003571058168821854
2166,3.050119262188204e-07,9e-11,0.0005033884576130371,24400954.097504634,0.0,0.0,24400954.097504634,0.0,0.0,0.0,1008763024835.1245,-1923.323071615862,15.390691044163754,791.9279821325187,547.0518982156576,-1628.3046187298114,-952.0452521727273,-440.8253269404229,488.74561904740807,3551.350108199219,3586.0624465252936,0.00035742856250237266
2167,3.051199262188204e-07,1.0799999999999999e-10,0.0005038228254204979,24409594.097504634,0.0,0.0,24409594.097504634,0.0,0.0,0.0,1008879595309.8756,-1943.1428874142307,44.36478220711906,763.8005640070769,571.0067949637352,-1559.0487348173258,-949.0261693527984,-423.61663608341365,498.0148026772433,3501.9193901616927,3542.0131678160465,0.00035781109992449677
2168,3.052495262188204e-07,1.2959999999999997e-10,0.0005043501776248655,24419962.097504634,0.0,0.0,24419962.097504634,0.0,0.0,0.0,1008933352611.8579,-1952.293945821831,45.37055020256436,765.9495390792079,576.0983772892638,-1596.8773889270208,-980.6656618432754,-436.98504225179363,501.83291436534427,3548.876486472068,3588.672400431418,0.0003582761918675927
2169,3.053995262188204e-07,1.5e-10,0.0005049571615700296,24431962.097504634,0.0,0.0,24431962.097504634,0.0,0.0,0.0,1009243027905.7429,-1946.629220448216,61.47991014088544,762.2376327184337,557.2134818548229,-1579.4255731973321,-988.5971324956338,-423.2277994101702,492.913205192227,3525.5101506209685,3566.966792985036,0.00035881123688654044
2170,3.0554952621882043e-07,1.5e-10,0.0005055684502921788,24443962.097504634,0.0,0.0,24443962.097504634,0.0,0.0,0.0,1009682245125.1074,-1967.0619985733022,62.254213665089026,765.1092424281344,565.6817637086393,-1587.3314985563234,-985.9240407484302,-438.5830114938963,494.2453999956615,3554.11169744223,3595.552769640703,0.00035935056980198655
2171,3.0569952621882045e-07,1.5e-10,0.0005061768269693578,24455962.097504634,0.0,0.0,24455962.097504634,0.0,0.0,0.0,1010082356496.9524,-1958.0187030829484,60.5409720573082,766.7581597299185,562.8409485049907,-1577.2043736587493,-991.671958804651,-442.1427352748502,503.9106197755536,3534.910227491981,3576.1195778481365,0.00035988698773866377
2172,3.0584952621882046e-07,1.5e-10,0.000506785867348636,24467962.097504634,0.0,0.0,24467962.097504634,0.0,0.0,0.0,1010016744623.1056,-1931.17736556002,63.86619057785286,765.7206368135871,574.9097686926108,-1610.5200242147316,-947.6316907726128,-445.0285744630718,528.1802262821328,3541.419057536153,3578.479987812151,0.0003604237597368356
2173,3.0599952621882047e-07,1.5e-10,0.0005073939758055919,24479962.097504634,0.0,0.0,24479962.097504634,0.0,0.0,0.0,1010250346344.3568,-1953.820890413857,71.21361605153288,759.0910490761053,545.8857243886125,-1579.5160548139302,-1013.6133988352843,-444.45072538429037,503.54920246844455,3533.0653131891513,3574.430057443458,0.0003609599242454521
2174,3.061495262188205e-07,1.5e-10,0.0005080077605990458,24491962.097504638,0.0,0.0,24491962.097504634,0.0,0.0,0.0,1010587670629.753,-1975.7860310163398,78.40437086220496,756.2047847457637,558.6911142341002,-1594.4026013439911,-1010.024061563927,-422.43774205547317,506.07732633308797,3569.9178812261,3612.551312499492,0.000361501806942327
2175,3.062995262188205e-07,1.5e-10,0.000508621300765315,24503962.097504634,0.0,0.0,24503962.097504634,0.0,0.0,0.0,1011059222334.2744,-1982.6482215756573,89.56651579368261,755.0145990564699,560.8308793453971,-1585.1003253378378,-1002.5832290790518,-399.88671757002476,514.103759947442,3567.4900759053153,3611.4904440663713,0.00036204353050893695
2176,3.064495262188205e-07,1.5e-10,0.0005092324451463215,24515962.097504634,0.0,0.0,24515962.097504634,0.0,0.0,0.0,1011397502447.0208,-1933.4138270952608,84.52895053377799,714.4576870047437,533.6747838554238,-1621.9745559987914,-1012.6584491673726,-441.7855258800853,509.7771994063217,3555.122585664516,3592.8164295090987,0.0003625824529733633
2177,3.065995262188205e-07,1.5e-10,0.0005098474984970791,24527962.097504634,0.0,0.0,24527962.097504634,0.0,0.0,0.0,1011693375835.0385,-1973.4691990715994,121.29864519835078,725.8034738167295,549.3900149556689,-1604.7182279099668,-997.3712775063586,-416.2873425886387,513.0465043866488,3577.923960946925,3620.436266629798,0.00036312551841335776
2178,3.067495262188205e-07,1.5e-10,0.000510474838477102,24539962.097504634,0.0,0.0,24539962.097504634,0.0,0.0,0.0,1012266631790.9032,-1994.1235898500236,103.56126480103212,756.1529051160737,540.8500565754367,-1667.321859410721,-995.4221915564559,-403.41869383458896,502.5170386036759,3661.191657160913,3701.543539056539,0.0003636807499442162
2179,3.0689952621882054e-07,1.5e-10,0.0005111011543079557,24551962.097504634,0.0,0.0,24551962.097504634,0.0,0.0,0.0,1012226879195.4011,-2009.6710458698958,121.76268116894902,760.5223282412871,531.0906895423817,-1644.7786970526163,-991.9131376685035,-406.32229089257333,531.7695251983462,3654.201929010861,3694.948811551127,0.0003642349922659489
2180,3.0704952621882055e-07,1.5e-10,0.0005117216610413626,24563962.097504638,0.0,0.0,24563962.097504634,0.0,0.0,0.0,1012808775177.887,-1995.3066615126415,118.56138951221185,728.2551655968456,546.7964267665151,-1619.6568924313317,-996.3725122017348,-409.0131445079773,522.3590548971869,3614.703022079603,3656.5254623496894,0.00036478347108530134
2181,3.0719952621882056e-07,1.5e-10,0.0005123449345487591,24575962.097504638,0.0,0.0,24575962.097504634,0.0,0.0,0.0,1013490709556.6544,-1986.956118092356,114.76339334521755,719.4155846839832,523.1298511080486,-1644.2077261492916,-1008.7966082782394,-408.8369874633798,544.9945080786488,3637.669445096344,3673.6260266936356,0.00036533451498930536
2182,3.0734952621882057e-07,1.5e-10,0.0005129752623436698,24587962.097504634,0.0,0.0,24587962.097504634,0.0,0.0,0.0,1014017227641.636,-2039.488787769644,120.36975990929324,695.8943280209954,508.9811647008544,-1642.247684731916,-1036.3678941446017,-399.2097161930184,536.2144134879541,3681.494710083959,3721.740112593361,0.00036589277600619435
2183,3.074995262188206e-07,1.5e-10,0.0005136035103108161,24599962.097504634,0.0,0.0,24599962.097504634,0.0,0.0,0.0,1014652959203.3422,-2030.787080163471,135.35296304843982,679.5028900181629,529.0351756495406,-1635.598065322059,-1031.8635846677453,-382.0008677071591,539.319442367456,3666.1481604580295,3708.2052193113536,0.0003664490067890911
2184,3.076495262188206e-07,1.5e-10,0.0005142259414113158,24611962.097504634,0.0,0.0,24611962.097504634,0.0,0.0,0.0,1015439335407.3594,-2006.9615798461284,141.33929142891495,708.2568765489497,505.36613981966116,-1619.9034619281415,-1046.401204149215,-385.6302406049102,512.3823627719308,3626.6071987275704,3670.4230251016334,0.0003669995702428563
2185,3.077995262188206e-07,1.5e-10,0.000514848063744467,24623962.097504634,0.0,0.0,24623962.097504634,0.0,0.0,0.0,1015918167370.736,-2016.9370381257866,116.63477746924652,694.5862606125628,502.62953696249235,-1608.9266897802677,-1037.1005713173763,-388.9978683368647,497.7923722509394,3625.608904858444,3668.385928892163,0.00036754982813219016
2186,3.079495262188206e-07,1.5e-10,0.0005154784625992287,24635962.097504634,0.0,0.0,24635962.097504634,0.0,0.0,0.0,1016367875418.0234,-2043.8263129815784,105.3112077587818,669.2465997860185,535.0980298750217,-1636.507377209551,-1011.3666728194934,-363.88885369057607,472.05107584692337,3680.0863935399993,3723.397425842688,0.00036810833774606654
2187,3.080245262188206e-07,7.5e-11,0.0005157898538438888,24641962.097504634,0.0,0.0,24641962.097504634,0.0,0.0,0.0,1016657013116.2373,-2027.2683621967935,118.16432937192891,675.044479502857,517.5876777988675,-1602.3306014387006,-1014.6766903861673,-370.1064600237793,488.6237480108455,3629.3570555560505,3673.0062854696275,0.00036838381321747677
2188,3.080995262188206e-07,7.5e-11,0.0005161010884397782,24647962.097504634,0.0,0.0,24647962.097504634,0.0,0.0,0.0,1016823322841.1095,-2029.1450916097697,87.7649254112655,663.5608908491782,538.4561563225783,-1598.536273372588,-997.5524946939184,-353.96610293278496,467.6915524896454,3627.430557189591,3671.0922683690005,0.00036865914513760443
2189,3.081895262188206e-07,9e-11,0.0005164797371055691,24655162.097504638,0.0,0.0,24655162.097504634,0.0,0.0,0.0,1017248163167.3099,-2041.348940495358,124.362353112301,664.6406247850749,552.7452936163583,-1643.293736055496,-984.5784063208275,-369.95319288650734,489.0377177699865,3684.422033846677,3727.190499935043,0.0003689945922825986
2190,3.0829752621882064e-07,1.0799999999999999e-10,0.0005169285457649462,24663802.097504634,0.0,0.0,24663802.097504634,0.0,0.0,0.0,1017614810318.389,-2031.1728860963317,84.51863803728355,695.0997301556649,522.638229458927,-1602.959034637411,-995.0911943032373,-347.167289515396,477.64587364474346,3633.9703504411195,3676.919409891773,0.0003693916995788669
2191,3.0842712621882066e-07,1.2959999999999997e-10,0.0005174785593194622,24674170.097504634,0.0,0.0,24674170.097504634,0.0,0.0,0.0,1017904374286.017,-2109.7971959214974,136.1354115038902,705.026659984845,584.0395764760863,-1605.3608092390114,-1022.6493115359872,-352.53177586999135,458.0303567640355,3714.9189206158308,3769.164339998251,0.00036988018327733065
2192,3.0857712621882067e-07,1.5e-10,0.0005181155231329238,24686170.097504634,0.0,0.0,24686170.097504634,0.0,0.0,0.0,1018595690924.6135,-2085.962803708738,104.31396584961962,692.540593929576,549.5536273374939,-1636.2913458049654,-1017.2087817953745,-368.7120315966473,464.2131114539556,3722.135975413265,3768.4738197832767,0.00037044545435029817
2193,3.087271262188207e-07,1.5e-10,0.0005187507554333302,24698170.097504634,0.0,0.0,24698170.097504634,0.0,0.0,0.0,1018754132153.5901,-2089.3320688552253,115.16225721958337,659.7308314955184,529.0861714089941,-1623.2513877708452,-985.3272866718396,-386.655746767315,464.62448745071845,3712.335335632912,3756.067618173628,0.00037100886449302424
2194,3.088021262188207e-07,7.5e-11,0.0005190711204570057,24704170.097504634,0.0,0.0,24704170.097504634,0.0,0.0,0.0,1019022002527.9888,-2090.4377667242093,102.19322280857779,687.4687243724271,499.82530685456163,-1659.9262949905194,-993.0672478917533,-391.36528726261514,435.54097461181686,3750.432136170759,3792.228554982055,0.0003712932816346479
2195,3.088771262188207e-07,7.5e-11,0.0005194004910002241,24710170.097504634,0.0,0.0,24710170.097504634,0.0,0.0,0.0,1019168124913.5557,-2162.720528784865,156.3833796718746,698.3575974877,541.8871099166096,-1701.5089938660637,-1037.3673556540043,-366.1500908975894,424.9704084841503,3864.0284464102724,3914.9027692469654,0.00037158689934234146
2196,3.089671262188207e-07,9e-11,0.0005197820203901202,24717370.097504634,0.0,0.0,24717370.097504634,0.0,0.0,0.0,1019484717968.8584,-2035.8150321351727,128.92405835794474,696.0139698997692,514.8632152265064,-1681.4998435009404,-1009.5655949588003,-371.82457312580544,468.46943966446236,3717.071481626678,3758.969530977491,0.0003719252066001294
2197,3.090211262188207e-07,5.3999999999999994e-11,0.0005200221172910457,24721690.097504634,0.0,0.0,24721690.097504634,0.0,0.0,0.0,1019662581493.6426,-2184.9384221148543,141.73077279689636,731.1336184283831,532.1079865660058,-1735.0120354623707,-1060.1415028039555,-379.45936927261243,442.3857049065702,3919.7984049330453,3968.939408745204,0.00037213952932820167
2198,3.090751262188207e-07,5.3999999999999994e-11,0.0005202520533484553,24726010.097504638,0.0,0.0,24726010.097504634,0.0,0.0,0.0,1019697945234.6326,-2054.1711562003206,98.53370737055867,711.4912442286076,490.5261259974048,-1684.3305871034065,-1010.6819359039802,-352.9974617469639,488.6424146686189,3738.3090204430505,3777.614791416396,0.00037234352052693814
2199,3.091399262188207e-07,6.479999999999999e-11,0.0005205198669870248,24731194.097504634,0.0,0.0,24731194.097504634,0.0,0.0,0.0,1020036533996.7979,-1963.4842200428059,109.83031880961873,692.8600645015056,439.89629311431605,-1651.6121602034782,-1011.1170020758498,-383.01399712383903,446.4061127640381,3614.860641177223,3652.2925792017595,0.00037258018908607044
2200,3.0921768621882073e-07,7.775999999999999e-11,0.0005208485940846698,24737414.897504635,0.0,0.0,24737414.897504635,0.0,0.0,0.0,1020363578156.872,-2026.136333911145,127.15163228946511,660.2953390086907,506.389126816055,-1681.288433218254,-983.6088629415914,-369.4568286396589,454.42528782289446,3706.4719011585316,3746.3663540124376,0.00037287150653375845
2201,3.093109982188207e-07,9.331199999999998e-11,0.0005212446548563868,24744879.857504636,0.0,0.0,24744879.857504636,0.0,0.0,0.0,1020355255314.1528,-2083.6683277787565,121.46308739726229,688.4174249698083,505.0689484265733,-1639.7755854030859,-971.4790578336759,-349.0026797135224,490.97556044597786,3723.1110812786196,3764.873435705232,0.00037322281440379097
2202,3.0942297261882073e-07,1.1197439999999997e-10,0.0005217241131658167,24753837.809504636,0.0,0.0,24753837.809504636,0.0,0.0,0.0,1020705327741.0137,-2076.59324759045,108.3343848862491,654.1293731129106,507.17623931377926,-1685.2402117517854,-994.6534905801159,-355.6754355993134,472.25885309990485,3761.531331544559,3801.035312010761,0.0003736484330522322
2203,3.095573418988207e-07,1.3436927999999997e-10,0.0005222894389104996,24764587.351904634,0.0,0.0,24764587.351904634,0.0,0.0,0.0,1020985480871.4952,-2046.3054709894323,118.9102108382804,665.8127162721387,497.6233579946419,-1639.395815073001,-1003.082979681752,-358.3109070630731,454.2312642333946,3685.4043822311255,3727.836261113247,0.00037414933972659587
2204,3.0970734189882073e-07,1.5e-10,0.0005229380949114275,24776587.351904634,0.0,0.0,24776587.351904634,0.0,0.0,0.0,1021495190914.773,-2101.51424318547,127.20531052163236,691.3953097535431,505.5492280462973,-1700.8368002033378,-1000.1858969501009,-349.2683581669135,470.1715505231693,3802.5850872527863,3844.3060460273737,0.00037472598563349996
2205,3.0985734189882074e-07,1.5e-10,0.0005235755584242083,24788587.351904634,0.0,0.0,24788587.351904634,0.0,0.0,0.0,1021783427541.7748,-2053.8296001180715,138.56831931991636,652.8370165312087,479.1809569537711,-1674.948530851821,-1027.3875034504943,-367.4983074860145,468.44456682118715,3728.602920638982,3769.5157181379323,0.00037529141299122063
2206,3.1000734189882075e-07,1.5e-10,0.0005242245810870186,24800587.351904634,0.0,0.0,24800587.351904634,0.0,0.0,0.0,1022245104912.4332,-2087.1194347616315,146.41902399913505,658.4799358126174,483.58279188758615,-1717.6817842582993,-1018.3412541736693,-330.8839290740973,473.27428505656235,3805.6790100125613,3846.2406486004593,0.0003758683490885107
2207,3.1015734189882076e-07,1.5e-10,0.0005248651059076429,24812587.351904634,0.0,0.0,24812587.351904634,0.0,0.0,0.0,1022535032778.892,-2035.0439892598267,139.48422412147121,658.7976205475387,474.59224403620874,-1715.299102607804,-1022.7127057544278,-350.2857601052579,473.08997745739555,3750.0317183043194,3788.8934398702527,0.0003764366831044913
2208,3.1030734189882077e-07,1.5e-10,0.0005255045510667326,24824587.351904634,0.0,0.0,24824587.351904634,0.0,0.0,0.0,1022926013038.2925,-2073.076219844592,149.1945901320394,670.5395872340657,479.8280951750384,-1666.5244490462521,-1030.6011536499282,-317.15507028019016,455.6657407155106,3739.372041275464,3784.4772829614176,0.0003770043546969355
2209,3.104573418988208e-07,1.5e-10,0.0005261598649825399,24836587.351904634,0.0,0.0,24836587.351904634,0.0,0.0,0.0,1023428962299.3843,-2093.192266666311,141.81174650604336,646.2150941134992,487.64514763413644,-1755.3765363765215,-1006.3883181889572,-330.6163395022905,466.55506551759686,3848.2674654449715,3887.208285594036,0.0003775874359397746
2210,3.106073418988208e-07,1.5e-10,0.0005268015537016964,24848587.351904634,0.0,0.0,24848587.351904634,0.0,0.0,0.0,1023975705153.1068,-2043.5010434219043,132.7944755553374,642.0340800959956,465.5587123524479,-1714.456624234454,-1040.429247015875,-338.64260137441056,457.1849266226873,3757.527618477807,3797.314425268373,0.00037815703310356487
2211,3.107573418988208e-07,1.5e-10,0.0005274515327656332,24860587.351904634,0.0,0.0,24860587.351904634,0.0,0.0,0.0,1024614078611.8859,-2079.6234309598385,107.25880028608157,649.2993360632872,453.27513155154253,-1735.2635350000323,-1021.9726255189971,-314.3718804830168,458.3273159911405,3814.6969046964587,3852.2652199536233,0.00037873487288655794
2212,3.109073418988208e-07,1.5e-10,0.0005281069270232252,24872587.351904634,0.0,0.0,24872587.351904634,0.0,0.0,0.0,1025134466081.0935,-2098.604481024073,114.50501528695061,651.6158335607774,489.1325313536099,-1750.8110257671754,-1017.4078163292711,-332.77646614550156,454.66142037152963,3849.180246208016,3888.189703153722,0.000379318101342031
2213,3.1105734189882083e-07,1.5e-10,0.0005287567025012102,24884587.351904634,0.0,0.0,24884587.351904634,0.0,0.0,0.0,1025647012076.4229,-2044.6191610907579,79.19492028700346,656.1221958447746,447.5317928257926,-1772.8023659941286,-1006.7881325942674,-355.39733212044655,452.1800899393402,3816.6096069070513,3849.4621192907916,0.0003798955206599246
2214,3.1120734189882084e-07,1.5e-10,0.000529417321000869,24896587.351904634,0.0,0.0,24896587.351904634,0.0,0.0,0.0,1025710276781.9414,-2076.53318712203,62.08116601445701,670.532310167573,432.2852259426203,-1813.1577201043199,-1017.7709528589041,-317.45855903609305,433.1159130527452,3889.4311158828004,3922.8090071438287,0.0003804839420109962
2215,3.1135734189882085e-07,1.5e-10,0.0005300736778799344,24908587.351904634,0.0,0.0,24908587.351904634,0.0,0.0,0.0,1026138483658.7238,-2054.0657914336384,59.61702537747529,635.0979019346262,449.45447911093623,-1807.877489187221,-1004.4729532965839,-342.469558098052,425.23937730299554,3861.504256946832,3893.4963514211545,0.00038106796646370937
2216,3.1150734189882086e-07,1.5e-10,0.0005307396983838731,24920587.351904634,0.0,0.0,24920587.351904634,0.0,0.0,0.0,1026553526536.0878,-2098.1862340734842,80.55358537647028,630.3215892542506,471.0161655862936,-1825.9236858566812,-1005.4764705341895,-321.41751406460736,431.5658632853378,3923.7894855117843,3957.8629635633815,0.00038166164590824387
2217,3.116573418988209e-07,1.5e-10,0.0005313981075397439,24932587.351904634,0.0,0.0,24932587.351904634,0.0,0.0,0.0,1027123227641.4104,-2075.2431104345305,69.96818011872882,639.8201514972455,468.6740427558565,-1798.0982757362083,-1010.4918467632777,-314.4718507880014,432.6695128299388,3872.8973112710505,3907.604361206233,0.0003822477865624248
2218,3.118073418988209e-07,1.5e-10,0.0005320597198663477,24944587.351904634,0.0,0.0,24944587.351904634,0.0,0.0,0.0,1027856811659.1365,-2053.813317207998,35.814176778228045,627.1789354128998,448.58538823753537,-1844.1396902683719,-1037.9810726869025,-365.7113723290141,414.80076045082075,3897.825738927754,3929.1836975430674,0.00038283716411705623
2219,3.119573418988209e-07,1.5e-10,0.000532727911322212,24956587.351904634,0.0,0.0,24956587.351904634,0.0,0.0,0.0,1028271683741.2295,-2127.490362807563,70.99215321946015,645.8279667395542,469.3800731075502,-1809.4514664493001,-1045.0738636302037,-346.0481616634907,408.0308165334788,3936.5062868049977,3974.1043903849595,0.000383433279775614
2220,3.120323418988209e-07,7.5e-11,0.0005330584786124319,24962587.351904634,0.0,0.0,24962587.351904634,0.0,0.0,0.0,1028623509704.4034,-2116.2145936952656,66.73206151381528,624.3404803708798,462.3211817322972,-1773.3589723944015,-1045.363867597963,-355.35385231761427,386.7802016084467,3889.312145797552,3927.9262562386402,0.0003837278742448319
2221,3.121073418988209e-07,7.5e-11,0.000533397187230181,24968587.351904634,0.0,0.0,24968587.351904634,0.0,0.0,0.0,1028963958679.5944,-2156.0709816385606,52.2246478264245,637.7821095358781,441.7332708299628,-1843.7648913032888,-1063.5145281934892,-341.75931060369095,381.0558901165586,3999.3702535418183,4036.645499666776,0.0003840306226573069
2222,3.121973418988209e-07,9e-11,0.0005338027535826488,24975787.351904634,0.0,0.0,24975787.351904634,0.0,0.0,0.0,1029363269354.6536,-2163.8019502713537,56.94037159290797,633.0395595633764,465.485295510752,-1826.8351711808261,-1031.494922445496,-350.13359970850775,434.3977872486568,3990.3911843996866,4024.701405198595,0.0003843928457837748
2223,3.123053418988209e-07,1.0799999999999999e-10,0.0005342831116334455,24984427.351904634,0.0,0.0,24984427.351904634,0.0,0.0,0.0,1029915758541.6522,-2090.963195764262,80.80325325504465,670.5255389615523,465.50170990463243,-1839.7288182147245,-1049.1461637009882,-358.5908060784452,414.8568295233784,3930.2548035692216,3966.75095483201,0.0003848212548868966
2224,3.1243494189882094e-07,1.2959999999999997e-10,0.0005348671345076127,24994795.351904634,0.0,0.0,24994795.351904634,0.0,0.0,0.0,1030620565640.7714,-2138.9819007680785,80.99692412062886,631.8556026530144,492.2455055911078,-1849.757139177082,-1019.1216772588115,-316.4376486016776,427.28837738709655,3988.434689056008,4024.39538535614,0.0003853428165288388
2225,3.1258494189882095e-07,1.5e-10,0.0005355375857155372,25006795.351904634,0.0,0.0,25006795.351904634,0.0,0.0,0.0,1031527087450.9471,-2102.0057590949527,53.845600351638815,690.2357825724039,421.656970289472,-1854.2475516073866,-1056.9782378525451,-373.48809598697505,432.5506077181887,3955.7933388643905,3988.5781896287795,0.0003859411032572831
2226,3.1273494189882096e-07,1.5e-10,0.0005362093805415895,25018795.351904634,0.0,0.0,25018795.351904634,0.0,0.0,0.0,1032302420560.8118,-2117.033905886258,83.73346681701943,690.8251159925509,470.66036068026517,-1844.2267729874902,-1032.624692831875,-367.15863067781703,417.90214030588874,3960.92935530755,3997.246091143796,0.00038654069017095467
2227,3.1280994189882097e-07,7.5e-11,0.0005365387368319384,25024795.351904634,0.0,0.0,25024795.351904634,0.0,0.0,0.0,1032527171472.0365,-2038.685854134697,39.642742438268215,712.758388377331,461.51735919733574,-1840.4574374124288,-982.8937280507619,-378.2435626259268,441.3420770869924,3878.700714145867,3908.6240310439634,0.00038683383697328295
2228,3.12884941898821e-07,7.5e-11,0.000536871668641908,25030795.351904634,0.0,0.0,25030795.351904634,0.0,0.0,0.0,1032589602588.624,-2120.5672485317027,88.55549208507772,740.756339708032,506.3838337100528,-1796.7706011418018,-1056.286242865543,-388.9796450113482,406.3709661616092,3917.115264171267,3959.7160501798226,0.00038713081567704643
2229,3.1297494189882097e-07,9e-11,0.0005372754528298137,25037995.351904634,0.0,0.0,25037995.351904634,0.0,0.0,0.0,1033074507226.726,-2140.6261687633228,86.36367020343329,691.5983419743984,521.7721967034755,-1827.096089709339,-992.8439219852957,-366.08066260857464,414.563821514987,3966.2750085580483,4004.7469659839753,0.00038749124290398497
2230,3.13082941898821e-07,1.0799999999999999e-10,0.0005377584389044362,25046635.351904634,0.0,0.0,25046635.351904634,0.0,0.0,0.0,1033248610779.6727,-2134.563235130723,52.36596294058367,677.3555192711567,475.3001694212847,-1830.723762166155,-1011.2342628783308,-405.4551070204219,388.45368398813986,3951.0693776298085,3990.736560286323,0.00038792224245249587
2231,3.13212541898821e-07,1.2959999999999997e-10,0.0005383414002811198,25057003.351904634,0.0,0.0,25057003.351904634,0.0,0.0,0.0,1033827445405.9524,-2134.4867120698477,43.6208716234793,681.1941990887943,468.23678228313975,-1847.7578859406613,-1029.5794736190498,-386.3750875639328,382.1012031648329,3981.8166484650187,4017.3937562884876,0.00038844289668331085
2232,3.13362541898821e-07,1.5e-10,0.0005390185678617467,25069003.351904634,0.0,0.0,25069003.351904634,0.0,0.0,0.0,1034609745240.2922,-2144.038809755789,44.234686322740416,665.1198817521414,479.0912982349831,-1855.942401041858,-994.6703958315567,-353.68361236634337,399.70548411029904,3998.429000863033,4032.47500754871,0.00038904776793444314
2233,3.1351254189882103e-07,1.5e-10,0.0005396945464697917,25081003.351904634,0.0,0.0,25081003.351904634,0.0,0.0,0.0,1035365817715.6294,-2122.8226132145915,61.96613751820293,710.5944527485229,474.5666731573195,-1866.3714699994127,-1031.7277838089744,-397.9820559782051,375.91614742017646,3989.158238120011,4025.8285437036147,0.00038965164221599867
2234,3.1366254189882104e-07,1.5e-10,0.0005403756583058643,25093003.351904634,0.0,0.0,25093003.351904634,0.0,0.0,0.0,1036257174517.6421,-2129.9526659776743,78.15399389961483,699.8384417041158,491.43846022877887,-1893.5956273829506,-1014.006461811651,-380.2301168977394,398.32677298866537,4023.2253851083988,4058.8642517242192,0.0003902604718537573
2235,3.1381254189882105e-07,1.5e-10,0.0005410515134994753,25105003.351904634,0.0,0.0,25105003.351904634,0.0,0.0,0.0,1036795823238.2369,-2132.7400389664967,89.51493485733457,704.310392011809,486.4742387259983,-1855.140775321577,-1005.4173327258488,-374.16415479226174,412.5034506078589,3987.476785075707,4023.7836216187607,0.00039086403939700014
2236,3.1396254189882106e-07,1.5e-10,0.0005417321861846606,25117003.351904634,0.0,0.0,25117003.351904634,0.0,0.0,0.0,1037286052117.6337,-2163.7614840213523,79.32248951367116,663.9632637372442,486.4894513938045,-1856.2855889718937,-1027.1838223252578,-393.2018833356113,397.47248289682244,4019.7166799207366,4056.3347789755244,0.00039147248961384645
2237,3.141125418988211e-07,1.5e-10,0.0005424113047913181,25129003.351904634,0.0,0.0,25129003.351904634,0.0,0.0,0.0,1038169590740.9507,-2143.0724169932296,101.47321634622678,659.5671258083427,497.8890423680383,-1866.6357662297776,-1003.6700088898787,-389.6710882744645,413.82320965406365,4009.3278308784006,4044.8977936086076,0.00039207922428288776
2238,3.142625418988211e-07,1.5e-10,0.0005430888930154494,25141003.351904634,0.0,0.0,25141003.351904634,0.0,0.0,0.0,1039000024614.0414,-2115.268416919658,92.64408756399163,689.751759756869,479.3110530374299,-1885.9781552378802,-1002.5977631628516,-395.7357969539841,419.6934248882175,4000.8982601082184,4034.446573678608,0.0003926843912689396
2239,3.144125418988211e-07,1.5e-10,0.0005437686138550314,25153003.351904634,0.0,0.0,25153003.351904634,0.0,0.0,0.0,1039979105912.8588,-2140.661579263251,97.17379103115981,692.0449080919998,483.4600818845147,-1873.3945129458134,-1019.7020765272958,-409.7979048565119,411.1653624845014,4013.639668506926,4049.2715711558903,0.00039329178200461296
2240,3.145625418988211e-07,1.5e-10,0.0005444531560312066,25165003.351904634,0.0,0.0,25165003.351904634,0.0,0.0,0.0,1040985839541.9342,-2124.7946746749285,89.57876812527068,707.8415379935628,499.29439987525285,-1921.534797868846,-1018.6250646173978,-396.0687907073856,405.4493012375221,4045.995967987894,4081.4303822141414,0.0003939039965619451
2241,3.147125418988211e-07,1.5e-10,0.0005451361030138505,25177003.351904634,0.0,0.0,25177003.351904634,0.0,0.0,0.0,1041748684715.5208,-2157.512194418721,60.2873308330967,704.7418222446124,510.6370034672912,-1877.7554486025874,-1024.2104286168656,-413.9709504825508,396.67192810005815,4034.8269669651368,4071.265690148255,0.0003945146864154673
2242,3.1486254189882113e-07,1.5e-10,0.0005458258298274629,25189003.351904634,0.0,0.0,25189003.351904634,0.0,0.0,0.0,1042549293424.9788,-2159.653549994143,72.5160960098628,725.9215228273177,525.3638474442353,-1920.1304414617873,-1040.5647919392986,-418.5346502588113,414.11466036100234,4079.4299421166943,4116.2237113364035,0.0003951321199721678
2243,3.1501254189882114e-07,1.5e-10,0.0005465039158544198,25201003.351904638,0.0,0.0,25201003.351904634,0.0,0.0,0.0,1042834975140.343,-2119.644427336888,73.05854523098881,674.155915804363,487.0161958188869,-1884.983893613903,-1023.7311750645788,-390.7130628980943,421.6216366582517,4004.326234099996,4038.065964291851,0.00039573782986681156
2244,3.1516254189882115e-07,1.5e-10,0.0005471951843963284,25213003.351904634,0.0,0.0,25213003.351904634,0.0,0.0,0.0,1043597445789.277,-2129.8633246053864,59.38529101245315,707.9197191497049,486.6920303629918,-1963.455196927189,-1039.1815405627592,-382.7741300854664,413.2184868147561,4093.0660309955033,4126.5432301755745,0.0003963568113513379
2245,3.1531254189882117e-07,1.5e-10,0.0005478807338826929,25225003.351904634,0.0,0.0,25225003.351904634,0.0,0.0,0.0,1044488602040.3021,-2113.7859295087255,81.91800724220886,713.4464873855867,528.719479575278,-1939.0636570310105,-1010.4796814946,-393.8597743959284,413.3425337392699,4052.4579430271397,4087.890041911527,0.0003969699948576246
2246,3.154625418988212e-07,1.5e-10,0.0005485844819165784,25237003.351904634,0.0,0.0,25237003.351904634,0.0,0.0,0.0,1045241500862.3733,-2196.787422557099,74.04397878771812,713.8513521996867,522.4379692661017,-1978.149709772417,-1021.9433345940955,-407.97422183733124,417.1747636119467,4174.279134426107,4208.8086853743,0.00039760131616043077
2247,3.155375418988212e-07,7.5e-11,0.0005489264965016783,25243003.351904634,0.0,0.0,25243003.351904634,0.0,0.0,0.0,1045402511394.258,-2107.567132737916,60.382405491125304,723.5342979578012,516.8138459019617,-1937.934928292363,-994.0693857635724,-418.10821740907886,432.71399715817944,4045.1129597431823,4076.857458074282,0.00039790708046978635
2248,3.156125418988212e-07,7.5e-11,0.0005492740811911704,25249003.351904634,0.0,0.0,25249003.351904634,0.0,0.0,0.0,1045695582111.2788,-2155.09037675599,75.33653475495922,726.5023084309317,525.264591199053,-1962.7564641511863,-980.2624083049748,-392.7138019107179,419.1476931195526,4118.068706382249,4151.209497775175,0.0003982184211821195
2249,3.157025418988212e-07,9e-11,0.0005496886846008113,25256203.351904634,0.0,0.0,25256203.351904634,0.0,0.0,0.0,1045968003496.7305,-2156.755672133286,80.76527091792654,724.9184604604455,522.6368775843935,-1933.2033759457029,-999.7394440610979,-434.1364130700623,420.3089795255659,4089.502992942253,4123.517839490728,0.0003985895377876737
2250,3.158105418988212e-07,1.0799999999999999e-10,0.0005501974200902501,25264843.351904634,0.0,0.0,25264843.351904634,0.0,0.0,0.0,1046506378860.2128,-2199.888440871227,67.95860034749249,739.4008999702911,523.329826382706,-1993.6812239826002,-1024.4124404129245,-405.6682076180214,417.9294318897493,4193.289333388133,4227.872592311239,0.0003990461480276433
2251,3.158753418988212e-07,6.479999999999999e-11,0.0005504985694542329,25270027.351904634,0.0,0.0,25270027.351904634,0.0,0.0,0.0,1046083222013.0701,-2163.8412061243516,52.47209444683113,732.404529834372,515.3780827897657,-1967.3112529087423,-1032.3440036245654,-410.05478300811416,411.02787159122664,4130.8015400074455,4165.112415735151,0.00039931604731218296
2252,3.159401418988212e-07,6.479999999999999e-11,0.0005508003682534631,25275211.351904634,0.0,0.0,25275211.351904634,0.0,0.0,0.0,1046346895674.7834,-2179.1008747108244,99.43552767114792,748.3641377211376,583.7504035516886,-1956.2594896530165,-1019.716484231657,-342.28322474239945,444.06305667865416,4135.043372363239,4175.765502749414,0.00039958663691676115
2253,3.1601790189882123e-07,7.775999999999999e-11,0.000551156493533419,25281432.151904635,0.0,0.0,25281432.151904635,0.0,0.0,0.0,1046719142402.7145,-2083.5018048910206,83.96867107955832,710.7797954800158,535.5232145096758,-1980.4957873573353,-1025.9979421769433,-436.9075154320737,435.8171856373269,4063.611608863472,4097.139442436547,0.000399905230479805
2254,3.1606455789882123e-07,4.665599999999999e-11,0.0005513769182448512,25285164.63190464,0.0,0.0,25285164.631904636,0.0,0.0,0.0,1046593422206.9998,-2204.593621974564,92.04715920697554,719.0304280915445,543.0755080325422,-2000.7173803671396,-1014.1380493504948,-372.5295343584514,403.3835088537111,4204.963144808539,4242.094648764966,0.0004001031496477378
2255,3.161112138988212e-07,4.665599999999999e-11,0.0005516012571475062,25288897.11190464,0.0,0.0,25288897.111904636,0.0,0.0,0.0,1046812123207.5548,-2246.095843815151,101.53911169207966,741.3074110536108,537.8678058547162,-2043.5117201383232,-1037.4675300843076,-406.8039753120469,427.3956570678411,4289.35305911457,4325.574881112692,0.000400304963669391
2256,3.1616720109882123e-07,5.5987199999999985e-11,0.0005518694744646827,25293376.087904636,0.0,0.0,25293376.087904636,0.0,0.0,0.0,1047076903063.309,-2229.4407560879513,110.08337310951632,718.0738487495636,552.0389304000432,-2041.860762554334,-1045.1423464350332,-391.2925314129198,440.50530877643797,4271.053832212179,4307.891306037958,0.0004005461504415204
2257,3.1623438573882125e-07,6.718463999999998e-11,0.0005521719271471203,25298750.859104633,0.0,0.0,25298750.859104637,0.0,0.0,0.0,1047405050065.6263,-2058.471129614483,4.095608260162996,687.3722912448696,460.0403511689592,-1934.6402463071395,-1049.3951768716856,-442.8032597194015,465.80116195390957,3992.7410597118023,4019.123165660919,0.000400816173784521
2258,3.1631500730682123e-07,8.062156799999998e-11,0.0005525451420174595,25305200.584544636,0.0,0.0,25305200.584544636,0.0,0.0,0.0,1047747890725.9106,-2148.7738354642725,75.65118063669449,691.5448044990501,514.6453582074756,-1963.1953211728437,-1039.7788253265705,-355.7740070547478,423.48813039760455,4111.592034538848,4147.051727830748,0.0004011505155973958
2259,3.1636338024762123e-07,4.837294079999998e-11,0.0005527698021521047,25309070.419808637,0.0,0.0,25309070.419808637,0.0,0.0,0.0,1047551180126.7949,-2208.631942740164,143.8246921495867,692.8055876502391,539.7379858002151,-1912.8617818762666,-1069.7989948639695,-422.0321327706829,431.3299587846537,4121.181206563993,4162.958823295756,0.0004013518901581079
2260,3.1641175318842123e-07,4.837294079999998e-11,0.0005529938436277203,25312940.25507264,0.0,0.0,25312940.25507264,0.0,0.0,0.0,1047725277745.2966,-2163.168309428169,89.44173496674796,679.6064374410008,507.1632222366904,-1950.6743329024255,-1052.8032135483859,-387.23303408244544,417.21367349822515,4113.328535114841,4149.425341613368,0.0004015526100645118
2261,3.164698007173812e-07,5.804752895999997e-11,0.0005532744067850162,25317584.057389442,0.0,0.0,25317584.05738944,0.0,0.0,0.0,1047980975856.6832,-2274.3035492153126,121.69699027078936,687.6082356108,533.6502745067448,-2039.5719747236187,-1044.1659933163228,-387.30795612667936,430.9470697240671,4313.6846916596505,4350.328337408631,0.000401805135874663
2262,3.165394577521332e-07,6.965703475199997e-11,0.0005536008575686664,25323156.620169595,0.0,0.0,25323156.6201696,0.0,0.0,0.0,1048293901254.3492,-2153.3822266578973,110.05334667172781,722.9194063104873,515.5846756356585,-2014.7567902014587,-1057.226666673154,-383.44055101648905,423.4727266619319,4167.763458136805,4204.815384218713,0.00040209803084600727
2263,3.166230461938356e-07,8.358844170239996e-11,0.000554000263742623,25329843.69550579,0.0,0.0,25329843.69550579,0.0,0.0,0.0,1048462836362.1865,-2237.5087326545813,96.2918183086112,691.6664746373307,531.167890883545,-2022.4346297756758,-1040.1921932392586,-383.3656805226582,422.96311887610744,4259.626137802662,4295.421236041018,0.00040245707841358335
2264,3.167233523238785e-07,1.0030613004287995e-10,0.0005544665775561554,25337868.18590922,0.0,0.0,25337868.18590922,0.0,0.0,0.0,1048965247538.5328,-2181.074295504418,82.46255709506879,693.5467952438884,504.8777198332068,-1951.0689149247794,-1040.8317630941158,-432.54062114028653,415.9222151904245,4131.774731535938,4166.302902166101,0.00040287498413428606
2265,3.1684371967992993e-07,1.2036735605145593e-10,0.0005550286204118436,25347497.574393336,0.0,0.0,25347497.574393336,0.0,0.0,0.0,1049528939505.3357,-2209.064182876169,97.91059788135391,694.1163806033411,524.3388680777184,-1942.3344375360311,-1032.837936533457,-460.81896916191965,420.9771932495178,4150.960139271991,4186.573422561822,0.0004033789109080751
2266,3.1698816050719166e-07,1.444408272617471e-10,0.0005557113912101211,25359052.840574272,0.0,0.0,25359052.840574276,0.0,0.0,0.0,1050097493562.1522,-2165.854481522625,59.951361253974014,729.3920918509815,524.2517623205634,-2046.1900088129903,-1022.1447060781006,-402.606240324778,417.5424176559827,4211.628215839809,4244.403728873614,0.00040399197609390647
2267,3.1713816050719167e-07,1.5e-10,0.000556420316305511,25371052.840574272,0.0,0.0,25371052.840574276,0.0,0.0,0.0,1050681748973.64,-2184.042187117274,82.8293842327567,756.154974433148,525.0316644716138,-2025.1443723398777,-1054.0817488819034,-429.0769118939427,440.43258220730195,4208.844874956537,4243.594811950452,0.00040462851531569905
2268,3.172881605071917e-07,1.5e-10,0.0005571426870438414,25383052.840574276,0.0,0.0,25383052.840574276,0.0,0.0,0.0,1051445534125.274,-2256.2662463143915,80.7821861205518,706.7086017953696,554.6895094195274,-2041.8098182124384,-1016.4591349416166,-404.1343216421255,420.903132336876,4297.663602263131,4332.410288185576,0.0004052783768589269
2269,3.173631605071917e-07,7.5e-11,0.0005574962932594013,25389052.840574276,0.0,0.0,25389052.840574276,0.0,0.0,0.0,1051868170607.2466,-2199.4507448185805,86.4292423994872,751.93464008651,521.0099817719727,-1996.8133603101503,-1058.3291466855028,-456.37557637676224,399.8132856041489,4195.954832428357,4232.877231531319,0.00040559584265129176
2270,3.174381605071917e-07,7.5e-11,0.0005578568655562858,25395052.840574276,0.0,0.0,25395052.840574276,0.0,0.0,0.0,1052267845321.474,-2241.63768532228,54.09174312793202,736.3208113124873,504.9529605874338,-2052.415723916235,-1033.662634597346,-441.6931503893915,443.28751214136685,4293.654035971555,4324.099475337765,0.00040592015011194207
2271,3.175281605071917e-07,9e-11,0.0005582881567575526,25402252.840574272,0.0,0.0,25402252.840574276,0.0,0.0,0.0,1052799290587.3422,-2247.9808228330553,87.38446491893102,755.9917228214717,520.4240353136795,-2025.6343793367244,-1056.4667953029175,-443.78522919765055,402.7856898419952,4273.233677113132,4310.006960970104,0.0004063080507384294
2272,3.175821605071917e-07,5.3999999999999994e-11,0.0005585460187870505,25406572.840574276,0.0,0.0,25406572.840574276,0.0,0.0,0.0,1052864490382.5902,-2239.7027681614577,85.38353649813705,688.4435234407123,532.9873966215195,-2018.9008634004742,-1024.6089658065082,-432.46620165612717,427.47430061620446,4258.303852980889,4291.66784164733,0.00040653980080187835
2273,3.176361605071917e-07,5.3999999999999994e-11,0.0005588010328254354,25410892.840574272,0.0,0.0,25410892.840574276,0.0,0.0,0.0,1053041001103.5483,-2194.1457260363395,77.92240818766078,730.198817513381,500.5495320157897,-2014.20696228305,-1038.8498571339467,-473.0875451397391,447.46036390220985,4207.859338430832,4238.916852873088,0.0004067687023119335
2274,3.177009605071917e-07,6.479999999999999e-11,0.0005591175134448994,25416076.840574276,0.0,0.0,25416076.840574276,0.0,0.0,0.0,1053380134321.9963,-2298.4395118115494,68.23458841300811,699.9047995353413,488.67462528268203,-2090.0013136711764,-1041.0355867143505,-480.6910917764142,411.0160726727624,4361.395577842991,4400.77755417934,0.0004070538726974443
2275,3.1777872050719173e-07,7.775999999999999e-11,0.0005594945636311538,25422297.640574276,0.0,0.0,25422297.640574276,0.0,0.0,0.0,1053458266606.6226,-2294.0445176587227,88.9986794530474,733.3456020442715,532.6773027718519,-2036.9842043466099,-1035.3550079971196,-461.40635325454866,413.5559238997973,4330.647807757295,4365.775102929348,0.0004073933553694481
2276,3.178720325071917e-07,9.331199999999998e-11,0.0005599449855952339,25429762.600574277,0.0,0.0,25429762.600574277,0.0,0.0,0.0,1054059608648.7384,-2275.3363257129226,89.29352539248686,744.9800290291481,528.0280056820968,-2033.9024358486797,-1021.482391352679,-459.6426202107763,397.24370264547383,4308.847837735425,4344.051321631793,0.0004077987074863722
2277,3.1798400690719173e-07,1.1197439999999997e-10,0.0005604874957220411,25438720.552574277,0.0,0.0,25438720.552574277,0.0,0.0,0.0,1054776307260.6887,-2305.618008396663,87.73134817359343,724.2307020789782,512.4788574329403,-2021.891606450535,-1024.0440461463438,-471.47574984775787,387.3510669772227,4327.142646588875,4362.173862197895,0.0004082871592872875
2278,3.181183761871917e-07,1.3436927999999997e-10,0.0005611303301809498,25449470.094974276,0.0,0.0,25449470.094974276,0.0,0.0,0.0,1054729613320.2583,-2273.949485762713,60.20356360476788,757.660222605441,538.7116092397994,-1991.4694739848799,-1058.7673960233767,-466.59766168031956,407.1734964231372,4264.978299583079,4302.002055620513,0.00040886521620605974
2279,3.1826837618719173e-07,1.5e-10,0.0005618543865386737,25461470.094974272,0.0,0.0,25461470.094974276,0.0,0.0,0.0,1055592779355.5032,-2286.7305576077883,55.117708147980174,724.1810979827442,565.6241687367925,-2022.029843157247,-1065.1281175473048,-467.8621065417459,429.187337874891,4308.477985237049,4344.225605571846,0.0004095168500468955
2280,3.1834337618719173e-07,7.5e-11,0.0005622067024113239,25467470.094974276,0.0,0.0,25467470.094974276,0.0,0.0,0.0,1055869500606.5105,-2191.218151983581,72.53003942439892,717.9990856213187,598.9439628358008,-1986.2920445971818,-1056.7663646138528,-464.02027825072884,428.907688428375,4177.148736245824,4215.064980480966,0.0004098329799204316
2281,3.1841837618719174e-07,7.5e-11,0.0005625640896895407,25473470.094974276,0.0,0.0,25473470.094974276,0.0,0.0,0.0,1055876154750.3741,-2234.1860418948568,60.50948637353464,757.1590597557728,591.3364728885687,-2010.0769783376036,-1065.6346149229264,-417.71755690561423,423.36693230588094,4243.931246002259,4283.243699326778,0.0004101542231978811
2282,3.1850837618719174e-07,9e-11,0.0005629992386145637,25480670.094974276,0.0,0.0,25480670.094974276,0.0,0.0,0.0,1056309946162.8882,-2269.9422461293766,45.08482602329873,731.0873824352141,585.0457732433837,-2045.581437288628,-1073.677462371294,-406.4725270134201,423.25676379188445,4315.089308406597,4352.760058298966,0.00041054597160312804
2283,3.1861637618719175e-07,1.0799999999999999e-10,0.0005635168855350923,25489310.094974276,0.0,0.0,25489310.094974276,0.0,0.0,0.0,1056952593108.3016,-2327.38759285435,57.010253205929466,728.4094072803757,576.7576874216362,-1981.4356951775717,-1091.3186369156297,-423.5039418752136,422.26872518389376,4251.726003482374,4312.085566179405,0.0004110116768442754
2284,3.1868117618719176e-07,6.479999999999999e-11,0.0005638341461108277,25494494.094974276,0.0,0.0,25494494.094974276,0.0,0.0,0.0,1056572602882.6327,-2316.6679115684724,12.961749354257337,750.9733803703452,519.4308641486591,-2060.9589313957063,-1159.569357359507,-445.08353604044174,386.8758511104674,4377.331083711322,4416.828592176679,0.0004112978873370485
2285,3.1874597618719177e-07,6.479999999999999e-11,0.000564148967117414,25499678.094974276,0.0,0.0,25499678.094974276,0.0,0.0,0.0,1056884258545.646,-2301.2341925943538,53.06279535661486,690.5227249437979,621.0875477887083,-2034.2790348964577,-1079.9697647026958,-365.10950469882835,404.5050737585299,4335.158287890395,4376.899959327542,0.0004115815104544129
2286,3.188237361871918e-07,7.775999999999999e-11,0.0005645299576390425,25505898.89497428,0.0,0.0,25505898.894974276,0.0,0.0,0.0,1057243629127.9863,-2311.8793351547442,11.684079889933116,712.2417712142876,577.6596224562071,-2070.6687681830026,-1065.1196492207068,-385.65616368494995,434.74053908664894,4382.154036814627,4416.741649733181,0.0004119249562850962
2287,3.189170481871918e-07,9.331199999999998e-11,0.0005649820454090722,25513363.854974277,0.0,0.0,25513363.854974277,0.0,0.0,0.0,1057486562927.0703,-2226.856257172559,45.29763333538883,717.0836113616756,601.7982835113346,-2098.643450405122,-1107.6870860176045,-413.80911325809046,420.6768621655515,4325.103958649137,4363.566062476713,0.000412332129361518
2288,3.190290225871918e-07,1.1197439999999997e-10,0.0005655221457374224,25522321.806974277,0.0,0.0,25522321.806974277,0.0,0.0,0.0,1057985491269.2931,-2245.148226143683,41.01519999880122,733.0789753972111,571.0562328512182,-2058.7066436476202,-1115.2914431652619,-401.97172966265805,417.7968501002982,4303.456874179588,4342.356176631949,0.0004128183620889826
2289,3.191633918671918e-07,1.3436927999999997e-10,0.000566183853181041,25533071.34937428,0.0,0.0,25533071.349374276,0.0,0.0,0.0,1058781589719.077,-2286.422256178996,51.20007705653312,680.2894869804094,592.054502089656,-2120.2186711481854,-1089.9928492577067,-430.46124948078176,426.4009930665447,4406.255598841853,4441.952628149409,0.00041341522406542115
2290,3.193133918671918e-07,1.5e-10,0.0005669208017939837,25545071.349374276,0.0,0.0,25545071.349374276,0.0,0.0,0.0,1059741035852.8323,-2299.778541243568,47.8004754636491,715.8350141803709,592.3951464206198,-2091.879687772762,-1105.6423268134595,-375.82076171821654,392.8927210092858,4391.251034423247,4432.062249680878,0.0004140800334028733
2291,3.194633918671918e-07,1.5e-10,0.0005676597937428553,25557071.349374276,0.0,0.0,25557071.349374276,0.0,0.0,0.0,1060752257665.0194,-2289.759289658896,39.13780529470317,705.9852468320896,593.8104073111424,-2117.6874794960036,-1099.8153059715296,-390.3642686195749,415.526026217043,4407.039179832676,4444.760070617344,0.0004147467474134659
2292,3.195383918671918e-07,7.5e-11,0.0005680227950497344,25563071.349374276,0.0,0.0,25563071.349374276,0.0,0.0,0.0,1061087267457.9176,-2242.7054102509787,52.66486284133232,658.9811771958977,618.449302417966,-2079.114859187968,-1092.3303389636783,-397.5368152319708,422.0326883582156,4318.756943022004,4357.991192172282,0.0004150735967528788
2293,3.196133918671918e-07,7.5e-11,0.0005683874394809877,25569071.349374276,0.0,0.0,25569071.349374276,0.0,0.0,0.0,1061545729008.8708,-2218.648760771374,11.11338683089021,707.8559054918683,597.1825525270024,-2126.908251789027,-1095.655835624492,-387.91225044210546,439.85332726520545,4345.154167581889,4380.08661911025,0.00041540210324931203
2294,3.197033918671918e-07,9e-11,0.0005688312856125855,25576271.349374276,0.0,0.0,25576271.349374276,0.0,0.0,0.0,1061904786133.775,-2282.97468303681,28.06210666836059,709.6079502066277,634.3020843582408,-2127.6066017326652,-1115.595742117998,-363.9652172477088,420.8118382020443,4410.183069953264,4450.382598713433,0.00041580263768319623
2295,3.198113918671918e-07,1.0799999999999999e-10,0.0005693655975142904,25584911.34937428,0.0,0.0,25584911.349374276,0.0,0.0,0.0,1062557859969.2185,-2263.0453495056113,-13.301831652291483,708.5102568458713,614.3687061861376,-2166.1151728952364,-1149.6362827203175,-397.86165249645916,400.7421626223112,4428.755007511496,4467.408890009647,0.00041628511784331726
2296,3.1987619186719183e-07,6.479999999999999e-11,0.0005696832697743502,25590095.349374276,0.0,0.0,25590095.349374276,0.0,0.0,0.0,1062766421934.031,-2215.2582399293283,-11.366518561751384,744.441127619201,626.345614393101,-2169.597547385349,-1143.6001736979476,-400.34986088682376,440.6745358095494,4384.4601419673645,4422.168743499183,0.000416571674377896
2297,3.1994099186719184e-07,6.479999999999999e-11,0.0005700130608160054,25595279.34937428,0.0,0.0,25595279.349374276,0.0,0.0,0.0,1063167197381.2144,-2372.1231492868524,25.703158024470977,761.0963804719265,677.4258313604535,-2195.129371054826,-1112.4870328566005,-392.93189249612533,446.5601918923736,4567.004953230416,4607.225661617452,0.00041687022260076883
2298,3.2001875186719185e-07,7.775999999999999e-11,0.0005703984270480624,25601500.149374273,0.0,0.0,25601500.149374276,0.0,0.0,0.0,1063613077272.5469,-2260.5212542554746,-27.092272956097023,739.5444287855391,642.040381731472,-2176.468620958441,-1156.251882242867,-374.8058237461251,430.0345756874408,4436.628119466016,4475.856310682207,0.0004172182651874875
2299,3.2011206386719185e-07,9.331199999999998e-11,0.0005708564068052854,25608965.109374277,0.0,0.0,25608965.109374277,0.0,0.0,0.0,1064158106684.3418,-2215.404115066909,-3.0676308224730526,753.4240252444802,654.5203304475427,-2172.3502743073404,-1156.92394272219,-365.5167157414578,437.73698721086845,4387.3455763430375,4428.842482514782,0.0004176315293372159
2300,3.2022403826719186e-07,1.1197439999999997e-10,0.0005714143711406191,25617923.061374277,0.0,0.0,25617923.061374277,0.0,0.0,0.0,1064835200137.4009,-2290.9458824543194,-14.892246591722959,718.007526770498,665.0989846493339,-2172.8977236303904,-1116.8274699604638,-367.5261085530353,443.45381048792143,4463.430855310765,4501.2332835815905,0.000418135552233405
2301,3.202912229071919e-07,6.718463999999998e-11,0.0005717476107593276,25623297.832574278,0.0,0.0,25623297.832574278,0.0,0.0,0.0,1065157859665.335,-2318.571761838237,-42.58442536349771,735.1543942794171,629.393533082334,-2124.275590970202,-1098.9245746889271,-375.68559171983753,443.8882394768788,4442.537232418187,4477.78044253244,0.0004184363903004356
2302,3.203584075471919e-07,6.718463999999998e-11,0.0005720754713874836,25628672.603774283,0.0,0.0,25628672.60377428,0.0,0.0,0.0,1065555265768.824,-2227.427160805822,-16.970668500989927,735.6262787421803,657.09176180752,-2133.2592766800813,-1140.3304435319612,-370.123606727984,458.3149739370867,4360.268811483161,4399.122425036307,0.0004187319437568776
2303,3.204390291151919e-07,8.062156799999998e-11,0.00057247251907116,25635122.32921428,0.0,0.0,25635122.32921428,0.0,0.0,0.0,1066001208457.443,-2271.854964300817,-14.345062506095424,737.7793609203969,673.0296102855724,-2133.4026500353866,-1117.2211569688468,-395.55970946998076,458.87555682636446,4404.83390922639,4442.783878766521,0.00041909012795946887
2304,3.2053577499679187e-07,9.674588159999996e-11,0.0005729545190458928,25642861.999742277,0.0,0.0,25642861.999742277,0.0,0.0,0.0,1066567032300.2739,-2299.390121543933,-14.78146895367564,757.2411909899165,669.3298407115634,-2162.6507547080982,-1122.3882493957833,-386.0403173834786,445.02371270070535,4461.620898387745,4500.580514139497,0.00041952554058902105
2305,3.206518700547119e-07,1.1609505791999995e-10,0.0005735377254449519,25652149.604375876,0.0,0.0,25652149.604375876,0.0,0.0,0.0,1067296709371.9952,-2330.7348514794576,-14.120763670095958,762.5727446452862,681.8807218981291,-2172.3176167101583,-1114.402198505068,-396.0391071460898,447.2593713668128,4502.654903469368,4541.5015773804425,0.00042005278647769083
2306,3.2079118412421586e-07,1.3931406950399993e-10,0.0005742312402619013,25663294.729936197,0.0,0.0,25663294.729936197,0.0,0.0,0.0,1068106334688.5348,-2294.239950231234,-6.577980257145655,819.5081751094282,688.6123729974108,-2160.178401895386,-1131.9426513595756,-395.3004428680192,436.4738278496231,4455.37832423159,4497.755268872771,0.00042067938706783056
2307,3.2082868412421583e-07,3.75e-11,0.0005744165096886935,25666294.7299362,0.0,0.0,25666294.729936197,0.0,0.0,0.0,1068169875690.7462,-2315.8593930683624,-53.319251302948906,755.7329638690182,629.4644932062142,-2107.7530950029754,-1120.71226926271,-451.052958628948,436.71780475340597,4423.178386533322,4458.448587679592,0.00042084657888986855
2308,3.208661841242158e-07,3.75e-11,0.0005746017610344673,25669294.729936197,0.0,0.0,25669294.729936197,0.0,0.0,0.0,1068307394564.0776,-2272.6600339056445,-29.063951868443233,730.3092105683941,709.7673598033635,-2151.0155627196245,-1021.335944755218,-376.4313665308849,507.8639878694445,4423.299894670125,4455.973787569091,0.0004210136779069024
2309,3.2091118412421583e-07,4.5e-11,0.0005748279220758907,25672894.7299362,0.0,0.0,25672894.729936197,0.0,0.0,0.0,1068539474457.2804,-2282.078069392376,24.120411651501783,798.5030911934825,688.8119573561614,-2218.188419483741,-1226.2203466888157,-459.41617783414273,389.4079705069313,4499.970446366526,4548.972625591143,0.00042121838167505403
2310,3.2096518412421584e-07,5.3999999999999994e-11,0.0005750973462169569,25677214.729936197,0.0,0.0,25677214.729936197,0.0,0.0,0.0,1068832192326.3362,-2378.5214540946777,47.737907847774764,784.5445467360968,743.6869432155653,-2080.7356017012225,-1161.6486452877764,-413.3962648970388,446.37869851399273,4458.956130468225,4509.765141304738,0.0004214619089926845
2311,3.2099758412421585e-07,3.239999999999999e-11,0.0005752557523380058,25679806.729936197,0.0,0.0,25679806.729936197,0.0,0.0,0.0,1068887079722.5146,-2198.1163854841607,-74.6573780116766,787.1948864457247,598.0107992455603,-2178.0241313254305,-1163.9955258904554,-451.29755594508697,459.89012562051613,4375.796829462603,4409.4102229154405,0.00042160477388390695
2312,3.2102998412421585e-07,3.239999999999999e-11,0.0005754116756792347,25682398.729936197,0.0,0.0,25682398.729936197,0.0,0.0,0.0,1069048789330.3245,-2205.2199215493747,-60.87611339203445,713.9347099913814,668.2993364042546,-2093.145803969631,-1073.8692243252535,-411.87600534432545,509.1715352911463,4297.958162759174,4328.682754553718,0.0004217450232051545
2313,3.2106886412421586e-07,3.887999999999999e-11,0.0005756072073400055,25685509.129936192,0.0,0.0,25685509.129936196,0.0,0.0,0.0,1069283213846.7587,-2313.9561592327127,-84.96799039188807,798.608105631104,636.8095799803103,-2199.890137187175,-1108.7765789339383,-320.2994157981036,476.0776858275128,4513.43334257717,4548.391538150998,0.0004219218646681578
2314,3.210921921242159e-07,2.3327999999999994e-11,0.000575727065620377,25687375.369936198,0.0,0.0,25687375.369936194,0.0,0.0,0.0,1069393098469.501,-2416.880402746905,13.873212083001912,719.2849629843795,744.1231439945971,-2195.658575441062,-1131.2040678118317,-366.59075067445576,443.4090358853661,4612.143453321588,4656.185959895386,0.0004220304841742302
2315,3.211155201242159e-07,2.3327999999999994e-11,0.0005758419756372664,25689241.609936193,0.0,0.0,25689241.609936193,0.0,0.0,0.0,1069515526233.4241,-2287.171600714168,-49.600294501762804,795.9573398450805,627.8881085631657,-2120.3713485212156,-1155.918058814059,-389.9673229528504,465.84242571321727,4407.130110043378,4445.045851143183,0.0004221341782038457
2316,3.211435137242159e-07,2.7993599999999993e-11,0.0005759815875421265,25691481.09793619,0.0,0.0,25691481.097936194,0.0,0.0,0.0,1069693090663.5292,-2381.2409007723013,-14.189385172162684,755.5099765120575,675.8170988461544,-2082.0601426840726,-1161.4756107860403,-408.28844923787284,431.7798781675002,4462.7470436527965,4506.793300655443,0.0004222603395727869
2317,3.2117710604421587e-07,3.359231999999999e-11,0.0005761507675296105,25694168.483536195,0.0,0.0,25694168.483536195,0.0,0.0,0.0,1069904382299.5446,-2320.7329157170548,-7.806165302736862,746.4939926427573,691.3782769234364,-2195.7041139769303,-1113.748143383091,-402.13721622596813,462.2130431809555,4516.044244260231,4553.881029214995,0.0004224133150015622
2318,3.2121741682821586e-07,4.031078399999999e-11,0.0005763518995423811,25697393.346256196,0.0,0.0,25697393.346256196,0.0,0.0,0.0,1070163024098.798,-2333.3126754056657,24.10899453766691,800.2943443503702,717.3888716856418,-2130.525780961572,-1124.3988298074585,-381.05876299807136,455.59414238945214,4463.445595608095,4508.678547246623,0.0004225950633686057
2319,3.2126578976901585e-07,4.837294079999998e-11,0.0005765932413968799,25701263.181520198,0.0,0.0,25701263.181520198,0.0,0.0,0.0,1070485985697.7413,-2390.807066702088,-1.821912365000753,797.6991291624605,679.1644986900595,-2077.424398761861,-1061.9688007609827,-377.96903056983524,515.5853944413265,4467.80580172978,4506.268953768131,0.0004228130448499352
2320,3.2132383729797583e-07,5.804752895999997e-11,0.0005768806427719623,25705906.983836997,0.0,0.0,25705906.983836997,0.0,0.0,0.0,1070784836396.9573,-2294.6562097117876,-14.13022473207044,779.4406384324702,684.1344355684978,-2136.212399551153,-1101.3453231155838,-390.4822864458777,472.9581387663052,4430.508416077573,4468.839350397051,0.00042307244993154496
2321,3.2139349433272785e-07,6.965703475199997e-11,0.0005772277793319847,25711479.546617158,0.0,0.0,25711479.546617158,0.0,0.0,0.0,1071202426770.9111,-2274.3788547053264,-24.301580180206237,792.7499300762172,678.2411907134682,-2189.8220443337923,-1120.9872919826503,-407.04573714714485,446.59953793190823,4463.605480871639,4502.4064262117145,0.0004233860742124432
2322,3.2147708277443025e-07,8.358844170239996e-11,0.000577648678820621,25718166.62195335,0.0,0.0,25718166.62195335,0.0,0.0,0.0,1071759955713.5057,-2329.8016506059002,-20.429932091701907,815.3814620857192,685.830708791148,-2185.338193326488,-1111.940001006453,-428.0665823293477,453.3966819771236,4514.773048894526,4553.392844153128,0.0004237666852247448
2323,3.215773889044731e-07,1.0030613004287995e-10,0.0005781564835831693,25726191.112356775,0.0,0.0,25726191.11235678,0.0,0.0,0.0,1072384344496.9927,-2365.4922385372747,15.925416208484009,818.2158361226519,724.5205964689882,-2172.0640894845114,-1138.801582851872,-433.056434803155,455.94174647311206,4537.186818693719,4581.188563117894,0.0004242262065205079
2324,3.2169775626052456e-07,1.2036735605145593e-10,0.0005787616169288942,25735820.50084089,0.0,0.0,25735820.500840895,0.0,0.0,0.0,1072973738650.0261,-2303.33607018053,7.777571623201917,817.7343616546569,708.3171181503047,-2201.943755902599,-1128.5141663593888,-444.67260609888586,457.52672540779236,4504.959266265528,4546.036131188887,0.00042477340087013345
2325,3.2176997667415545e-07,7.222041363087355e-11,0.0005791240841517135,25741598.13393136,0.0,0.0,25741598.133931365,0.0,0.0,0.0,1073352140371.5338,-2308.972532238351,3.0400590290269753,841.1745296052043,680.8443835932009,-2188.06994512556,-1129.398289812003,-432.6253667822055,445.09711505777483,4496.599103234447,4537.976565103207,0.0004251011354147124
2326,3.2184219708778634e-07,7.222041363087355e-11,0.000579490635140972,25747375.767021835,0.0,0.0,25747375.767021835,0.0,0.0,0.0,1073793170529.166,-2336.446882109069,-5.565706916212084,830.1374881614539,682.8207143570397,-2221.9399077857474,-1076.9040579122359,-417.03599255234,473.23780177559956,4555.14338746007,4592.907745414838,0.0004254328371118547
2327,3.219288615841434e-07,8.666449635704826e-11,0.0005799349266357154,25754308.9267304,0.0,0.0,25754308.926730398,0.0,0.0,0.0,1073827599269.7808,-2351.7255363076156,8.294235439792507,814.6332619522332,701.7373904280629,-2254.763566028463,-1075.8834234708079,-418.8362646334563,462.78468129842184,4606.330709014856,4644.078628236196,0.00042583531384721336
2328,3.219808602819576e-07,5.1998697814228953e-11,0.000580200181535382,25758468.82255554,0.0,0.0,25758468.82255554,0.0,0.0,0.0,1073786028045.6072,-2363.5073893527856,-23.69504723646804,806.1022039186932,689.5111629560646,-2214.284350791393,-1113.7814956467994,-420.4414476542553,456.63097092498543,4582.590425452731,4618.8962201406375,0.00042607549043599974
2329,3.2200685963086474e-07,2.5999348907114477e-11,0.0005803294226677961,25760548.77046811,0.0,0.0,25760548.77046811,0.0,0.0,0.0,1073593212500.4263,-2259.7009427329494,-48.59406560141637,846.1214815689087,620.0951419929185,-2194.3892927303177,-1150.2065484069753,-432.3229992981847,443.1590127466227,4453.711743454055,4491.178052833725,0.0004261922581411993
2330,3.220328589797719e-07,2.5999348907114477e-11,0.000580462184579282,25762628.718380682,0.0,0.0,25762628.71838068,0.0,0.0,0.0,1073722814845.3289,-2359.0692700713603,-20.607364454878756,796.4001140667447,694.6189562049572,-2227.4518973546387,-1107.586341087134,-410.48112519263475,457.000383148696,4586.140500684861,4624.044265811237,0.0004263124802814281
2331,3.220640581984604e-07,3.119921868853737e-11,0.0005806193137347994,25765124.65587576,0.0,0.0,25765124.65587576,0.0,0.0,0.0,1073907696452.2306,-2371.341505100554,-54.102042144220206,850.5858438417303,641.7931896798538,-2145.2276564685053,-1131.3312729959607,-386.97649562703475,453.93278688343344,4516.192922466907,4555.645022434311,0.0004264546128467504
2332,3.2210149726088666e-07,3.743906242624484e-11,0.0005808075347999379,25768119.78086986,0.0,0.0,25768119.78086986,0.0,0.0,0.0,1074099627979.6052,-2188.2556013201056,-3.803793259536901,839.2160163019835,697.6709571703166,-2326.779257791544,-1008.439105386864,-376.34336448849996,562.5099210012335,4514.693596249143,4548.413668114004,0.0004266249011900113
2333,3.2214642413579813e-07,4.4926874911493806e-11,0.0005810372367634145,25771713.93086278,0.0,0.0,25771713.93086278,0.0,0.0,0.0,1074315307967.0616,-2345.486875246219,6.261049922235992,776.2931236600427,687.4169219659985,-2248.7749021286354,-1099.4548703310788,-422.26408340097436,487.38452884119175,4593.880104502728,4629.802699426298,0.00042683290375675334
2334,3.222003363856919e-07,5.3912249893792566e-11,0.0005813156616180693,25776026.91085428,0.0,0.0,25776026.910854284,0.0,0.0,0.0,1074652903530.3636,-2353.4311529264555,4.654511923047597,755.0697746956779,688.8591800142694,-2292.3040962313144,-1144.039213050754,-453.486510672944,468.0007371071821,4645.351572594595,4682.382467481721,0.00042708534153043854
2335,3.222650310855645e-07,6.469469987255107e-11,0.0005816483845220665,25781202.486844093,0.0,0.0,25781202.48684409,0.0,0.0,0.0,1074444924690.8254,-2358.913322990369,-23.26640687011104,839.9051207793794,674.8585893537576,-2263.351873527751,-1161.8484956692819,-376.06966484498764,463.68876613919457,4621.879197752757,4662.80119260224,0.0004273870000541593
2336,3.22303847905488e-07,3.881681992353064e-11,0.0005818420293199852,25784307.83243797,0.0,0.0,25784307.83243797,0.0,0.0,0.0,1074616312829.1237,-2302.0504472251732,-2.709652770348796,768.6454275491892,690.0666085061425,-2164.6423818301278,-1190.3858589083463,-460.7998208470131,465.99550199598053,4466.307225574142,4507.69697899615,0.00042756197451606287
2337,3.2234266472541155e-07,3.881681992353064e-11,0.0005820384654212188,25787413.178031854,0.0,0.0,25787413.17803185,0.0,0.0,0.0,1074847206995.9758,-2315.886407552523,-4.646672523085611,796.3116622816251,695.3679493282835,-2224.927626679053,-1144.3022699859955,-422.46673376140353,502.06399189505555,4540.4265857738155,4578.4836890813785,0.00042773969669294477
2338,3.223892449093198e-07,4.658018390823677e-11,0.000582273204999187,25791139.592744507,0.0,0.0,25791139.59274451,0.0,0.0,0.0,1075150962156.6584,-2333.735366320328,-3.6592616654964725,807.9785085729487,686.348715566274,-2184.808184282074,-1156.3948865761563,-423.24520510186966,502.8223953147931,4518.155013064672,4557.342287452339,0.0004279519785348271
2339,3.224451411300097e-07,5.589622068988412e-11,0.00058255538660691,25795611.290399697,0.0,0.0,25795611.2903997,0.0,0.0,0.0,1075494187097.405,-2349.446348417938,-28.040508543973615,850.3601637473986,647.6720725555734,-2178.4533367443255,-1179.6834191819764,-388.7522870395126,497.37827821727126,4527.505251253261,4567.650277824494,0.00042820729292279057
2340,3.2251221659483756e-07,6.707546482786094e-11,0.0005828991228382262,25800977.327585924,0.0,0.0,25800977.32758593,0.0,0.0,0.0,1075863677706.5369,-2339.4098079497726,17.37721673801108,774.4352449052508,699.0555938612006,-2264.7580864035112,-1174.6270681731905,-450.30545635831174,500.9637928483434,4603.759125586446,4642.746649423963,0.00042851870731237866
2341,3.22592707152631e-07,8.049055779343312e-11,0.0005833118996359742,25807416.572209407,0.0,0.0,25807416.572209403,0.0,0.0,0.0,1076341418305.7784,-2403.1868329632343,33.810793380243425,829.3688029610269,706.4358280764473,-2199.01340415562,-1187.10565114635,-400.9553625912985,486.65150859014074,4601.807325516182,4647.48441905971,0.0004288927859256051
2342,3.2268929582198314e-07,9.658866935211974e-11,0.0005838076347364057,25815143.665757578,0.0,0.0,25815143.665757574,0.0,0.0,0.0,1076983458514.7935,-2382.7300285959323,32.886409603634405,802.0395828870214,710.0877413880546,-2226.0209843320145,-1176.972875093477,-427.2979176285032,506.3187745201422,4608.35585000602,4650.492795809431,0.00042934197083658394
2343,3.227472490235944e-07,5.795320161127184e-11,0.0005841144145697646,25819779.921886478,0.0,0.0,25819779.921886478,0.0,0.0,0.0,1077344111259.9922,-2449.58901873327,4.246668513003671,818.3493156800953,725.507891870394,-2319.204548947751,-1202.4758602123204,-376.7952318946332,467.4993515084,4768.396140651692,4813.221301967308,0.00042962091242109655
2344,3.2280520222520566e-07,5.795320161127184e-11,0.000584411656825553,25824416.17801538,0.0,0.0,25824416.17801538,0.0,0.0,0.0,1077588466427.4583,-2370.1656721253926,11.686357287996147,862.8224610789459,664.5920835974405,-2236.1108153404934,-1234.7867287099739,-432.2666173760852,511.0933352776447,4605.880846299199,4648.673413497341,0.00042989031792865394
2345,3.2287474606713916e-07,6.954384193352621e-11,0.0005847670344766571,25829979.68537006,0.0,0.0,25829979.68537006,0.0,0.0,0.0,1077774670758.9849,-2359.795213159704,17.004243307630723,826.406167242039,718.4743241017246,-2226.126842655703,-1188.9335559835274,-389.3303170581671,515.9504796372267,4585.521343509431,4629.162291452939,0.0004302122476593354
2346,3.2291647237229925e-07,4.172630516011572e-11,0.0005849810466244891,25833317.789782874,0.0,0.0,25833317.78978287,0.0,0.0,0.0,1077988930446.9481,-2328.266538406899,13.183938389238467,807.601247100803,675.5844024645643,-2279.924451182194,-1209.5687511255621,-418.2964201614859,504.2516671980991,4607.788865461279,4648.4631824502285,0.0004304062108526119
2347,3.2295819867745934e-07,4.172630516011572e-11,0.0005851952637032056,25836655.894195676,0.0,0.0,25836655.89419568,0.0,0.0,0.0,1078219009306.3356,-2406.3096986174774,49.57532012885103,860.4703330594899,734.0398468708848,-2196.7300092594833,-1235.1490344054735,-379.07283738351373,472.38318192085603,4602.655289770341,4655.762653454209,0.000430600478625843
2348,3.229832344605554e-07,2.5035783096069432e-11,0.0005853274058362994,25838658.756843366,0.0,0.0,25838658.756843366,0.0,0.0,0.0,1078234334587.0707,-2371.89805908212,-23.139787304160425,758.7681225987969,645.7991399239523,-2391.703808142368,-1220.3769988097893,-480.5086369224138,498.6551518876024,4763.234758098776,4797.746734101319,0.0004307205939724278
2349,3.2300827024365147e-07,2.5035783096069432e-11,0.0005854547284716658,25840661.619491052,0.0,0.0,25840661.619491052,0.0,0.0,0.0,1078350488440.2747,-2276.3968828769266,8.289690419249116,783.7310356378873,687.668723264665,-2288.586093143931,-1220.4633886205227,-423.7369864145124,489.30687944894305,4564.586742699659,4606.468860252351,0.0004308359205276519
2350,3.2303831318336673e-07,3.004293971528332e-11,0.0005856079309766621,25843065.054668274,0.0,0.0,25843065.054668274,0.0,0.0,0.0,1078521276312.5735,-2358.4373794727885,75.93760141412359,834.4608010515823,748.9816073614911,-2210.9187771153797,-1222.3548875166764,-377.32298593820735,509.5912505891152,4568.9591159058555,4620.571786931784,0.00043097473608729684
2351,3.230743647110251e-07,3.605152765833998e-11,0.0005857969895435502,25845949.17688094,0.0,0.0,25845949.17688094,0.0,0.0,0.0,1078707793222.4855,-2437.27672531744,46.56432108382036,799.1267333166746,750.195958514472,-2280.703337216005,-1206.294431561992,-414.50036988764697,523.321375857233,4717.60931283819,4762.518344002774,0.000431146432149099
2352,3.231176265442151e-07,4.3261833190007974e-11,0.0005860170001491165,25849410.12353614,0.0,0.0,25849410.12353614,0.0,0.0,0.0,1078856529361.6199,-2321.5610938477894,-10.610116511731817,800.1001469972963,677.6629601394021,-2241.15863404066,-1303.3256194528817,-482.2637473061941,476.2996139565049,4562.3472841491275,4607.416226046112,0.0004313457574213071
2353,3.231695407440431e-07,5.191419982800957e-11,0.0005862817635097332,25853563.259522382,0.0,0.0,25853563.259522382,0.0,0.0,0.0,1078786225372.3529,-2322.9518691192993,22.790250620852433,792.8529751402832,722.7898096892338,-2255.161848741166,-1187.0704642611408,-416.8309273387314,542.1242993492907,4577.732290743062,4618.377215514408,0.0004315855167789545
2354,3.232318377838367e-07,6.229703979361148e-11,0.0005866030688665523,25858547.02270587,0.0,0.0,25858547.02270587,0.0,0.0,0.0,1078902792639.9287,-2379.450701598204,38.18830123997986,800.4092023949302,690.2880018981347,-2253.781786429376,-1229.2687870796112,-415.38775214561747,496.2621798360122,4632.840837507849,4677.081794714999,0.0004318768851296378
2355,3.23306594231589e-07,7.475644775233376e-11,0.0005869937011906501,25864527.53852606,0.0,0.0,25864527.53852606,0.0,0.0,0.0,1079342640944.8938,-2432.050733156097,35.06071342282142,827.1965298822163,691.5962400853874,-2268.6924200722074,-1214.867744851817,-384.5290597812447,502.00488000528713,4699.938771445889,4744.634840989754,0.00043223157717623214
2356,3.233963019688918e-07,8.970773730280051e-11,0.0005874550112547991,25871704.157510284,0.0,0.0,25871704.15751028,0.0,0.0,0.0,1079866646430.0164,-2378.096878672506,40.728519267562355,831.5912991409014,684.7066344624482,-2239.8594983564285,-1200.4610879365025,-370.2113954951343,515.831262155492,4617.552694709056,4661.761542106624,0.0004326497732560197
2357,3.234501266112735e-07,5.382464238168031e-11,0.0005877278897241456,25876010.128900815,0.0,0.0,25876010.128900815,0.0,0.0,0.0,1080155782438.0361,-2371.446050346597,120.11370200879108,854.3771661094769,750.2955843739613,-2163.9211415587615,-1237.937236983896,-393.22551138948745,490.0941891820384,4534.986050720924,4592.543286396021,0.0004328969652560324
2358,3.235039512536552e-07,5.382464238168031e-11,0.0005880102068960217,25880316.10029135,0.0,0.0,25880316.10029135,0.0,0.0,0.0,1080434534451.4272,-2459.26832642805,87.61669444628777,856.0491527360189,724.8602501748222,-2254.0249919086377,-1251.5934917578045,-382.2239391255055,476.03811490431247,4712.975302378991,4766.817470593661,0.0004331535375016858
2359,3.235685408245132e-07,6.458957085801637e-11,0.0005883535855055531,25885483.265959986,0.0,0.0,25885483.26595999,0.0,0.0,0.0,1080850952256.7521,-2442.465844538765,75.91890100060085,823.5616848490603,705.2153517795655,-2348.515244057496,-1258.921695671982,-455.31720972028853,524.8399139875742,4790.663084777888,4835.5586670296,0.00043346586416084803
2360,3.236460483095428e-07,7.750748502961965e-11,0.000588760708991157,25891683.86476236,0.0,0.0,25891683.86476236,0.0,0.0,0.0,1081205854536.4366,-2417.7311669374017,66.60890602049598,858.5385370070882,708.5611820997448,-2308.386426714717,-1238.2040968733447,-445.63276812947805,498.02601500419524,4725.838224660811,4772.647101450138,0.00043383578003461533
2361,3.2373905729157837e-07,9.300898203554357e-11,0.0005892492175096128,25899124.583325204,0.0,0.0,25899124.583325204,0.0,0.0,0.0,1081813535915.7109,-2429.8637678390614,81.13294100016667,853.3289990556142,740.5277702159997,-2294.1686520411813,-1233.0136157182224,-430.1876746036367,526.3687034255674,4723.594021471256,4771.9003330180485,0.0004342796096269644
2362,3.23850668070021e-07,1.1161077844265228e-10,0.00058983801323389,25908053.445600618,0.0,0.0,25908053.445600614,0.0,0.0,0.0,1082362962040.0869,-2429.793629335256,77.52497810135628,852.4109061437597,729.724373753334,-2317.6274276232825,-1233.3499780185084,-431.6331251838367,502.3996683061508,4747.369310066362,4795.435763774679,0.000434814831945531
2363,3.238841513035538e-07,3.348323353279568e-11,0.000590012111908265,25910732.104283236,0.0,0.0,25910732.104283236,0.0,0.0,0.0,1082053489682.7029,-2375.389885922291,77.34219661662796,800.6908664734456,747.3486101960603,-2296.0463260625515,-1196.2508837446062,-398.40545631305025,469.02931842842145,4671.1496712894905,4720.123228244524,0.0004349728769338859
2364,3.2391763453708654e-07,3.348323353279568e-11,0.0005901850253681735,25913410.76296586,0.0,0.0,25913410.762965858,0.0,0.0,0.0,1082220849714.1024,-2395.910382715183,69.94451819804375,830.3217511658206,726.4638961162458,-2241.0265920817515,-1178.342854349719,-406.07728433766397,497.7414112240234,4636.699553272373,4683.3252803922005,0.0004351296898079593
2365,3.239578144173259e-07,4.0179880239354816e-11,0.0005903948786809557,25916625.153385006,0.0,0.0,25916625.153385006,0.0,0.0,0.0,1082288675268.2064,-2430.883787962523,35.826528568640164,846.8701425964127,686.7803411366342,-2268.115286272707,-1177.5418292908241,-417.48707173813324,491.95003879613995,4698.707593528361,4741.2852897587,0.00043532019408308245
2366,3.2400603027361313e-07,4.821585628722578e-11,0.0005906429757304902,25920482.421887983,0.0,0.0,25920482.421887983,0.0,0.0,0.0,1082560381753.6293,-2397.867998673121,15.720574753156898,795.2091925041659,666.3406273101696,-2226.594313637743,-1195.357096782359,-469.30606504169026,498.3022580648918,4624.123800688221,4663.23685799828,0.000435545036041261
2367,3.2406388930115783e-07,5.785902754467093e-11,0.0005909469964300817,25925111.144091558,0.0,0.0,25925111.144091558,0.0,0.0,0.0,1082824216482.6869,-2448.772497116102,50.97172683123267,807.2215227614973,707.5657839425618,-2280.932254083567,-1205.563017733981,-451.7452383720085,497.91626738948173,4729.371936720413,4772.654805579613,0.0004358211772071182
2368,3.241333201342114e-07,6.943083305360511e-11,0.0005913146521558829,25930665.610735845,0.0,0.0,25930665.610735845,0.0,0.0,0.0,1083014937196.2391,-2442.7368423495814,85.31829379843893,853.0429892888411,724.3151914469547,-2325.164264093633,-1194.6922650663055,-427.81022940301034,489.36978718305164,4767.732429871929,4814.667118849902,0.00043615546355605576
2369,3.241749786340436e-07,4.1658499832163065e-11,0.0005915301794565323,25933998.29072242,0.0,0.0,25933998.29072242,0.0,0.0,0.0,1082776021010.2114,-2395.372362183112,79.59242664506615,821.6043553637975,707.5660821014336,-2252.6297558638935,-1185.7235971948596,-454.40509786055503,501.6576746185162,4647.656029573395,4692.125043748702,0.00043635093044640326
2370,3.2421663713387573e-07,4.1658499832163065e-11,0.0005917599449070068,25937330.970708992,0.0,0.0,25937330.970708992,0.0,0.0,0.0,1082982978914.7733,-2575.535734940928,75.63418802126671,886.8485080793646,696.0394338151073,-2411.482021403968,-1221.639963381559,-410.84406859525666,432.26597539813025,4986.770487614116,5035.8114610343355,0.00043656071479730756
2371,3.242666273336743e-07,4.999019979859568e-11,0.0005920242463350501,25941330.18669288,0.0,0.0,25941330.18669288,0.0,0.0,0.0,1082989735362.3755,-2403.176745533292,92.57705728444013,847.7642580386336,697.9722446594288,-2359.284069527912,-1183.5183652450564,-449.45024189693567,487.1567363121249,4762.1515162830765,4806.5120923799395,0.00043680099329714
2372,3.243266155734326e-07,5.998823975831482e-11,0.0005923367481496101,25946129.245873544,0.0,0.0,25946129.245873544,0.0,0.0,0.0,1083308734780.0924,-2352.7497180084824,56.773313632316516,834.8094686316616,682.7708380474567,-2335.889793029805,-1152.993385528034,-426.4617648835025,512.8427737155213,4688.285371907008,4728.1825396113945,0.0004370846286449473
2373,3.243986014611426e-07,7.198588770997778e-11,0.0005927140394204917,25951888.11689034,0.0,0.0,25951888.11689034,0.0,0.0,0.0,1083714218280.5334,-2370.1403738963495,97.5850796588567,828.8145912635551,726.7491788056176,-2344.284134800618,-1191.7728098848484,-432.83239837509717,471.9598530628876,4714.090976008191,4761.870571285975,0.00043742741612518135
2374,3.244849845263946e-07,8.638306525197334e-11,0.0005931648093218668,25958798.762110498,0.0,0.0,25958798.762110498,0.0,0.0,0.0,1084206853923.543,-2360.6183575296245,101.51587513482704,833.9806234913264,738.3178732240928,-2334.3659073734484,-1103.4794661770889,-425.11886088864975,540.3722920298292,4694.666081659234,4736.8387500092385,0.00043783659877601145
2375,3.2453681436554575e-07,5.1829839151184e-11,0.0005934316977435016,25962945.14924259,0.0,0.0,25962945.14924259,0.0,0.0,0.0,1083946567838.8701,-2338.3999999618263,83.69211343489827,826.0766370425514,696.2175750891871,-2287.3076203920587,-1165.6899802952216,-456.2916661421809,498.2273182843979,4625.348467401194,4668.2610881771725,0.0004380785539973274
2376,3.245886442046969e-07,5.1829839151184e-11,0.0005937031443498639,25967091.536374684,0.0,0.0,25967091.536374684,0.0,0.0,0.0,1084247963440.614,-2408.5981825621852,59.82753548985463,864.4526421823485,672.4674460612239,-2304.3135180402146,-1196.6061505207392,-418.2077803003765,484.45967943050505,4712.551814888272,4756.793185119228,0.0004383250978229876
2377,3.246508400116783e-07,6.21958069814208e-11,0.0005940255428352596,25972067.2009332,0.0,0.0,25972067.2009332,0.0,0.0,0.0,1084633582813.371,-2356.381032881494,98.27421235899817,863.7238121330315,701.6763498072173,-2301.005146386831,-1183.0255112722225,-424.298221615641,494.0926105452253,4657.024208377826,4703.817802583153,0.00043861765556711283
2378,3.246881574958672e-07,3.731748418885248e-11,0.0005942191267875677,25975052.599668313,0.0,0.0,25975052.59966831,0.0,0.0,0.0,1084814242208.8436,-2408.0748989381873,86.28395115538781,828.2504846169355,701.5375821558341,-2252.631227929394,-1164.9472339928052,-423.8028327128278,469.830841164159,4660.341572865232,4706.426066506954,0.0004387932875474357
2379,3.2472547498005605e-07,3.731748418885248e-11,0.0005944170680396344,25978037.99840342,0.0,0.0,25978037.99840342,0.0,0.0,0.0,1084930132563.0975,-2471.9640366733674,149.75736707818808,816.8222566091657,760.7033949326353,-2299.0600939614415,-1185.930356930848,-438.7718212570325,437.3942197232523,4770.6673786325155,4825.048144255101,0.0004389733462052694
2380,3.247702559610827e-07,4.478098102662298e-11,0.0005946564255321043,25981620.476885553,0.0,0.0,25981620.47688555,0.0,0.0,0.0,1085050039042.3578,-2478.8768823085943,96.06921864988301,837.9217859909687,707.8896800967522,-2340.8444389532033,-1146.6196287447096,-429.23961551460434,491.87957459637903,4819.380213044039,4862.909739776875,0.00043919111207406055
2381,3.2482399313831466e-07,5.3737177231947575e-11,0.0005949373710696963,25985919.451064106,0.0,0.0,25985919.451064106,0.0,0.0,0.0,1085311578333.6979,-2359.797504042461,73.32034454859425,839.6818049380963,683.6582322689857,-2344.221105624758,-1181.1518778235081,-429.7338424043152,450.1747075164295,4703.652694020497,4748.758874957829,0.00043944629697135595
2382,3.24888477750993e-07,6.448461267833709e-11,0.000595281876613767,25991078.22007837,0.0,0.0,25991078.22007837,0.0,0.0,0.0,1085672184555.7972,-2442.5062654115413,96.2828499041652,829.8382732336753,731.7535044171657,-2373.965016149568,-1151.836685485633,-419.42549341013716,478.38636263593094,4816.119636905692,4861.437661645546,0.00043975978489602704
2383,3.2496585928620697e-07,7.738153521400451e-11,0.0005956982839737475,25997268.74289549,0.0,0.0,25997268.74289549,0.0,0.0,0.0,1086142307841.2924,-2423.121507370498,99.12355572575593,812.263247520202,702.684259951693,-2433.1439828574694,-1211.0348807424175,-481.9430493916941,437.7954880337559,4855.981815559507,4902.191350566014,0.00044013912398864664
2384,3.250587171284638e-07,9.28578422568054e-11,0.0005961900254908532,26004697.370276038,0.0,0.0,26004697.370276038,0.0,0.0,0.0,1086643248040.8276,-2391.0833945537042,115.09365105198059,822.3799785197513,735.0873848196804,-2377.170799125742,-1174.7089138112667,-408.0670238158732,469.677702713647,4767.883509925614,4816.409450033202,0.000440586365377602
2385,3.25170146539172e-07,1.1142941070816648e-10,0.0005967932927796168,26013611.723132696,0.0,0.0,26013611.723132692,0.0,0.0,0.0,1087363531145.1552,-2469.3180363415067,127.18420760582752,826.1875491835449,746.1257128604459,-2416.191843689634,-1164.4856991766542,-411.54122270657604,462.99593212995944,4885.196905723027,4933.829360720269,0.0004411361390758017
2386,3.253038618320218e-07,1.3371529284979976e-10,0.0005975184507912486,26024308.946560677,0.0,0.0,26024308.946560677,0.0,0.0,0.0,1088159134401.3783,-2462.6721034056964,112.80122070821814,820.1879110803234,721.1670806627076,-2434.9681362298966,-1144.4204561485656,-383.69840555790614,476.50645748088635,4897.305106953572,4942.5694186196015,0.00044179703619304293
2387,3.254538618320218e-07,1.5e-10,0.000598325516130513,26036308.946560677,0.0,0.0,26036308.946560677,0.0,0.0,0.0,1088901915497.5599,-2461.3657694146154,112.0277993560217,797.7812138744761,735.2585397599794,-2390.919209237873,-1169.7535078230762,-384.8964481323009,451.95094174550866,4852.063714499677,4900.281804996124,0.00044253207846379236
2388,3.255288618320218e-07,7.5e-11,0.0005987197304022737,26042308.946560677,0.0,0.0,26042308.946560677,0.0,0.0,0.0,1089369182344.3146,-2353.9660087828665,79.20654592624857,786.2796662530214,701.0856039142335,-2378.842196056897,-1157.9203684534461,-382.43909228401634,464.1108560273049,4732.567175928427,4776.602389623176,0.0004428903236430141
2389,3.256038618320218e-07,7.5e-11,0.0005991134507384865,26048308.946560677,0.0,0.0,26048308.946560677,0.0,0.0,0.0,1089942273654.3291,-2372.507958689006,68.41270216124764,764.8379986332492,701.3915691135022,-2356.2148233512767,-1106.861115308221,-374.08916851328456,495.7300563081952,4728.399498209848,4767.786791953393,0.0004432479076524106
2390,3.256938618320218e-07,9e-11,0.000599590001922209,26055508.946560677,0.0,0.0,26055508.946560677,0.0,0.0,0.0,1090424889808.5629,-2438.530924235836,108.88836404724302,789.1594732797917,727.8147595847963,-2328.3258230404435,-1154.3178734039257,-370.78745319314504,456.67253952343395,4766.507701185514,4814.4254077538235,0.00044368120593910845
2391,3.257478618320218e-07,5.3999999999999994e-11,0.0005998778153707683,26059828.946560677,0.0,0.0,26059828.946560677,0.0,0.0,0.0,1090801502386.7916,-2414.2351680607426,114.91362043695881,797.4307589058672,713.6743883755043,-2390.667225757754,-1136.368128568932,-387.68032335628044,478.6588495476242,4804.574882419419,4849.142778782997,0.00044394305964916275
2392,3.258018618320218e-07,5.3999999999999994e-11,0.0006001667291161267,26064148.946560677,0.0,0.0,26064148.946560677,0.0,0.0,0.0,1091190461569.083,-2416.1975754061355,148.40719246407696,774.4334204422657,756.5292282539281,-2404.2761834569365,-1176.5132362368886,-410.347278660023,438.3451731457074,4820.103590827315,4871.696055298531,0.0004442061312361489
2393,3.2586666183202183e-07,6.479999999999999e-11,0.0006005153162368742,26069332.946560677,0.0,0.0,26069332.946560677,0.0,0.0,0.0,1091677017665.323,-2460.8357486652712,110.54793170357908,790.2611630726032,728.5679361525392,-2392.66167264825,-1115.9550797304812,-396.56243933111585,447.905735120916,4853.180471240669,4898.067998296139,0.0004445235260424385
2394,3.2590554183202184e-07,3.887999999999999e-11,0.0006007174308571094,26072443.346560676,0.0,0.0,26072443.346560676,0.0,0.0,0.0,1091959471285.9237,-2365.0227861680914,101.12261936461056,748.2025980669442,721.1995647921528,-2306.1542593213167,-1191.7672717533133,-465.7714494577845,414.44474014376266,4670.7927946114005,4719.328433882542,0.0004447070135319479
2395,3.2594442183202184e-07,3.887999999999999e-11,0.000600931002781393,26075553.74656067,0.0,0.0,26075553.746560674,0.0,0.0,0.0,1092146001895.4281,-2545.719860279284,41.79726683807719,783.0493738137233,688.3660891860227,-2506.739192455893,-1198.3867786411474,-432.74348084693344,420.1539396935556,4929.598522006346,5013.057757666737,0.000444901921217566
2396,3.2599107783202184e-07,4.665599999999999e-11,0.000601185122330933,26079286.226560675,0.0,0.0,26079286.226560675,0.0,0.0,0.0,1092209237228.966,-2523.0283867021135,152.79880955859522,839.990069692705,792.9610778652908,-2387.5308250819844,-1205.692401390505,-365.92604418580277,428.2463109105611,4910.24080954396,4969.121379935857,0.00044513376054466827
2397,3.2604706503202185e-07,5.5987199999999985e-11,0.0006014851525718167,26083765.202560674,0.0,0.0,26083765.202560674,0.0,0.0,0.0,1092505913122.1782,-2425.0338550505776,118.7351955853905,802.161624972071,749.0692473598763,-2406.310272101667,-1178.7674730425094,-406.32118699075687,478.30590983401754,4830.961245724446,4879.174464598807,0.00044540693186125263
2398,3.2611424967202187e-07,6.718463999999998e-11,0.0006018411281316396,26089139.973760676,0.0,0.0,26089139.973760676,0.0,0.0,0.0,1092332583442.0112,-2403.375689766911,76.16724253462564,806.2906843353288,732.6939111077746,-2369.2088824724938,-1183.6353569733214,-376.7906327581336,485.2554548573314,4772.174725451868,4818.453944238323,0.00044573065795485285
2399,3.2615456045602186e-07,4.031078399999999e-11,0.000602050988810234,26092364.836480677,0.0,0.0,26092364.836480677,0.0,0.0,0.0,1092628698520.9426,-2269.062308792806,94.16082683556974,841.9010516805123,722.1907357785293,-2413.6237365200845,-1180.3205926086914,-396.3271526311192,511.6139449204451,4682.266445357276,4729.616590871857,0.0004459213125076503
2400,3.2619487124002185e-07,4.031078399999999e-11,0.0006022662948436102,26095589.69920068,0.0,0.0,26095589.69920068,0.0,0.0,0.0,1092796001797.8241,-2419.8537980883966,66.45889349242319,795.0744519548088,694.9538139027841,-2399.8424922349845,-1188.2473602220475,-444.3007726985978,505.494251532028,4819.268282467269,4859.68138985046,0.00044611721007446536
2401,3.2624324418082184e-07,4.837294079999998e-11,0.0006025256881422816,26099459.534464683,0.0,0.0,26099459.53446468,0.0,0.0,0.0,1093160078666.0872,-2516.080366333307,151.12780049479377,755.4420198853594,819.8369805901405,-2311.927485791196,-1204.111657888178,-443.30516932563074,482.03139457845657,4827.569019868641,4882.751458902604,0.000446353403121728
2402,3.263012917097818e-07,5.804752895999997e-11,0.0006028341116315477,26104103.33678148,0.0,0.0,26104103.33678148,0.0,0.0,0.0,1093458080270.6362,-2424.948513367344,55.733389184635755,823.9897660000066,681.4833635909563,-2366.2950077891664,-1211.982701503748,-459.94090149652624,503.04726892735016,4790.787152965221,4831.885324475862,0.00044663388212503187
2403,3.2637094874453384e-07,6.965703475199997e-11,0.0006032084121826049,26109675.89956164,0.0,0.0,26109675.89956164,0.0,0.0,0.0,1093981395977.6335,-2465.122475274971,98.03667159075022,843.258750912292,741.9645285576931,-2380.644539008051,-1205.8070345985636,-401.1001624612097,513.0954319610845,4845.280920363189,4892.955632707116,0.00044697471090557935
2404,3.2645453718623624e-07,8.358844170239996e-11,0.000603656067183135,26116362.97489783,0.0,0.0,26116362.97489783,0.0,0.0,0.0,1094344123298.77,-2430.186830506552,86.992171980077,823.7529436731088,701.3471001671662,-2400.296655169126,-1193.04167167341,-407.8762988259393,477.18356451340844,4830.239910342767,4875.236210763845,0.0004473822243033682
2405,3.265548433162791e-07,1.0030613004287995e-10,0.0006041947949660657,26124387.46530126,0.0,0.0,26124387.46530126,0.0,0.0,0.0,1094608994111.203,-2419.38616450933,115.576538185041,857.521683581455,745.6126703654303,-2422.471117868774,-1189.441435202465,-390.87925323121374,462.1034227250267,4841.624026238822,4892.670043983576,0.00044787298910105696
2406,3.266150269943048e-07,6.018367802572796e-11,0.000604520405491549,26129202.159543313,0.0,0.0,26129202.159543317,0.0,0.0,0.0,1094813557046.274,-2497.741560063727,75.4596441521793,805.8306834000915,692.817689343344,-2389.2796623930667,-1169.959914960705,-458.62890996558554,475.3029133979511,4886.874223307379,4927.851703778595,0.0004481695653413557
2407,3.2667521067233055e-07,6.018367802572796e-11,0.0006048497401287727,26134016.853785373,0.0,0.0,26134016.853785373,0.0,0.0,0.0,1095156384589.3027,-2462.561619939864,117.2461968437808,917.7478268986621,765.8695722332586,-2479.3020865136577,-1201.7718925584106,-388.49952837643787,475.71543969566693,4941.647421384123,4994.971164639932,0.0004484701810776762
2408,3.2674743108596144e-07,7.222041363087355e-11,0.0006052517698752425,26139794.486875847,0.0,0.0,26139794.486875843,0.0,0.0,0.0,1095383364007.2808,-2513.2573762043153,129.49423536372618,890.6980019755752,785.5531374811478,-2522.48226902558,-1201.5901353703205,-412.3028749530521,461.0060019008886,5035.524167986281,5088.759004472224,0.000448837693357847
2409,3.2679076333414e-07,4.333224817852413e-11,0.0006054881484531542,26143261.066730127,0.0,0.0,26143261.066730127,0.0,0.0,0.0,1095409441308.8651,-2436.8666621052917,123.46382376489524,878.3623571352634,764.4231942804425,-2489.6057073549014,-1187.7379062909947,-414.27269331422656,476.8793661983997,4926.299627314429,4977.241869650522,0.0004490533684377872
2410,3.2683409558231853e-07,4.333224817852413e-11,0.0006057273773333863,26146727.64658441,0.0,0.0,26146727.64658441,0.0,0.0,0.0,1095693384860.4326,-2526.734642530691,125.3429620083621,882.5697504340961,761.6346574797744,-2462.8873521403307,-1215.5307893926563,-425.70625388913516,454.10235227093017,4989.264805283771,5041.863330736875,0.0004492718437109169
2411,3.2688609428013275e-07,5.1998697814228953e-11,0.0006060120183797484,26150887.542409547,0.0,0.0,26150887.54240955,0.0,0.0,0.0,1095779743537.7408,-2460.5190896258587,102.92400040200343,897.5128093620025,766.1239720257462,-2485.165724662743,-1215.11824756761,-428.19272480327743,492.81727943861006,4945.326435434466,4995.669366348835,0.00044953161201267744
2412,3.2694849271750984e-07,6.239843737707474e-11,0.0006063561890934735,26155879.417399716,0.0,0.0,26155879.417399716,0.0,0.0,0.0,1096202293378.3425,-2467.9995946015265,162.88755809254573,887.8288932100519,799.9108942370009,-2515.113433956748,-1220.431192546141,-416.1153649684608,484.94695020752704,4982.823959774714,5039.217398919487,0.0004498460513039734
2413,3.270233708423623e-07,7.487812485248968e-11,0.0006067594452127937,26161869.667387914,0.0,0.0,26161869.667387914,0.0,0.0,0.0,1096307842730.9395,-2360.035254072019,38.62490759230055,883.5422324593366,669.0680572404123,-2506.4707988933683,-1215.4828097351913,-451.16376339163565,484.60366278138196,4865.989359530303,4908.563748759207,0.0004502135953531994
2414,3.271132245921853e-07,8.985374982298761e-11,0.0006072503220002501,26169057.96737375,0.0,0.0,26169057.96737375,0.0,0.0,0.0,1096496457986.4323,-2413.198477749433,128.43063902729884,891.6629351162535,762.3727460767622,-2521.40643802132,-1203.1300853484597,-414.63624449884526,474.5241067797087,4934.251543858518,4986.904953309744,0.0004506616874632651
2415,3.271671368420791e-07,5.3912249893792566e-11,0.0006075442698732747,26173370.947365254,0.0,0.0,26173370.947365254,0.0,0.0,0.0,1096814976438.2886,-2450.1116252041443,154.26396081007005,891.0425592283892,783.3067989583558,-2470.236102029849,-1198.5863073494206,-416.46307595185374,469.4845689512763,4919.980056258895,4975.221543472202,0.0004509299128503938
2416,3.272210490919729e-07,5.3912249893792566e-11,0.0006078361582438439,26177683.927356757,0.0,0.0,26177683.927356757,0.0,0.0,0.0,1097135404755.963,-2442.308856971385,92.0641886304312,916.7851166674526,696.3695072141521,-2447.778804188216,-1189.8170238273283,-429.8265327202923,517.0923360565539,4889.706219761769,4934.32724040002,0.00045119593353363597
2417,3.2728574379184545e-07,6.469469987255107e-11,0.0006081852935380579,26182859.503346566,0.0,0.0,26182859.503346562,0.0,0.0,0.0,1097577249162.754,-2439.94874752287,128.5888667134652,904.7272834902317,705.2711861655911,-2428.1750800584623,-1244.1089259871585,-432.9031555478872,491.3423619893373,4867.628077256781,4918.366006181215,0.0004515141257462692
2418,3.273633774316925e-07,7.763363984706129e-11,0.0006086124719086158,26189070.194534328,0.0,0.0,26189070.194534328,0.0,0.0,0.0,1098062211058.1292,-2498.3845995031916,160.53850218780448,907.132684306532,757.0335507844894,-2475.651635605445,-1154.7083630629313,-415.4966253257787,538.0173724463207,4973.6774299832405,5022.630116969404,0.00045190405080385503
2419,3.27456537799509e-07,9.316036781647354e-11,0.0006091211220041691,26196523.023959644,0.0,0.0,26196523.023959644,0.0,0.0,0.0,1098378195725.4155,-2429.477068947628,181.30464222686157,897.2351849019951,800.3158975187663,-2497.6707626394978,-1185.8135710020817,-388.7222706200113,493.64064958986927,4926.793869659695,4984.285285561148,0.00045236838865436014
2420,3.2756833024088875e-07,1.1179244137976824e-10,0.0006097417230081206,26205466.419270027,0.0,0.0,26205466.419270027,0.0,0.0,0.0,1098838281396.618,-2462.1913218018112,189.11595885084262,890.4527906956407,759.571946574052,-2559.305418580877,-1219.4873739309355,-449.48268581449923,505.6345587491448,5021.174297262917,5074.553922119527,0.0004529356854262272
2421,3.277024811705445e-07,1.3415092965572188e-10,0.0006104865404243482,26216198.49364249,0.0,0.0,26216198.493642487,0.0,0.0,0.0,1099515107729.228,-2483.3889877507704,198.75303677424802,912.5059902053816,739.7239626313382,-2537.0947060587214,-1223.7589878743806,-443.78052084458574,478.11979278278875,5020.356279647763,5075.185238868334,0.0004536165262441964
2422,3.278524811705445e-07,1.5e-10,0.0006113119895072925,26228198.49364249,0.0,0.0,26228198.493642487,0.0,0.0,0.0,1100450030422.973,-2483.325697710446,174.8134533009659,834.2612274638744,763.5857152963325,-2487.683233814416,-1226.042652689759,-445.5227945110455,461.0429547896191,4971.11683603678,5025.0004672352525,0.0004543702763142817
2423,3.280024811705445e-07,1.5e-10,0.0006121400357235268,26240198.493642487,0.0,0.0,26240198.493642487,0.0,0.0,0.0,1100989970083.623,-2511.541219426149,136.8156670895669,837.55617747149,739.7218073670326,-2479.180299880836,-1219.6411826741382,-453.60657010902264,441.2180931037357,4990.355030941471,5041.075048491483,0.0004551264375715554
2424,3.281524811705445e-07,1.5e-10,0.0006129745877717763,26252198.49364249,0.0,0.0,26252198.493642487,0.0,0.0,0.0,1101915605050.5264,-2539.9928192907823,142.32687743102233,868.2304168841121,725.2523484269642,-2493.300380228345,-1252.1901491879937,-450.90509914523,452.3368603682936,5032.952669137735,5084.750573146936,0.00045588915015752743
2425,3.283024811705445e-07,1.5e-10,0.0006138069514389747,26264198.493642487,0.0,0.0,26264198.493642487,0.0,0.0,0.0,1102743427634.7358,-2503.53044646004,146.66810961433916,879.9143622666002,735.760282373793,-2515.5835455700444,-1244.1768376282312,-436.53116932159605,448.50523677493084,5017.828280612562,5071.397363935574,0.0004566498597621178
2426,3.2845248117054453e-07,1.5e-10,0.0006146424066048237,26276198.493642487,0.0,0.0,26276198.493642487,0.0,0.0,0.0,1103652378330.4404,-2495.5423704374625,153.91662534270083,875.0413927819455,748.1066416761872,-2542.986551630416,-1262.9726246467562,-427.9559961738533,438.53676708482044,5037.233118982451,5093.44956612996,0.0004574138771970373
2427,3.2860248117054454e-07,1.5e-10,0.0006154844328127529,26288198.49364249,0.0,0.0,26288198.493642487,0.0,0.0,0.0,1104565749647.708,-2547.199029427663,143.25834978323522,875.7631382002173,716.6571419246428,-2537.2373520291585,-1269.7023027194848,-456.87668000034824,455.5416079320854,5083.1351435920515,5135.03964550806,0.0004581841331438635
2428,3.2875248117054455e-07,1.5e-10,0.0006163282173195969,26300198.49364249,0.0,0.0,26300198.493642487,0.0,0.0,0.0,1105847584226.5352,-2539.9469412959206,156.0043000777305,877.6283957842722,727.9883579909815,-2556.082407930017,-1273.9290468493273,-458.4044465620408,467.31433661594247,5094.225547308805,5147.163049196738,0.000458956207601243
2429,3.2890248117054457e-07,1.5e-10,0.0006171769829708543,26312198.493642487,0.0,0.0,26312198.493642487,0.0,0.0,0.0,1106736490586.8833,-2541.7642341384976,135.81942413048543,887.2297245103977,734.9639711165792,-2588.6283525148233,-1246.5052332642213,-453.0430818173959,440.04334404554453,5128.327377060035,5180.7261476964995,0.0004597333165233975
2430,3.290524811705446e-07,1.5e-10,0.0006180250119104724,26324198.49364249,0.0,0.0,26324198.493642487,0.0,0.0,0.0,1107940234282.391,-2523.0302469954463,131.57524856586812,902.39750589542,730.0103422887762,-2602.190823503346,-1256.8480053777782,-460.6160805884584,423.9347639990251,5123.470000290099,5177.04201682395,0.0004605098728259211
2431,3.292024811705446e-07,1.5e-10,0.0006188808155309524,26336198.493642487,0.0,0.0,26336198.493642487,0.0,0.0,0.0,1109090573720.9128,-2581.453982303059,120.87158351319646,864.9455087863993,744.0683541759146,-2597.827825157201,-1245.3252621214888,-478.8662765249149,442.9387752557531,5175.727868975183,5226.297237206261,0.00046129381741150203
2432,3.293524811705446e-07,1.5e-10,0.0006197419685416084,26348198.493642487,0.0,0.0,26348198.493642487,0.0,0.0,0.0,1109468566136.0889,-2574.8028740010586,159.94952344589973,886.6606958190946,759.2567734498318,-2636.888366417131,-1239.8231601172304,-458.82350971508095,478.96747636790553,5211.29312174423,5262.686843582769,0.0004620832204380394
2433,3.295024811705446e-07,1.5e-10,0.0006206024679429596,26360198.49364249,0.0,0.0,26360198.493642487,0.0,0.0,0.0,1110339134226.673,-2611.3506907534465,184.19849797175922,835.7643139052963,760.7033641193152,-2594.922197096794,-1235.1189272274564,-468.37433919571583,484.2989481743451,5205.872258417852,5256.719661016208,0.0004628717283871918
2434,3.296524811705446e-07,1.5e-10,0.0006214699073140453,26372198.493642487,0.0,0.0,26372198.493642487,0.0,0.0,0.0,1111354058465.3252,-2638.3337207954787,206.68980789247968,894.4046782722761,754.7842763981863,-2610.911792859691,-1226.83217411988,-468.73386941218763,420.93858119224114,5248.780028221358,5304.394609801431,0.00046366738757866205
2435,3.2980248117054463e-07,1.5e-10,0.0006223303713049266,26384198.493642487,0.0,0.0,26384198.493642487,0.0,0.0,0.0,1111680518279.4514,-2614.1324619570846,168.0443094978107,913.2802758583593,724.862162663937,-2591.3049255233955,-1233.3503653534483,-472.24359634190745,426.24452816205047,5204.974798846833,5257.497502227848,0.00046445601220399625
2436,3.2995248117054464e-07,1.5e-10,0.0006232010234298053,26396198.49364249,0.0,0.0,26396198.493642487,0.0,0.0,0.0,1112238725642.1064,-2677.549689154917,178.77949216674585,883.2384636405476,750.1211793324211,-2593.398344366277,-1255.890968676896,-452.90717265466134,437.97079402305104,5270.545422301493,5324.919642824546,0.00046525475015041993
2437,3.3010248117054466e-07,1.5e-10,0.0006240621076910676,26408198.493642487,0.0,0.0,26408198.493642487,0.0,0.0,0.0,1112769046173.6704,-2600.8222513898277,181.3433876567343,826.0724157496957,762.4619737365422,-2601.6302112687845,-1236.4399024829838,-394.09236913000944,393.3767217301365,5208.254053118823,5263.251963387036,0.00046604423794492796
2438,3.3025248117054467e-07,1.5e-10,0.0006249189400435426,26420198.49364249,0.0,0.0,26420198.493642487,0.0,0.0,0.0,1112479802942.0315,-2615.6456379145648,147.80356091340735,883.4115681173669,741.3095314847934,-2564.9448902615895,-1217.2119654112205,-456.3668044487752,394.64712733890303,5180.141501535854,5233.173765265616,0.0004668292140097178
2439,3.304024811705447e-07,1.5e-10,0.0006257814740720585,26432198.49364249,0.0,0.0,26432198.493642487,0.0,0.0,0.0,1112545240898.4688,-2651.666475343493,134.16710654145754,900.5959090895287,741.2952142677709,-2566.7968242527418,-1213.8763523397638,-480.0815768115492,371.49016116039763,5217.985781681435,5270.90107339235,0.00046761984917072664
2440,3.305524811705447e-07,1.5e-10,0.0006266360951420683,26444198.49364249,0.0,0.0,26444198.493642487,0.0,0.0,0.0,1112928605674.6123,-2615.4602063991206,164.21254469599145,876.077031562,779.7322788173664,-2549.222973924214,-1175.4295066687143,-487.9582275479875,387.75611884574096,5164.222224021202,5217.880140567339,0.00046840253119181176
2441,3.307024811705447e-07,1.5e-10,0.0006274788417964507,26456198.493642487,0.0,0.0,26456198.493642487,0.0,0.0,0.0,1113728733441.2683,-2571.1452241871743,123.31847417662372,858.0401972271559,784.2126934360285,-2515.675424366412,-1168.1036562599324,-479.69221139528935,375.3761661615613,5086.563064037043,5138.749708837231,0.0004691733436481373
2442,3.308524811705447e-07,1.5e-10,0.0006283479063361227,26468198.49364249,0.0,0.0,26468198.493642487,0.0,0.0,0.0,1114556424456.143,-2621.9095154455335,164.3262682561746,946.785611634187,827.2558365837406,-2636.9115928264287,-1188.6033229178258,-480.66740114811006,393.90903304742,5258.453433385262,5316.331122256936,0.0004699707933164759
2443,3.310024811705447e-07,1.5e-10,0.0006292061590818965,26480198.493642487,0.0,0.0,26480198.493642487,0.0,0.0,0.0,1114905538007.9858,-2655.8054000395896,128.12690803237618,863.8368378347158,817.0980852685003,-2533.3713581770735,-1134.4300792368767,-477.2415262950112,381.6222470102732,5188.716112582043,5240.792598188645,0.0004707569122062042
2444,3.3115248117054473e-07,1.5e-10,0.0006300630133798755,26492198.49364249,0.0,0.0,26492198.493642487,0.0,0.0,0.0,1115713662861.5588,-2631.43134425076,154.09014367265462,889.7636640875545,790.2266139007958,-2548.331373494034,-1148.426790377173,-510.400711210942,373.4059750092178,5179.464681787941,5232.1717559078315,0.00047154173796959035
2445,3.3130248117054475e-07,1.5e-10,0.0006309182969040697,26504198.493642487,0.0,0.0,26504198.493642487,0.0,0.0,0.0,1116618260431.905,-2632.3929498607476,127.95527818231115,906.933458226145,760.3227553280632,-2540.031716861047,-1119.7431501118187,-504.82309559785614,378.0236428812148,5171.955896911862,5220.5249278028405,0.0004723248167087608
2446,3.3145248117054476e-07,1.5e-10,0.0006317785177830449,26516198.49364249,0.0,0.0,26516198.493642487,0.0,0.0,0.0,1117608279647.8982,-2656.9073015623476,106.4409482654124,929.4905877182603,771.2652369199985,-2547.7524841927793,-1157.682131660399,-536.1559915042068,375.0205878567655,5204.218154183731,5253.754555760522,0.00047311287989212485
2447,3.3160248117054477e-07,1.5e-10,0.000632633079296585,26528198.49364249,0.0,0.0,26528198.493642487,0.0,0.0,0.0,1118687728375.9812,-2621.524244654658,106.594639667184,902.262957737701,747.994414930487,-2547.531278170908,-1141.1505672691808,-520.6819517377515,374.2320429801893,5168.511597395767,5215.8644141774275,0.00047389525955425147
2448,3.317524811705448e-07,1.5e-10,0.0006334955735755991,26540198.493642487,0.0,0.0,26540198.493642487,0.0,0.0,0.0,1119552322633.9712,-2637.169947389849,117.8416715411904,957.7580037901554,769.8136058867208,-2582.9643514272493,-1149.0122835576772,-529.4864442692858,384.48563684182153,5219.730959599275,5269.40136825482,0.0004746856697594897
2449,3.319024811705448e-07,1.5e-10,0.0006343613493312688,26552198.49364249,0.0,0.0,26552198.493642487,0.0,0.0,0.0,1120575915783.2344,-2644.153656658113,97.282445906913,942.6608832522277,745.3945446172883,-2598.4458583124742,-1203.5514728069109,-565.9771732902989,351.5955430809568,5242.19498709654,5292.320835467947,0.0004754795178848099
2450,3.320524811705448e-07,1.5e-10,0.0006352158072170519,26564198.49364249,0.0,0.0,26564198.493642487,0.0,0.0,0.0,1121153916593.65,-2584.882524529781,96.74500262639637,908.436972796741,715.4814060848952,-2585.76613679539,-1161.79217715274,-504.61424762695935,385.61389317629323,5170.234792172058,5216.112896046107,0.00047626193481921684
2451,3.322024811705448e-07,1.5e-10,0.000636068352094804,26576198.493642487,0.0,0.0,26576198.493642487,0.0,0.0,0.0,1121216615974.3503,-2556.3752922908343,112.69730833857754,933.7384042925447,760.8265935010735,-2597.3549250290853,-1172.2162019928335,-502.370623427158,352.1842013253382,5153.327735157028,5205.694402180037,0.00047704278897954387
2452,3.323524811705448e-07,1.5e-10,0.0006369372800557075,26588198.493642487,0.0,0.0,26588198.493642487,0.0,0.0,0.0,1121730903950.5247,-2612.976197253472,125.75768468646092,934.6237000177665,790.8000020826659,-2649.2618592885474,-1170.2181262657361,-515.9656116264024,356.122604159747,5261.246546149761,5314.508461403812,0.00047783996524875444
2453,3.3250248117054484e-07,1.5e-10,0.0006378058843453835,26600198.49364249,0.0,0.0,26600198.493642487,0.0,0.0,0.0,1122330671898.0212,-2639.929800777128,133.71870512612975,922.9283577706882,797.3051724401146,-2617.9428813337913,-1192.757297809202,-513.3350154032025,365.3552871894006,5257.505845534415,5311.861263608074,0.0004786367444382956
2454,3.3265248117054485e-07,1.5e-10,0.0006386762213753442,26612198.493642487,0.0,0.0,26612198.493642487,0.0,0.0,0.0,1123225919560.897,-2636.4994335786837,140.86788822212642,937.2379242432634,798.5122275814279,-2632.994716579025,-1180.052566877136,-498.51440970453706,373.3071618437396,5269.091170949995,5323.531906853843,0.0004794352742243237
2455,3.3280248117054486e-07,1.5e-10,0.0006395375404438152,26624198.49364249,0.0,0.0,26624198.493642487,0.0,0.0,0.0,1123976538970.7427,-2598.6068419064245,127.75025151576656,917.7767532486116,819.2759624430458,-2620.08735334008,-1179.380389911079,-524.5724615504936,390.3387810095788,5205.7965226598135,5263.393085328699,0.000480224783187123
2456,3.3295248117054487e-07,1.5e-10,0.0006404243869417972,26636198.49364249,0.0,0.0,26636198.493642487,0.0,0.0,0.0,1124594240125.5698,-2666.6271211289995,131.18942476528622,928.9195454822697,793.9309328062759,-2713.9746956458735,-1228.449262576473,-499.5917450463404,386.63092903436376,5380.23155897775,5434.326977735823,0.0004810399322337834
2457,3.331024811705449e-07,1.5e-10,0.0006413094187895203,26648198.493642487,0.0,0.0,26648198.493642487,0.0,0.0,0.0,1125566865763.068,-2690.2893179078087,84.05731835635503,914.7174109371898,798.779311348373,-2679.7592652132817,-1216.367538289383,-491.64807725081874,387.8813678531191,5369.721531280605,5420.643529586562,0.0004818530287632214
2458,3.332524811705449e-07,1.5e-10,0.0006421829270883509,26660198.49364249,0.0,0.0,26660198.493642487,0.0,0.0,0.0,1126113265792.3586,-2650.479251139446,92.07454630472576,932.6311824951513,780.153447429224,-2641.4752721368673,-1250.0850117981172,-522.5558421068476,366.6395225846479,5291.505293921585,5345.226521221908,0.00048265481274140467
2459,3.334024811705449e-07,1.5e-10,0.0006430518541582079,26672198.493642487,0.0,0.0,26672198.493642487,0.0,0.0,0.0,1126779504682.0452,-2600.0729639852298,99.56938738142456,934.7996720832894,818.2011754983677,-2659.8082325612095,-1255.290951322544,-512.0343550181739,370.36070866596583,5259.34801113335,5316.5006148245475,0.00048345228783362834
2460,3.335524811705449e-07,1.5e-10,0.0006439255593209697,26684198.493642487,0.0,0.0,26684198.493642487,0.0,0.0,0.0,1127522495756.597,-2626.3455114401922,114.3929255441804,967.0956476956126,842.9972088891949,-2663.991223551073,-1231.0579091989978,-506.6740570544516,390.48290980946706,5289.917666514491,5347.606568876717,0.0004842544288189599
2461,3.337024811705449e-07,1.5e-10,0.0006448151874027674,26696198.49364249,0.0,0.0,26696198.493642487,0.0,0.0,0.0,1127694514112.4338,-2713.602563536482,104.11410621698454,917.0242826126956,863.3365543984479,-2682.923797463824,-1204.6738750272625,-466.0995833191705,389.211864624873,5396.10847625072,5451.717878557681,0.0004850721865007435
2462,3.3385248117054494e-07,1.5e-10,0.0006456922014677507,26708198.493642487,0.0,0.0,26708198.493642487,0.0,0.0,0.0,1128043353167.8872,-2691.879445615642,85.10790752174834,932.4058073654606,823.8137259748984,-2621.621325349426,-1251.3666056930401,-518.8644950597385,396.3208491998186,5313.203925479429,5367.394052750011,0.00048587729560865605
2463,3.3400248117054495e-07,1.5e-10,0.00064656142666082,26720198.49364249,0.0,0.0,26720198.493642487,0.0,0.0,0.0,1127897902625.7244,-2611.8135329353995,101.86145649716893,904.0347710758458,838.8651494917392,-2652.163007671448,-1191.129114277692,-484.2235518253411,385.9020248067884,5261.887317235737,5316.502360618464,0.0004866747709627488
2464,3.3415248117054496e-07,1.5e-10,0.0006474355345820176,26732198.49364249,0.0,0.0,26732198.493642487,0.0,0.0,0.0,1128414046666.9194,-2637.7330010671994,99.94594594543068,882.6323640743387,837.7349114062754,-2657.400829432797,-1174.4148020308558,-475.1998093235372,353.6146118233098,5294.76117244015,5348.731328763769,0.0004874770806620634
2465,3.3430248117054497e-07,1.5e-10,0.0006483245208305491,26744198.493642487,0.0,0.0,26744198.493642487,0.0,0.0,0.0,1128567839747.1365,-2666.463240387388,82.06942361081961,909.7989411072839,849.4057975159772,-2729.718868355769,-1131.9030060796413,-478.7965383051116,339.60704406187557,5395.860417673895,5447.768471874619,0.0004882942459328446
2466,3.34452481170545e-07,1.5e-10,0.0006492065968579348,26756198.493642487,0.0,0.0,26756198.493642487,0.0,0.0,0.0,1129240978141.676,-2648.290431662751,68.5520306572321,895.4686035603495,820.3456957875143,-2705.276070625621,-1147.4963693662648,-531.7853883933808,390.21621653580786,5353.88772644117,5400.247744659211,0.0004891042830945435
2467,3.34602481170545e-07,1.5e-10,0.0006500982574419685,26768198.49364249,0.0,0.0,26768198.493642487,0.0,0.0,0.0,1129575838074.2104,-2700.927414045839,59.84147969886513,897.1037607832099,796.708892740794,-2717.680947615884,-1122.1946836972384,-498.78950299252716,364.6353422653124,5418.211167687551,5463.266749163369,0.0004899237731069181
2468,3.34752481170545e-07,1.5e-10,0.0006509805618167897,26780198.493642487,0.0,0.0,26780198.493642487,0.0,0.0,0.0,1129736476903.996,-2631.5982419234238,32.65292042487937,895.5704077318479,786.7191033040286,-2727.250437850829,-1105.945349084847,-472.18500549701776,369.6181538516953,5358.609454723324,5402.116947467275,0.0004907340906490381
2469,3.34902481170545e-07,1.5e-10,0.0006518679966700997,26792198.49364249,0.0,0.0,26792198.493642487,0.0,0.0,0.0,1130141938582.9048,-2652.75315249097,22.765268946104108,887.3730207103556,759.1688790694676,-2741.0488437321874,-1103.1084473140183,-469.77129498723775,328.45338056533933,5393.562286764755,5436.537717811891,0.0004915495713067099
2470,3.3505248117054503e-07,1.5e-10,0.0006527582575871475,26804198.49364249,0.0,0.0,26804198.493642487,0.0,0.0,0.0,1130479737026.244,-2643.5446421092715,56.06847321216375,890.0962739317071,797.0925737337527,-2765.565954058696,-1108.261153397266,-477.35507676491284,305.52469064998513,5408.85376927385,5456.720313320412,0.000492368079353708
2471,3.3520248117054504e-07,1.5e-10,0.0006536528108415631,26816198.493642487,0.0,0.0,26816198.493642487,0.0,0.0,0.0,1130508095917.3528,-2669.934977515579,34.6975184370747,852.8367453591478,729.8856032764893,-2774.5043771077862,-1076.1007073536794,-481.09015980846505,338.2360823373287,5444.222412886673,5483.28359915195,0.0004931905718935808
2472,3.3535248117054505e-07,1.5e-10,0.000654564452685431,26828198.49364249,0.0,0.0,26828198.493642487,0.0,0.0,0.0,1131009422459.6763,-2728.1692208605346,32.362686912143815,860.6719050704236,720.9347572394078,-2832.3248340461073,-1077.2013290650007,-493.61112757561835,367.782115195549,5560.201375172654,5596.638499018894,0.0004940300676684336
2473,3.3550248117054506e-07,1.5e-10,0.0006554598265088837,26840198.493642487,0.0,0.0,26840198.493642487,0.0,0.0,0.0,1130672454543.1091,-2686.828511561455,68.87454453943113,886.6295066155094,753.0276576520858,-2759.9396020820195,-1091.2178940637339,-511.249516518899,354.35211030471766,5446.5357254001865,5488.215723459628,0.0004948533000269526
2474,3.3565248117054507e-07,1.5e-10,0.0006563614723859635,26852198.49364249,0.0,0.0,26852198.493642487,0.0,0.0,0.0,1131169095165.5818,-2708.211315879915,37.524458071807146,888.7160138105546,740.0304220817859,-2783.498783027965,-1073.3352699596278,-494.0040295970875,374.1119479327206,5491.490076207971,5529.520079341918,0.0004956827280388538
2475,3.358024811705451e-07,1.5e-10,0.0006572622736040113,26864198.493642487,0.0,0.0,26864198.493642487,0.0,0.0,0.0,1131564287653.8372,-2689.6373973960676,17.578632200679575,890.1889343712843,730.9321604777887,-2796.6725144375287,-1128.8747273784436,-480.39180936489447,388.34858660542454,5486.090102039089,5525.15469575088,0.0004965115012432165
2476,3.359524811705451e-07,1.5e-10,0.0006581640297176355,26876198.493642487,0.0,0.0,26876198.493642487,0.0,0.0,0.0,1131961153414.9893,-2720.9835359074673,36.24894737346811,852.2803377181027,745.1420574906329,-2768.281813143014,-1118.1748915196106,-491.4048794193583,308.40060474786753,5488.733590167528,5531.220523578978,0.0004973411843217533
2477,3.361024811705451e-07,1.5e-10,0.0006590782373866982,26888198.493642487,0.0,0.0,26888198.493642487,0.0,0.0,0.0,1132244359359.4539,-2714.728015080197,68.1769836732047,867.0583010341954,758.3510601695376,-2857.2815385601934,-1116.7466920620582,-459.5534558988296,352.0486435856882,5572.209275803453,5615.473156408321,0.0004981835052952145
2478,3.362524811705451e-07,1.5e-10,0.0006599844682595257,26900198.49364249,0.0,0.0,26900198.493642487,0.0,0.0,0.0,1132619736665.4124,-2724.289873054807,30.34164941832335,838.2501358385404,771.3595153143933,-2795.050325993648,-1124.723236306151,-477.82215089218266,345.03697065094116,5519.110226878268,5560.869908869612,0.000499017635781545
2479,3.3640248117054513e-07,1.5e-10,0.0006608863876451344,26912198.493642487,0.0,0.0,26912198.493642487,0.0,0.0,0.0,1133241611867.3625,-2675.7265592294307,-28.25903606551292,837.9288426127058,740.5354835664481,-2818.9211953263825,-1125.2719447545094,-446.279747056737,333.9617666970601,5494.512617930396,5534.073093640179,0.000499847746745591
2480,3.3655248117054514e-07,1.5e-10,0.0006617979515001241,26924198.49364249,0.0,0.0,26924198.493642487,0.0,0.0,0.0,1133557338498.487,-2727.3398532703122,7.86101447548056,840.1113424868744,789.3710066136898,-2827.3748153997394,-1123.275762536137,-437.558383301753,336.48217708198325,5554.489448672235,5597.208829447027,0.0005006873280700081
2481,3.3670248117054515e-07,1.5e-10,0.0006627084645185668,26936198.49364249,0.0,0.0,26936198.493642487,0.0,0.0,0.0,1134155172290.2864,-2716.1381893369307,25.350255536540118,833.5748305859621,819.474656677274,-2827.4437020971745,-1165.8819074749583,-416.44634429238886,325.464540528354,5543.507746002383,5591.620874762043,0.0005015260712012224
2482,3.3685248117054516e-07,1.5e-10,0.0006636095491133927,26948198.493642487,0.0,0.0,26948198.493642487,0.0,0.0,0.0,1134819353981.929,-2667.8772840291667,-12.80089231544464,775.8517244220207,757.488881932395,-2821.4514419357884,-1111.448849692029,-432.1083154678944,349.4002644393156,5489.2570449739715,5527.918187848487,0.0005023552589293996
2483,3.370024811705452e-07,1.5e-10,0.0006645293708938028,26960198.49364249,0.0,0.0,26960198.493642487,0.0,0.0,0.0,1135400915460.8071,-2784.2871462177277,-19.969933202199126,762.3198702457029,769.4412200665217,-2828.5437085944304,-1133.3702556619053,-430.06473380823945,365.3593806961422,5613.306353482021,5650.551202426092,0.0005032028416097636
2484,3.371524811705452e-07,1.5e-10,0.0006654450824413473,26972198.493642487,0.0,0.0,26972198.493642487,0.0,0.0,0.0,1136192261198.7168,-2728.9125734622417,3.547488307394393,792.6852951020683,765.7952840733157,-2854.937918411385,-1149.035909501598,-391.20604648364326,362.41793307364105,5584.066429719002,5625.261659559243,0.0005040466308586975
2485,3.373024811705452e-07,1.5e-10,0.0006663844806989737,26984198.493642487,0.0,0.0,26984198.493642487,0.0,0.0,0.0,1135994928887.483,-2808.281574090188,5.334752155389929,733.2300683587056,756.0887300490698,-2933.723344829035,-1163.1988403640235,-323.06389861185346,345.05828814842386,5741.975488136789,5783.432576728775,0.0005049141457452068
2486,3.374524811705452e-07,1.5e-10,0.0006673115185461253,26996198.49364249,0.0,0.0,26996198.493642487,0.0,0.0,0.0,1136323090842.8616,-2815.2578032835227,-26.45404150068192,765.7595710356017,758.0851387549251,-2844.9747282221892,-1160.4935905582092,-347.19026176393123,379.32666026145307,5660.174654034666,5698.975806722326,0.0005057689921162151
2487,3.376024811705452e-07,1.5e-10,0.000668254402651526,27008198.493642487,0.0,0.0,27008198.493642487,0.0,0.0,0.0,1136957509524.8196,-2844.7646203837908,-26.146145472530968,749.1145353329473,750.5504858330949,-2922.06280025568,-1173.9886881337152,-355.1933636309704,359.227607673104,5766.757559313224,5805.6590254660105,0.0005066398409700351
2488,3.3775248117054523e-07,1.5e-10,0.0006691994420437989,27020198.493642487,0.0,0.0,27020198.493642487,0.0,0.0,0.0,1137734936163.8984,-2854.683410633655,-56.87819730648128,759.7715368803193,725.4588181004489,-2957.801283283726,-1172.5806780448881,-367.72965504905613,367.9642735043015,5770.5334946985195,5820.705274610216,0.0005075129467612266
2489,3.3790248117054524e-07,1.5e-10,0.0006701402477516266,27032198.49364249,0.0,0.0,27032198.493642487,0.0,0.0,0.0,1137529288886.07,-2872.568681056116,-25.018206669467286,711.0459792440051,757.6122647369388,-2877.961711456098,-1196.0476934668,-347.950571370985,332.3750058031251,5750.4676958436385,5791.33977482518,0.0005083816477274504
2490,3.3805248117054525e-07,1.5e-10,0.0006710641177148839,27044198.49364249,0.0,0.0,27044198.493642487,0.0,0.0,0.0,1137865654408.94,-2814.0603549687794,-28.201468416450627,686.9373260817172,752.1749949838617,-2825.730569950851,-1215.3257734585488,-411.16125413002163,376.1187791015169,5639.708134990679,5678.158505915245,0.0005092333715033376
2491,3.3820248117054526e-07,1.5e-10,0.000671996084212738,27056198.493642487,0.0,0.0,27056198.493642487,0.0,0.0,0.0,1138188636522.2722,-2812.4725868712885,-55.54206293341472,694.0639642101809,762.8909814264749,-2882.7071167904887,-1211.5794161506797,-384.0703897927793,364.37478990452047,5694.483227395891,5733.19217038776,0.0005100933503288958
2492,3.383524811705453e-07,1.5e-10,0.0006729269628822032,27068198.49364249,0.0,0.0,27068198.493642487,0.0,0.0,0.0,1137839704926.1182,-2788.4009818624813,-53.28397971345664,732.533937889081,777.4047170096601,-2896.5040828733913,-1269.9677236214518,-367.8249492839839,363.0765472748094,5684.042760515168,5727.894644530533,0.0005109525345255753
2493,3.385024811705453e-07,1.5e-10,0.0006738764492755353,27080198.493642487,0.0,0.0,27080198.493642487,0.0,0.0,0.0,1137848033359.2373,-2905.413639209865,1.7166523156736733,722.3083660274224,829.6551241176812,-2895.5445355723823,-1293.5749281123283,-344.9594598604438,328.5582815447743,5800.143959139112,5850.908231321678,0.0005118301707602736
2494,3.386524811705453e-07,1.5e-10,0.0006747986510645742,27092198.493642487,0.0,0.0,27092198.493642487,0.0,0.0,0.0,1137676409917.1,-2776.8362868091945,-0.5915873982592419,676.974582968669,778.0565099072466,-2846.8481412788574,-1292.5599999222698,-376.4274403868684,353.39812242220785,5623.045420015179,5669.944535895365,0.0005126806624406578
2495,3.388024811705453e-07,1.5e-10,0.0006757246272680583,27104198.49364249,0.0,0.0,27104198.493642487,0.0,0.0,0.0,1137024001456.265,-2785.7906240528932,-51.93980341642417,670.9628685074653,740.3582329425335,-2867.1382154330668,-1252.72605283369,-319.17138155221767,331.7711257035505,5652.299633498159,5695.174546661204,0.000513534938622657
2496,3.389524811705453e-07,1.5e-10,0.0006766511509356806,27116198.493642487,0.0,0.0,27116198.493642487,0.0,0.0,0.0,1137147841200.9702,-2784.631567924597,-29.288739130680877,679.3525366306875,753.6442826491909,-2869.8727785712363,-1284.7175820546272,-345.9627047739098,343.0357411607092,5654.071844115242,5699.132879314393,0.0005143898085545541
2497,3.3910248117054533e-07,1.5e-10,0.0006775778310185943,27128198.49364249,0.0,0.0,27128198.493642487,0.0,0.0,0.0,1137750383645.8677,-2795.291861293027,10.443828226843651,675.6576523303082,770.5936455332129,-2856.502040579642,-1305.8007097571353,-352.44236046677037,332.93161388857226,5651.336852077102,5700.371314355784,0.0005152448642517075
2498,3.3925248117054534e-07,1.5e-10,0.0006785179090042276,27140198.493642487,0.0,0.0,27140198.493642487,0.0,0.0,0.0,1138029802284.4678,-2872.5396453034546,27.403441432419143,686.6419261177783,782.6196701310732,-2865.6671884393763,-1321.1430839083207,-331.74913113068584,328.68467901572933,5737.6632611757,5788.945912035273,0.0005161132061385128
2499,3.3940248117054535e-07,1.5e-10,0.0006794543419118362,27152198.49364249,0.0,0.0,27152198.493642487,0.0,0.0,0.0,1138106922544.8035,-2851.1599561149274,-0.7504981166143181,674.2628115887084,759.2139065949863,-2865.965231654098,-1333.495947910808,-342.1843492531928,353.52507806509846,5716.75328778988,5764.667138948369,0.0005169779062093551
2500,3.3955248117054537e-07,1.5e-10,0.000680385282250628,27164198.493642487,0.0,0.0,27164198.493642487,0.0,0.0,0.0,1138857200546.3848,-2795.3758380487525,-8.2165406526297,687.1770178195469,763.446848766869,-2885.7427625875243,-1323.1004165982856,-319.362547889257,348.90744532346275,5680.575318512344,5729.33558922833,0.0005178373065477394
2501,3.397024811705454e-07,1.5e-10,0.0006813221295859907,27176198.493642487,0.0,0.0,27176198.493642487,0.0,0.0,0.0,1138544723631.1663,-2830.063636291024,0.22938072787949607,650.1703439398044,723.1815868878707,-2892.3501433795577,-1277.9850595393525,-292.1325781244406,320.4366053279286,5721.985400201684,5767.742089326088,0.0005187024678611383
2502,3.398524811705454e-07,1.5e-10,0.0006822555070717978,27188198.493642487,0.0,0.0,27188198.493642487,0.0,0.0,0.0,1138239941795.4883,-2855.320081052271,10.022173621663713,627.5250936464505,702.5426795907009,-2842.7990629255582,-1341.4417678925774,-306.8609382516759,340.2947218540504,5697.420880705144,5744.643810165889,0.0005195641644326632
2503,3.400024811705454e-07,1.5e-10,0.0006831885012167617,27200198.49364249,0.0,0.0,27200198.493642487,0.0,0.0,0.0,1138811967609.5327,-2833.0070216439717,18.928432503821735,616.8762634513221,739.7710633498325,-2863.0607636192594,-1342.1359284194623,-308.0928585089201,407.43823432252884,5695.623820480216,5740.818314087581,0.0005204252871797763
2504,3.401524811705454e-07,1.5e-10,0.0006841303836489578,27212198.493642487,0.0,0.0,27212198.493642487,0.0,0.0,0.0,1138746255420.8872,-2796.2295042810783,-9.5765160906318,555.4238609839889,732.1829387783242,-2962.325403448933,-1362.8293552124132,-289.96847354616443,384.4074267597184,5758.039482617274,5803.69181110113,0.0005212958409514415
2505,3.403024811705454e-07,1.5e-10,0.0006850720960518598,27224198.49364249,0.0,0.0,27224198.493642487,0.0,0.0,0.0,1138800856264.028,-2852.4650691979577,39.46514824318911,555.2952808761974,740.3549225723319,-2901.568803832272,-1295.6494136937838,-293.45233756147263,339.1294867575578,5753.358637251396,5799.574686901367,0.0005221657771544767
2506,3.4045248117054543e-07,1.5e-10,0.0006860137079399436,27236198.49364249,0.0,0.0,27236198.493642487,0.0,0.0,0.0,1138744252188.2341,-2850.7218181392823,47.5535529949346,560.6899145896764,768.9378977325733,-2901.362359716652,-1319.9941966192782,-299.69783679172303,378.1470622636366,5751.480479159371,5798.561414585884,0.0005230355613666646
2507,3.4060248117054544e-07,1.5e-10,0.0006869668341467994,27248198.493642487,0.0,0.0,27248198.493642487,0.0,0.0,0.0,1138820439000.83,-2916.159696235069,50.54526626388768,574.1794530534485,820.841230890911,-2908.355737302451,-1382.6585637259784,-313.5179478742366,392.05799719971697,5823.733045178364,5875.523308052507,0.0005239168898628724
2508,3.4075248117054546e-07,1.5e-10,0.0006879222251202275,27260198.49364249,0.0,0.0,27260198.493642487,0.0,0.0,0.0,1138968937803.6357,-2888.8701131600433,-2.0336809627727983,556.4795078675772,821.0272436518923,-2955.6081509226015,-1321.7875921064242,-272.6829396491965,387.73931282158196,5843.68617853537,5890.202418347586,0.0005248004202256246
2509,3.4090248117054547e-07,1.5e-10,0.0006888743461998524,27272198.49364249,0.0,0.0,27272198.493642487,0.0,0.0,0.0,1137864512972.2488,-2895.8479118054292,32.829034640501064,566.5501998791472,854.9181957719692,-2919.583094036203,-1364.1840732238022,-242.45506880063326,348.12015219105655,5814.732404430623,5869.910439508967,0.0005256809067915509
2510,3.410524811705455e-07,1.5e-10,0.0006898127551128067,27284198.493642487,0.0,0.0,27284198.493642487,0.0,0.0,0.0,1137759626447.8057,-2830.613074702792,44.05864026087603,559.0512441859872,852.7605417942326,-2894.253806863913,-1350.35297404811,-254.14606263726992,363.39580280000513,5724.152476576799,5778.7348781997025,0.0005265477170232808
2511,3.412024811705455e-07,1.5e-10,0.000690764979804362,27296198.493642487,0.0,0.0,27296198.493642487,0.0,0.0,0.0,1137144180306.8533,-2954.8856074058854,62.70772770030481,509.4820057916535,825.5010468120441,-2861.4950676855756,-1369.8346239617333,-245.01394245331937,380.196520247642,5815.7232354989055,5868.631902306244,0.0005274280118086268
2512,3.413524811705455e-07,1.5e-10,0.0006917079644897686,27308198.493642487,0.0,0.0,27308198.493642487,0.0,0.0,0.0,1136734376592.2202,-2921.345531217709,139.25323143234365,539.8456824383229,884.6385424166479,-2823.9375681748293,-1387.4053999738494,-213.1080361900385,341.87048161925793,5744.5163849371165,5809.904139099655,0.0005282994974294918
2513,3.415024811705455e-07,1.5e-10,0.0006926657800772198,27320198.49364249,0.0,0.0,27320198.493642487,0.0,0.0,0.0,1136993770791.445,-2973.2885382312916,86.036545350887,576.3240238753028,822.2255527061158,-2880.1018454441014,-1342.102215349335,-213.55476858774435,428.24548441142383,5852.996418470831,5904.170068370046,0.0005291851229397473
2514,3.416524811705455e-07,1.5e-10,0.000693622403435131,27332198.49364249,0.0,0.0,27332198.493642487,0.0,0.0,0.0,1136649983286.915,-2957.0805047294257,82.70844001674767,558.9967190632008,808.0900322997218,-2886.0758229343674,-1398.2995362856363,-174.9229528306997,383.3361944331712,5842.416022154042,5898.766895086137,0.0005300699379740102
2515,3.4180248117054553e-07,1.5e-10,0.0006945873958207846,27344198.49364249,0.0,0.0,27344198.493642487,0.0,0.0,0.0,1137395563670.8853,-2984.8295412845696,76.93787785243507,571.441683511358,802.5600982911908,-2915.2480772351937,-1408.4824321914723,-154.70559664432812,420.7079628714051,5899.3264650455185,5953.787226783988,0.0005309630060580277
2516,3.4195248117054555e-07,1.5e-10,0.0006955476488031886,27356198.493642487,0.0,0.0,27356198.493642487,0.0,0.0,0.0,1137966582965.5225,-2952.799789549654,67.9096128910642,545.7325716763622,778.7325476159398,-2919.5397208740587,-1392.9506752692498,-180.9691406890049,449.08689784656946,5871.981648891543,5921.332864216582,0.0005318512059876603
2517,3.4210248117054556e-07,1.5e-10,0.0006965068487435151,27368198.49364249,0.0,0.0,27368198.493642487,0.0,0.0,0.0,1138080520094.6033,-2932.5260579143865,80.01610476249304,559.8665910661138,793.5629991400328,-2932.143411588936,-1409.3785576119715,-194.8489045287131,467.5595525330415,5864.064729014845,5914.734703142726,0.0005327384161931317
2518,3.4225248117054557e-07,1.5e-10,0.0006974660549937788,27380198.493642487,0.0,0.0,27380198.493642487,0.0,0.0,0.0,1138207078324.6643,-2964.4441963189406,113.4646375174898,553.4641719395212,814.2656080437357,-2895.693597736836,-1433.3342131909299,-189.31178634736014,436.0299954384106,5858.642479276861,5915.551005085648,0.0005336257488438945
2519,3.424024811705456e-07,1.5e-10,0.0006984335033793376,27392198.493642487,0.0,0.0,27392198.493642487,0.0,0.0,0.0,1138330885276.496,-2996.6450057381303,89.99029267105222,502.3457656630063,769.4872613652279,-2928.8328205884686,-1431.6601404019004,-174.01350263518873,459.1415015656553,5915.729478889297,5969.363247484712,0.0005345211533310172
2520,3.425524811705456e-07,1.5e-10,0.0006994001610706026,27404198.49364249,0.0,0.0,27404198.493642487,0.0,0.0,0.0,1138472604460.2073,-3013.0436717732127,99.94974675758812,493.41107131457113,773.2593324549432,-2899.683785364815,-1436.3270161389835,-156.32386647215526,453.31063454439925,5911.558458085461,5964.022309905034,0.0005354157566775029
2521,3.427024811705456e-07,1.5e-10,0.0007003580697576673,27416198.493642487,0.0,0.0,27416198.493642487,0.0,0.0,0.0,1138733837440.1187,-2957.6427423521686,149.6932471950726,532.1712346877425,799.2608610801796,-2893.1612640523717,-1418.9688916614998,-147.9886819909766,454.7432742562268,5849.856259228089,5906.367836618737,0.0005363017118529957
2522,3.428524811705456e-07,1.5e-10,0.0007013425385120364,27428198.49364249,0.0,0.0,27428198.493642487,0.0,0.0,0.0,1139235220533.107,-3076.425944150812,124.70889953396626,519.5443081532202,800.9948501905561,-2955.0438922831872,-1408.8593417087168,-163.337083332526,500.7214859695622,6030.48491773488,6080.991806733489,0.0005372138606240057
2523,3.430024811705456e-07,1.5e-10,0.0007023149375800337,27440198.49364249,0.0,0.0,27440198.493642487,0.0,0.0,0.0,1139296038211.7656,-2995.6187114316385,133.1541357627032,521.8630323334987,782.4176529372654,-2955.329878939231,-1436.9469407013628,-167.71022707761702,491.58154476197296,5949.941323363406,6002.122609537649,0.0005381141790154364
2524,3.4315248117054564e-07,1.5e-10,0.0007032851918294241,27452198.49364249,0.0,0.0,27452198.493642487,0.0,0.0,0.0,1139842859705.0776,-2985.7266344363084,115.12559972482195,521.4785476863455,774.6287793015791,-2950.734749880695,-1446.0609198543987,-129.54720937260828,477.1354434904318,5935.387553261642,5988.448285991799,0.0005390124462583351
2525,3.4330248117054565e-07,1.5e-10,0.0007042591840139969,27464198.493642487,0.0,0.0,27464198.493642487,0.0,0.0,0.0,1140791159966.1592,-3011.400379548594,134.1148415954282,501.3088527557141,798.6645194179814,-2947.719755115272,-1442.3800221441452,-108.53170681274257,472.21037389514805,5957.980571924129,6013.202512284297,0.0005399144266351778
2526,3.4345248117054566e-07,1.5e-10,0.0007052404842382724,27476198.493642487,0.0,0.0,27476198.493642487,0.0,0.0,0.0,1141711117249.1187,-3061.5409732204325,125.46597397826982,515.8760434657236,812.888089514808,-2946.2960768778266,-1428.912629114696,-105.20187220607507,488.41787884170253,6006.643380064286,6060.819768422734,0.0005408235496004412
2527,3.4360248117054567e-07,1.5e-10,0.000706220392838639,27488198.493642487,0.0,0.0,27488198.493642487,0.0,0.0,0.0,1142531225367.0618,-3021.2156174260003,114.95426630805451,500.20788605385644,782.5664624568728,-2979.3266896487808,-1452.4463427263615,-104.74806599269878,485.7019888212291,5999.70259018127,6052.483004965078,0.0005417314220511859
2528,3.437524811705457e-07,1.5e-10,0.0007072096398456345,27500198.49364249,0.0,0.0,27500198.493642487,0.0,0.0,0.0,1143290342382.8342,-3079.532907619508,112.62280032633404,480.6410952730907,749.9233826630231,-2984.1452889493,-1446.6865392533552,-96.22180933247435,469.19065328232324,6063.194357463197,6114.169499732282,0.0005426485474761458
2529,3.439024811705457e-07,1.5e-10,0.0007081986779699674,27512198.493642487,0.0,0.0,27512198.493642487,0.0,0.0,0.0,1144128725700.8652,-3046.3029590946703,95.91103893644959,498.182391266936,737.3260328568796,-3020.6914305473247,-1405.8188458713407,-101.47431208308497,503.12364619241583,6066.078646126566,6112.015954869861,0.0005435653498693763
2530,3.440524811705457e-07,1.5e-10,0.0007092034768310677,27524198.49364249,0.0,0.0,27524198.493642487,0.0,0.0,0.0,1144729160526.5203,-3083.125097671747,86.48510226844931,471.8446879233989,743.957326815547,-3088.7004875777357,-1410.259765075942,-84.44665553530012,459.3728326342057,6170.850522868197,6218.095965612188,0.0005444980642642181
2531,3.442024811705457e-07,1.5e-10,0.0007102021351852245,27536198.49364249,0.0,0.0,27536198.493642487,0.0,0.0,0.0,1145323042205.2302,-3096.081601350522,115.2856579802207,484.842260567244,763.8658672316147,-3030.628113592098,-1428.9375427719208,-68.79533813530038,468.78333606151665,6125.67745155953,6176.7468006476465,0.0005454245762843153
2532,3.443524811705457e-07,1.5e-10,0.0007112070465118144,27548198.493642487,0.0,0.0,27548198.493642487,0.0,0.0,0.0,1146131492394.7527,-3152.086596643142,105.15166773305538,476.0131146225281,736.3098135449076,-3019.0956334149996,-1412.0063961798817,-65.82480970758645,502.52024248262904,6170.21520558051,6216.852499804331,0.0005463571041592859
2533,3.4450248117054574e-07,1.5e-10,0.0007122051221072585,27560198.49364249,0.0,0.0,27560198.493642487,0.0,0.0,0.0,1146628883973.7942,-3113.4395687965607,81.42679712893161,476.508049651481,687.4285322175143,-3015.240944771344,-1438.8738637640786,-64.30648709415044,515.8272990637104,6127.75441243385,6172.0385527959,0.0005472829099422053
2534,3.4465248117054575e-07,1.5e-10,0.0007132067299826165,27572198.493642487,0.0,0.0,27572198.493642487,0.0,0.0,0.0,1147475819867.206,-3127.0117252046416,83.53072271588039,410.1030501736654,685.022374598312,-3026.833792788305,-1448.7343081128995,-87.65988453862326,526.0697247786777,6153.045201693677,6195.313663768541,0.0005482122069917706
2535,3.4480248117054576e-07,1.5e-10,0.0007142046624688184,27584198.493642487,0.0,0.0,27584198.493642487,0.0,0.0,0.0,1147849331300.8772,-3085.8474184239262,96.75542579383239,404.26394034229577,658.5882806409338,-3041.86776459535,-1504.9841008596545,-82.88615030030836,507.18914085932914,6127.554434942692,6172.900368047219,0.0005491381420469777
2536,3.4495248117054577e-07,1.5e-10,0.0007152036908775551,27596198.49364249,0.0,0.0,27596198.493642487,0.0,0.0,0.0,1148293772885.8171,-3107.716197034512,116.9827822440192,443.874084145298,676.8072550443172,-3025.0263748859816,-1512.4928460700785,-69.98365569338158,544.5912655129756,6132.669049558349,6179.087272091941,0.0005500650051377915
2537,3.451024811705458e-07,1.5e-10,0.0007161874998537366,27608198.49364249,0.0,0.0,27608198.493642487,0.0,0.0,0.0,1148491526299.7058,-3064.32462138926,103.98762032620466,432.84832198574264,651.5273983056697,-2968.216867859135,-1522.8695916184404,-81.18152010722395,534.6746316413036,6031.742799204311,6078.257361918353,0.0005509767437420793
2538,3.452524811705458e-07,1.5e-10,0.0007171905362495357,27620198.49364249,0.0,0.0,27620198.493642487,0.0,0.0,0.0,1149487042177.6145,-3112.9958114129754,174.3642720631585,419.78469593243483,689.7259721618002,-3043.1250048631664,-1531.23542003805,-81.32412827874985,525.1617753732912,6155.685734996662,6206.475941970864,0.000551907715133375
2539,3.454024811705458e-07,1.5e-10,0.0007181969446818865,27632198.49364249,0.0,0.0,27632198.493642487,0.0,0.0,0.0,1149432413095.7913,-3140.082819056801,150.71496263211736,421.9834735773769,669.8327687140974,-3041.4869176720567,-1519.2792431333867,-82.14267867578864,549.2903246750863,6181.038776431545,6227.939068438326,0.0005528419059936407
2540,3.455524811705458e-07,1.5e-10,0.000719212789331727,27644198.493642487,0.0,0.0,27644198.493642487,0.0,0.0,0.0,1149994686472.774,-3154.875361004305,148.7770339995,407.7879906472043,663.2546882262205,-3090.045348550915,-1543.4347691526025,-80.73872189434796,544.5836551392703,6244.410593983485,6291.598239496624,0.0005537856457295652
2541,3.4570248117054583e-07,1.5e-10,0.0007202144490332168,27656198.493642487,0.0,0.0,27656198.493642487,0.0,0.0,0.0,1150577633075.8416,-3121.356190097057,131.45456670088942,390.18492186481967,610.8711913374789,-3033.12884046841,-1495.0593973480168,-53.03553219620713,555.0680828947436,6153.970171191193,6196.140430562335,0.0005547150667941495
2542,3.4585248117054584e-07,1.5e-10,0.00072122367113282,27668198.49364249,0.0,0.0,27668198.493642487,0.0,0.0,0.0,1151202490201.8508,-3149.340126394988,164.3116521661274,405.7138030377307,670.5613162767285,-3051.28569728461,-1488.7399758098961,-40.87606715669609,566.4341906192476,6200.4156847600525,6245.757280275492,0.0005556519303861908
2543,3.4600248117054585e-07,1.5e-10,0.0007222234941506646,27680198.493642487,0.0,0.0,27680198.493642487,0.0,0.0,0.0,1152289414021.8328,-3132.45261230524,154.28877934411753,405.7339297730602,672.02293860924,-3005.567722295083,-1489.1490829984186,-86.95101608783929,547.9394910574435,6137.5463266203715,6183.327915272076,0.0005565794295734817
2544,3.4615248117054586e-07,1.5e-10,0.0007232299977998044,27692198.493642487,0.0,0.0,27692198.493642487,0.0,0.0,0.0,1152887377400.639,-3170.243519712358,134.65100373961752,422.3114129655609,655.8776226301308,-3013.7700895127846,-1461.9435209363382,-64.02168328309199,544.0842940567477,6183.7259415787685,6227.3379517099875,0.0005575135302662382
2545,3.4630248117054587e-07,1.5e-10,0.0007242414111815572,27704198.49364249,0.0,0.0,27704198.493642487,0.0,0.0,0.0,1153132399386.3489,-3188.3544110835833,181.5621084053838,421.13913404338314,665.006789426391,-3025.6820384798907,-1460.9689210702118,-68.19279277738718,532.3259656321525,6213.6700359306715,6260.0247519593495,0.0005584525339790321
2546,3.464524811705459e-07,1.5e-10,0.000725253415327932,27716198.493642487,0.0,0.0,27716198.493642487,0.0,0.0,0.0,1154013992062.3333,-3154.6558537450683,145.58213973950828,424.30758607255643,627.6059721779998,-3066.282593929807,-1467.5613145259497,-54.883439915440896,504.50956248452206,6220.568267283019,6265.2636781956035,0.0005593923235307615
2547,3.466024811705459e-07,1.5e-10,0.0007262601553793027,27728198.49364249,0.0,0.0,27728198.493642487,0.0,0.0,0.0,1155183776426.3154,-3179.164699858898,119.42102730012705,454.58917206761896,610.9356887844237,-3007.5994134989846,-1456.8548588280776,-19.913026962213475,536.172525094194,6186.439843154819,6229.48850097306,0.0005603267468059074
2548,3.467524811705459e-07,1.5e-10,0.0007272740527553103,27740198.49364249,0.0,0.0,27740198.493642487,0.0,0.0,0.0,1156313988768.885,-3203.517334062291,135.78167271233428,425.3349798839501,624.3936843524277,-3029.943387091044,-1451.0407088418035,-36.499985865017926,508.13137694862706,6233.0632443023915,6277.113257074174,0.0005612683137944685
2549,3.469024811705459e-07,1.5e-10,0.0007282889903063369,27752198.49364249,0.0,0.0,27752198.493642487,0.0,0.0,0.0,1157192322380.3105,-3191.0066215770644,144.22358592500382,455.57180155097865,628.3105823450667,-3049.875743858662,-1457.5421693509631,-25.33154455617821,555.1340618647711,6240.431095658658,6283.596296588967,0.0005622108532389568
2550,3.4705248117054593e-07,1.5e-10,0.0007293140903561991,27764198.493642487,0.0,0.0,27764198.493642487,0.0,0.0,0.0,1158343512585.4348,-3219.327072640539,141.98778738839286,500.0094340319999,650.6519790753978,-3086.985002448141,-1474.5663073954943,-53.5113352952378,531.786673631472,6306.265022719449,6351.942361065553,0.0005631636445931166
2551,3.4720248117054594e-07,1.5e-10,0.0007303377510039827,27776198.49364249,0.0,0.0,27776198.493642487,0.0,0.0,0.0,1159393071552.366,-3207.647343623684,146.2737989440267,485.895242028047,646.568008633935,-3090.374915099229,-1465.252817044832,-63.64102786472733,538.8777244268065,6297.634821226879,6342.037355150292,0.0005641149501963891
2552,3.4735248117054595e-07,1.5e-10,0.0007313587214334271,27788198.493642487,0.0,0.0,27788198.493642487,0.0,0.0,0.0,1160257170308.4639,-3198.171278236276,187.79929592985275,482.15547405472273,662.7733497745853,-3079.3320213472552,-1483.2861256008227,-70.55856311893432,564.3080150545417,6277.432564643119,6323.788323015447,0.0005650635184448414
2553,3.4750248117054596e-07,1.5e-10,0.0007323818178089619,27800198.49364249,0.0,0.0,27800198.493642487,0.0,0.0,0.0,1161348038498.8499,-3214.7624017103494,175.5754334041478,446.14157329782097,642.4367892240722,-3078.0990804870503,-1521.5578344094852,-77.36206908788232,567.9849631506456,6292.490854365095,6338.351740053652,0.0005660142712058494
2554,3.47652481170546e-07,1.5e-10,0.0007334114900832407,27812198.493642487,0.0,0.0,27812198.493642487,0.0,0.0,0.0,1162046119109.8086,-3249.7818650319678,184.70139426803874,464.11801486779166,636.0279826284675,-3086.9857047874943,-1523.4792578154002,-63.505367629194076,596.8931967929449,6336.435393453498,6381.603814774567,0.0005669715117780657
2555,3.47802481170546e-07,1.5e-10,0.0007344428420646634,27824198.49364249,0.0,0.0,27824198.493642487,0.0,0.0,0.0,1162885301496.172,-3226.1320006827605,212.8714929466085,455.6360048724574,664.2385207538291,-3110.3899742535473,-1541.1430543183928,-55.507440770639455,583.4297595899938,6348.908225930644,6393.4554526994125,0.0005679305300959706
2556,3.47952481170546e-07,1.5e-10,0.0007354780792091397,27836198.49364249,0.0,0.0,27836198.493642487,0.0,0.0,0.0,1163496003136.8447,-3285.719628239072,217.4512892785584,417.66853194937715,672.4942509041418,-3085.215611724181,-1522.797922683201,-101.30379733039717,567.4844665484856,6370.590516292804,6418.789560196884,0.0005688933485300001
2557,3.48102481170546e-07,1.5e-10,0.0007365158865834274,27848198.493642487,0.0,0.0,27848198.493642487,0.0,0.0,0.0,1164115474696.4866,-3340.8804993439267,242.91845301023733,452.20059639727316,694.8377106943135,-3042.6168381935217,-1494.2559844372036,-50.59765911017588,548.1200210742674,6383.166593617442,6435.927174764854,0.0005698587376062148
2558,3.48252481170546e-07,1.5e-10,0.0007375573298711834,27860198.49364249,0.0,0.0,27860198.493642487,0.0,0.0,0.0,1164416952795.889,-3339.3455313818076,216.10814014189407,419.53971488394376,670.6260446539152,-3074.3763577802292,-1483.9286112781665,-79.44257417715046,599.1001853095802,6413.400062859445,6458.95561191464,0.000570827580948002
2559,3.4840248117054603e-07,1.5e-10,0.0007385936083546805,27872198.493642487,0.0,0.0,27872198.493642487,0.0,0.0,0.0,1164538381170.6914,-3315.5707951809763,278.3265254696745,481.9122326421795,672.3439054540015,-3058.491232125056,-1537.2529076932176,-64.87393889094784,593.6911402460621,6372.0983642740985,6425.7304584337735,0.0005717914405167671
2560,3.4855248117054604e-07,1.5e-10,0.0007396413954346194,27884198.493642487,0.0,0.0,27884198.493642487,0.0,0.0,0.0,1164471861500.7012,-3315.3104828915025,224.51441013305848,471.7468894008429,640.445055826681,-3141.3569115977543,-1541.1610439567262,-100.33675291681894,620.3086517982513,6456.349568068176,6501.840320852633,0.000572766716564895
2561,3.4870248117054605e-07,1.5e-10,0.000740689941815893,27896198.49364249,0.0,0.0,27896198.493642487,0.0,0.0,0.0,1165205734328.5933,-3339.288522819852,250.08563864143946,516.005911107962,678.5787070168344,-3116.577739623854,-1511.8674429993596,-85.37905050704595,552.0657428563909,6455.55996217421,6507.569807681135,0.0005737428520360472
2562,3.4885248117054606e-07,1.5e-10,0.0007417422304090651,27908198.49364249,0.0,0.0,27908198.493642487,0.0,0.0,0.0,1166048545370.9702,-3301.6147569831537,274.31458972855285,508.5869657934233,690.3299512621279,-3182.303897532209,-1473.236789072703,-84.87796393238999,611.023883954569,6483.57085203597,6531.520948160276,0.0005747225801782713
2563,3.490024811705461e-07,1.5e-10,0.0007427963125328245,27920198.493642487,0.0,0.0,27920198.493642487,0.0,0.0,0.0,1165694811699.2239,-3363.0624393111843,291.3820088703031,529.386856016812,707.4888937157667,-3128.1749832423793,-1494.3735816931735,-94.75899656201827,585.1078730585893,6490.785581522664,6543.835239081371,0.0005757041554641334
2564,3.491524811705461e-07,1.5e-10,0.0007438373188180195,27932198.49364249,0.0,0.0,27932198.493642487,0.0,0.0,0.0,1165237024436.2322,-3307.6736842533055,290.76214198473775,557.3960104957581,668.9827398495536,-3096.6444899540315,-1525.8357705061346,-175.2195053222418,587.1041587528894,6405.873863999301,6457.002676125775,0.0005766727058655523
2565,3.493024811705461e-07,1.5e-10,0.0007448845434468831,27944198.49364249,0.0,0.0,27944198.493642487,0.0,0.0,0.0,1165061106103.0144,-3331.5047992298078,291.7669030142914,587.8911195875866,686.5619166301775,-3115.169309496122,-1495.5016409677976,-148.78899926111913,608.0109659716369,6446.828555455707,6497.876130058217,0.000577647387285061
2566,3.494524811705461e-07,1.5e-10,0.0007459426339871816,27956198.493642487,0.0,0.0,27956198.493642487,0.0,0.0,0.0,1165484902807.547,-3331.2811950392397,286.8979565313403,593.197255708886,698.5685760698045,-3189.302829141933,-1477.0376119666137,-161.80584892448948,587.6371567069166,6520.145796234709,6570.4148089154005,0.0005786329495063984
2567,3.496024811705461e-07,1.5e-10,0.0007469942428478479,27968198.49364249,0.0,0.0,27968198.493642487,0.0,0.0,0.0,1166130973724.946,-3330.9349817364664,253.4168960030112,575.3890387911023,654.7951507539478,-3148.957249573832,-1499.3699343736985,-186.63581348294912,587.903943333483,6479.967489335139,6527.092895385208,0.0005796120134407061
2568,3.4975248117054613e-07,1.5e-10,0.0007480522753813232,27980198.493642487,0.0,0.0,27980198.493642487,0.0,0.0,0.0,1166974109104.1904,-3346.04975557595,296.06047033575464,562.1090697955158,713.9599054331204,-3171.272735908659,-1461.8799902379076,-162.77002503333745,566.2676781123521,6519.401799482388,6569.956198650898,0.0005805975068705038
2569,3.4990248117054614e-07,1.5e-10,0.0007491219922091298,27992198.493642487,0.0,0.0,27992198.493642487,0.0,0.0,0.0,1167165873337.83,-3402.2260864740456,295.315784464152,575.0875772099419,720.5260106325825,-3200.6803841600768,-1463.8117701822257,-134.1266853237827,575.73245312038,6592.449537271147,6647.677345439977,0.0005815946584723198
2570,3.5005248117054615e-07,1.5e-10,0.0007501749724004253,28004198.49364249,0.0,0.0,28004198.493642487,0.0,0.0,0.0,1167390861283.4485,-3342.227772662722,283.4452654632592,583.9004344484075,720.3897978343414,-3142.620160408355,-1410.8967834366865,-181.97178363967006,558.6246380703324,6486.848119031205,6535.724704450596,0.0005825750171779874
2571,3.5020248117054617e-07,1.5e-10,0.0007512378991920136,28016198.493642487,0.0,0.0,28016198.493642487,0.0,0.0,0.0,1167878470350.0374,-3314.1111317236355,295.6913560599509,612.2999877481075,734.9239252586462,-3238.1901262474285,-1406.857800745108,-142.239731457479,567.7341405914035,6552.444414218753,6602.8964451669735,0.0005835654516447625
2572,3.503524811705462e-07,1.5e-10,0.0007523023192114288,28028198.49364249,0.0,0.0,28028198.493642487,0.0,0.0,0.0,1168871498969.6267,-3323.6489475539615,268.84204242305026,629.3690207369956,702.7356050697615,-3240.136123658101,-1399.481804063547,-164.49242939737195,542.9187299484917,6564.947749564562,6612.641943834241,0.0005845573479363376
2573,3.505024811705462e-07,1.5e-10,0.000753359372448585,28040198.49364249,0.0,0.0,28040198.493642487,0.0,0.0,0.0,1169672483182.6858,-3313.5861729864296,264.33313562035084,626.7418888221042,702.9846178506709,-3202.334747183527,-1421.2711192901952,-184.32002865174488,582.9387161074644,6516.0647070575615,6563.079633006061,0.0005855418098812885
2574,3.506524811705462e-07,1.5e-10,0.0007544208717492869,28052198.493642487,0.0,0.0,28052198.493642487,0.0,0.0,0.0,1170722412652.6921,-3352.2784321679133,302.3147934312242,645.9090784137305,725.9757028076347,-3192.220568353142,-1383.829070077226,-192.85753877281036,619.0906542919363,6544.661415516833,6592.135052770677,0.0005865306301392041
2575,3.508024811705462e-07,1.5e-10,0.0007554836957275452,28064198.493642487,0.0,0.0,28064198.493642487,0.0,0.0,0.0,1171219255334.0447,-3320.355245972303,275.9024324702712,651.051294524506,739.0499336216034,-3231.911332890019,-1404.5108309425452,-186.989334800501,564.608080419434,6552.378018630165,6601.975802301602,0.0005875209265095493
2576,3.509524811705462e-07,1.5e-10,0.0007565412547620259,28076198.49364249,0.0,0.0,28076198.493642487,0.0,0.0,0.0,1172121830302.7715,-3366.4857358258027,248.47338709798183,717.9713328788573,728.6223260000157,-3149.463083410002,-1394.8822710494546,-165.79750776256137,570.4531346454773,6516.228936811194,6566.7460822714675,0.00058850593842189
2577,3.5110248117054623e-07,1.5e-10,0.0007576059253328551,28088198.493642487,0.0,0.0,28088198.493642487,0.0,0.0,0.0,1172609212656.1377,-3295.900819478235,220.06931696812453,703.8913654636002,710.0357733560936,-3270.7253548237136,-1480.3682422581257,-233.4341175107965,561.1710801915227,6566.762832783184,6615.570276376858,0.0005894982739633465
2578,3.5125248117054624e-07,1.5e-10,0.0007586883814067721,28100198.49364249,0.0,0.0,28100198.493642487,0.0,0.0,0.0,1173347495812.0195,-3450.5544375414293,206.25855183956614,654.9822606088925,766.4035864698518,-3232.911420403542,-1442.555030899659,-266.96004741501287,538.5596912810365,6683.545060290242,6732.247617509076,0.0005905081111059728
2579,3.5140248117054626e-07,1.5e-10,0.0007597595049376765,28112198.49364249,0.0,0.0,28112198.493642487,0.0,0.0,0.0,1172730161240.2795,-3385.9885260289966,219.5190840450031,689.9775005635979,795.4585018772577,-3221.2748490571385,-1383.538140478638,-275.5370980483915,523.923701596591,6607.228107856685,6656.6974737812025,0.00059150661572704
2580,3.5155248117054627e-07,1.5e-10,0.0007608203737629521,28124198.493642487,0.0,0.0,28124198.493642487,0.0,0.0,0.0,1172903937698.735,-3363.2953940814455,211.70744224196505,692.8099413742502,761.3047828410432,-3176.659968876059,-1406.5234651422838,-288.6711023309028,534.766101302532,6539.944365354429,6588.313780932458,0.0005924948627941799
2581,3.517024811705463e-07,1.5e-10,0.0007618853344278625,28136198.49364249,0.0,0.0,28136198.493642487,0.0,0.0,0.0,1172744332533.0884,-3377.575564590213,217.63071199731021,630.5220464463581,739.9528938802705,-3191.159867314944,-1404.3704484297205,-320.1134610219855,513.9207792789008,6569.339397262397,6615.6807834328,0.0005934872149116948
2582,3.518524811705463e-07,1.5e-10,0.0007629488801014754,28148198.493642487,0.0,0.0,28148198.493642487,0.0,0.0,0.0,1173565607967.913,-3451.83346470058,236.89271241409827,664.4142842101894,728.4346148452202,-3107.772057242845,-1366.806900775067,-309.2032249574167,568.2118041644334,6559.52137062884,6605.483327074686,0.0005944780374107561
2583,3.520024811705463e-07,1.5e-10,0.0007640167853134454,28160198.49364249,0.0,0.0,28160198.493642487,0.0,0.0,0.0,1174036119729.5322,-3406.4365967933722,209.60525773442933,627.6592511753685,731.8310946694338,-3184.9813858360535,-1378.9046088383077,-288.46162243860834,576.7683046181733,6591.65574937966,6634.266213037848,0.0005954731773427118
2584,3.521524811705463e-07,1.5e-10,0.0007650766297553378,28172198.493642487,0.0,0.0,28172198.493642487,0.0,0.0,0.0,1173856751977.884,-3403.5210092218967,213.35560612185225,645.3648754365007,745.1320371390744,-3128.9738426595136,-1444.838275164234,-307.9510602001683,533.5717929730934,6532.549213890674,6581.798559838922,0.0005964604471266876
2585,3.523024811705463e-07,1.5e-10,0.0007661442794060729,28184198.493642487,0.0,0.0,28184198.493642487,0.0,0.0,0.0,1174039646527.79,-3433.515332981409,233.4123551489984,654.9742491395292,827.4995258655886,-3145.6375406388097,-1451.9689404554424,-289.1578525270288,532.5414992730741,6579.179630192607,6634.355980936896,0.0005974556005238281
2586,3.5245248117054633e-07,1.5e-10,0.0007672130252869689,28196198.493642487,0.0,0.0,28196198.493642487,0.0,0.0,0.0,1174060531177.924,-3460.2974819984147,178.00578502288326,616.6672719120438,784.8431610689576,-3131.2503083756283,-1438.8920899739655,-289.8045974025826,528.634352114163,6591.525964541629,6641.176849726216,0.0005984517770512871
2587,3.5260248117054635e-07,1.5e-10,0.0007683027132090173,28208198.49364249,0.0,0.0,28208198.493642487,0.0,0.0,0.0,1173903203284.938,-3465.148013985159,238.12283072899106,667.4848863034287,808.7742831114613,-3263.8206517135513,-1449.6287875597066,-259.3967617703388,552.8117349461311,6728.4522866424495,6780.621964299274,0.000599468870345932
2588,3.5275248117054636e-07,1.5e-10,0.0007693751700349323,28220198.493642487,0.0,0.0,28220198.493642487,0.0,0.0,0.0,1173626051442.0547,-3420.0274570905935,241.1758095924638,570.425431403419,773.3849098656038,-3193.578345167223,-1511.9155730048162,-301.84216824871254,519.4087585650841,6613.615988630547,6667.269156046618,0.000600468960719339
2589,3.5290248117054637e-07,1.5e-10,0.0007704410157868427,28232198.49364249,0.0,0.0,28232198.493642487,0.0,0.0,0.0,1173631143992.3662,-3370.480233378759,224.33003296080338,602.431325803989,781.4337910948555,-3200.5723916810434,-1477.2318249154018,-269.4359570681757,540.1187719276796,6571.105573126215,6622.3632700563685,0.0006014623152098475
2590,3.530524811705464e-07,1.5e-10,0.0007715230269097076,28244198.49364249,0.0,0.0,28244198.493642487,0.0,0.0,0.0,1173642574127.478,-3443.199574792678,290.99091590266676,593.2351769485656,786.5687699766312,-3231.8748245288443,-1483.0344762642462,-272.8757952913148,522.1326679769996,6675.033217366423,6730.540111750808,0.0006024718962266101
2591,3.532024811705464e-07,1.5e-10,0.0007726045710635873,28256198.493642487,0.0,0.0,28256198.493642487,0.0,0.0,0.0,1174487742978.9673,-3426.3528660021407,287.66269609557065,580.3835644512695,768.6485704642598,-3248.331614574555,-1449.078673030662,-253.7928597775511,531.8768538106054,6674.621508312031,6726.761558557864,0.0006034809104603938
2592,3.533524811705464e-07,1.5e-10,0.00077368957433713,28268198.49364249,0.0,0.0,28268198.493642487,0.0,0.0,0.0,1174789040306.4314,-3422.060447065308,296.70236052062535,575.8809415501901,782.3263093913122,-3276.9104977860675,-1401.3311655497234,-247.50112547308314,538.053297344226,6698.9135025592495,6749.457985870967,0.0006044933291582744
2593,3.535024811705464e-07,1.5e-10,0.0007747639700030037,28280198.493642487,0.0,0.0,28280198.493642487,0.0,0.0,0.0,1175177076297.216,-3377.5345431132087,304.93214180906267,542.7214827643437,762.3037681997682,-3253.5943245925137,-1371.0041091011303,-301.5756233071352,534.060061082761,6630.998353412032,6678.950234791203,0.0006054951716934931
2594,3.536524811705464e-07,1.5e-10,0.0007758507973661795,28292198.493642487,0.0,0.0,28292198.493642487,0.0,0.0,0.0,1176075307451.1804,-3437.551896057702,321.1724998843765,549.4268171063591,755.0070533643568,-3273.6283574011586,-1411.7381888352436,-301.2956676865292,506.26214184141594,6711.025052767651,6762.202407709945,0.0006065095020546497
2595,3.5380248117054644e-07,1.5e-10,0.0007769394967527373,28304198.49364249,0.0,0.0,28304198.493642487,0.0,0.0,0.0,1176771450332.212,-3484.821166277077,297.50578028143343,597.4169403828491,765.7042483771575,-3239.1778478405463,-1389.5347339761959,-309.76006868007954,526.5390371185367,6723.867668457012,6773.753756012078,0.0006075255651180515
2596,3.5395248117054645e-07,1.5e-10,0.0007780235454719599,28316198.493642487,0.0,0.0,28316198.493642487,0.0,0.0,0.0,1176931024261.598,-3461.352162313854,266.8371935631683,626.3930600955392,736.1609878722537,-3234.6780138908507,-1386.2759399220902,-316.0599484795411,541.8731625624943,6695.944136873201,6742.276200735207,0.0006085369065481618
2597,3.5410248117054646e-07,1.5e-10,0.0007791063577287506,28328198.493642487,0.0,0.0,28328198.493642487,0.0,0.0,0.0,1177222910945.1675,-3472.869438588779,277.8585182489604,641.364382369221,768.2811891457781,-3212.174972770485,-1385.308842610251,-316.30324710475855,539.6092359146757,6684.914346968651,6734.221580672385,0.0006095470397852626
2598,3.5425248117054647e-07,1.5e-10,0.0007801909540941418,28340198.49364249,0.0,0.0,28340198.493642487,0.0,0.0,0.0,1177701845975.3152,-3456.5280334102936,311.53492486461,648.4900269646545,773.5773637936659,-3216.514825025559,-1432.92692052014,-312.4990293088545,559.050195995463,6704.843099509152,6746.628008814497,0.0006105590339865848
2599,3.544024811705465e-07,1.5e-10,0.0007812922446515764,28352198.49364249,0.0,0.0,28352198.493642487,0.0,0.0,0.0,1177961146050.1233,-3506.779741977734,314.7254967894951,625.9489141783577,769.7842099866247,-3299.9108525051493,-1451.6065185617897,-362.7267542976568,537.1133100702968,6806.454036892244,6858.357668738384,0.0006115877876368956
2600,3.545524811705465e-07,1.5e-10,0.0007823767021845016,28364198.493642487,0.0,0.0,28364198.493642487,0.0,0.0,0.0,1178413282222.96,-3467.1778777731943,264.42765930634516,608.2587227141946,730.1945378252241,-3231.6553155990755,-1445.5575770061055,-339.5086449429968,569.0413676941182,6698.566437104504,6745.3984868461885,0.0006125995974099226
2601,3.547024811705465e-07,1.5e-10,0.0007834577585474828,28376198.49364249,0.0,0.0,28376198.493642487,0.0,0.0,0.0,1179058935078.0315,-3474.23222411103,287.3869980308054,609.6400001915374,742.2732322909834,-3198.3770855439197,-1472.9831810688986,-313.73334596966106,570.6958222242074,6672.289175705503,6723.108907866248,0.0006136080637461024
2602,3.548524811705465e-07,1.5e-10,0.0007845538649277285,28388198.493642487,0.0,0.0,28388198.493642487,0.0,0.0,0.0,1179500508666.0923,-3485.75856052688,307.6945968618206,592.6388378592897,763.6376836103125,-3287.897531728327,-1471.5547823132301,-329.01621451299036,586.4332306653228,6773.359019585731,6823.465408993275,0.0006146315835574514
2603,3.550024811705465e-07,1.5e-10,0.0007856556703938767,28400198.493642487,0.0,0.0,28400198.493642487,0.0,0.0,0.0,1179029889271.2778,-3505.007258489303,289.89803932670463,605.0569295911982,763.6675369901753,-3305.2474114390466,-1509.2723662543704,-316.3993589003109,563.4507222106389,6809.885278799974,6861.886278219868,0.0006156608664991844
2604,3.5515248117054654e-07,1.5e-10,0.0007867631647601628,28412198.49364249,0.0,0.0,28412198.493642487,0.0,0.0,0.0,1179432678670.351,-3548.916497150452,267.49932562140305,609.9650409229123,748.0404384817641,-3301.4988318955634,-1507.608852915158,-362.95352829913867,565.7533094418184,6850.056654402586,6899.646985732288,0.0006166958135470443
2605,3.5530248117054655e-07,1.5e-10,0.0007878687173122065,28424198.493642487,0.0,0.0,28424198.493642487,0.0,0.0,0.0,1179743861336.59,-3514.356767777775,303.2822130387768,617.9831667681866,778.6779541443502,-3319.733692860856,-1525.404954150999,-350.8141874377899,567.7884934402126,6833.736016077886,6887.225198222039,0.0006177288973267776
2606,3.5545248117054656e-07,1.5e-10,0.0007889859351915622,28436198.49364249,0.0,0.0,28436198.493642487,0.0,0.0,0.0,1180204050719.2825,-3473.493901336567,318.51444589485703,619.0262714739872,804.0572509448969,-3384.6687422840214,-1617.5613417729676,-373.1024845176982,563.9477778417628,6933.922772063709,6967.342918663648,0.0006187739987645771
2607,3.5560248117054657e-07,1.5e-10,0.0007901049461005434,28448198.493642487,0.0,0.0,28448198.493642487,0.0,0.0,0.0,1180162099219.8862,-3543.87538386277,283.4544987757117,650.884419786788,771.8740985506205,-3379.8389040022885,-1590.261286427466,-364.24521269572807,573.0839042911423,6923.180212683439,6977.490148838168,0.0006198206222869029
2608,3.557524811705466e-07,1.5e-10,0.0007912249156213973,28460198.49364249,0.0,0.0,28460198.493642487,0.0,0.0,0.0,1180960321699.5618,-3550.743333108955,308.63849798553696,655.8703172595716,795.1482006799451,-3377.480588583867,-1578.2469245459583,-349.57136412654216,584.348688290126,6927.654458401713,6983.6737492205575,0.000620868173349286
2609,3.559024811705466e-07,1.5e-10,0.0007923432423433482,28472198.493642487,0.0,0.0,28472198.493642487,0.0,0.0,0.0,1181811697320.676,-3535.863894503224,313.0904519945838,601.7206976875833,796.7351649096798,-3382.2305774406414,-1598.2025050239013,-372.4462374296559,593.5234659989025,6917.62822560728,6973.3888104184725,0.0006219141816708487
2610,3.560524811705466e-07,1.5e-10,0.0007934523424103741,28484198.493642487,0.0,0.0,28484198.493642487,0.0,0.0,0.0,1182345766276.3015,-3452.7771992379453,270.1835993195006,587.4628895955286,749.3740232288628,-3410.0773451738787,-1587.2703670955289,-366.4600493073878,610.3225873993928,6862.395641786576,6912.026008570835,0.0006229509855721344
2611,3.562024811705466e-07,1.5e-10,0.0007945724313263528,28496198.493642487,0.0,0.0,28496198.493642487,0.0,0.0,0.0,1183220413349.4194,-3599.9795766661327,286.9443227035904,615.2738108411207,762.9173724332574,-3329.041586470275,-1617.8951377495428,-424.0793314529065,524.4204070239647,6928.431176480518,6986.308293196952,0.0006239989318161139
2612,3.5635248117054663e-07,1.5e-10,0.0007956931032020823,28508198.49364249,0.0,0.0,28508198.493642487,0.0,0.0,0.0,1183235090759.7163,-3586.973821738373,259.852662820222,630.7384111811585,796.828093712399,-3345.269731979115,-1608.351832840418,-385.71412659455217,518.0900303729916,6931.47923372311,6989.766620074342,0.000625047396809125
2613,3.5650248117054664e-07,1.5e-10,0.0007968175796108148,28520198.493642487,0.0,0.0,28520198.493642487,0.0,0.0,0.0,1183617562939.0657,-3508.955775950771,259.53363941827683,683.8968662527245,803.1955593604436,-3451.31325730491,-1594.7937972176012,-399.0884683254975,550.4523519998577,6959.94838894144,7015.021716677649,0.0006260996500666267
2614,3.5665248117054665e-07,1.5e-10,0.0007979437294462063,28532198.49364249,0.0,0.0,28532198.493642487,0.0,0.0,0.0,1183508929375.0007,-3529.7087077700694,204.0474274426781,597.0090584241832,804.1842715179118,-3446.3765208026553,-1567.179047076776,-355.45628213592283,564.2881917228433,6975.377343223091,7025.315093779767,0.0006271534473306936
2615,3.5680248117054666e-07,1.5e-10,0.0007990586340995495,28544198.49364249,0.0,0.0,28544198.493642487,0.0,0.0,0.0,1183846774633.343,-3542.024218436798,201.82725030810593,601.8401768259528,800.7878873844375,-3358.292051597121,-1544.5825758950173,-372.8285552568009,574.554032102823,6900.678516393216,6949.472136351167,0.0006281958681511463
2616,3.5695248117054667e-07,1.5e-10,0.0008001791021522715,28556198.493642487,0.0,0.0,28556198.493642487,0.0,0.0,0.0,1182536750978.6904,-3537.187982597023,215.4737803427111,585.1868640643838,794.3999467762521,-3400.094686949689,-1580.0117044404922,-338.59838927223524,588.4750077760551,6936.950963575295,6986.917741810016,0.0006292439058124177
2617,3.571024811705467e-07,1.5e-10,0.0008012988626212719,28568198.49364249,0.0,0.0,28568198.493642487,0.0,0.0,0.0,1182655135343.6775,-3544.4907467496196,224.58547004096573,582.6525758700639,766.602768266273,-3389.2289506388715,-1543.5761824658473,-340.34904831496914,566.4152099174546,6933.4034983658075,6981.899261640371,0.0006302911907016638
2618,3.572524811705467e-07,1.5e-10,0.000802420948653619,28580198.49364249,0.0,0.0,28580198.493642487,0.0,0.0,0.0,1182878053739.565,-3486.4949689378886,192.4413680875736,607.2689651714114,758.7653563146835,-3464.632270850366,-1578.1584170213375,-367.0204506314103,549.3163629082754,6950.785445384437,6999.202670076749,0.0006313410711021754
2619,3.574024811705467e-07,1.5e-10,0.0008035365514752188,28592198.493642487,0.0,0.0,28592198.493642487,0.0,0.0,0.0,1183288910155.2668,-3487.7218688136445,175.7952991094333,645.3372392837135,717.1771347105823,-3421.5044241175433,-1557.1138269564888,-303.7425758285436,563.2361833255644,6908.854413589095,6954.811542748075,0.0006323842928335876
2620,3.575524811705467e-07,1.5e-10,0.0008046508468610927,28604198.493642487,0.0,0.0,28604198.493642487,0.0,0.0,0.0,1183477076118.6016,-3482.6341860598855,199.00265545261735,659.4469311540527,781.2985390499681,-3412.8768794184643,-1558.6870278432077,-349.607373185523,561.3644180936469,6897.075487548544,6946.075219608869,0.000633426204116529
2621,3.5770248117054673e-07,1.5e-10,0.0008057696019864293,28616198.493642487,0.0,0.0,28616198.493642487,0.0,0.0,0.0,1183696000438.74,-3456.691603042597,156.8976744674386,653.0645990440884,735.7257860059831,-3480.4982981256094,-1532.3114096880101,-337.6850571216527,589.1248327510795,6931.456058593228,6976.178000514398,0.0006344726308166062
2622,3.5785248117054674e-07,1.5e-10,0.0008068942811528552,28628198.493642487,0.0,0.0,28628198.493642487,0.0,0.0,0.0,1184136293924.621,-3474.6945397419677,164.9499994795045,615.2800053677312,741.2844060094025,-3499.038515728975,-1522.7786959061864,-337.61445629974145,579.5690237982134,6972.790530770624,7015.72434774279,0.0006355249894687676
2623,3.5800248117054675e-07,1.5e-10,0.0008080132433796885,28640198.49364249,0.0,0.0,28640198.493642487,0.0,0.0,0.0,1185144978235.4985,-3480.545954475405,182.43624902348395,620.2412334742347,751.989310613677,-3451.231715460603,-1529.3845270290226,-344.57522331499507,538.3600609825828,6930.976733953581,6977.548526791893,0.0006365716217477863
2624,3.5815248117054676e-07,1.5e-10,0.0008091246574583236,28652198.49364249,0.0,0.0,28652198.493642487,0.0,0.0,0.0,1185770429970.0925,-3393.8537395211324,176.3792289394642,655.4601290624552,744.7128151122641,-3491.0709525227126,-1445.27270286936,-289.16440820123864,566.0710993753918,6884.972208623999,6927.551332589592,0.0006376107544476747
2625,3.583024811705468e-07,1.5e-10,0.0008102408444864469,28664198.493642487,0.0,0.0,28664198.493642487,0.0,0.0,0.0,1186618749278.2556,-3387.888838405729,164.98312464693473,612.9391264864527,715.6549213915871,-3531.2327446955096,-1499.9831291500893,-334.4691333953505,553.1848589555833,6918.410923090829,6961.156662229795,0.0006386549279470092
2626,3.584524811705468e-07,1.5e-10,0.0008113680017748541,28676198.49364249,0.0,0.0,28676198.493642487,0.0,0.0,0.0,1187615903625.8538,-3449.7961307542737,193.43216006572496,662.372827367942,754.1888513061451,-3538.9388929582774,-1496.396717718998,-358.7688494470999,557.975051710983,6988.016580540125,7032.920476903918,0.0006397098660185448
2627,3.586024811705468e-07,1.5e-10,0.0008124838716260193,28688198.493642487,0.0,0.0,28688198.493642487,0.0,0.0,0.0,1188559719578.612,-3394.7044069333524,185.10204093029031,698.5777138558344,743.8026032327991,-3519.4744104612955,-1501.272285406229,-366.92465554546476,579.3869349579812,6913.821292609666,6958.11315883313,0.0006407535829923697
2628,3.587524811705468e-07,1.5e-10,0.0008136004662395618,28700198.493642487,0.0,0.0,28700198.493642487,0.0,0.0,0.0,1189465952912.6514,-3390.140476593051,196.3128680463283,715.2537098766524,776.5620192322432,-3526.2747329989425,-1499.4551853159603,-391.2942270321897,550.7226985952427,6915.976905952713,6963.4362599405995,0.0006417980984313609
2629,3.589024811705468e-07,1.5e-10,0.0008147085369002413,28712198.49364249,0.0,0.0,28712198.493642487,0.0,0.0,0.0,1190581915559.6023,-3358.425079734457,236.30700374760454,774.3539336177714,785.7146210592822,-3498.0539207970196,-1445.8094697491088,-355.1217655192589,553.6934838038189,6857.2177160686815,6906.2731110645245,0.0006428340393980205
2630,3.5905248117054683e-07,1.5e-10,0.0008158250533937268,28724198.493642487,0.0,0.0,28724198.493642487,0.0,0.0,0.0,1191269167029.5393,-3394.5501118502925,247.61313438771117,771.1653848264499,797.5689564571747,-3516.411947194405,-1466.3345283186773,-383.42245435576064,511.59034351050656,6910.630654822404,6962.857785535785,0.0006438784680658509
2631,3.5920248117054684e-07,1.5e-10,0.0008169338442074066,28736198.49364249,0.0,0.0,28736198.493642487,0.0,0.0,0.0,1192355268825.785,-3393.3808376369952,234.76464388443966,801.5097826825073,752.8057278637476,-3468.125684376942,-1465.8130749540012,-388.13895085044766,527.7324799583016,6860.973161523118,6910.328739804566,0.0006449150173768216
2632,3.5935248117054685e-07,1.5e-10,0.0008180429787024713,28748198.49364249,0.0,0.0,28748198.493642487,0.0,0.0,0.0,1193634607048.1147,-3363.337954711336,248.6234745557264,820.2794260094628,779.0937446455906,-3501.5239633034575,-1468.0044405906958,-383.77009677965884,526.4271952094456,6860.310374778938,6913.90994515517,0.0006459521038685948
2633,3.5950248117054686e-07,1.5e-10,0.0008191544016469415,28760198.49364249,0.0,0.0,28760198.493642487,0.0,0.0,0.0,1194947914971.7395,-3389.419401449127,229.3680439571985,801.8536737081113,777.4883890415741,-3488.014449311001,-1469.8775093055451,-400.22544906926197,494.84376109011765,6876.98224315125,6928.692585135524,0.0006469914077563651
2634,3.596524811705469e-07,1.5e-10,0.0008202650712284765,28772198.493642487,0.0,0.0,28772198.493642487,0.0,0.0,0.0,1196043303272.6687,-3386.0460840063656,208.75924590575428,852.6969205478607,791.7182448904094,-3485.832830750182,-1478.3534059181782,-418.32726832747784,497.8909607849767,6871.501391276742,6923.839945319701,0.0006480299837481631
2635,3.598024811705469e-07,1.5e-10,0.0008213755461466094,28784198.493642487,0.0,0.0,28784198.493642487,0.0,0.0,0.0,1196671160522.614,-3411.536506758763,179.3118012656425,843.5366851202754,766.7004017266574,-3463.764100337382,-1426.6743243297014,-433.46475089073664,513.9478850997541,6874.794825026728,6920.844398487289,0.0006490681104079362
2636,3.599524811705469e-07,1.5e-10,0.0008224798992970808,28796198.493642487,0.0,0.0,28796198.493642487,0.0,0.0,0.0,1196811559098.135,-3380.4749185478336,194.87065833858577,838.7161818372958,840.0894649251187,-3450.6277643286494,-1404.4441771288168,-437.73536264891015,511.0040945037507,6830.677389793022,6880.294464337427,0.0006501001545775868
2637,3.601024811705469e-07,1.5e-10,0.0008235903594990728,28808198.49364249,0.0,0.0,28808198.493642487,0.0,0.0,0.0,1198005551457.4958,-3386.093104334144,192.0747717953063,839.8621972297257,847.918291464625,-3482.0586673951843,-1376.9837774762889,-429.5476013171237,516.2907139035703,6875.068745324015,6921.093238393158,0.0006511383185633457
2638,3.602524811705469e-07,1.5e-10,0.0008247084462198545,28820198.493642487,0.0,0.0,28820198.493642487,0.0,0.0,0.0,1198550270867.589,-3416.214047400324,152.54172234110342,837.543471168353,808.6977310769154,-3510.2052127502475,-1360.5983406073008,-410.7698747562674,466.77517593511106,6925.943484678762,6972.00452408496,0.0006521841192419585
2639,3.6040248117054693e-07,1.5e-10,0.0008258210315264066,28832198.49364249,0.0,0.0,28832198.493642487,0.0,0.0,0.0,1199313667990.7224,-3377.1317064677523,166.56423539387947,827.1823847909843,854.5067787632136,-3502.731820698254,-1337.0311629104633,-421.053227957918,479.61449362072653,6892.671396349994,6935.628444248442,0.0006532244635085958
2640,3.6055248117054694e-07,1.5e-10,0.0008269307156182826,28844198.49364249,0.0,0.0,28844198.493642487,0.0,0.0,0.0,1200225556916.29,-3375.4941966503957,149.37835030914144,795.200714393867,811.8494508189534,-3496.791880781758,-1312.7600751487655,-424.67305706362623,447.191462390303,6871.870992038435,6916.1335435001265,0.0006542618835401208
2641,3.6070248117054695e-07,1.5e-10,0.0008280511474954837,28856198.493642487,0.0,0.0,28856198.493642487,0.0,0.0,0.0,1201228432872.7627,-3391.260077209937,197.53391135672385,799.3682101263103,868.6147358816783,-3549.4457811407988,-1310.1271201420318,-409.99661116080694,452.23650954357663,6938.984517066516,6988.602441716374,0.0006553101739063782
2642,3.6085248117054697e-07,1.5e-10,0.000829161048252053,28868198.49364249,0.0,0.0,28868198.493642487,0.0,0.0,0.0,1202181132208.3635,-3396.2006392256844,212.09442004118736,784.0942528264684,908.7864391770773,-3470.0842469318777,-1316.644978698759,-413.7328764765175,465.0607202759065,6865.805809430583,6917.33674544937,0.0006563477744181956
2643,3.61002481170547e-07,1.5e-10,0.0008303052477523757,28880198.493642487,0.0,0.0,28880198.493642487,0.0,0.0,0.0,1203210879806.3464,-3494.4912014608212,217.19569319552838,751.4128500198992,923.151511441417,-3602.921039642089,-1286.164037198334,-386.85808798536624,482.4704089057082,7096.952322688893,7146.040802682454,0.000657419680538598
2644,3.61152481170547e-07,1.5e-10,0.0008314301006955873,28892198.493642487,0.0,0.0,28892198.493642487,0.0,0.0,0.0,1204274850011.551,-3431.302904866484,173.38130248464518,820.145637819006,839.5184654433949,-3538.4230173833243,-1297.5317679136942,-369.5022136283369,429.8494952240372,6969.585840193501,7017.139153040764,0.0006584722514115541
2645,3.61302481170547e-07,1.5e-10,0.000832546557794811,28904198.493642487,0.0,0.0,28904198.493642487,0.0,0.0,0.0,1204717786093.28,-3369.0384298134254,226.7261652439186,778.784873349883,897.1517108754393,-3555.2821828045767,-1261.5655391612656,-422.8426335769773,510.5124014521151,6909.89892538548,6962.475282399918,0.0006595166227039141
2646,3.61452481170547e-07,1.5e-10,0.0008336683269583163,28916198.49364249,0.0,0.0,28916198.493642487,0.0,0.0,0.0,1205720103439.1484,-3444.2036080305916,206.66037756511278,771.1617616705818,873.2383198906623,-3504.7105586381176,-1299.8604089625926,-401.0586492906407,484.9283795227012,6948.253841531692,6995.589177062162,0.0006605659610804735
2647,3.61602481170547e-07,1.5e-10,0.0008347878824560448,28928198.49364249,0.0,0.0,28928198.493642487,0.0,0.0,0.0,1206394160668.1687,-3400.691123443646,199.64323943193764,801.1521110536885,890.582190286461,-3532.7888779817904,-1292.9834334037243,-441.11491207846177,443.4180159220065,6932.751836273491,6982.279247362781,0.0006616133029675779
2648,3.6175248117054703e-07,1.5e-10,0.0008359115171467433,28940198.49364249,0.0,0.0,28940198.493642487,0.0,0.0,0.0,1207218917257.6008,-3464.624685499504,209.89035611565728,809.769053587629,927.2543489427718,-3494.507376055006,-1256.4220524312113,-420.59282364839805,470.53033966572707,6958.336923678074,7007.840835202134,0.0006626644790928583
2649,3.6190248117054704e-07,1.5e-10,0.0008370313861210593,28952198.493642487,0.0,0.0,28952198.493642487,0.0,0.0,0.0,1208385078083.213,-3423.978448578167,195.8698086812912,807.8349184991446,930.1047103570455,-3511.7072208385007,-1269.0288569692254,-416.20199239468405,504.1135120909101,6934.96555125875,6983.437951990129,0.0006637119947856567
2650,3.6205248117054706e-07,1.5e-10,0.0008381649693537712,28964198.493642487,0.0,0.0,28964198.493642487,0.0,0.0,0.0,1209506206189.475,-3468.5003537913976,184.23360178109886,772.8884471104826,916.7921455782991,-3559.6435056002265,-1310.4059593289799,-439.93026560969673,493.36030426400197,7027.325759669465,7074.847708535053,0.000664773221941937
2651,3.6220248117054707e-07,1.5e-10,0.0008393020391126178,28976198.49364249,0.0,0.0,28976198.493642487,0.0,0.0,0.0,1210801563202.5083,-3507.58269591145,175.05521690389304,773.5154557878856,887.5654447946916,-3544.0226457307685,-1332.355561817917,-425.21073300215664,495.8413956195443,7050.975060528853,7097.163733338686,0.0006658377965019377
2652,3.623524811705471e-07,1.5e-10,0.0008404329012116485,28988198.493642487,0.0,0.0,28988198.493642487,0.0,0.0,0.0,1212043494151.3145,-3480.528555873926,205.9291914730806,750.1059748521587,947.0322951609363,-3527.2197974645564,-1301.9953033093361,-447.99752633742787,493.2702665911569,7006.984357724846,7056.462818435804,0.0006668962659247031
2653,3.625024811705471e-07,1.5e-10,0.0008415809731665754,29000198.493642487,0.0,0.0,29000198.493642487,0.0,0.0,0.0,1212779284174.4285,-3513.520060053144,158.07798723952263,790.5224122310608,938.0334937855941,-3610.2658110933994,-1329.9205242728076,-425.1511868164042,479.71967547795765,7123.080779338558,7171.518724573938,0.0006679719937333891
2654,3.626524811705471e-07,1.5e-10,0.0008427318894301134,29012198.49364249,0.0,0.0,29012198.493642487,0.0,0.0,0.0,1213681978435.5857,-3516.3786414225638,159.48562027435958,837.773768721446,924.9405764098756,-3626.169637074109,-1369.6151571348726,-472.6202594538216,486.38836440387183,7141.663022923499,7190.831158916911,0.0006690506184072267
2655,3.628024811705471e-07,1.5e-10,0.0008438924551274467,29024198.493642487,0.0,0.0,29024198.493642487,0.0,0.0,0.0,1214347294987.0151,-3503.4605001412883,170.68504216051141,851.4254124632753,910.1612652506551,-3704.8669801621613,-1379.905437118864,-428.5554107182036,523.1538323171784,7207.4501699851335,7256.635966021726,0.00067013911380213
2656,3.629524811705471e-07,1.5e-10,0.0008450435945692103,29036198.49364249,0.0,0.0,29036198.493642487,0.0,0.0,0.0,1214658769338.6553,-3489.661613559394,202.2143840688569,820.1980869491913,926.8291902460046,-3653.7471649660733,-1397.6942414528405,-464.19066457135176,534.3186155222709,7142.522896491019,7193.362168185168,0.0006712181181273577
2657,3.6310248117054713e-07,1.5e-10,0.0008462107189929598,29048198.49364249,0.0,0.0,29048198.493642487,0.0,0.0,0.0,1215473919738.5532,-3582.069861687283,186.38117717962896,817.289065114524,919.1314153628965,-3666.785861417746,-1422.978942075781,-461.22965885939476,502.1184076694633,7247.885135515627,7298.714144448996,0.0006723129252490251
2658,3.6325248117054715e-07,1.5e-10,0.0008473785605624842,29060198.49364249,0.0,0.0,29060198.493642487,0.0,0.0,0.0,1216129829796.9243,-3529.0918785918675,197.02468291289557,776.874682876834,927.431314204965,-3727.40963819771,-1414.483591709161,-431.7395005080737,565.474377945963,7255.811007049853,7305.113897483369,0.0006734086923336476
2659,3.6340248117054716e-07,1.5e-10,0.0008485496508279664,29072198.493642487,0.0,0.0,29072198.493642487,0.0,0.0,0.0,1216225625085.8496,-3490.4737859813913,235.3952064606842,822.0834550796174,1009.0620260554125,-3782.186060485006,-1434.5005386841326,-454.0607296183249,572.1794786307026,7272.361354922644,7329.821934792018,0.0006745081656238664
2660,3.6355248117054717e-07,1.5e-10,0.0008497308465248925,29084198.49364249,0.0,0.0,29084198.493642487,0.0,0.0,0.0,1216898675004.4043,-3550.637180451446,202.79529543575308,808.2259181215064,964.7592067205628,-3790.8505888612785,-1468.959640960493,-444.66690182874214,539.564889920875,7340.72734686636,7395.648143507656,0.0006756175128453926
2661,3.637024811705472e-07,1.5e-10,0.0008509116250553772,29096198.49364249,0.0,0.0,29096198.493642487,0.0,0.0,0.0,1217520938085.7349,-3554.0970338204484,167.38606509012703,816.558195161805,947.5034035421986,-3788.9957021712316,-1451.6689383980583,-444.3248813346654,588.7994039669466,7342.4165897980165,7391.987352773461,0.0006767263109483085
2662,3.638524811705472e-07,1.5e-10,0.0008521048967814659,29108198.49364249,0.0,0.0,29108198.493642487,0.0,0.0,0.0,1218629354124.2156,-3636.0399021887247,210.32452373818498,834.4999235903605,1033.4268919622382,-3782.786962873914,-1499.2308879779794,-449.98611311111057,616.8359878185122,7418.386750458794,7474.3748886154035,0.0006778474671816009
2663,3.640024811705472e-07,1.5e-10,0.0008532982250042975,29120198.493642487,0.0,0.0,29120198.493642487,0.0,0.0,0.0,1219613980652.534,-3624.831285120636,154.6917375743142,838.0769019281666,984.4634268894504,-3799.0948894570015,-1499.4017822042895,-469.0558912293108,609.0721541429376,7424.132674849686,7474.5585697658935,0.0006789686509670658
2664,3.641524811705472e-07,1.5e-10,0.000854495941725497,29132198.493642487,0.0,0.0,29132198.493642487,0.0,0.0,0.0,1220840256410.8726,-3643.3483347298484,154.5624769997052,867.5029190460834,1015.8790769022482,-3807.6507217055655,-1514.45210892357,-445.39124095758723,611.5018509711172,7450.337259069415,7503.840430724763,0.0006800942270316745
2665,3.643024811705472e-07,1.5e-10,0.0008557040557555859,29144198.493642487,0.0,0.0,29144198.493642487,0.0,0.0,0.0,1222144249983.3115,-3641.633947868423,155.40796951052417,881.569078880241,1036.7841060218775,-3879.7228955794862,-1514.6773020437884,-443.88615800594044,649.4274993531941,7520.924142514076,7574.466769651148,0.0006812303970471222
2666,3.6445248117054724e-07,1.5e-10,0.0008569050725528593,29156198.493642487,0.0,0.0,29156198.493642487,0.0,0.0,0.0,1222996100021.1602,-3668.2466663195005,135.28823996661882,884.5905756312924,1010.4140989438785,-3806.205086703464,-1549.8103394399664,-481.4578606998285,655.9959878380065,7473.99397767071,7525.106586640521,0.0006823591630351183
2667,3.6460248117054725e-07,1.5e-10,0.000858114586663842,29168198.49364249,0.0,0.0,29168198.493642487,0.0,0.0,0.0,1224187462499.7522,-3647.9070824598575,140.7238998721633,888.7082895611765,1015.562225665432,-3881.847620813403,-1632.1357928324232,-495.52852400684014,670.2361831252695,7529.458248144333,7584.067859211073,0.0006834967732139999
2668,3.6475248117054726e-07,1.5e-10,0.0008593244693925505,29180198.493642487,0.0,0.0,29180198.493642487,0.0,0.0,0.0,1224923387557.774,-3671.5377891733056,203.62422367055925,936.5155795155994,1052.3329615497396,-3856.231111868213,-1589.8208652784122,-498.9698959367274,671.2260163848683,7527.409012878432,7585.905358360366,0.0006846346590177539
2669,3.6490248117054727e-07,1.5e-10,0.0008605302427797699,29192198.493642487,0.0,0.0,29192198.493642487,0.0,0.0,0.0,1225966286784.8684,-3668.157351009639,160.27486317871856,955.4150365569727,1049.6375478730993,-3833.108304660164,-1617.6858999027627,-530.5116510578263,668.2568979452344,7500.961151679509,7558.017332855574,0.0006857683616176823
2670,3.650524811705473e-07,1.5e-10,0.0008617517987037796,29204198.49364249,0.0,0.0,29204198.493642487,0.0,0.0,0.0,1227171521404.7864,-3731.923094481591,160.12877065824452,949.9033338168374,1051.246339947424,-3876.4373205435063,-1615.947960433273,-548.8236542715747,702.7483017487469,7608.114776517803,7662.39913813667,0.0006869177214884028
2671,3.652024811705473e-07,1.5e-10,0.0008629684325458088,29216198.49364249,0.0,0.0,29216198.493642487,0.0,0.0,0.0,1228332868739.1274,-3673.8414318713963,121.45563404103592,980.5229901114918,1020.5037810956541,-3902.2562920810005,-1700.198074385946,-577.2166861166572,687.5764707799235,7575.863391037274,7631.709552983739,0.0006880624779213503
2672,3.653524811705473e-07,1.5e-10,0.0008641954908449225,29228198.493642487,0.0,0.0,29228198.493642487,0.0,0.0,0.0,1229025734162.3748,-3727.512888812964,127.13244209282298,956.7779851295363,1030.248404081672,-3917.65556578257,-1722.2190815464423,-552.6774496574494,717.331984044351,7644.791890041435,7700.282825226206,0.0006892175203451343
2673,3.655024811705473e-07,1.5e-10,0.0008654243463128255,29240198.493642487,0.0,0.0,29240198.493642487,0.0,0.0,0.0,1229775144425.3044,-3785.672236301139,117.502986937574,984.6720110794814,1041.4555828553355,-3869.7287402647203,-1700.4566997004142,-553.1031463385291,710.8037704939161,7655.917847550573,7710.322850061644,0.0006903740687726435
2674,3.656524811705473e-07,1.5e-10,0.0008666574849848022,29252198.49364249,0.0,0.0,29252198.493642487,0.0,0.0,0.0,1230209829923.342,-3737.452624823202,141.81360792823753,963.1713107467069,1044.950896405754,-3948.171049348654,-1726.8249978908823,-543.4680004735606,756.9024253359657,7685.328791329543,7740.953460465015,0.0006915352117917132
2675,3.6580248117054734e-07,1.5e-10,0.0008679018680136477,29264198.493642487,0.0,0.0,29264198.493642487,0.0,0.0,0.0,1231177631668.8533,-3820.861527963892,131.24204711132418,956.7802347589153,1031.4062329871117,-3937.7761878740816,-1780.2547340417611,-530.0939088845263,740.021195785301,7758.254151349415,7814.666579690692,0.0006927074117786668
2676,3.6595248117054735e-07,1.5e-10,0.0008691402841066101,29276198.49364249,0.0,0.0,29276198.493642487,0.0,0.0,0.0,1230870300659.2144,-3801.8020654661877,84.29071720788266,989.9112504984236,1023.1293219238596,-3919.6526886600473,-1795.3265377948564,-531.7946467399366,778.2004636090579,7721.040140027472,7774.626880516198,0.0006938736058107443
2677,3.6610248117054736e-07,1.5e-10,0.0008703833816755063,29288198.493642487,0.0,0.0,29288198.493642487,0.0,0.0,0.0,1230685973574.3723,-3763.3460856994075,106.57792056808313,963.1557917927771,1081.5789825453355,-3986.41164787912,-1823.6384333583878,-514.8003310633015,782.2100266046433,7749.072382978725,7808.1594361166735,0.0006950448297261617
2678,3.6625248117054737e-07,1.5e-10,0.0008716242771853061,29300198.49364249,0.0,0.0,29300198.493642487,0.0,0.0,0.0,1230891969689.2085,-3820.2838090077967,94.81503173007152,932.5777421444853,1093.0103474547466,-3911.754532894885,-1833.809899976273,-534.7654368483173,766.278791298327,7733.629401520155,7791.440553234713,0.0006962135458091469
2679,3.664024811705474e-07,1.5e-10,0.0008728630048867558,29312198.49364249,0.0,0.0,29312198.493642487,0.0,0.0,0.0,1231177525782.9028,-3817.5920111580804,93.53085471229831,931.8130736391396,1106.2711713946724,-3901.1379012800735,-1843.959240929221,-586.9569710305351,770.0829224117053,7718.565278747324,7777.101694125749,0.0006973801110632657
2680,3.665524811705474e-07,1.5e-10,0.000874105587131404,29324198.493642487,0.0,0.0,29324198.493642487,0.0,0.0,0.0,1231840619944.5889,-3801.351399711354,110.31348203799318,959.0186922090026,1117.2398871764244,-3942.399058298315,-1854.4624875783572,-524.7203286857898,816.3161439617213,7743.285232357082,7803.327242289868,0.0006985506101496093
2681,3.667024811705474e-07,1.5e-10,0.0008753373584989923,29336198.493642487,0.0,0.0,29336198.493642487,0.0,0.0,0.0,1232470863309.2598,-3789.6314008825766,67.20049215294465,960.8435790001745,1063.5671351059648,-3885.278360308157,-1877.5288272101395,-498.42308931321304,842.612083387607,7674.408187833424,7730.243442760408,0.0006997101466660233
2682,3.668524811705474e-07,1.5e-10,0.0008765765078408001,29348198.49364249,0.0,0.0,29348198.493642487,0.0,0.0,0.0,1232868844358.1724,-3752.242131935956,57.850814119094466,974.0413034468961,1039.9668957114695,-3974.1998424234544,-1882.8485313234723,-486.057967730298,835.2047818697647,7725.846283813817,7781.719203713951,0.0007008774045465804
2683,3.6700248117054743e-07,1.5e-10,0.0008778120524410292,29360198.49364249,0.0,0.0,29360198.493642487,0.0,0.0,0.0,1232903625729.1624,-3789.997005513089,83.2241815272712,988.1387372099402,1053.1090524157319,-3911.3194306093937,-1849.1703360666615,-497.20133912028655,873.8203930445904,7701.4282445019035,7755.268494155106,0.0007020406948207037
2684,3.6715248117054744e-07,1.5e-10,0.0008790509280927819,29372198.493642487,0.0,0.0,29372198.493642487,0.0,0.0,0.0,1233667923910.1375,-3713.4736752406643,5.531372721616332,1010.6288529084115,995.7383306899125,-4015.370401556977,-1890.872242207631,-507.12694529388926,843.8925476322436,7729.489524973182,7781.782372973114,0.0007032079621766496
2685,3.6730248117054745e-07,1.5e-10,0.0008802958519420894,29384198.49364249,0.0,0.0,29384198.493642487,0.0,0.0,0.0,1234433287669.493,-3761.136700818993,84.44296026719017,1008.6926220957315,1064.278593703559,-4002.8470399780667,-1855.2784234973508,-533.5468106203067,834.8728611964146,7763.566403981335,7820.280180312534,0.0007043810042036965
2686,3.6745248117054746e-07,1.5e-10,0.0008815400531764762,29396198.493642487,0.0,0.0,29396198.493642487,0.0,0.0,0.0,1234785214018.276,-3770.0736320074934,95.69882361985648,989.5287742876299,1011.3769261900468,-3991.203687370855,-1866.2031483399073,-504.1482696555008,863.5103490680182,7760.832100197788,7814.814088307078,0.0007055532263169427
2687,3.6760248117054747e-07,1.5e-10,0.0008827879831364546,29408198.49364249,0.0,0.0,29408198.493642487,0.0,0.0,0.0,1235444790597.6233,-3815.4886597161935,54.86618922508393,982.7723726249844,956.9042219231175,-3974.5708974011045,-1883.871792790471,-546.6061525818523,857.6171115710641,7789.639500173988,7838.67380692741,0.0007067290273879818
2688,3.677524811705475e-07,1.5e-10,0.0008840492953307902,29420198.49364249,0.0,0.0,29420198.493642487,0.0,0.0,0.0,1236556945819.8267,-3823.4357868624043,95.8452371357873,994.4079435495672,1006.5326423212923,-4052.056182357575,-1864.8651516384543,-491.54463399678394,845.8813986667694,7874.903501554818,7929.066522319768,0.0007079183873663297
2689,3.679024811705475e-07,1.5e-10,0.0008853022046744471,29432198.493642487,0.0,0.0,29432198.493642487,0.0,0.0,0.0,1237176712004.1235,-3835.5834743865876,125.53428384628486,979.290006400773,1024.5756799759574,-3980.195318137598,-1930.482272707827,-527.9631740880587,880.4891703750733,7815.345379298759,7871.795472187858,0.000709099156687158
2690,3.680524811705475e-07,1.5e-10,0.0008865618595771557,29444198.49364249,0.0,0.0,29444198.493642487,0.0,0.0,0.0,1237655909674.8894,-3924.3548257104,100.1944767598235,996.67576643704,1021.1944893268944,-3936.783203432176,-1948.9234491118173,-575.4962485789179,890.0631674048453,7860.7116780872375,7914.866017934002,0.0007102863865898481
2691,3.682024811705475e-07,1.5e-10,0.0008878113617641114,29456198.493642487,0.0,0.0,29456198.493642487,0.0,0.0,0.0,1238253345103.6987,-3818.329761904034,98.82484615614757,1051.4688189069038,1022.8025927883328,-3974.976126265995,-1981.964860754725,-567.7714212437962,916.1414995585776,7792.808724883568,7849.498521495223,0.0007114638113680724
2692,3.6835248117054753e-07,1.5e-10,0.0008890717313442017,29468198.49364249,0.0,0.0,29468198.493642487,0.0,0.0,0.0,1238978486450.5095,-3835.5554243111187,129.12905519558288,1027.4046382025076,1060.31231916802,-4029.0819665029,-1956.1673875322842,-602.3171860827985,898.453691542685,7864.21411486312,7922.456047801272,0.0007126521797752426
2693,3.6850248117054754e-07,1.5e-10,0.0008903321506404219,29480198.493642487,0.0,0.0,29480198.493642487,0.0,0.0,0.0,1239606457831.8665,-3926.410422607425,94.03844322065983,965.5903086324593,1052.593685564672,-3937.696532491176,-1962.3661324064424,-545.5730419113875,875.961106431308,7863.7244616291055,7920.2711657687805,0.0007138402204501079
2694,3.6865248117054755e-07,1.5e-10,0.0008915955342396422,29492198.493642487,0.0,0.0,29492198.493642487,0.0,0.0,0.0,1238745294092.0354,-3866.0044101259077,111.81072477154495,899.5238484117052,935.820566250319,-4022.9009594974273,-1947.6903054578086,-490.76307896349385,840.7447406396456,7889.55483671944,7942.282221824351,0.0007150315627833816
2695,3.6880248117054756e-07,1.5e-10,0.0008928781005915405,29504198.49364249,0.0,0.0,29504198.493642487,0.0,0.0,0.0,1237528034052.4956,-3939.191405706619,211.34003129987627,933.798648565874,995.5036348703536,-4073.2663637842957,-1947.9830579771153,-479.644997204082,920.0079293942775,8012.065383572073,8068.9383659837185,0.0007162419035382792
2696,3.689524811705476e-07,1.5e-10,0.0008941588463194103,29516198.49364249,0.0,0.0,29516198.493642487,0.0,0.0,0.0,1237036989259.905,-3924.1109226701315,150.91395181856217,896.2044790033252,1003.0721674181248,-4080.7982147122184,-1926.9714640076895,-514.1360681676376,908.5763535446265,8003.923070536385,8056.9530857582595,0.0007174504465011429
2697,3.691024811705476e-07,1.5e-10,0.0008954388353504139,29528198.493642487,0.0,0.0,29528198.493642487,0.0,0.0,0.0,1236992833363.9138,-3963.0491629593816,169.3858724274806,886.184045947659,994.3850456845955,-4034.0166948941237,-1947.939868185888,-494.90333024362565,902.3378849335571,7996.562108699969,8050.856200796986,0.0007186580749312624
2698,3.692524811705476e-07,1.5e-10,0.0008967201058843368,29540198.493642487,0.0,0.0,29540198.493642487,0.0,0.0,0.0,1237127791511.1477,-3932.276508625675,155.71904900654224,884.6605643509265,963.997204864909,-4076.8659063600503,-1901.4472801846168,-474.8825281414811,887.4988673057733,8008.750399243806,8060.132508099341,0.0007198670948074773
2699,3.694024811705476e-07,1.5e-10,0.0008980157191558993,29552198.49364249,0.0,0.0,29552198.493642487,0.0,0.0,0.0,1237324500147.8594,-3976.571017370015,132.71758230134975,844.9274384206277,911.0696588922364,-4134.546080040828,-1883.1904260804351,-509.3897660195471,894.8562522644719,8110.713500784904,8156.008121738164,0.000721090496025738
2700,3.695524811705476e-07,1.5e-10,0.0008993071842629117,29564198.493642487,0.0,0.0,29564198.493642487,0.0,0.0,0.0,1236278461466.227,-3937.0265050258545,180.32816811251675,872.1124233387164,940.3285141158459,-4141.329631629529,-1891.9084023783846,-522.3594627096303,858.9579932729067,8078.083326572987,8129.321890146676,0.0007223098943092601
2701,3.6970248117054763e-07,1.5e-10,0.0009006043409616948,29576198.49364249,0.0,0.0,29576198.493642487,0.0,0.0,0.0,1236877759998.4338,-3948.856505008069,191.86531355709457,887.0747164444789,952.7070888730901,-4167.009100411176,-1902.039752557912,-475.9031083458627,907.563207300551,8115.456789700736,8167.0932112938435,0.0007235349582909541
2702,3.6985248117054764e-07,1.5e-10,0.0009018824140068128,29588198.493642487,0.0,0.0,29588198.493642487,0.0,0.0,0.0,1236770740478.5327,-3915.7768188946557,189.15238252697702,879.9090452263118,901.0437621006246,-4074.013285539993,-1893.6478301342217,-478.6270490803616,892.7896821988495,7989.35918511418,8038.921506775961,0.0007247407965169705
2703,3.7000248117054765e-07,1.5e-10,0.0009031778157864701,29600198.49364249,0.0,0.0,29600198.493642487,0.0,0.0,0.0,1236759663089.1292,-4005.1243657676328,183.9788191738412,838.0020823935645,907.6070147115082,-4100.563868370698,-1893.993722386103,-475.6756387994905,886.9327609621481,8105.2768722002065,8153.51312139423,0.0007259638234851796
2704,3.7015248117054766e-07,1.5e-10,0.0009044615656947716,29612198.49364249,0.0,0.0,29612198.493642487,0.0,0.0,0.0,1237484424337.9614,-3919.22118878153,170.65542605943304,824.143438954928,850.0396057056669,-4111.121133559858,-1933.4938150178723,-498.6302793150739,863.6232387265349,8029.930003758098,8078.266632314238,0.0007271755634800268
2705,3.703024811705477e-07,1.5e-10,0.0009057490172188465,29624198.493642487,0.0,0.0,29624198.493642487,0.0,0.0,0.0,1237699983756.8093,-3948.6567387005944,195.32791840277832,819.9380702204384,843.05602713942,-4107.035375119912,-1938.1248362923786,-519.2227191407192,906.856397043145,8055.3317303446165,8102.019981285816,0.0007283908664772197
2706,3.704524811705477e-07,1.5e-10,0.0009070394386119264,29636198.493642487,0.0,0.0,29636198.493642487,0.0,0.0,0.0,1237971549241.2712,-3948.6542052048953,272.09543698694097,880.0603966850039,891.9571975970163,-4117.772090513678,-1943.7003525537104,-466.8632438373791,875.7859531970046,8066.429439115332,8121.916715968815,0.0007296091539846151
2707,3.706024811705477e-07,1.5e-10,0.0009083283241553451,29648198.49364249,0.0,0.0,29648198.493642487,0.0,0.0,0.0,1238470214637.458,-3906.632120902259,289.78237360706845,872.6277618551521,870.9214171177621,-4150.250955570836,-2001.31675037551,-480.9472311146413,910.2665103727605,8056.487223235108,8113.316735569968,0.0007308261514949505
2708,3.707524811705477e-07,1.5e-10,0.0009096305735819341,29660198.49364249,0.0,0.0,29660198.493642487,0.0,0.0,0.0,1239195692541.4863,-3971.755068403192,244.84163963188055,876.7315022178365,839.566326974194,-4178.373880252918,-2022.627894485955,-497.56743327025833,940.6436095484331,8149.750043244698,8201.514916362257,0.0007320563787324048
2709,3.709024811705477e-07,1.5e-10,0.0009109380605831527,29672198.493642487,0.0,0.0,29672198.493642487,0.0,0.0,0.0,1239713470739.614,-4004.863651818111,243.16211226919168,918.8898639717197,850.1090255764301,-4178.520017836103,-2010.2756780496416,-435.57029302745985,950.2825575619379,8183.062487167366,8235.601033723013,0.0007332917188874633
2710,3.7105248117054773e-07,1.5e-10,0.0009122588804544381,29684198.49364249,0.0,0.0,29684198.493642487,0.0,0.0,0.0,1240229003959.8896,-4049.3157122994353,252.89823502238343,860.2558614258998,844.5224299483446,-4225.276292809634,-1977.6737116518216,-492.3065883106615,928.691206937474,8274.827355116868,8324.370918565495,0.0007345403745252482
2711,3.7120248117054774e-07,1.5e-10,0.0009135762803222874,29696198.493642487,0.0,0.0,29696198.493642487,0.0,0.0,0.0,1241225927239.5803,-4034.889192472594,269.5650236293213,885.6694857223571,834.1861477543343,-4221.811166261406,-2012.9485822143156,-495.53506644231675,939.7379711218423,8247.26851421329,8301.910805320067,0.0007357856611460462
2712,3.7135248117054775e-07,1.5e-10,0.0009148975317145648,29708198.49364249,0.0,0.0,29708198.493642487,0.0,0.0,0.0,1241218430446.4656,-4058.9017347044773,322.3512848606774,872.0978740518522,866.7081020604746,-4213.030081654405,-2001.4183872634608,-499.5360619463633,917.6760205611729,8271.856798970945,8327.124421111961,0.000737034729809213
2713,3.7150248117054777e-07,1.5e-10,0.0009162293537973534,29720198.49364249,0.0,0.0,29720198.493642487,0.0,0.0,0.0,1241144438047.7173,-4103.0962000760555,295.2531111528251,877.1220152340621,887.9254071767239,-4239.3398394335545,-1975.1983405957144,-448.41077551308877,907.3007350905833,8342.371652111751,8397.008217129734,0.0007382942810417824
2714,3.716524811705478e-07,1.5e-10,0.0009175665508233497,29732198.493642487,0.0,0.0,29732198.493642487,0.0,0.0,0.0,1241137714192.7156,-4132.1910637345445,276.14229964243043,847.5858988703329,837.6403777921877,-4250.410411732667,-1996.6799168889659,-475.4308221477589,932.3334885879915,8382.524785939479,8432.62061792668,0.0007395591741344714
2715,3.718024811705478e-07,1.5e-10,0.0009189014494440868,29744198.493642487,0.0,0.0,29744198.493642487,0.0,0.0,0.0,1241566459915.1067,-4111.189628676048,299.5843799973336,843.1407257588393,880.3986007764474,-4252.70371553567,-1978.1381016758485,-454.65136915863513,908.3859351652819,8363.801071078375,8417.615029134515,0.0007408218163888415
2716,3.719524811705478e-07,1.5e-10,0.0009202239846131103,29756198.493642487,0.0,0.0,29756198.493642487,0.0,0.0,0.0,1241841738277.164,-4109.878266765984,268.9301762436745,844.6169455912684,929.481153038742,-4172.000614714892,-1904.946637663015,-499.3789710872329,891.0354508342364,8281.993490202818,8333.858734206422,0.0007420718951989725
2717,3.721024811705478e-07,1.5e-10,0.0009215488664711966,29768198.49364249,0.0,0.0,29768198.493642487,0.0,0.0,0.0,1241647986655.471,-4098.457004800712,301.88230678833736,867.3495970708032,942.5348279115328,-4193.580889809515,-1967.7950962508046,-504.08992418547905,848.8727499973697,8291.935007413796,8350.884826282876,0.000743324527922915
2718,3.722524811705478e-07,1.5e-10,0.0009228628964161981,29780198.493642487,0.0,0.0,29780198.493642487,0.0,0.0,0.0,1241298210027.67,-4093.83842387383,284.94325508086024,920.7078947841168,961.2748515253327,-4125.2769609279085,-1945.2822971321796,-491.5571808423102,875.9662886359166,8219.018150128573,8277.27876831347,0.000744566119738162
2719,3.7240248117054783e-07,1.5e-10,0.0009241877917468022,29792198.493642487,0.0,0.0,29792198.493642487,0.0,0.0,0.0,1241233454165.327,-4134.769808602875,293.0048719411804,899.7394423080383,985.5822349747187,-4156.078133592137,-1920.358348923658,-542.3002512365971,836.2852581240726,8291.106971170384,8349.875956994301,0.0007458186011317111
2720,3.7255248117054784e-07,1.5e-10,0.000925509528144503,29804198.49364249,0.0,0.0,29804198.493642487,0.0,0.0,0.0,1241645523274.167,-4112.111979015704,260.57789210725684,928.252416408604,953.3593242741348,-4166.432356688267,-1881.816253453327,-550.022447672487,852.1372673957807,8272.723056833924,8328.466862928302,0.0007470678711611504
2721,3.7270248117054786e-07,1.5e-10,0.0009268435895006444,29816198.49364249,0.0,0.0,29816198.493642487,0.0,0.0,0.0,1242016222524.8977,-4146.875712866238,242.45954817080892,928.7227645430396,946.1316522639788,-4211.301798006612,-1886.176921843648,-575.6351965875983,830.9973515595876,8358.083942987027,8410.890563582489,0.0007483295047456878
2722,3.7285248117054787e-07,1.5e-10,0.0009281666911276919,29828198.493642487,0.0,0.0,29828198.493642487,0.0,0.0,0.0,1242331974805.325,-4108.749013036066,262.233644535605,957.7478577140881,974.3983099376821,-4189.73221433482,-1871.7006136694597,-537.2087745494373,824.4012366537683,8273.276146723234,8338.035201336697,0.0007495802100258883
2723,3.730024811705479e-07,1.5e-10,0.0009295049085569697,29840198.493642487,0.0,0.0,29840198.493642487,0.0,0.0,0.0,1242578782076.9673,-4181.340888818418,257.9774231836897,920.0388818005736,955.3382227307261,-4203.904936396046,-1836.1516129084464,-547.7784157480097,806.5735268368802,8384.801121753595,8437.878488000119,0.0007508458917990883
2724,3.731524811705479e-07,1.5e-10,0.0009308493991574719,29852198.49364249,0.0,0.0,29852198.493642487,0.0,0.0,0.0,1243115465432.7283,-4202.000020053595,272.9555354900831,907.1780165869156,958.002092289791,-4224.158205635278,-1835.2957667389308,-576.0239172559568,775.897576025637,8425.71828516058,8480.041959736813,0.0007521178980930489
2725,3.733024811705479e-07,1.5e-10,0.0009321890807283788,29864198.493642487,0.0,0.0,29864198.493642487,0.0,0.0,0.0,1243947829302.0984,-4218.6617176934415,303.15391489371706,882.2536207237272,1015.8210996852029,-4169.656903341834,-1815.065160022998,-529.7391873397426,748.7039963068877,8388.192696793343,8447.700512431782,0.0007533850531699136
2726,3.734524811705479e-07,1.5e-10,0.0009335390196672527,29876198.49364249,0.0,0.0,29876198.493642487,0.0,0.0,0.0,1244692363563.8538,-4221.506866864735,282.7310902777016,909.2907885215602,978.1686945006257,-4238.628858392033,-1823.5713170409047,-512.2245955870196,771.333670138549,8460.00301402215,8516.106808890072,0.0007546624691912472
2727,3.736024811705479e-07,1.5e-10,0.0009348898836877589,29888198.493642487,0.0,0.0,29888198.493642487,0.0,0.0,0.0,1244579683388.655,-4244.50635407704,342.73881347547166,942.6033483690784,1011.4126371919809,-4214.439823823488,-1828.7779421099174,-520.57292222714,714.1327978800944,8458.8562706627,8522.782074765028,0.0007559408865024619
2728,3.7375248117054793e-07,1.5e-10,0.0009362358836757968,29900198.493642487,0.0,0.0,29900198.493642487,0.0,0.0,0.0,1245384180610.8984,-4209.821297300148,302.3807864627106,932.8589589804203,985.9263672035801,-4222.986481677213,-1784.618602071575,-601.3761005900678,710.8544033394892,8432.672057466234,8490.287042239846,0.0007572144295587979
2729,3.7390248117054795e-07,1.5e-10,0.0009375938692020177,29912198.49364249,0.0,0.0,29912198.493642487,0.0,0.0,0.0,1246503840842.2593,-4270.38718194947,290.0222685655484,965.6510340263628,1029.7191469361471,-4239.972423521818,-1776.2187294234757,-596.73958549438,694.9496718463197,8510.227274615796,8569.753750618489,0.0007584998926213907
2730,3.7405248117054796e-07,1.5e-10,0.0009389440033593646,29924198.493642487,0.0,0.0,29924198.493642487,0.0,0.0,0.0,1246792877642.5254,-4174.449722396509,291.9755419555267,1012.1364125559736,1012.5823202563772,-4285.760861814762,-1768.472812237368,-619.0701325908753,692.9230551942264,8459.147165371935,8518.902011135377,0.000759777727923061
2731,3.7420248117054797e-07,1.5e-10,0.0009403146200552645,29936198.493642487,0.0,0.0,29936198.493642487,0.0,0.0,0.0,1247552530563.467,-4317.041525315696,290.2217460208305,1030.2122105474245,1030.2936378843335,-4277.832393955004,-1799.3168858339805,-656.7065217519815,665.725925109671,8591.96813969283,8654.199826597946,0.0007610758578970508
2732,3.74352481170548e-07,1.5e-10,0.0009416728355807122,29948198.493642487,0.0,0.0,29948198.493642487,0.0,0.0,0.0,1247636376185.2227,-4183.084713044502,259.8134110286963,1008.0426161450941,974.0007967091581,-4335.366203522233,-1704.6853638822731,-648.3993666638623,615.780128534371,8516.958779500465,8573.247629523677,0.0007623618450414793
2733,3.74502481170548e-07,1.5e-10,0.0009430260643423724,29960198.49364249,0.0,0.0,29960198.493642487,0.0,0.0,0.0,1248306420956.754,-4198.664408005058,286.73395117753626,1004.5674855395118,989.4062237537096,-4284.506278020703,-1700.9878076718699,-685.0487105057383,644.0149022609575,8483.212930590174,8539.109529742247,0.0007636427114709407
2734,3.74652481170548e-07,1.5e-10,0.0009443910311977408,29972198.493642487,0.0,0.0,29972198.493642487,0.0,0.0,0.0,1248060875336.7634,-4242.803977095936,278.809076057752,1082.38068578522,976.1025611075167,-4318.469611717363,-1739.3359911910175,-733.3072170111533,660.7088744643607,8561.627749973859,8617.11788959728,0.0007649352791543803
2735,3.74802481170548e-07,1.5e-10,0.0009457622643080071,29984198.49364249,0.0,0.0,29984198.493642487,0.0,0.0,0.0,1248851919335.4512,-4272.9643577694,277.89309549149067,1044.204092758401,1058.4929569556612,-4325.624688147014,-1767.911871823138,-746.6285594439227,630.8765182896907,8598.290804524706,8659.61978541177,0.000766234222122192
2736,3.74952481170548e-07,1.5e-10,0.0009471292256661324,29996198.49364249,0.0,0.0,29996198.493642487,0.0,0.0,0.0,1249750319265.296,-4248.974060752589,249.6924448662178,1076.6662699359013,1040.8815886723226,-4325.363405741283,-1753.208600377996,-783.6956008248577,628.0978715315986,8571.710283460936,8631.160987756259,0.0007675288962703554
2737,3.75e-07,1.5e-10,0.0009484369489179709,29999999.999998644,0.0,0.0,29999999.999998644,0.0,0.0,0.0,1250523518661.9626,-4232.600025125465,261.5954445178355,1064.8644401970776,1027.6214736635943,-4274.362893132553,-1807.6273674518502,-811.0912659264098,609.4980782344803,8507.055950176717,8568.783635740849,0.0007688142138157166
